685	23	602	1018	1018
673	43	168	1003	1003
1219	80	1282	1001	1001
681	132	1096	1022	1022
1503	42	1570	1009	1009
188	122	1446	1008	1008
1382	157	1379	1007	1007
352	157	1425	1004	1004
1535	54	1503	1021	1021
737	42	1275	1003	1003
1501	0	1505	1020	1020
669	0	670	1022	1022
448	36	536	1016	1016
1245	126	993	1003	1003
679	42	682	1017	1017
269	42	513	1013	1013
613	42	546	1001	1001
1009	0	546	1001	1001
536	10	1492	1003	1003
828	42	682	1007	1007
1503	144	1131	1008	1008
1131	110	1130	1015	1015
1445	92	1503	1018	1018
1503	42	546	1001	1001
23	40	446	1017	1017
878	144	114	1007	1007
531	48	1503	1021	1021
1503	0	106	1019	1019
1245	2	1483	1021	1021
1554	157	1194	1016	1016
1503	3	315	1013	1013
48	43	611	1007	1007
1554	148	583	1014	1014
1503	4	900	1017	1017
573	157	1503	1009	1009
1044	0	699	1023	1023
1271	43	785	1000	1000
1097	26	1348	1022	1022
1245	70	343	1023	1023
21	66	1092	1005	1005
959	10	927	1020	1020
345	58	1017	1013	1013
755	107	311	1010	1010
1231	26	1417	1009	1009
1523	121	324	1005	1005
712	69	688	1007	1007
137	0	1219	1022	1022
1503	54	224	1010	1010
827	71	1354	1003	1003
1057	42	1501	1003	1003
1034	10	716	1011	1011
1120	36	1158	1003	1003
1316	135	1503	1011	1011
544	157	1503	1010	1010
1482	92	309	1018	1018
1131	5	1265	1008	1008
106	148	409	1023	1023
1503	43	1306	1001	1001
1503	100	1165	1021	1021
748	48	1503	1014	1014
977	100	18	1016	1016
388	98	345	1004	1004
106	71	1503	1011	1011
546	36	1154	1002	1002
314	10	1158	1016	1016
320	40	534	1009	1009
1158	42	681	1018	1018
1158	48	1343	1018	1018
564	55	48	1011	1011
15	61	37	1017	1017
1109	75	1399	1006	1006
1158	14	1503	1021	1021
1501	42	213	1002	1002
1166	144	954	1001	1001
1520	43	736	1019	1019
387	0	1378	1008	1008
1503	0	1570	1022	1022
1271	144	1013	1009	1009
1503	36	1131	1002	1002
681	2	740	1008	1008
887	0	224	1003	1003
1503	40	546	1011	1011
667	0	340	1009	1009
536	157	366	1014	1014
450	46	1586	1018	1018
1585	36	974	1011	1011
1158	131	1096	1005	1005
1446	43	1163	1011	1011
451	54	311	1011	1011
1503	48	1378	1007	1007
685	42	71	1019	1019
1163	43	224	1009	1009
1246	43	1520	1021	1021
1271	10	1168	1020	1020
481	40	1503	1019	1019
910	40	522	1002	1002
719	0	393	1018	1018
17	0	1503	1018	1018
250	46	309	1005	1005
1196	72	309	1016	1016
1276	0	1097	1021	1021
1547	42	213	1008	1008
736	43	268	1005	1005
1131	144	1562	1014	1014
543	92	311	1011	1011
1158	40	331	1009	1009
961	40	1501	1018	1018
508	10	1482	1020	1020
1131	40	1069	1016	1016
1163	55	1361	1007	1007
1503	100	139	1020	1020
106	93	1503	1010	1010
1197	40	1496	1022	1022
962	7	273	1022	1022
332	157	1503	1002	1002
1503	23	1477	1008	1008
1219	60	137	1023	1023
1329	55	311	1001	1001
1296	40	856	1023	1023
1503	42	158	1010	1010
716	47	15	1012	1012
1503	0	669	1009	1009
908	144	781	1002	1002
311	160	202	1007	1007
211	93	1503	1017	1017
10	122	1158	1021	1021
1503	42	1378	1010	1010
1562	40	1158	1007	1007
670	40	535	1019	1019
1503	3	1183	1015	1015
434	71	1501	1012	1012
126	55	922	1018	1018
268	83	145	1014	1014
71	36	1165	1004	1004
49	10	387	1008	1008
613	0	1042	1004	1004
552	40	1034	1008	1008
211	42	513	1022	1022
1444	42	211	1017	1017
314	98	1158	1016	1016
1503	46	1378	1008	1008
640	4	1120	1022	1022
748	10	703	1017	1017
137	61	1429	1013	1013
1503	83	1057	1017	1017
451	47	552	1012	1012
681	65	1381	1011	1011
1011	10	441	1007	1007
1421	40	1523	1004	1004
1092	43	21	1015	1015
1009	71	546	1015	1015
1092	0	269	1003	1003
1245	40	1531	1022	1022
1503	0	793	1002	1002
681	42	409	1003	1003
250	61	1275	1005	1005
1505	48	1503	1018	1018
394	80	1562	1005	1005
1149	37	1275	1023	1023
264	150	1131	1020	1020
1131	144	1079	1013	1013
1502	36	47	1017	1017
1184	93	1163	1002	1002
10	117	1465	1011	1011
114	42	346	1011	1011
1503	157	1238	1017	1017
1354	27	239	1014	1014
1331	10	553	1016	1016
1015	0	211	1008	1008
1275	0	706	1016	1016
494	144	1503	1000	1000
1102	40	1165	1020	1020
1343	36	876	1021	1021
452	46	1069	1003	1003
1503	60	137	1020	1020
188	46	1435	1016	1016
574	160	20	1022	1022
1419	10	314	1009	1009
681	93	1096	1022	1022
503	36	30	1018	1018
311	107	755	1010	1010
716	3	1009	1003	1003
1184	157	1131	1009	1009
1210	163	1275	1013	1013
1329	144	653	1005	1005
1562	93	314	1014	1014
1501	149	966	1000	1000
1503	49	1298	1021	1021
1503	61	268	1021	1021
1096	47	681	1008	1008
1500	42	810	1015	1015
1445	0	1245	1022	1022
1131	80	609	1006	1006
1023	10	546	1015	1015
118	144	1476	1003	1003
314	0	269	1018	1018
503	10	1356	1009	1009
720	40	345	1018	1018
845	144	345	1015	1015
1501	92	546	1018	1018
1002	42	785	1007	1007
314	26	15	1005	1005
693	48	810	1011	1011
632	0	48	1022	1022
1503	49	393	1005	1005
1562	36	452	1016	1016
1408	93	1093	1022	1022
268	108	311	1016	1016
268	4	269	1000	1000
1503	40	224	1017	1017
354	0	1163	1010	1010
1503	93	1296	1015	1015
389	157	669	1001	1001
964	43	727	1003	1003
536	40	273	1011	1011
899	93	900	1023	1023
503	80	1378	1009	1009
0	98	309	1008	1008
423	2	669	1002	1002
80	48	1398	1008	1008
591	40	1398	1017	1017
546	10	1505	1002	1002
681	48	211	1003	1003
719	91	250	1021	1021
1378	140	546	1015	1015
1016	113	1158	1023	1023
32	43	1048	1002	1002
451	144	1165	1022	1022
1444	48	211	1016	1016
1483	157	287	1022	1022
401	0	1258	1004	1004
1444	132	900	1004	1004
885	2	1503	1019	1019
71	80	1245	1015	1015
1221	42	67	1016	1016
776	43	606	1005	1005
1562	40	15	1008	1008
681	48	1096	1016	1016
1296	92	546	1018	1018
965	42	197	1013	1013
681	42	1505	1007	1007
513	36	1501	1016	1016
1503	36	500	1022	1022
714	65	706	1021	1021
1034	2	1158	1020	1020
1281	0	876	1007	1007
825	71	1163	1021	1021
1461	3	145	1010	1010
1398	71	547	1012	1012
68	144	1503	1019	1019
1503	42	1158	1019	1019
514	80	1188	1011	1011
965	157	489	1013	1013
1294	0	1095	1016	1016
168	43	266	1014	1014
1231	36	4	1004	1004
537	48	311	1008	1008
785	0	1334	1007	1007
1163	36	202	1002	1002
1008	26	1254	1010	1010
637	36	309	1001	1001
927	0	887	1017	1017
666	83	682	1016	1016
437	22	967	1008	1008
1112	40	311	1017	1017
681	4	1047	1007	1007
224	130	669	1000	1000
1503	40	1275	1002	1002
679	147	21	1021	1021
106	144	1219	1018	1018
520	43	508	1002	1002
310	92	1503	1008	1008
498	157	1503	1002	1002
1483	42	555	1001	1001
732	10	314	1010	1010
290	48	679	1002	1002
1093	144	1431	1015	1015
114	0	613	1008	1008
1246	157	1245	1009	1009
182	61	1275	1019	1019
225	43	269	1015	1015
1158	144	1437	1007	1007
1158	47	362	1016	1016
1286	66	211	1004	1004
1503	95	1245	1021	1021
1139	157	609	1017	1017
894	46	1158	1017	1017
1444	144	115	1014	1014
1503	48	867	1008	1008
771	42	1092	1023	1023
1158	79	1503	1014	1014
15	17	1169	1023	1023
667	100	688	1012	1012
678	71	35	1006	1006
1275	79	1164	1003	1003
669	10	546	1003	1003
335	92	725	1019	1019
1503	48	681	1013	1013
1503	72	282	1011	1011
824	0	1276	1013	1013
1436	93	188	1012	1012
134	40	213	1014	1014
1007	144	345	1021	1021
609	42	1204	1002	1002
513	0	716	1020	1020
1503	0	23	1019	1019
1503	36	1044	1019	1019
613	43	1503	1003	1003
57	61	546	1002	1002
148	136	149	1012	1012
1245	36	444	1021	1021
1345	133	681	1010	1010
158	46	1209	1023	1023
637	13	1131	1003	1003
699	40	716	1008	1008
1129	11	144	1006	1006
673	130	574	1006	1006
168	83	1503	1016	1016
1093	0	84	1014	1014
1482	0	1483	1004	1004
311	43	1503	1013	1013
703	0	1131	1006	1006
1131	40	224	1009	1009
1429	0	1122	1014	1014
1245	26	508	1008	1008
230	157	23	1002	1002
268	46	1503	1014	1014
1503	3	269	1023	1023
264	40	732	1016	1016
1165	10	827	1003	1003
1102	10	82	1002	1002
1034	10	552	1019	1019
952	43	1487	1016	1016
114	61	667	1000	1000
48	43	1503	1003	1003
1519	40	92	1022	1022
114	46	115	1008	1008
504	55	1532	1005	1005
224	36	777	1012	1012
1354	40	1325	1015	1015
388	63	1503	1015	1015
1432	46	1561	1007	1007
1503	40	106	1012	1012
12	40	1563	1002	1002
1131	149	842	1005	1005
118	0	1131	1011	1011
1245	100	1443	1000	1000
331	40	1034	1011	1011
546	130	1378	1008	1008
1131	110	1561	1023	1023
114	48	18	1023	1023
537	43	1503	1014	1014
624	48	1431	1009	1009
1535	36	1048	1013	1013
1503	10	1275	1020	1020
30	10	311	1021	1021
1503	42	685	1023	1023
1261	36	137	1016	1016
528	42	23	1019	1019
4	40	748	1021	1021
508	43	669	1015	1015
1503	55	345	1005	1005
1019	0	900	1006	1006
316	83	1503	1009	1009
48	80	266	1007	1007
889	157	1120	1002	1002
1503	46	311	1017	1017
1393	42	588	1021	1021
48	92	1503	1016	1016
682	72	1096	1002	1002
1246	47	1092	1022	1022
469	40	1558	1010	1010
451	60	1275	1002	1002
47	93	1092	1002	1002
1398	117	30	1017	1017
1503	0	783	1015	1015
1503	42	1158	1015	1015
681	10	171	1016	1016
18	10	1255	1005	1005
444	131	1398	1002	1002
1044	162	394	1015	1015
1348	92	1048	1002	1002
118	10	1000	1006	1006
641	26	679	1002	1002
1223	34	810	1017	1017
1503	10	309	1002	1002
1503	10	1158	1020	1020
375	42	417	1008	1008
20	157	1092	1012	1012
1263	144	1503	1004	1004
1444	41	1158	1017	1017
444	46	465	1008	1008
513	36	189	1017	1017
546	160	1444	1017	1017
1092	23	1511	1001	1001
536	80	1220	1018	1018
1544	100	36	1003	1003
1158	10	455	1013	1013
1398	42	1221	1019	1019
1131	3	1019	1017	1017
977	10	1158	1017	1017
1503	26	736	1016	1016
1210	110	1503	1010	1010
635	42	1165	1008	1008
1096	139	681	1007	1007
1513	43	681	1019	1019
674	48	310	1021	1021
1232	157	1101	1010	1010
1503	55	1219	1008	1008
1051	40	1158	1008	1008
740	3	972	1012	1012
1131	43	1062	1004	1004
959	43	1	1019	1019
1378	42	513	1019	1019
1275	42	1503	1009	1009
1501	73	282	1014	1014
1298	66	409	1010	1010
29	10	965	1022	1022
376	48	1163	1002	1002
1070	43	23	1000	1000
455	40	225	1014	1014
1388	157	174	1018	1018
1047	10	1562	1017	1017
223	144	249	1003	1003
1308	46	1527	1002	1002
929	1	1482	1016	1016
451	0	1131	1007	1007
116	0	536	1015	1015
1286	100	348	1008	1008
1092	93	681	1004	1004
1503	80	206	1010	1010
1146	80	1503	1002	1002
1501	36	1503	1008	1008
798	100	797	1011	1011
681	46	682	1009	1009
1032	72	1131	1005	1005
1119	46	644	1013	1013
1503	110	1047	1016	1016
309	42	613	1021	1021
1322	3	1096	1009	1009
171	48	282	1018	1018
106	43	1227	1023	1023
652	80	209	1019	1019
10	110	1277	1016	1016
537	0	473	1000	1000
1503	0	546	1019	1019
536	48	1102	1023	1023
1445	41	1503	1016	1016
1444	43	139	1009	1009
1445	40	1158	1019	1019
1298	0	801	1003	1003
546	71	335	1004	1004
481	157	1034	1008	1008
1503	157	1505	1003	1003
1503	36	311	1003	1003
1057	32	671	1022	1022
1275	26	613	1016	1016
700	36	1301	1005	1005
671	48	1303	1009	1009
679	110	468	1009	1009
1163	3	1017	1018	1018
455	160	310	1007	1007
1538	10	1503	1021	1021
1235	42	309	1010	1010
1102	40	1588	1007	1007
21	157	1535	1020	1020
18	42	310	1018	1018
1298	83	348	1008	1008
513	4	864	1015	1015
1093	160	899	1015	1015
1376	10	282	1008	1008
376	48	311	1002	1002
1444	133	269	1003	1003
436	0	117	1018	1018
1562	0	314	1013	1013
1157	66	1127	1009	1009
965	140	831	1001	1001
536	80	1503	1000	1000
1482	40	1503	1010	1010
1570	152	134	1022	1022
1432	42	297	1004	1004
297	42	468	1018	1018
265	117	1047	1008	1008
957	10	1275	1005	1005
1275	0	1164	1022	1022
311	0	1447	1014	1014
309	48	1275	1016	1016
1345	100	1298	1021	1021
1401	91	1125	1013	1013
1131	42	114	1017	1017
1508	160	669	1000	1000
893	36	1505	1003	1003
211	42	469	1002	1002
1562	157	1075	1020	1020
1272	144	716	1004	1004
1503	10	409	1016	1016
1503	83	116	1001	1001
1337	0	1501	1011	1011
546	80	1551	1017	1017
1047	157	1245	1016	1016
1482	36	513	1004	1004
313	157	1488	1013	1013
669	0	1503	1004	1004
1503	117	792	1001	1001
269	144	90	1010	1010
264	36	114	1011	1011
536	0	1398	1023	1023
546	43	1525	1001	1001
740	54	1188	1011	1011
1445	6	1180	1007	1007
927	40	389	1020	1020
309	54	1131	1008	1008
266	43	261	1019	1019
555	140	39	1003	1003
295	36	1535	1011	1011
311	43	1503	1022	1022
21	2	1290	1017	1017
1482	10	876	1012	1012
1169	0	1503	1018	1018
718	43	1194	1022	1022
716	157	546	1005	1005
546	61	1275	1008	1008
499	92	244	1005	1005
1531	119	900	1023	1023
314	0	1158	1023	1023
114	46	1503	1006	1006
910	36	1068	1012	1012
1219	157	954	1001	1001
15	2	1034	1006	1006
926	0	770	1021	1021
248	4	499	1010	1010
1261	10	282	1023	1023
241	10	1145	1012	1012
1398	93	1204	1023	1023
644	60	1120	1019	1019
273	164	682	1021	1021
669	43	99	1023	1023
48	48	80	1008	1008
106	10	814	1009	1009
508	98	1503	1005	1005
769	80	1216	1023	1023
295	48	1015	1021	1021
605	36	1503	1003	1003
189	56	997	1011	1011
810	42	1501	1001	1001
1444	0	1482	1014	1014
216	40	1275	1007	1007
833	42	1325	1007	1007
1425	157	444	1023	1023
311	0	613	1014	1014
900	110	1503	1010	1010
224	98	1567	1009	1009
513	0	1564	1023	1023
378	10	7	1023	1023
1245	110	469	1008	1008
259	48	1503	1007	1007
874	43	1589	1001	1001
693	43	849	1019	1019
451	27	1528	1006	1006
682	36	681	1012	1012
20	157	1408	1010	1010
1158	0	481	1009	1009
839	0	1329	1002	1002
1549	100	1092	1022	1022
95	43	552	1009	1009
1063	40	107	1011	1011
224	0	1432	1018	1018
1055	42	736	1015	1015
21	98	1158	1012	1012
1014	0	114	1020	1020
374	10	1493	1016	1016
1145	157	1399	1010	1010
311	110	74	1001	1001
1051	110	927	1003	1003
311	10	1503	1008	1008
1503	0	108	1006	1006
1245	46	1483	1017	1017
1503	6	1505	1008	1008
1503	144	524	1001	1001
48	160	685	1003	1003
1135	160	341	1017	1017
180	129	1399	1013	1013
723	66	1408	1010	1010
345	3	1451	1021	1021
345	144	1135	1023	1023
670	90	699	1010	1010
1025	0	1501	1013	1013
269	10	1503	1018	1018
886	43	1012	1015	1015
188	157	856	1003	1003
1410	57	699	1011	1011
1503	36	387	1017	1017
483	10	1012	1006	1006
1095	0	354	1008	1008
524	157	1034	1001	1001
1564	72	1090	1021	1021
669	157	1210	1013	1013
23	0	1247	1000	1000
1345	160	388	1016	1016
1163	43	57	1023	1023
681	46	1092	1016	1016
219	10	1471	1020	1020
1501	2	651	1021	1021
345	48	211	1022	1022
458	67	762	1021	1021
1503	48	451	1019	1019
1500	42	265	1007	1007
314	91	310	1011	1011
268	74	669	1013	1013
321	88	1104	1002	1002
1489	0	389	1019	1019
1131	138	785	1010	1010
211	10	1501	1018	1018
809	48	1271	1010	1010
1512	2	632	1019	1019
224	52	876	1004	1004
1503	46	1515	1021	1021
670	63	762	1009	1009
669	10	410	1015	1015
137	54	927	1010	1010
1482	160	82	1019	1019
114	93	546	1012	1012
1431	36	1378	1010	1010
681	4	83	1012	1012
1297	0	15	1020	1020
699	36	887	1009	1009
1275	54	106	1016	1016
481	10	552	1004	1004
59	102	536	1006	1006
1160	42	445	1013	1013
1402	40	268	1019	1019
434	4	927	1011	1011
366	0	716	1020	1020
830	0	1444	1022	1022
1000	42	1503	1005	1005
681	40	445	1018	1018
1122	157	1445	1017	1017
1204	157	1059	1009	1009
1243	83	839	1012	1012
1096	10	681	1016	1016
1034	3	716	1000	1000
309	92	1275	1009	1009
121	80	1425	1009	1009
224	42	1378	1007	1007
1503	3	309	1013	1013
887	0	308	1023	1023
262	3	535	1017	1017
1044	42	1199	1018	1018
388	144	1503	1019	1019
1503	42	874	1010	1010
681	34	1503	1014	1014
11	40	1551	1014	1014
1562	42	7	1014	1014
1131	0	770	1020	1020
1398	10	1047	1007	1007
273	43	1429	1015	1015
581	92	580	1014	1014
1298	40	1503	1023	1023
311	92	23	1023	1023
1132	0	1503	1021	1021
211	36	468	1005	1005
1535	36	900	1019	1019
1170	106	1503	1003	1003
641	4	691	1009	1009
268	144	137	1016	1016
900	40	1245	1019	1019
1503	46	1219	1018	1018
591	0	1341	1018	1018
1378	93	15	1010	1010
876	48	1298	1003	1003
1246	40	1169	1023	1023
1025	0	785	1022	1022
311	92	1444	1008	1008
34	40	681	1020	1020
1501	36	433	1010	1010
30	48	21	1007	1007
946	43	224	1023	1023
1158	43	1271	1007	1007
673	100	1466	1004	1004
1057	48	1559	1001	1001
1101	60	1503	1002	1002
1535	43	1425	1008	1008
1549	133	1245	1015	1015
1009	0	269	1018	1018
1158	28	869	1022	1022
1503	151	1252	1002	1002
644	0	481	1014	1014
1009	10	613	1012	1012
1095	42	1096	1018	1018
1519	0	927	1017	1017
1204	65	287	1007	1007
1503	123	240	1021	1021
1398	55	1482	1020	1020
1396	159	772	1011	1011
1092	157	899	1015	1015
349	7	1158	1012	1012
673	10	1435	1008	1008
1503	36	888	1004	1004
851	129	699	1019	1019
838	57	76	1020	1020
1247	0	262	1000	1000
539	55	264	1022	1022
1514	61	1503	1022	1022
1429	48	1562	1003	1003
310	46	451	1022	1022
1503	42	106	1013	1013
1131	42	1462	1007	1007
388	42	137	1006	1006
681	61	1096	1023	1023
670	48	1270	1020	1020
266	36	168	1016	1016
682	43	211	1014	1014
224	55	240	1002	1002
952	91	706	1016	1016
15	139	1422	1008	1008
682	149	1096	1004	1004
1245	92	1444	1014	1014
1184	71	831	1004	1004
959	48	1295	1023	1023
723	43	1009	1014	1014
1446	10	1501	1019	1019
975	42	524	1016	1016
265	0	783	1017	1017
814	3	189	1017	1017
1562	63	1503	1010	1010
1096	54	1051	1022	1022
1501	0	11	1014	1014
310	60	266	1018	1018
224	42	748	1023	1023
335	3	613	1021	1021
48	40	962	1015	1015
740	43	1505	1013	1013
552	10	1503	1016	1016
1158	43	183	1014	1014
1443	129	418	1005	1005
302	160	1131	1022	1022
268	46	1523	1015	1015
874	0	1131	1014	1014
1503	43	1378	1008	1008
546	61	1275	1022	1022
10	157	684	1008	1008
311	60	1429	1018	1018
1503	48	1158	1009	1009
1503	40	15	1022	1022
787	61	1435	1022	1022
12	54	1585	1016	1016
1296	110	1501	1015	1015
554	43	1531	1018	1018
427	144	451	1008	1008
1549	46	15	1009	1009
1158	46	23	1014	1014
1051	40	1169	1002	1002
1501	160	1131	1021	1021
1490	61	1245	1009	1009
719	10	1503	1008	1008
1380	40	876	1009	1009
1120	42	1207	1010	1010
546	42	1441	1010	1010
1245	159	1070	1016	1016
1063	43	1444	1002	1002
667	55	112	1004	1004
1092	0	21	1004	1004
1577	60	887	1008	1008
1217	40	1279	1011	1011
224	100	1525	1020	1020
1482	42	1245	1005	1005
752	144	1017	1021	1021
1298	0	378	1007	1007
574	160	1034	1002	1002
1015	91	546	1012	1012
1169	43	910	1012	1012
1169	0	332	1010	1010
621	130	1270	1016	1016
1481	61	1378	1014	1014
678	122	716	1012	1012
1535	66	1019	1002	1002
1158	43	853	1007	1007
552	130	1034	1013	1013
48	60	1026	1011	1011
508	92	861	1022	1022
423	43	48	1017	1017
1106	55	1487	1020	1020
1487	92	964	1001	1001
1173	0	34	1022	1022
1444	111	1096	1017	1017
1501	51	1503	1011	1011
114	5	1131	1015	1015
1016	42	224	1000	1000
876	4	880	1011	1011
1047	46	1503	1009	1009
1348	61	699	1022	1022
588	92	23	1011	1011
78	160	842	1013	1013
1503	42	573	1016	1016
224	43	1396	1022	1022
366	42	1564	1021	1021
953	92	1444	1016	1016
1487	42	1209	1023	1023
810	43	1397	1018	1018
1169	48	1503	1007	1007
1406	42	80	1015	1015
1034	0	314	1007	1007
1230	61	36	1009	1009
659	80	900	1013	1013
1009	157	706	1015	1015
1006	10	677	1001	1001
70	42	554	1011	1011
23	122	1210	1010	1010
373	41	1503	1019	1019
311	43	1503	1020	1020
15	0	1105	1023	1023
348	106	530	1012	1012
1554	144	681	1021	1021
134	147	900	1005	1005
1131	10	650	1014	1014
340	0	1203	1004	1004
1376	157	1503	1018	1018
149	60	468	1016	1016
895	130	799	1001	1001
1296	157	1503	1012	1012
1245	26	1482	1017	1017
23	40	688	1017	1017
1296	144	1131	1019	1019
1569	92	1372	1001	1001
785	40	1503	1003	1003
1503	48	1274	1018	1018
740	0	1487	1013	1013
1477	36	1476	1004	1004
63	140	760	1014	1014
1219	79	1503	1006	1006
1503	40	96	1002	1002
1505	54	1429	1008	1008
682	43	681	1011	1011
1092	0	1015	1010	1010
1345	0	311	1007	1007
1398	54	1245	1014	1014
82	62	304	1010	1010
580	48	1147	1010	1010
1045	92	292	1022	1022
23	144	1006	1011	1011
876	42	174	1009	1009
1247	54	1487	1022	1022
1246	43	876	1013	1013
1131	47	764	1008	1008
1480	43	23	1003	1003
900	110	1482	1014	1014
1260	48	613	1001	1001
309	46	1128	1022	1022
1259	0	1283	1016	1016
1482	91	1503	1002	1002
1431	43	1352	1010	1010
190	42	1348	1007	1007
1443	92	681	1019	1019
546	157	314	1002	1002
1298	43	1549	1022	1022
1554	157	499	1019	1019
1503	0	295	1001	1001
10	6	899	1022	1022
719	100	765	1001	1001
958	46	1363	1008	1008
542	131	546	1007	1007
546	7	560	1001	1001
15	67	37	1018	1018
810	36	1462	1005	1005
747	42	876	1008	1008
699	40	700	1004	1004
227	42	1329	1015	1015
225	61	1407	1019	1019
903	110	115	1003	1003
552	46	591	1017	1017
671	157	1398	1007	1007
593	42	935	1014	1014
1544	93	1296	1021	1021
826	100	601	1008	1008
965	139	1271	1022	1022
853	10	856	1011	1011
1115	42	670	1005	1005
546	100	451	1018	1018
1535	157	1554	1018	1018
1223	43	225	1022	1022
1531	43	691	1021	1021
670	93	669	1003	1003
887	40	1378	1022	1022
1503	7	1158	1023	1023
253	40	295	1005	1005
1163	55	246	1010	1010
1482	22	1483	1003	1003
1057	46	1503	1017	1017
1503	71	287	1001	1001
1503	3	1171	1010	1010
709	26	1234	1017	1017
1399	92	900	1020	1020
536	43	493	1011	1011
887	0	1546	1012	1012
1164	66	23	1021	1021
613	42	114	1007	1007
536	55	525	1002	1002
535	66	536	1017	1017
552	48	977	1020	1020
56	132	1096	1018	1018
23	26	114	1008	1008
570	158	1173	1003	1003
681	43	1503	1020	1020
1503	92	1378	1022	1022
671	43	1503	1009	1009
1089	80	740	1020	1020
1503	60	552	1017	1017
240	40	440	1023	1023
1093	132	1092	1004	1004
793	1	601	1023	1023
277	46	693	1017	1017
1549	2	1399	1023	1023
1503	48	1338	1001	1001
1436	48	1501	1010	1010
1503	149	785	1016	1016
1158	42	398	1013	1013
447	150	590	1019	1019
546	144	481	1011	1011
133	46	959	1002	1002
856	26	1503	1015	1015
309	80	1503	1019	1019
1482	2	669	1010	1010
1501	157	287	1000	1000
1173	125	137	1013	1013
1503	0	211	1023	1023
1158	40	1446	1015	1015
1354	36	1355	1003	1003
580	46	1503	1013	1013
278	43	1276	1011	1011
469	61	1353	1018	1018
1329	145	225	1014	1014
1503	46	295	1021	1021
1503	83	785	1005	1005
175	48	1213	1013	1013
130	42	1431	1006	1006
974	54	268	1021	1021
1091	72	1192	1016	1016
1017	144	345	1019	1019
728	144	1034	1009	1009
682	146	30	1018	1018
801	36	1503	1023	1023
1503	10	137	1016	1016
702	10	1503	1022	1022
1350	10	1508	1015	1015
1044	43	706	1014	1014
580	42	1503	1013	1013
616	48	748	1023	1023
1593	54	492	1021	1021
295	26	1503	1017	1017
1245	80	1501	1009	1009
1435	72	720	1010	1010
714	42	1503	1008	1008
1503	40	876	1003	1003
1245	36	468	1009	1009
23	42	7	1014	1014
1359	117	1350	1008	1008
911	0	644	1022	1022
706	42	1503	1014	1014
15	48	1047	1017	1017
1524	71	1117	1018	1018
673	42	1529	1019	1019
295	42	1561	1011	1011
685	43	345	1010	1010
1173	7	1184	1001	1001
1165	58	1366	1015	1015
1209	65	288	1010	1010
515	10	1145	1006	1006
681	40	1084	1015	1015
1245	93	887	1007	1007
118	160	1120	1011	1011
1245	43	1246	1023	1023
1397	67	345	1008	1008
748	48	275	1010	1010
1114	80	1096	1009	1009
1326	46	1092	1017	1017
23	106	1275	1021	1021
1239	43	469	1009	1009
1554	40	681	1016	1016
1435	100	1482	1000	1000
105	144	1165	1016	1016
1501	42	580	1006	1006
1503	140	446	1003	1003
465	62	460	1008	1008
762	100	682	1021	1021
1576	10	214	1012	1012
1562	40	1503	1015	1015
455	46	837	1016	1016
398	80	1131	1022	1022
115	42	326	1008	1008
554	144	469	1020	1020
847	10	311	1015	1015
1503	157	667	1019	1019
700	2	967	1021	1021
876	144	211	1015	1015
1444	160	670	1014	1014
716	93	382	1023	1023
685	36	1503	1000	1000
492	100	845	1003	1003
268	108	1403	1009	1009
114	144	1500	1007	1007
63	130	1482	1012	1012
1361	157	1219	1020	1020
1131	144	23	1008	1008
977	0	1503	1009	1009
551	157	1204	1019	1019
1482	56	681	1017	1017
1398	157	1399	1011	1011
1501	56	114	1015	1015
54	0	682	1016	1016
512	42	1456	1016	1016
413	157	1307	1010	1010
537	93	516	1013	1013
874	35	1503	1022	1022
700	103	114	1016	1016
1440	40	141	1010	1010
1223	40	1445	1011	1011
1015	46	1462	1021	1021
907	0	1549	1014	1014
1503	144	1387	1009	1009
311	71	468	1009	1009
899	157	445	1008	1008
536	43	508	1008	1008
407	100	1544	1004	1004
1257	0	1223	1021	1021
468	40	470	1006	1006
10	144	731	1010	1010
309	2	389	1004	1004
876	10	673	1022	1022
1035	56	222	1016	1016
669	10	1158	1022	1022
807	43	456	1020	1020
287	7	76	1006	1006
1445	0	314	1006	1006
282	98	284	1007	1007
1503	110	310	1022	1022
1163	56	122	1015	1015
508	47	268	1009	1009
151	42	1535	1021	1021
1158	10	1501	1017	1017
777	48	1209	1022	1022
953	140	273	1016	1016
1562	0	101	1017	1017
221	97	220	1009	1009
546	72	85	1003	1003
268	43	673	1006	1006
74	42	929	1009	1009
1501	48	1286	1008	1008
1503	48	874	1011	1011
1068	10	1184	1006	1006
1163	10	134	1009	1009
1034	2	631	1000	1000
1271	0	1502	1021	1021
1184	71	831	1016	1016
887	157	1131	1004	1004
1397	42	1275	1009	1009
1549	48	1057	1001	1001
225	63	1408	1002	1002
1503	36	543	1016	1016
217	144	719	1009	1009
508	42	1275	1020	1020
96	60	423	1004	1004
106	48	1378	1018	1018
366	43	1393	1022	1022
1503	0	1057	1015	1015
1503	66	1219	1003	1003
583	83	1398	1000	1000
1562	157	956	1017	1017
1223	144	967	1009	1009
48	10	1207	1014	1014
409	0	1245	1015	1015
1092	122	1501	1014	1014
309	40	211	1010	1010
1482	47	202	1006	1006
310	40	1158	1002	1002
544	61	219	1008	1008
295	40	1275	1015	1015
211	36	587	1003	1003
82	0	287	1023	1023
1246	61	382	1002	1002
1503	43	716	1012	1012
552	93	1562	1015	1015
554	0	788	1002	1002
635	40	266	1017	1017
1503	5	829	1018	1018
1503	98	409	1020	1020
1219	91	23	1002	1002
1503	15	1245	1005	1005
967	157	724	1004	1004
552	122	1378	1023	1023
1503	55	1245	1017	1017
388	0	887	1009	1009
1503	40	1245	1003	1003
383	48	1503	1008	1008
1132	0	1378	1004	1004
1549	43	876	1016	1016
1000	10	1503	1022	1022
1503	40	703	1012	1012
388	80	1166	1018	1018
681	26	714	1017	1017
1209	0	1503	1023	1023
1211	144	1204	1018	1018
1503	10	1217	1007	1007
665	43	1258	1022	1022
513	93	1503	1016	1016
537	43	1006	1011	1011
681	40	682	1014	1014
1501	40	1279	1014	1014
1135	160	1173	1009	1009
706	0	273	1017	1017
508	83	1482	1013	1013
1212	130	1551	1009	1009
910	26	211	1017	1017
444	0	465	1018	1018
644	36	269	1002	1002
1501	144	409	1018	1018
1117	44	176	1022	1022
1583	42	1025	1003	1003
1005	93	1503	1022	1022
1302	144	222	1007	1007
20	49	555	1018	1018
546	0	1503	1007	1007
1180	49	1503	1008	1008
616	3	1503	1019	1019
508	48	669	1003	1003
1503	100	546	1005	1005
517	91	554	1008	1008
1146	98	1122	1005	1005
699	3	700	1016	1016
536	2	669	1002	1002
952	40	382	1005	1005
535	42	304	1000	1000
1503	48	211	1012	1012
682	36	570	1014	1014
1426	56	671	1020	1020
546	71	326	1017	1017
1031	83	114	1014	1014
904	157	1345	1009	1009
1416	144	808	1001	1001
187	26	1275	1008	1008
1482	48	1378	1009	1009
1503	0	1165	1021	1021
644	61	268	1009	1009
21	157	1432	1021	1021
546	40	1303	1014	1014
660	40	1487	1002	1002
1186	100	1440	1020	1020
1158	120	1503	1008	1008
1503	42	508	1008	1008
785	0	546	1023	1023
262	36	1444	1023	1023
1023	2	1503	1018	1018
1343	35	311	1017	1017
900	0	1577	1019	1019
1502	48	287	1023	1023
1034	36	137	1007	1007
1223	130	1100	1013	1013
792	157	1078	1003	1003
481	40	309	1016	1016
113	100	1503	1007	1007
637	159	1505	1019	1019
282	30	1503	1004	1004
910	60	1034	1009	1009
1120	48	1237	1023	1023
352	27	1483	1004	1004
580	4	1378	1002	1002
1034	48	15	1002	1002
792	48	917	1005	1005
363	160	573	1023	1023
613	9	633	1009	1009
1503	61	546	1017	1017
1392	48	699	1022	1022
863	42	593	1023	1023
1165	144	1503	1017	1017
574	67	345	1009	1009
513	43	1501	1013	1013
791	0	546	1004	1004
1503	100	662	1014	1014
679	2	1399	1020	1020
1463	42	739	1009	1009
1000	43	82	1021	1021
1503	15	669	1012	1012
1425	147	1035	1009	1009
1009	2	1146	1015	1015
734	46	552	1016	1016
1271	83	682	1015	1015
645	40	1501	1013	1013
1048	46	1301	1002	1002
1503	43	96	1017	1017
337	144	1503	1001	1001
1296	40	546	1013	1013
1131	93	299	1021	1021
1389	10	1503	1010	1010
1398	46	1483	1018	1018
508	47	268	1008	1008
134	42	967	1001	1001
1221	55	1359	1003	1003
1544	4	868	1008	1008
681	0	1095	1020	1020
1395	92	269	1017	1017
1173	42	1298	1017	1017
671	43	314	1001	1001
1562	42	1280	1022	1022
1503	40	309	1020	1020
1424	10	1503	1023	1023
1158	0	172	1009	1009
546	55	389	1017	1017
1503	43	876	1001	1001
363	144	716	1022	1022
1482	157	907	1022	1022
115	91	15	1006	1006
1245	110	1047	1014	1014
681	0	1503	1016	1016
1098	142	546	1019	1019
114	93	546	1014	1014
1063	100	1146	1009	1009
900	165	197	1006	1006
1399	40	677	1017	1017
1188	6	4	1013	1013
177	100	601	1018	1018
1276	61	673	1023	1023
673	66	1017	1015	1015
904	0	1034	1003	1003
1501	43	30	1014	1014
799	144	895	1010	1010
288	40	211	1012	1012
583	42	681	1010	1010
1503	157	1531	1010	1010
1092	157	287	1019	1019
669	43	671	1003	1003
714	132	1092	1005	1005
681	0	1000	1010	1010
886	2	345	1012	1012
1503	10	1057	1020	1020
1158	42	720	1015	1015
145	157	118	1009	1009
1180	0	1503	1019	1019
1549	106	783	1012	1012
1034	42	104	1023	1023
1443	160	671	1022	1022
1057	20	1245	1016	1016
787	10	1158	1001	1001
20	72	21	1014	1014
182	110	1219	1003	1003
221	42	268	1010	1010
1503	48	1296	1008	1008
546	18	23	1010	1010
1503	48	669	1003	1003
1503	0	793	1022	1022
114	40	11	1012	1012
1363	157	287	1015	1015
1503	83	552	1023	1023
685	60	1535	1000	1000
914	46	816	1019	1019
1188	0	34	1016	1016
127	93	1271	1014	1014
1034	46	137	1012	1012
345	98	118	1002	1002
591	10	741	1006	1006
1503	49	1473	1016	1016
1430	48	810	1011	1011
685	46	1169	1018	1018
15	36	1503	1022	1022
1348	2	189	1015	1015
747	48	1245	1018	1018
1208	72	669	1014	1014
1163	0	1088	1022	1022
290	144	10	1002	1002
1419	48	11	1007	1007
1063	144	96	1009	1009
681	0	1503	1016	1016
840	48	839	1004	1004
1445	130	1544	1009	1009
1399	0	900	1013	1013
273	48	1246	1021	1021
268	100	1226	1015	1015
748	0	1275	1004	1004
358	157	1184	1001	1001
728	42	613	1018	1018
224	79	1131	1018	1018
1162	42	244	1023	1023
1513	0	537	1008	1008
546	140	189	1021	1021
151	54	829	1005	1005
384	0	1168	1010	1010
651	93	578	1016	1016
1092	60	1503	1000	1000
224	10	225	1016	1016
1174	144	1171	1012	1012
1503	10	1471	1003	1003
106	144	1503	1007	1007
613	36	638	1003	1003
1506	26	546	1014	1014
309	157	546	1004	1004
372	0	1503	1019	1019
405	43	134	1005	1005
849	100	80	1015	1015
1092	157	785	1021	1021
586	46	1158	1009	1009
1298	36	1158	1015	1015
699	56	268	1021	1021
785	36	1254	1009	1009
1409	0	779	1012	1012
311	100	1111	1015	1015
543	10	311	1014	1014
469	30	311	1008	1008
799	157	800	1014	1014
211	42	908	1016	1016
793	157	1503	1004	1004
1549	40	887	1011	1011
224	110	1131	1006	1006
1275	46	1396	1017	1017
508	91	23	1015	1015
874	92	1295	1022	1022
1476	42	1028	1004	1004
1503	10	1245	1002	1002
669	93	1158	1009	1009
1540	3	269	1022	1022
295	2	1296	1023	1023
1505	43	1063	1012	1012
1503	10	1017	1010	1010
552	10	647	1023	1023
484	100	783	1015	1015
1515	36	793	1009	1009
44	162	154	1023	1023
393	110	345	1000	1000
1503	7	1505	1009	1009
1092	42	304	1021	1021
1246	42	1539	1009	1009
928	40	1168	1017	1017
1501	26	1279	1017	1017
535	2	669	1019	1019
1188	61	477	1015	1015
860	93	1131	1004	1004
114	147	1135	1014	1014
1092	84	601	1016	1016
168	114	892	1015	1015
366	36	1549	1010	1010
1051	55	1303	1010	1010
1259	26	1191	1016	1016
1246	26	225	1022	1022
311	63	1503	1016	1016
345	93	1503	1011	1011
1275	7	673	1014	1014
1579	42	1101	1010	1010
354	108	470	1006	1006
20	92	567	1020	1020
1416	43	1505	1008	1008
1131	144	451	1017	1017
1223	26	1503	1011	1011
225	0	224	1008	1008
1503	48	900	1022	1022
469	0	1503	1012	1012
1102	149	1131	1001	1001
400	10	1230	1010	1010
1348	48	1303	1022	1022
910	48	1251	1014	1014
645	36	1564	1021	1021
1503	48	670	1023	1023
1	40	670	1011	1011
714	43	1535	1011	1011
691	43	1120	1019	1019
736	36	1472	1023	1023
211	157	1330	1023	1023
1503	130	373	1019	1019
1131	46	1171	1005	1005
1131	144	554	1015	1015
1131	160	618	1001	1001
1551	43	816	1004	1004
1275	43	960	1015	1015
668	10	211	1017	1017
469	145	1482	1010	1010
446	43	564	1003	1003
268	2	1562	1014	1014
1445	92	1400	1003	1003
616	4	1503	1016	1016
1413	26	1247	1014	1014
1131	140	422	1000	1000
269	83	469	1021	1021
1005	36	139	1004	1004
1503	140	1057	1012	1012
543	80	852	1019	1019
1503	40	139	1005	1005
1287	61	1503	1002	1002
15	61	529	1014	1014
286	10	552	1022	1022
311	83	87	1008	1008
1348	26	1503	1010	1010
1060	48	1398	1018	1018
451	80	211	1020	1020
483	144	1503	1012	1012
1503	61	546	1019	1019
211	46	1158	1002	1002
788	40	1398	1010	1010
678	157	403	1020	1020
516	96	546	1016	1016
1370	48	552	1011	1011
1503	83	644	1010	1010
930	3	716	1018	1018
1158	0	311	1021	1021
1579	42	282	1022	1022
910	93	1501	1015	1015
15	8	48	1016	1016
1503	40	286	1001	1001
1301	46	1444	1018	1018
1221	27	231	1002	1002
583	36	848	1008	1008
900	126	909	1018	1018
671	42	1416	1020	1020
910	0	1092	1009	1009
810	10	874	1008	1008
1271	3	1223	1022	1022
853	91	616	1003	1003
331	40	536	1013	1013
1336	40	134	1003	1003
1165	5	345	1022	1022
469	27	684	1018	1018
1503	10	1131	1021	1021
1163	26	1092	1003	1003
309	40	114	1014	1014
1501	42	673	1005	1005
1131	144	828	1020	1020
224	0	718	1009	1009
309	43	1275	1001	1001
1503	93	139	1002	1002
196	42	953	1010	1010
469	0	211	1023	1023
164	72	1378	1002	1002
266	42	1117	1009	1009
785	26	552	1011	1011
268	136	225	1011	1011
1245	66	1491	1013	1013
967	7	724	1004	1004
172	40	1270	1008	1008
740	10	977	1016	1016
1171	71	1131	1012	1012
200	36	1535	1017	1017
788	93	1398	1020	1020
1350	0	740	1023	1023
224	66	1549	1006	1006
1503	43	211	1005	1005
856	40	1158	1005	1005
359	144	1165	1002	1002
1503	48	696	1018	1018
1163	10	39	1011	1011
81	48	595	1018	1018
723	157	574	1020	1020
1501	40	311	1008	1008
185	28	1168	1015	1015
1325	144	1131	1017	1017
1047	46	1503	1004	1004
1503	54	211	1008	1008
200	134	1000	1014	1014
682	80	1554	1018	1018
1525	42	1521	1008	1008
731	42	591	1014	1014
440	139	1275	1008	1008
1035	10	15	1019	1019
552	10	793	1000	1000
991	4	546	1023	1023
748	0	289	1014	1014
1562	55	118	1009	1009
1503	122	714	1020	1020
669	91	766	1016	1016
1503	98	1369	1005	1005
330	141	1158	1002	1002
1158	10	810	1014	1014
508	0	1503	1010	1010
1131	40	1275	1017	1017
546	0	1131	1009	1009
681	93	899	1018	1018
1171	157	1348	1013	1013
1503	61	546	1020	1020
61	120	1256	1008	1008
1011	55	1275	1014	1014
137	83	238	1009	1009
1092	48	1096	1007	1007
1101	54	114	1011	1011
1503	0	635	1015	1015
1270	2	546	1003	1003
15	72	465	1008	1008
679	40	810	1011	1011
95	48	1478	1017	1017
1092	83	1009	1011	1011
1298	92	15	1017	1017
1503	68	602	1009	1009
118	144	311	1021	1021
1445	0	1503	1009	1009
211	0	342	1001	1001
1158	10	259	1019	1019
451	144	1165	1012	1012
1171	144	486	1009	1009
900	10	1092	1000	1000
1224	0	309	1017	1017
1482	159	1398	1020	1020
402	61	451	1022	1022
1564	43	366	1022	1022
1505	92	523	1002	1002
593	2	1378	1018	1018
672	2	681	1022	1022
1503	96	899	1015	1015
378	0	1034	1009	1009
783	0	1503	1022	1022
23	0	613	1023	1023
30	42	668	1008	1008
893	106	107	1018	1018
677	129	134	1023	1023
1025	40	630	1011	1011
1176	93	669	1007	1007
269	122	117	1018	1018
1441	42	1275	1006	1006
1393	40	1051	1018	1018
657	54	646	1008	1008
106	99	310	1020	1020
965	4	269	1022	1022
898	145	1120	1021	1021
309	43	451	1022	1022
827	42	468	1019	1019
134	43	1153	1020	1020
598	6	1487	1004	1004
493	61	211	1018	1018
1245	3	1246	1003	1003
268	2	1047	1018	1018
1378	48	1503	1019	1019
310	2	246	1001	1001
1503	80	345	1010	1010
1503	43	546	1023	1023
1275	36	280	1014	1014
1278	2	1562	1001	1001
134	40	546	1017	1017
1245	0	437	1011	1011
670	42	669	1021	1021
669	48	1092	1004	1004
1503	23	669	1003	1003
444	40	1444	1009	1009
1503	143	719	1010	1010
200	144	224	1022	1022
348	159	580	1012	1012
1398	157	669	1006	1006
1487	141	876	1007	1007
537	10	876	1004	1004
219	160	876	1023	1023
1034	48	1433	1016	1016
1503	10	581	1011	1011
1131	42	537	1016	1016
105	61	137	1015	1015
250	109	1503	1009	1009
1590	0	1165	1005	1005
1503	2	106	1008	1008
468	92	268	1023	1023
266	42	48	1015	1015
1473	46	1395	1023	1023
669	42	21	1009	1009
12	100	1563	1022	1022
1445	43	1503	1010	1010
712	43	1015	1023	1023
1221	99	496	1003	1003
1503	10	126	1014	1014
681	46	23	1002	1002
15	36	1503	1004	1004
712	0	313	1022	1022
451	100	1503	1007	1007
546	48	673	1020	1020
1006	46	311	1021	1021
714	46	681	1020	1020
1503	0	335	1012	1012
1158	36	1329	1023	1023
345	144	748	1016	1016
1503	144	1040	1011	1011
373	0	671	1003	1003
900	130	1590	1023	1023
1131	80	367	1012	1012
106	157	1503	1000	1000
719	98	345	1008	1008
189	40	1503	1016	1016
335	80	1158	1004	1004
524	147	1131	1014	1014
1505	160	211	1011	1011
540	133	1158	1020	1020
311	48	31	1022	1022
1549	42	1445	1020	1020
1047	47	400	1008	1008
549	7	1145	1017	1017
149	43	1389	1011	1011
309	46	1503	1023	1023
1444	72	546	1018	1018
1503	157	1429	1011	1011
1111	46	1131	1003	1003
1503	10	1117	1020	1020
1298	61	1503	1008	1008
669	157	670	1014	1014
389	0	20	1001	1001
1092	40	647	1018	1018
1111	43	1158	1017	1017
691	48	1131	1010	1010
681	157	137	1018	1018
1503	10	309	1007	1007
1047	93	1210	1019	1019
537	42	91	1002	1002
976	7	743	1018	1018
402	42	1503	1023	1023
455	80	564	1014	1014
1503	42	613	1021	1021
268	42	1565	1009	1009
682	93	681	1019	1019
1577	157	1271	1012	1012
36	99	106	1003	1003
1444	62	669	1004	1004
145	42	1348	1001	1001
1490	48	649	1001	1001
1431	31	546	1009	1009
1435	83	268	1015	1015
546	92	102	1003	1003
123	7	15	1003	1003
1275	26	1503	1008	1008
1163	0	1303	1016	1016
1546	48	1158	1004	1004
1378	27	1503	1011	1011
876	10	513	1014	1014
1503	0	406	1011	1011
1158	122	1089	1019	1019
785	0	224	1022	1022
681	43	1444	1020	1020
1482	144	716	1016	1016
604	93	546	1013	1013
1296	48	1549	1017	1017
1399	2	1483	1022	1022
1562	100	1313	1021	1021
1034	42	262	1005	1005
593	43	1444	1012	1012
564	43	887	1019	1019
15	80	193	1003	1003
1275	149	536	1015	1015
1034	157	1308	1018	1018
444	58	445	1012	1012
134	68	546	1009	1009
1120	110	82	1001	1001
15	92	1482	1020	1020
295	42	217	1011	1011
876	0	433	1007	1007
1131	42	785	1014	1014
1148	42	592	1014	1014
389	55	736	1008	1008
401	157	899	1011	1011
1165	133	669	1003	1003
381	42	834	1020	1020
1425	66	1092	1011	1011
1413	129	1205	1016	1016
309	46	1321	1019	1019
1093	40	1034	1011	1011
1275	61	793	1002	1002
1015	144	1165	1012	1012
1571	60	1045	1009	1009
1092	157	287	1006	1006
280	104	68	1004	1004
262	40	1503	1023	1023
1245	66	927	1014	1014
20	157	1019	1003	1003
1503	80	282	1019	1019
546	100	376	1007	1007
444	48	796	1018	1018
137	10	1501	1018	1018
211	0	546	1017	1017
849	43	536	1001	1001
1359	0	633	1002	1002
1158	36	385	1023	1023
1223	42	266	1010	1010
1246	91	1393	1008	1008
1531	93	1485	1004	1004
633	43	685	1023	1023
189	139	48	1017	1017
1245	45	1096	1007	1007
1158	48	1503	1002	1002
940	80	1500	1022	1022
1503	83	783	1016	1016
376	65	1326	1007	1007
1503	10	266	1017	1017
47	111	1502	1007	1007
1552	43	309	1023	1023
118	144	719	1008	1008
876	157	287	1010	1010
224	10	1503	1022	1022
1525	83	546	1004	1004
1503	110	282	1023	1023
1501	10	427	1017	1017
15	10	1348	1000	1000
82	0	360	1009	1009
669	93	1245	1004	1004
290	100	669	1004	1004
1396	48	47	1016	1016
1503	5	1387	1008	1008
1361	56	1329	1023	1023
1338	43	535	1005	1005
1503	3	1024	1003	1003
268	110	145	1019	1019
23	55	1378	1001	1001
1129	54	463	1004	1004
1158	93	965	1000	1000
546	42	1239	1011	1011
1171	10	1590	1023	1023
1145	91	537	1023	1023
910	56	1271	1008	1008
114	48	389	1017	1017
1445	0	1144	1010	1010
1503	80	311	1000	1000
747	10	273	1005	1005
1000	160	1503	1008	1008
20	157	649	1002	1002
681	36	1095	1004	1004
887	10	1503	1022	1022
1343	40	23	1013	1013
1073	40	1501	1016	1016
367	57	1503	1003	1003
887	160	388	1022	1022
118	2	1562	1002	1002
1229	157	740	1015	1015
1425	93	1092	1014	1014
225	0	241	1022	1022
613	0	309	1011	1011
224	43	48	1015	1015
1158	62	1241	1017	1017
1398	149	287	1003	1003
282	43	1222	1014	1014
1503	46	1505	1015	1015
543	92	1503	1007	1007
311	47	1424	1018	1018
1503	40	40	1001	1001
137	33	1503	1021	1021
1354	56	685	1023	1023
1093	149	82	1019	1019
1553	3	1503	1016	1016
1158	40	273	1009	1009
748	42	1503	1014	1014
1503	0	1298	1018	1018
1591	144	712	1001	1001
1168	80	651	1002	1002
1223	42	266	1015	1015
1482	46	48	1012	1012
116	56	1332	1013	1013
536	26	677	1020	1020
21	160	305	1003	1003
1501	40	1102	1015	1015
641	40	399	1021	1021
1151	46	1443	1014	1014
1096	60	681	1002	1002
552	4	1010	1002	1002
23	71	224	1010	1010
986	36	1092	1018	1018
1131	40	884	1004	1004
48	157	670	1002	1002
677	140	211	1004	1004
639	10	1397	1009	1009
82	10	849	1018	1018
1412	157	1329	1018	1018
1591	42	750	1017	1017
590	43	52	1016	1016
54	48	536	1021	1021
1158	42	1503	1010	1010
552	143	1503	1011	1011
1444	0	1168	1017	1017
427	147	175	1016	1016
1503	72	499	1009	1009
314	60	1503	1014	1014
1245	48	1145	1015	1015
1246	0	225	1018	1018
513	92	23	1013	1013
1360	144	1349	1003	1003
309	40	748	1023	1023
1572	43	1209	1021	1021
1503	0	311	1003	1003
470	47	508	1019	1019
266	122	1442	1019	1019
1209	91	1444	1022	1022
673	61	48	1016	1016
268	131	311	1021	1021
1503	42	783	1007	1007
1531	48	240	1013	1013
636	36	491	1014	1014
240	110	1503	1008	1008
1215	42	893	1012	1012
310	57	76	1010	1010
358	150	590	1014	1014
741	0	1503	1012	1012
1503	15	268	1012	1012
137	31	546	1021	1021
1503	40	1374	1003	1003
681	40	1084	1010	1010
672	0	1416	1013	1013
1503	94	1135	1010	1010
1005	160	1140	1019	1019
1158	0	681	1008	1008
1396	42	554	1011	1011
1503	3	719	1005	1005
965	66	1092	1020	1020
651	42	1503	1015	1015
1444	93	1092	1002	1002
616	43	389	1003	1003
509	98	1503	1003	1003
1341	71	716	1003	1003
134	10	271	1013	1013
147	40	900	1003	1003
1047	10	1218	1022	1022
1219	83	481	1022	1022
493	160	683	1011	1011
1131	3	310	1023	1023
940	3	114	1004	1004
1143	54	1515	1016	1016
831	48	1184	1002	1002
957	43	23	1017	1017
1378	43	1503	1017	1017
910	3	783	1017	1017
1482	68	1398	1010	1010
1481	43	508	1019	1019
1039	36	468	1004	1004
554	54	1503	1012	1012
1298	40	1158	1011	1011
1337	0	1158	1019	1019
48	43	886	1022	1022
1503	43	607	1013	1013
1275	46	211	1021	1021
1549	43	1378	1002	1002
1296	26	1503	1009	1009
300	36	1457	1017	1017
757	42	145	1010	1010
1482	83	1245	1011	1011
1057	3	1432	1003	1003
1500	0	309	1017	1017
1444	36	1445	1015	1015
1245	80	1501	1007	1007
309	7	1396	1005	1005
10	157	82	1019	1019
644	42	1168	1015	1015
669	91	591	1007	1007
1095	36	681	1003	1003
1204	159	1398	1010	1010
984	46	777	1016	1016
681	100	546	1011	1011
785	117	314	1003	1003
107	46	1275	1022	1022
93	42	444	1009	1009
1531	42	1027	1017	1017
455	110	268	1007	1007
1209	43	641	1023	1023
24	66	1503	1013	1013
716	140	739	1017	1017
1378	0	1432	1022	1022
1246	157	1483	1023	1023
10	93	200	1018	1018
1503	0	1275	1018	1018
1092	91	649	1020	1020
259	100	374	1018	1018
673	140	1275	1016	1016
594	36	1471	1001	1001
1444	132	1092	1018	1018
681	36	1503	1019	1019
444	131	714	1020	1020
546	121	670	1009	1009
152	43	189	1001	1001
1034	0	15	1006	1006
574	160	314	1009	1009
681	46	1503	1021	1021
1503	56	856	1022	1022
1052	60	1444	1010	1010
543	4	1306	1010	1010
1219	83	546	1011	1011
1245	46	1304	1000	1000
1158	34	725	1006	1006
90	0	194	1004	1004
1341	148	1535	1017	1017
868	48	1219	1019	1019
375	109	1503	1012	1012
1278	10	1501	1002	1002
316	83	1562	1004	1004
1271	94	669	1022	1022
504	43	536	1018	1018
678	23	48	1001	1001
1286	0	1503	1003	1003
1483	160	561	1022	1022
669	43	679	1016	1016
1034	0	1467	1007	1007
224	48	268	1011	1011
1505	40	1503	1013	1013
876	40	998	1014	1014
513	10	1308	1010	1010
1233	7	354	1005	1005
537	48	748	1011	1011
444	43	681	1010	1010
980	43	423	1021	1021
481	160	1131	1010	1010
930	46	80	1022	1022
211	42	681	1017	1017
1053	144	721	1017	1017
459	160	882	1003	1003
876	42	224	1002	1002
1275	40	309	1005	1005
1233	40	354	1005	1005
269	3	1393	1022	1022
311	10	1503	1018	1018
114	48	773	1002	1002
1501	10	1088	1020	1020
1482	26	1171	1003	1003
1503	0	389	1009	1009
311	36	1462	1014	1014
536	26	508	1019	1019
546	3	669	1013	1013
1196	43	1163	1015	1015
1503	26	783	1018	1018
381	36	1396	1014	1014
1206	42	744	1012	1012
1503	48	1255	1009	1009
1158	60	308	1007	1007
212	36	90	1022	1022
906	100	1398	1015	1015
1535	65	1260	1003	1003
287	14	1503	1010	1010
574	160	444	1013	1013
1163	46	1435	1003	1003
107	21	785	1009	1009
1503	103	861	1020	1020
633	91	18	1020	1020
1158	3	204	1017	1017
23	54	1158	1015	1015
1180	8	1503	1016	1016
1503	3	887	1019	1019
1523	36	546	1010	1010
211	48	1562	1001	1001
367	3	1501	1007	1007
623	10	670	1012	1012
1445	0	1503	1017	1017
1047	36	1348	1002	1002
331	72	134	1000	1000
1398	83	1245	1007	1007
219	43	1315	1009	1009
1487	100	895	1007	1007
1435	46	1501	1022	1022
742	157	1131	1004	1004
839	3	1223	1022	1022
196	91	1501	1008	1008
1171	80	685	1009	1009
1275	43	910	1010	1010
1069	43	211	1004	1004
1503	42	1131	1000	1000
1084	10	487	1015	1015
287	144	903	1022	1022
1503	160	1131	1013	1013
46	62	1317	1006	1006
536	55	311	1004	1004
389	42	1158	1011	1011
878	4	311	1016	1016
1035	160	1158	1021	1021
1359	71	1503	1008	1008
1445	43	1503	1015	1015
306	79	1158	1017	1017
1503	74	669	1019	1019
596	36	1275	1023	1023
677	56	1398	1011	1011
106	144	316	1002	1002
1319	46	700	1012	1012
1494	36	1398	1022	1022
604	10	1092	1001	1001
1048	56	1047	1013	1013
1503	60	1123	1001	1001
1204	36	546	1014	1014
1263	160	1135	1002	1002
1503	84	1047	1010	1010
1032	46	1582	1017	1017
353	48	1245	1013	1013
793	157	1346	1017	1017
1503	160	1196	1012	1012
1335	4	118	1021	1021
992	99	1158	1018	1018
1120	83	314	1013	1013
810	54	876	1009	1009
228	147	232	1003	1003
1275	3	114	1012	1012
876	40	1378	1001	1001
15	48	1419	1010	1010
1503	60	1092	1005	1005
508	157	1165	1023	1023
1092	43	82	1018	1018
10	140	1503	1014	1014
1245	79	1398	1020	1020
840	92	785	1011	1011
1069	36	224	1003	1003
420	40	886	1013	1013
1181	71	1503	1003	1003
1452	40	603	1008	1008
1399	159	1398	1013	1013
453	3	1223	1017	1017
1503	157	1562	1012	1012
671	4	323	1016	1016
295	43	48	1002	1002
876	40	1503	1012	1012
1503	110	1291	1010	1010
1535	42	546	1022	1022
269	0	1131	1010	1010
1168	0	1503	1007	1007
309	128	1275	1010	1010
316	72	1165	1022	1022
669	0	1210	1005	1005
1378	23	1217	1002	1002
1503	40	1440	1015	1015
910	92	1096	1018	1018
1298	159	37	1003	1003
1097	144	1503	1016	1016
15	40	1440	1015	1015
714	36	444	1006	1006
1296	40	309	1022	1022
268	46	841	1010	1010
345	93	1503	1011	1011
1503	43	1378	1021	1021
716	157	1522	1023	1023
1044	55	609	1019	1019
643	46	211	1023	1023
874	46	710	1004	1004
1255	36	1503	1008	1008
508	43	1482	1003	1003
118	144	1503	1004	1004
589	0	1503	1008	1008
1501	42	1163	1007	1007
314	157	1291	1005	1005
699	10	963	1018	1018
716	46	1245	1005	1005
1444	48	1398	1022	1022
1296	40	1503	1022	1022
1444	43	681	1019	1019
1503	48	1296	1002	1002
669	48	1173	1006	1006
1501	43	79	1022	1022
1270	131	1188	1018	1018
468	43	508	1015	1015
103	144	1251	1014	1014
149	36	910	1022	1022
1503	144	559	1017	1017
1131	2	269	1022	1022
468	130	56	1017	1017
1378	101	1167	1014	1014
900	3	1120	1020	1020
889	43	293	1017	1017
1371	157	1129	1018	1018
674	48	673	1018	1018
268	6	927	1018	1018
469	3	685	1010	1010
1102	80	529	1018	1018
513	14	546	1010	1010
1378	61	916	1004	1004
1423	4	311	1014	1014
36	48	1503	1002	1002
1305	151	1411	1014	1014
1131	157	755	1014	1014
311	48	1278	1018	1018
1531	10	268	1009	1009
1503	43	508	1023	1023
211	43	1462	1009	1009
819	3	1015	1017	1017
996	91	1503	1002	1002
580	80	1503	1011	1011
1503	36	1157	1015	1015
250	30	1503	1002	1002
213	46	436	1010	1010
1398	93	1483	1014	1014
389	46	7	1014	1014
1194	42	1503	1001	1001
1219	92	12	1002	1002
1503	46	977	1011	1011
357	160	574	1009	1009
1173	61	1577	1002	1002
1275	43	1503	1019	1019
15	144	602	1003	1003
1503	47	552	1018	1018
1399	40	900	1017	1017
1501	43	259	1015	1015
1395	42	311	1011	1011
388	147	508	1014	1014
188	31	513	1017	1017
114	141	1275	1016	1016
840	7	269	1023	1023
155	83	546	1022	1022
810	43	218	1001	1001
82	126	1378	1014	1014
739	160	224	1023	1023
476	137	1503	1017	1017
670	60	48	1019	1019
529	61	1444	1006	1006
678	3	1158	1010	1010
399	21	1503	1018	1018
629	10	1163	1015	1015
524	40	685	1015	1015
887	43	1120	1004	1004
896	0	876	1002	1002
757	3	1223	1014	1014
1561	27	169	1003	1003
269	36	1158	1023	1023
861	15	1173	1010	1010
1158	61	1445	1021	1021
1482	40	352	1003	1003
601	10	1046	1015	1015
1034	48	1131	1019	1019
331	40	1047	1005	1005
1032	157	1034	1001	1001
1389	91	172	1008	1008
685	46	1435	1021	1021
15	160	1546	1013	1013
1503	0	309	1014	1014
702	100	311	1016	1016
1551	34	310	1016	1016
1245	57	1158	1018	1018
1245	65	309	1005	1005
546	2	983	1011	1011
23	40	1158	1011	1011
1015	46	667	1009	1009
1245	10	1365	1011	1011
775	100	546	1012	1012
468	26	1444	1022	1022
451	2	1503	1010	1010
211	42	114	1020	1020
186	99	311	1017	1017
320	48	1503	1002	1002
1483	46	1286	1023	1023
1275	7	868	1018	1018
133	48	15	1019	1019
472	42	1051	1010	1010
1501	36	1503	1002	1002
1378	106	1503	1010	1010
1482	40	536	1003	1003
23	42	797	1016	1016
1158	80	1501	1020	1020
673	47	1444	1011	1011
682	0	213	1009	1009
627	40	1503	1008	1008
577	140	358	1021	1021
682	159	1096	1019	1019
1487	144	314	1018	1018
546	0	1418	1004	1004
1034	10	546	1010	1010
1034	2	516	1003	1003
309	36	1503	1017	1017
376	98	1131	1019	1019
1233	7	354	1004	1004
185	91	1444	1010	1010
1275	43	1158	1010	1010
1396	40	1445	1019	1019
513	100	1544	1021	1021
23	41	426	1019	1019
716	146	1165	1011	1011
669	10	1443	1004	1004
893	40	1503	1017	1017
1034	42	354	1021	1021
1246	156	1501	1003	1003
1275	157	1263	1010	1010
749	157	714	1017	1017
128	0	1503	1011	1011
11	60	1503	1018	1018
977	10	383	1023	1023
1562	87	1308	1010	1010
1013	144	261	1023	1023
681	80	1096	1004	1004
1173	157	1131	1019	1019
876	0	1212	1021	1021
524	40	1501	1022	1022
1501	54	508	1020	1020
1549	10	1092	1016	1016
18	66	1503	1003	1003
1145	43	590	1019	1019
324	42	755	1019	1019
96	43	1503	1013	1013
78	160	740	1015	1015
48	10	219	1011	1011
1431	48	681	1000	1000
1577	48	1270	1011	1011
106	93	730	1010	1010
784	110	546	1006	1006
376	42	1250	1007	1007
1131	48	811	1010	1010
682	23	667	1022	1022
670	157	268	1015	1015
641	43	475	1006	1006
1503	10	18	1007	1007
699	36	409	1004	1004
1482	47	4	1005	1005
15	100	1502	1002	1002
1069	92	670	1009	1009
178	10	546	1023	1023
1482	55	1245	1003	1003
887	46	224	1015	1015
959	46	1295	1022	1022
1219	42	1275	1016	1016
1035	26	544	1022	1022
582	36	1503	1016	1016
1131	147	1503	1001	1001
1158	42	1501	1019	1019
336	10	1246	1010	1010
529	61	681	1022	1022
1397	7	189	1018	1018
236	0	611	1004	1004
1083	40	147	1017	1017
536	2	900	1011	1011
225	62	997	1005	1005
1270	16	905	1005	1005
1419	10	1158	1006	1006
682	40	714	1020	1020
82	48	489	1022	1022
309	55	48	1018	1018
1372	46	104	1023	1023
757	43	839	1005	1005
1171	0	1092	1021	1021
876	144	1188	1013	1013
670	122	623	1001	1001
1158	0	537	1012	1012
1207	48	118	1011	1011
1564	43	1445	1020	1020
535	66	1555	1021	1021
813	119	1131	1008	1008
619	42	1158	1014	1014
134	34	1002	1018	1018
437	48	536	1009	1009
1165	61	1166	1022	1022
876	93	546	1022	1022
1221	42	962	1023	1023
508	48	1120	1014	1014
1397	0	714	1008	1008
1347	42	1047	1016	1016
231	98	189	1008	1008
959	0	1535	1010	1010
224	5	1241	1023	1023
1044	46	224	1023	1023
1131	10	1453	1014	1014
1318	147	287	1006	1006
1343	39	24	1011	1011
27	43	1449	1020	1020
1503	93	524	1017	1017
1503	71	1259	1014	1014
827	157	1236	1014	1014
1429	160	1061	1022	1022
720	100	82	1009	1009
668	42	1275	1022	1022
719	0	1501	1011	1011
153	42	398	1015	1015
374	117	719	1016	1016
1503	10	546	1013	1013
1	42	174	1005	1005
1047	157	1503	1023	1023
1372	40	1034	1007	1007
1464	40	1189	1023	1023
1223	0	1097	1018	1018
21	47	1092	1004	1004
503	40	997	1008	1008
681	157	1398	1002	1002
40	0	1503	1018	1018
679	92	125	1015	1015
580	10	446	1011	1011
886	43	887	1016	1016
1503	40	309	1003	1003
1096	122	1444	1021	1021
1034	144	546	1016	1016
747	48	664	1004	1004
676	0	597	1009	1009
927	48	866	1003	1003
432	157	1270	1022	1022
876	0	1503	1005	1005
546	46	1032	1009	1009
1009	43	682	1014	1014
96	86	934	1015	1015
670	92	1503	1004	1004
669	63	1412	1013	1013
1387	6	345	1003	1003
1490	0	392	1007	1007
783	10	1275	1023	1023
444	46	445	1014	1014
16	10	1047	1010	1010
116	43	470	1001	1001
1015	144	1477	1012	1012
1016	40	367	1002	1002
1131	26	1466	1012	1012
640	42	266	1015	1015
840	10	839	1011	1011
188	0	1501	1008	1008
1535	66	1275	1011	1011
282	144	1268	1003	1003
667	55	839	1011	1011
1503	10	944	1007	1007
1015	156	546	1001	1001
300	42	126	1010	1010
311	42	295	1003	1003
63	92	1444	1021	1021
224	80	1131	1019	1019
510	121	682	1010	1010
1503	46	224	1023	1023
1367	67	345	1004	1004
1254	157	234	1004	1004
21	157	20	1001	1001
188	36	1465	1009	1009
554	110	783	1014	1014
1131	160	1429	1020	1020
723	46	1408	1004	1004
1293	150	358	1022	1022
13	91	114	1021	1021
1551	40	311	1014	1014
1009	40	681	1014	1014
1145	42	282	1018	1018
23	42	1590	1000	1000
499	157	1131	1002	1002
1152	46	1435	1001	1001
552	157	716	1008	1008
1296	42	444	1007	1007
23	87	115	1004	1004
224	160	1139	1016	1016
32	80	1551	1021	1021
114	0	857	1018	1018
1093	0	1296	1016	1016
134	83	810	1013	1013
783	160	1503	1003	1003
1245	46	1503	1022	1022
301	157	1398	1009	1009
959	43	311	1008	1008
676	36	309	1009	1009
1554	83	817	1004	1004
997	0	1092	1002	1002
1503	157	1499	1008	1008
910	80	23	1013	1013
719	6	508	1018	1018
20	10	1408	1023	1023
52	43	1378	1018	1018
552	157	1034	1014	1014
1163	40	269	1002	1002
1009	48	1179	1003	1003
919	13	1034	1015	1015
1460	3	783	1017	1017
1275	43	224	1016	1016
15	0	1030	1000	1000
1076	72	118	1018	1018
311	10	262	1016	1016
546	29	787	1017	1017
765	84	1490	1008	1008
1348	35	314	1021	1021
1158	31	669	1004	1004
889	43	992	1009	1009
1501	61	1435	1013	1013
1503	0	273	1000	1000
23	0	48	1018	1018
1158	10	633	1011	1011
839	144	1329	1008	1008
1034	48	552	1017	1017
18	92	15	1012	1012
1169	0	1041	1006	1006
47	42	1549	1019	1019
663	48	1437	1019	1019
814	7	73	1003	1003
1396	42	1524	1016	1016
581	40	580	1011	1011
1348	40	1047	1002	1002
446	160	1354	1016	1016
1158	54	1445	1016	1016
668	15	1275	1015	1015
874	0	224	1023	1023
1503	3	783	1015	1015
1503	160	1403	1016	1016
1247	36	282	1001	1001
725	50	552	1011	1011
269	36	211	1014	1014
886	55	1432	1001	1001
1503	93	1296	1018	1018
1490	42	699	1011	1011
1585	125	192	1011	1011
1503	8	635	1008	1008
876	140	268	1022	1022
114	157	189	1000	1000
593	40	546	1011	1011
1261	160	1503	1023	1023
360	40	273	1002	1002
1110	144	176	1010	1010
1363	92	899	1008	1008
1184	43	264	1021	1021
900	136	134	1019	1019
1501	10	1378	1018	1018
1383	7	3	1003	1003
371	3	211	1022	1022
76	55	301	1017	1017
554	144	1503	1021	1021
1131	144	1408	1022	1022
1503	0	1275	1010	1010
211	0	1503	1004	1004
493	3	1354	1001	1001
1259	144	1165	1011	1011
1000	42	1013	1016	1016
719	16	1429	1010	1010
1275	43	23	1023	1023
1275	43	1503	1018	1018
375	34	1503	1005	1005
1228	0	309	1022	1022
21	5	287	1020	1020
330	40	423	1014	1014
1503	91	123	1020	1020
146	140	114	1015	1015
1034	3	1544	1018	1018
900	157	1535	1006	1006
651	130	345	1023	1023
224	72	1505	1004	1004
719	80	1501	1002	1002
1158	3	682	1021	1021
446	47	564	1022	1022
792	0	389	1014	1014
219	45	1505	1001	1001
1092	40	1118	1009	1009
211	140	468	1007	1007
310	10	101	1001	1001
1501	36	189	1023	1023
463	10	1171	1007	1007
1158	157	1515	1001	1001
1503	0	1131	1010	1010
685	47	799	1010	1010
13	36	269	1016	1016
1146	0	1296	1012	1012
1165	147	409	1023	1023
432	0	1546	1016	1016
748	92	446	1015	1015
1443	93	1399	1008	1008
714	42	1503	1001	1001
310	40	1396	1022	1022
1503	26	552	1019	1019
181	92	451	1006	1006
536	42	650	1009	1009
613	55	1505	1011	1011
383	93	1503	1022	1022
1165	100	900	1002	1002
669	54	1245	1019	1019
1501	91	546	1010	1010
1034	48	1275	1009	1009
740	42	23	1004	1004
1398	162	679	1023	1023
1131	32	134	1011	1011
638	157	748	1013	1013
1501	110	613	1012	1012
295	48	1275	1022	1022
1432	36	219	1014	1014
189	92	477	1011	1011
669	93	1	1010	1010
874	48	837	1006	1006
1551	93	225	1015	1015
1503	3	1219	1020	1020
1503	43	1111	1015	1015
1503	5	483	1011	1011
21	149	1503	1023	1023
1275	42	1130	1016	1016
1468	0	876	1009	1009
70	43	1120	1023	1023
633	60	671	1003	1003
1158	42	714	1021	1021
237	36	592	1013	1013
1183	60	374	1002	1002
1047	0	1025	1013	1013
406	5	1503	1018	1018
503	110	580	1023	1023
23	46	468	1006	1006
427	54	874	1016	1016
1418	61	116	1009	1009
1503	91	719	1010	1010
1503	0	311	1003	1003
1002	0	1444	1002	1002
1131	36	615	1010	1010
1501	55	910	1019	1019
669	92	224	1009	1009
268	47	624	1009	1009
748	91	1131	1014	1014
876	0	1169	1018	1018
469	91	1359	1021	1021
720	2	876	1013	1013
546	26	1563	1005	1005
1395	42	366	1020	1020
268	8	1158	1014	1014
832	40	427	1011	1011
1503	157	1054	1014	1014
15	0	384	1001	1001
309	10	1503	1021	1021
668	144	1131	1011	1011
257	43	883	1018	1018
1500	144	1189	1013	1013
1549	43	268	1009	1009
1551	0	1396	1018	1018
720	144	367	1023	1023
899	157	1032	1002	1002
1448	93	1145	1002	1002
191	42	945	1019	1019
1503	46	1298	1018	1018
282	14	345	1012	1012
628	91	1301	1011	1011
1288	40	1022	1015	1015
1131	144	958	1023	1023
742	0	314	1022	1022
1298	10	1544	1020	1020
685	36	876	1005	1005
521	93	601	1001	1001
812	157	1501	1004	1004
1096	10	682	1018	1018
546	28	667	1020	1020
1245	0	1483	1022	1022
1503	91	580	1013	1013
134	66	965	1001	1001
237	36	1329	1004	1004
1071	122	1131	1002	1002
1259	42	1171	1008	1008
1275	54	635	1022	1022
681	48	1095	1019	1019
264	0	137	1011	1011
667	0	839	1011	1011
681	144	1554	1011	1011
98	10	282	1017	1017
1349	47	1047	1001	1001
444	5	106	1018	1018
1503	15	1245	1005	1005
508	43	445	1020	1020
1483	0	1206	1014	1014
1170	144	1131	1011	1011
268	42	220	1011	1011
150	42	268	1014	1014
1158	134	1503	1022	1022
928	48	1503	1002	1002
1275	4	1219	1017	1017
1286	66	679	1004	1004
1503	80	552	1016	1016
268	52	377	1011	1011
900	71	1444	1012	1012
105	46	1503	1010	1010
219	157	1219	1019	1019
15	66	503	1009	1009
330	27	1503	1008	1008
48	162	1408	1003	1003
1398	54	63	1001	1001
538	8	89	1021	1021
23	80	716	1006	1006
644	0	23	1015	1015
543	1	1180	1016	1016
700	42	463	1011	1011
546	10	1034	1017	1017
740	3	927	1004	1004
1131	40	1503	1008	1008
1544	4	1275	1022	1022
348	43	469	1008	1008
1120	93	1329	1021	1021
892	53	859	1014	1014
1562	0	876	1007	1007
878	60	114	1018	1018
910	157	1135	1009	1009
1378	91	839	1020	1020
806	48	382	1015	1015
508	110	669	1007	1007
1503	43	402	1004	1004
1503	43	810	1004	1004
48	147	602	1002	1002
1563	10	215	1014	1014
4	40	444	1005	1005
783	42	1120	1021	1021
910	48	457	1014	1014
1514	61	434	1003	1003
311	80	1422	1023	1023
419	10	264	1020	1020
1578	0	910	1010	1010
1131	144	1487	1019	1019
681	160	706	1010	1010
1355	0	239	1021	1021
1503	161	1272	1002	1002
268	69	842	1016	1016
876	147	409	1016	1016
1156	71	1044	1009	1009
388	46	1503	1009	1009
1158	10	295	1005	1005
669	21	1482	1021	1021
1500	80	310	1021	1021
224	0	887	1021	1021
610	10	1255	1018	1018
215	108	444	1005	1005
1564	36	450	1023	1023
1329	36	355	1011	1011
543	6	876	1015	1015
465	55	1381	1007	1007
776	0	1378	1004	1004
748	48	1554	1007	1007
1444	43	389	1023	1023
1096	40	4	1004	1004
1158	41	554	1008	1008
1131	36	642	1023	1023
1501	91	667	1015	1015
1158	117	1526	1001	1001
1503	23	1219	1011	1011
495	40	719	1016	1016
1279	61	1275	1017	1017
684	100	118	1011	1011
224	36	785	1014	1014
366	48	469	1023	1023
908	43	552	1016	1016
900	144	1375	1004	1004
224	46	1047	1018	1018
48	40	51	1003	1003
1482	93	681	1002	1002
134	42	451	1010	1010
1503	122	748	1012	1012
883	42	1396	1021	1021
669	144	345	1021	1021
1219	42	1158	1015	1015
1444	43	682	1016	1016
348	43	1057	1012	1012
1120	83	168	1022	1022
1502	40	942	1012	1012
697	144	1134	1023	1023
115	40	699	1017	1017
1503	140	874	1002	1002
442	40	1057	1004	1004
268	47	1403	1010	1010
314	93	546	1018	1018
309	43	220	1002	1002
1135	160	1173	1014	1014
1034	83	546	1014	1014
1549	10	1092	1020	1020
1355	60	211	1016	1016
1163	144	345	1010	1010
492	2	424	1004	1004
1503	3	1131	1022	1022
1243	98	82	1016	1016
345	93	225	1018	1018
471	10	203	1017	1017
224	159	219	1006	1006
48	10	224	1022	1022
1097	144	887	1004	1004
1503	0	1000	1013	1013
1483	48	1482	1015	1015
1511	129	1047	1002	1002
748	144	105	1004	1004
1209	40	635	1016	1016
900	130	444	1005	1005
18	140	682	1009	1009
1503	3	311	1005	1005
1131	144	1503	1005	1005
23	40	802	1010	1010
470	56	1563	1021	1021
484	91	36	1007	1007
740	36	23	1010	1010
1503	92	1131	1016	1016
1527	91	1275	1009	1009
1180	55	783	1002	1002
683	43	261	1008	1008
1312	140	1551	1007	1007
536	100	1209	1018	1018
1399	93	546	1016	1016
1092	93	1131	1009	1009
1503	10	1245	1004	1004
682	144	715	1018	1018
96	63	895	1009	1009
1445	40	707	1018	1018
1531	40	220	1016	1016
1020	92	114	1003	1003
138	100	1314	1015	1015
309	36	1503	1018	1018
848	144	1164	1005	1005
1385	5	225	1017	1017
889	144	1131	1017	1017
1275	43	1503	1005	1005
533	61	1503	1005	1005
1359	0	1034	1019	1019
1271	40	1245	1018	1018
682	36	681	1021	1021
1441	100	311	1018	1018
1131	94	138	1010	1010
543	10	1503	1017	1017
1131	43	114	1001	1001
876	149	681	1023	1023
511	72	1503	1001	1001
1503	3	783	1003	1003
1503	144	1165	1001	1001
1503	148	546	1018	1018
1209	3	134	1022	1022
82	10	1163	1017	1017
725	157	481	1008	1008
1275	10	834	1019	1019
1239	48	1503	1007	1007
685	42	268	1022	1022
114	56	699	1017	1017
783	157	565	1012	1012
840	110	839	1018	1018
371	110	900	1018	1018
293	63	889	1001	1001
1527	71	224	1015	1015
1092	36	1361	1018	1018
814	143	1503	1016	1016
492	100	530	1009	1009
1131	10	813	1018	1018
248	46	1429	1009	1009
389	160	748	1015	1015
188	47	1435	1008	1008
82	27	513	1023	1023
224	0	311	1023	1023
682	133	1158	1020	1020
466	3	465	1012	1012
1393	36	382	1009	1009
951	42	45	1014	1014
314	42	570	1002	1002
613	43	1535	1020	1020
165	62	1108	1002	1002
1245	40	224	1005	1005
1173	122	900	1014	1014
314	43	732	1012	1012
263	43	1163	1015	1015
118	160	1000	1014	1014
829	83	389	1007	1007
980	61	444	1010	1010
1568	2	1146	1018	1018
1503	46	15	1004	1004
409	10	1480	1010	1010
1432	160	1345	1021	1021
215	36	53	1010	1010
598	46	1459	1021	1021
48	110	1341	1010	1010
106	26	546	1012	1012
18	80	1201	1004	1004
426	36	23	1022	1022
1158	52	48	1011	1011
783	40	1089	1015	1015
1505	10	211	1017	1017
114	0	1503	1003	1003
1503	46	1159	1010	1010
1343	157	644	1008	1008
644	42	641	1014	1014
1131	118	1419	1004	1004
122	144	80	1009	1009
1245	48	1539	1014	1014
262	42	119	1008	1008
516	130	1035	1004	1004
1503	43	1275	1003	1003
1503	1	402	1002	1002
1245	26	669	1009	1009
1354	36	897	1011	1011
552	3	20	1018	1018
82	157	1092	1013	1013
699	10	1044	1008	1008
268	0	1551	1005	1005
1158	0	1503	1023	1023
489	43	1377	1010	1010
681	42	28	1017	1017
839	36	1531	1021	1021
1158	48	311	1010	1010
1505	36	712	1006	1006
1501	157	673	1022	1022
1298	48	538	1005	1005
1298	26	1158	1015	1015
1131	80	248	1015	1015
1444	10	82	1014	1014
127	100	687	1015	1015
1164	10	1503	1010	1010
1554	157	1535	1015	1015
1477	40	820	1001	1001
1245	46	1482	1003	1003
464	40	699	1012	1012
1501	43	224	1015	1015
1501	80	211	1014	1014
352	130	1491	1008	1008
965	42	704	1007	1007
1240	46	979	1017	1017
635	91	1444	1011	1011
21	18	20	1002	1002
1245	23	314	1002	1002
1217	42	853	1009	1009
1531	0	1503	1015	1015
1398	43	1308	1017	1017
1425	92	21	1019	1019
1131	72	1503	1020	1020
786	3	719	1014	1014
1245	46	1051	1009	1009
934	42	282	1016	1016
135	44	134	1000	1000
481	160	1131	1003	1003
899	42	1291	1013	1013
670	92	546	1004	1004
618	157	1135	1008	1008
1503	3	1145	1021	1021
668	61	644	1011	1011
1429	47	311	1022	1022
348	92	580	1012	1012
1003	48	803	1011	1011
1581	42	1528	1001	1001
1034	42	581	1012	1012
552	61	1503	1002	1002
719	42	107	1017	1017
2	42	1503	1017	1017
469	40	15	1007	1007
1051	42	213	1011	1011
1275	48	748	1016	1016
310	56	23	1009	1009
1173	86	669	1002	1002
1503	50	1029	1011	1011
1015	91	1503	1015	1015
1131	10	296	1014	1014
268	40	23	1022	1022
719	3	1354	1016	1016
23	42	810	1009	1009
1503	46	841	1023	1023
899	149	1139	1018	1018
723	92	1317	1020	1020
1044	36	1503	1018	1018
717	42	1381	1004	1004
1093	144	1092	1004	1004
1158	48	1503	1003	1003
1265	161	1117	1012	1012
1254	80	1131	1011	1011
118	0	1044	1023	1023
1378	0	48	1010	1010
400	5	449	1016	1016
810	10	1444	1011	1011
1158	40	803	1022	1022
669	48	1057	1004	1004
644	92	361	1007	1007
370	157	1503	1018	1018
1034	61	647	1015	1015
1503	45	1217	1012	1012
137	2	1145	1015	1015
1527	48	1275	1001	1001
831	157	314	1001	1001
1158	0	240	1001	1001
1170	0	1503	1004	1004
492	46	21	1021	1021
1219	91	740	1010	1010
469	54	1435	1023	1023
1549	43	106	1015	1015
1131	0	590	1016	1016
1544	10	1354	1014	1014
211	3	1276	1004	1004
1034	92	1158	1018	1018
282	43	1145	1016	1016
1503	48	309	1004	1004
149	43	1156	1010	1010
1131	42	613	1018	1018
679	147	20	1010	1010
499	157	244	1005	1005
478	48	1264	1012	1012
23	42	311	1018	1018
1503	0	1298	1022	1022
1034	40	311	1009	1009
1320	40	699	1017	1017
1501	92	1337	1010	1010
273	144	1065	1015	1015
283	42	1503	1015	1015
1443	60	1503	1016	1016
901	80	681	1015	1015
1141	42	606	1021	1021
1359	0	149	1017	1017
1019	138	1291	1009	1009
899	55	1209	1015	1015
546	10	876	1023	1023
1158	55	82	1000	1000
601	83	1133	1011	1011
699	83	309	1010	1010
48	42	681	1020	1020
1102	88	122	1003	1003
82	48	579	1012	1012
240	6	546	1017	1017
1173	91	547	1009	1009
1168	42	74	1023	1023
508	60	1425	1021	1021
876	36	644	1020	1020
1131	146	708	1018	1018
523	69	1158	1001	1001
1503	93	1246	1017	1017
1092	26	21	1015	1015
967	66	134	1008	1008
1146	144	1408	1019	1019
679	3	899	1023	1023
244	36	1355	1022	1022
508	54	1501	1017	1017
836	46	1034	1017	1017
1503	48	310	1008	1008
532	16	1443	1021	1021
181	55	1535	1002	1002
639	48	1478	1017	1017
580	48	748	1015	1015
1138	92	899	1005	1005
1329	144	699	1016	1016
1246	10	927	1018	1018
211	40	250	1018	1018
1503	100	1245	1022	1022
389	3	1120	1011	1011
211	144	1503	1004	1004
810	114	448	1023	1023
799	26	895	1020	1020
876	43	455	1008	1008
444	14	927	1001	1001
1104	40	949	1017	1017
939	40	681	1021	1021
309	60	465	1003	1003
1503	2	15	1006	1006
552	0	725	1001	1001
1510	100	681	1014	1014
1210	61	48	1010	1010
268	42	1247	1013	1013
1444	145	886	1004	1004
1173	123	1562	1012	1012
23	110	1131	1020	1020
1034	40	546	1007	1007
1207	80	1010	1012	1012
1490	80	546	1015	1015
1131	98	959	1022	1022
268	138	1131	1018	1018
1501	47	224	1014	1014
1503	48	984	1021	1021
1015	91	68	1021	1021
1482	48	681	1002	1002
1145	42	831	1021	1021
949	43	833	1004	1004
221	106	745	1016	1016
455	0	118	1007	1007
11	147	810	1017	1017
669	36	670	1010	1010
1503	40	1345	1019	1019
211	10	11	1015	1015
1566	36	1266	1016	1016
591	93	508	1011	1011
389	43	1503	1010	1010
1503	160	389	1005	1005
394	48	609	1014	1014
1254	48	171	1016	1016
1462	10	910	1010	1010
1526	98	1246	1016	1016
219	91	1075	1011	1011
1069	48	43	1020	1020
266	48	268	1022	1022
1503	48	681	1021	1021
728	2	1032	1020	1020
1542	3	548	1018	1018
366	40	1564	1023	1023
1483	159	1398	1020	1020
444	44	26	1008	1008
669	40	1438	1018	1018
1158	71	1166	1015	1015
1501	0	1428	1006	1006
389	0	211	1008	1008
876	10	1158	1009	1009
291	42	748	1016	1016
956	55	481	1009	1009
1444	83	268	1007	1007
7	43	876	1009	1009
834	46	118	1022	1022
776	26	1531	1009	1009
390	157	1482	1021	1021
1390	10	1034	1007	1007
15	42	1063	1020	1020
411	43	1503	1021	1021
177	0	1378	1015	1015
268	36	61	1010	1010
669	42	679	1015	1015
1245	144	900	1010	1010
1531	43	1503	1017	1017
526	55	1503	1023	1023
1501	106	114	1021	1021
211	43	1311	1009	1009
1043	56	667	1009	1009
1129	42	536	1004	1004
445	40	714	1017	1017
669	43	583	1020	1020
451	42	1261	1016	1016
389	42	1500	1011	1011
633	36	1378	1012	1012
1034	10	1562	1023	1023
268	0	1223	1010	1010
1503	46	1298	1022	1022
309	10	1158	1023	1023
335	46	1503	1004	1004
1096	157	681	1009	1009
1298	48	1158	1001	1001
1389	10	965	1009	1009
1344	10	1509	1021	1021
1354	144	1305	1002	1002
118	3	1193	1010	1010
899	159	1385	1014	1014
268	54	1047	1019	1019
268	26	1210	1008	1008
1503	40	180	1022	1022
1456	43	1163	1015	1015
893	40	1374	1007	1007
389	42	739	1007	1007
1120	0	700	1016	1016
1503	0	10	1009	1009
1502	92	296	1017	1017
491	92	47	1020	1020
1503	105	1165	1009	1009
196	116	1129	1004	1004
1479	0	1503	1003	1003
1590	120	253	1018	1018
1395	43	224	1022	1022
1296	110	1503	1017	1017
1047	40	1301	1008	1008
1455	48	681	1008	1008
211	40	876	1002	1002
440	40	114	1019	1019
1458	40	1213	1016	1016
1503	55	1092	1007	1007
137	46	15	1018	1018
213	91	1501	1008	1008
1503	110	1048	1002	1002
1047	40	900	1003	1003
536	46	535	1012	1012
1363	23	608	1010	1010
1398	157	1483	1021	1021
1158	46	1161	1014	1014
23	43	1592	1003	1003
1465	66	151	1020	1020
23	2	1158	1022	1022
1398	140	1096	1004	1004
1503	0	1047	1000	1000
1354	3	1515	1016	1016
1503	2	669	1005	1005
669	0	876	1012	1012
1015	43	174	1019	1019
445	79	444	1015	1015
1298	4	1503	1015	1015
1328	3	1223	1019	1019
309	2	641	1007	1007
1158	103	669	1022	1022
634	46	671	1009	1009
1158	40	309	1010	1010
1503	43	269	1009	1009
1431	144	1374	1019	1019
1032	144	746	1002	1002
681	42	810	1022	1022
530	42	748	1003	1003
313	40	716	1019	1019
1484	44	1092	1017	1017
1011	140	1165	1008	1008
1433	92	546	1016	1016
1382	146	1173	1022	1022
1018	36	314	1021	1021
669	62	1577	1001	1001
32	42	1503	1005	1005
1171	10	1158	1013	1013
601	0	1503	1006	1006
649	42	82	1001	1001
1503	42	995	1012	1012
1503	10	1544	1023	1023
346	159	1503	1015	1015
967	42	1575	1006	1006
296	40	1015	1022	1022
1092	40	213	1009	1009
536	3	1416	1001	1001
669	10	591	1000	1000
1483	83	1482	1009	1009
1190	54	956	1017	1017
1246	80	1245	1018	1018
295	0	587	1003	1003
1131	147	1275	1010	1010
376	42	546	1009	1009
149	55	536	1014	1014
1503	3	1168	1018	1018
1503	144	268	1016	1016
1441	61	546	1016	1016
114	26	468	1015	1015
1503	10	309	1004	1004
296	43	1253	1015	1015
1034	92	580	1014	1014
444	42	1271	1009	1009
1359	42	613	1006	1006
1378	122	1503	1023	1023
698	54	1503	1003	1003
1343	26	23	1010	1010
107	67	1057	1005	1005
685	160	1275	1021	1021
23	72	1131	1014	1014
1131	0	1515	1019	1019
465	40	460	1008	1008
1500	83	546	1021	1021
161	0	1002	1006	1006
335	157	134	1000	1000
1275	43	900	1021	1021
1131	40	1487	1010	1010
108	40	627	1023	1023
1487	10	311	1009	1009
1389	42	570	1017	1017
704	43	444	1020	1020
47	0	1332	1022	1022
1096	10	681	1006	1006
331	0	118	1006	1006
114	42	60	1018	1018
211	144	409	1018	1018
1246	0	1490	1012	1012
1275	63	1503	1023	1023
1503	80	876	1013	1013
1387	144	1503	1016	1016
21	48	1520	1010	1010
114	43	11	1003	1003
1165	72	804	1012	1012
315	92	36	1019	1019
1482	92	1503	1003	1003
1299	157	823	1006	1006
23	42	712	1004	1004
1102	40	286	1015	1015
1092	161	639	1010	1010
268	43	1105	1008	1008
1069	147	613	1000	1000
480	10	434	1008	1008
1503	13	1240	1011	1011
106	42	1503	1008	1008
876	40	1503	1014	1014
15	10	1142	1022	1022
189	108	681	1009	1009
1426	157	122	1010	1010
1057	144	1345	1009	1009
118	160	1131	1017	1017
103	26	325	1021	1021
106	10	314	1017	1017
1444	43	224	1000	1000
731	0	1092	1008	1008
729	144	1165	1019	1019
23	43	1343	1011	1011
96	157	887	1020	1020
543	46	1503	1008	1008
546	93	1154	1002	1002
699	0	1395	1019	1019
1501	144	714	1004	1004
508	144	1165	1014	1014
1217	46	297	1009	1009
633	110	1134	1005	1005
1158	80	580	1012	1012
189	66	546	1020	1020
1554	42	681	1015	1015
1471	130	1503	1021	1021
1158	55	508	1022	1022
1065	144	118	1010	1010
1501	160	1503	1020	1020
1131	10	1549	1004	1004
163	61	1431	1018	1018
1444	157	1408	1009	1009
1092	160	1535	1011	1011
258	10	474	1018	1018
10	40	15	1007	1007
427	26	1246	1007	1007
866	83	15	1004	1004
1503	40	1535	1015	1015
181	66	1164	1005	1005
1378	92	677	1014	1014
1102	69	114	1022	1022
1503	42	231	1018	1018
1543	10	1398	1011	1011
593	140	1503	1012	1012
211	3	1501	1021	1021
546	40	54	1016	1016
82	117	1482	1014	1014
18	21	23	1022	1022
97	47	1017	1016	1016
1034	0	716	1023	1023
1131	93	805	1019	1019
188	40	134	1023	1023
87	10	334	1007	1007
322	2	23	1022	1022
149	0	1381	1008	1008
1393	60	149	1020	1020
1149	71	716	1022	1022
11	93	451	1017	1017
1054	55	1503	1023	1023
1503	69	783	1003	1003
569	42	1140	1016	1016
713	43	1158	1014	1014
15	10	783	1016	1016
1275	42	1535	1021	1021
1503	46	1306	1011	1011
613	122	1503	1002	1002
213	42	821	1017	1017
182	67	421	1003	1003
1581	43	21	1002	1002
23	144	460	1016	1016
1403	42	1531	1015	1015
1444	40	681	1007	1007
1503	51	448	1017	1017
876	71	1503	1016	1016
1381	93	1350	1004	1004
1432	43	1463	1005	1005
444	36	1382	1010	1010
224	48	1503	1016	1016
224	10	513	1014	1014
943	56	536	1003	1003
845	40	546	1020	1020
82	0	1425	1007	1007
1503	7	295	1021	1021
1245	40	1482	1017	1017
1158	79	508	1015	1015
172	157	845	1003	1003
681	0	448	1015	1015
311	31	546	1014	1014
224	54	784	1023	1023
1200	80	1092	1002	1002
1442	43	168	1014	1014
1482	40	1502	1004	1004
224	42	1048	1015	1015
1501	60	1279	1012	1012
1298	92	1158	1014	1014
1047	47	1445	1017	1017
10	157	1503	1002	1002
106	42	1503	1017	1017
219	130	1057	1014	1014
1073	48	907	1020	1020
1217	42	138	1023	1023
1002	72	10	1010	1010
1490	0	723	1021	1021
681	144	1096	1001	1001
828	56	1007	1012	1012
1503	48	211	1008	1008
134	80	1131	1023	1023
681	51	704	1000	1000
1535	42	491	1022	1022
849	55	1378	1007	1007
345	81	1131	1017	1017
1054	98	1501	1002	1002
670	92	546	1001	1001
224	42	1131	1013	1013
1048	40	1349	1010	1010
1590	93	148	1021	1021
1482	54	268	1002	1002
389	61	499	1016	1016
644	61	1562	1002	1002
1096	92	1444	1002	1002
719	66	1503	1014	1014
1577	159	408	1001	1001
1483	71	1056	1009	1009
107	3	720	1012	1012
513	100	23	1006	1006
1482	162	671	1022	1022
1503	10	1157	1004	1004
899	26	1093	1022	1022
72	0	546	1018	1018
681	4	832	1021	1021
1503	26	1219	1019	1019
1219	0	1551	1013	1013
910	42	1511	1011	1011
469	3	1223	1011	1011
1164	80	613	1014	1014
1034	6	1389	1011	1011
230	91	1158	1011	1011
950	40	1503	1002	1002
1503	98	644	1020	1020
1096	72	1165	1019	1019
508	36	1328	1016	1016
10	0	1361	1004	1004
699	43	905	1019	1019
373	83	1503	1010	1010
558	10	1169	1004	1004
48	130	1121	1006	1006
268	61	757	1016	1016
1015	43	1503	1012	1012
793	40	1503	1016	1016
575	0	1368	1004	1004
1165	144	1491	1021	1021
106	0	1503	1007	1007
1503	130	681	1000	1000
1503	71	1275	1022	1022
669	100	681	1001	1001
814	42	1101	1009	1009
1502	16	20	1014	1014
1034	2	401	1020	1020
934	91	546	1021	1021
1503	0	1442	1016	1016
1444	46	669	1013	1013
1158	40	1505	1016	1016
712	63	23	1011	1011
311	100	1044	1023	1023
1549	40	451	1008	1008
1034	129	1131	1008	1008
1359	100	899	1014	1014
729	26	1219	1010	1010
1505	46	1006	1005	1005
1183	80	118	1009	1009
106	157	1396	1006	1006
1503	160	388	1021	1021
691	36	373	1022	1022
376	144	21	1003	1003
644	3	1298	1001	1001
1503	3	1158	1023	1023
444	42	1549	1019	1019
1445	0	1092	1013	1013
1017	40	118	1018	1018
1168	40	1286	1022	1022
678	140	1425	1000	1000
1048	8	1242	1008	1008
1341	6	1131	1007	1007
62	43	1590	1002	1002
304	48	280	1003	1003
1503	59	546	1017	1017
1219	42	1232	1001	1001
700	126	114	1014	1014
1359	157	499	1017	1017
1034	43	546	1019	1019
224	43	464	1021	1021
1503	0	106	1002	1002
1554	144	682	1008	1008
268	83	1245	1022	1022
311	30	1017	1001	1001
699	140	134	1012	1012
48	55	1343	1013	1013
401	18	513	1008	1008
116	122	667	1016	1016
211	55	1503	1007	1007
114	46	911	1022	1022
1009	56	641	1022	1022
1503	80	1168	1002	1002
1131	160	295	1004	1004
1524	42	266	1015	1015
131	48	1092	1009	1009
481	93	644	1008	1008
406	147	40	1023	1023
297	56	434	1021	1021
1549	148	1096	1017	1017
295	46	1503	1010	1010
23	92	366	1017	1017
21	157	118	1017	1017
1432	46	1429	1022	1022
179	42	895	1020	1020
314	83	590	1023	1023
258	149	493	1010	1010
224	140	330	1008	1008
1217	48	716	1009	1009
1436	3	203	1004	1004
1131	144	959	1019	1019
345	160	777	1016	1016
107	4	1503	1007	1007
513	5	508	1012	1012
1503	144	670	1009	1009
224	40	874	1009	1009
1104	46	910	1016	1016
211	10	1455	1017	1017
1009	42	1068	1021	1021
1355	0	895	1006	1006
70	0	1163	1018	1018
1503	65	25	1020	1020
445	67	10	1013	1013
1319	36	700	1016	1016
1501	36	910	1015	1015
725	67	1166	1002	1002
613	36	1429	1010	1010
1149	26	15	1018	1018
910	43	1279	1019	1019
63	100	1398	1011	1011
345	0	1171	1023	1023
546	80	1298	1016	1016
345	98	679	1010	1010
1503	3	1378	1020	1020
740	83	1158	1012	1012
48	36	1529	1012	1012
669	93	1549	1004	1004
1503	42	389	1009	1009
1238	92	910	1011	1011
1359	95	1138	1006	1006
829	157	23	1022	1022
1034	42	1219	1016	1016
932	28	1391	1015	1015
685	43	1015	1008	1008
1255	42	1503	1007	1007
1271	4	1348	1009	1009
208	92	1021	1021	1021
944	10	513	1004	1004
189	92	1501	1023	1023
125	43	1292	1014	1014
1503	0	876	1002	1002
681	20	265	1017	1017
700	57	699	1012	1012
546	140	137	1012	1012
352	40	714	1016	1016
304	48	269	1016	1016
1437	144	88	1004	1004
792	112	220	1011	1011
345	144	924	1008	1008
268	48	145	1008	1008
537	145	1158	1007	1007
546	48	1002	1010	1010
211	36	1562	1019	1019
224	92	669	1002	1002
719	10	376	1014	1014
1111	93	1275	1011	1011
311	144	1378	1003	1003
1390	144	1503	1016	1016
1245	10	181	1006	1006
1359	100	182	1002	1002
887	40	1260	1009	1009
224	36	373	1011	1011
1399	10	1483	1020	1020
137	83	281	1018	1018
1232	160	1503	1018	1018
1503	3	1025	1001	1001
562	43	1503	1002	1002
1131	157	1073	1006	1006
1501	10	469	1023	1023
1470	42	1503	1022	1022
536	46	535	1017	1017
1296	3	546	1021	1021
581	122	580	1019	1019
1158	109	1503	1017	1017
719	144	1165	1007	1007
1092	40	504	1015	1015
552	43	770	1007	1007
604	43	681	1010	1010
1036	42	137	1009	1009
1503	40	211	1000	1000
753	36	1450	1007	1007
1158	14	1503	1006	1006
1505	42	910	1022	1022
1399	159	1535	1004	1004
1275	43	1503	1022	1022
495	80	637	1022	1022
137	43	162	1015	1015
1158	36	1455	1008	1008
1531	43	784	1020	1020
546	40	1503	1018	1018
691	46	194	1021	1021
134	122	681	1007	1007
1503	36	1549	1012	1012
1430	42	268	1008	1008
1261	100	68	1016	1016
876	144	1503	1010	1010
723	110	477	1022	1022
669	92	1501	1009	1009
1152	43	353	1011	1011
1435	98	682	1014	1014
23	40	598	1016	1016
863	157	887	1019	1019
1359	10	188	1011	1011
438	43	224	1010	1010
900	42	699	1008	1008
1158	52	48	1011	1011
1093	10	1274	1015	1015
1501	10	1276	1015	1015
96	162	1246	1014	1014
740	63	1378	1003	1003
552	109	531	1023	1023
874	48	1503	1021	1021
506	163	1093	1014	1014
1309	42	1424	1022	1022
1296	48	965	1010	1010
1442	40	81	1007	1007
2	61	454	1011	1011
985	144	220	1010	1010
1278	42	1501	1012	1012
309	79	1505	1001	1001
224	10	1503	1017	1017
536	93	1532	1007	1007
264	40	644	1022	1022
108	55	1119	1004	1004
900	0	1131	1000	1000
1396	42	1503	1008	1008
1503	144	345	1016	1016
546	43	19	1017	1017
1503	36	1127	1017	1017
1051	0	492	1021	1021
267	93	1563	1013	1013
1436	43	670	1009	1009
1337	26	15	1005	1005
1278	10	1501	1007	1007
499	43	169	1010	1010
1034	40	910	1008	1008
670	129	345	1011	1011
994	83	876	1017	1017
1096	124	714	1008	1008
819	10	106	1015	1015
1490	61	1245	1016	1016
1158	48	1499	1019	1019
1009	0	264	1020	1020
310	26	171	1010	1010
1399	157	1444	1008	1008
1245	26	1503	1022	1022
1501	43	1537	1023	1023
1503	0	552	1015	1015
459	43	523	1021	1021
1212	10	235	1018	1018
893	48	1503	1022	1022
124	27	1482	1015	1015
546	66	1408	1014	1014
1275	0	1587	1005	1005
1131	144	300	1021	1021
681	144	1431	1023	1023
1574	40	1158	1011	1011
748	43	1398	1005	1005
849	43	1425	1004	1004
900	122	1291	1021	1021
554	2	351	1016	1016
367	62	669	1015	1015
579	160	1138	1006	1006
220	55	1531	1016	1016
224	42	1503	1018	1018
900	93	1034	1002	1002
673	0	716	1016	1016
1168	43	1503	1001	1001
1503	80	1245	1002	1002
546	43	481	1023	1023
663	43	1103	1019	1019
1503	42	32	1002	1002
1398	42	1505	1022	1022
1163	10	1276	1000	1000
1398	157	1425	1012	1012
1503	36	1505	1004	1004
1501	139	1102	1018	1018
1501	36	1045	1008	1008
1503	103	1131	1002	1002
1158	36	1395	1021	1021
255	93	132	1004	1004
524	83	1131	1000	1000
681	93	583	1007	1007
792	29	1399	1015	1015
818	160	535	1014	1014
1130	10	1503	1011	1011
1348	92	1048	1002	1002
711	42	1163	1018	1018
1171	66	118	1018	1018
1158	47	1296	1019	1019
311	43	1280	1018	1018
1503	0	1505	1015	1015
1189	127	127	1019	1019
1535	36	1348	1015	1015
1369	40	1096	1000	1000
508	10	211	1000	1000
1146	48	1427	1016	1016
1503	46	309	1016	1016
1348	43	658	1012	1012
1271	3	1270	1000	1000
1503	0	21	1000	1000
766	48	1445	1016	1016
853	0	1276	1021	1021
650	0	887	1009	1009
171	71	1096	1016	1016
613	0	1063	1009	1009
1135	160	669	1000	1000
311	55	268	1015	1015
1549	132	900	1023	1023
389	23	1188	1020	1020
1446	40	1396	1020	1020
837	42	1145	1013	1013
644	157	552	1023	1023
1015	42	536	1006	1006
602	10	1503	1003	1003
678	80	458	1003	1003
554	36	874	1016	1016
1459	110	40	1004	1004
685	63	895	1008	1008
1330	160	1554	1006	1006
682	157	1399	1018	1018
1398	40	670	1016	1016
1429	157	106	1008	1008
1275	140	1503	1023	1023
1503	43	82	1011	1011
118	157	376	1009	1009
925	0	770	1023	1023
1459	121	1453	1012	1012
1275	144	633	1002	1002
106	110	1503	1011	1011
23	10	1562	1012	1012
546	92	23	1014	1014
1503	46	409	1017	1017
1503	91	1501	1008	1008
450	80	1590	1020	1020
499	157	114	1007	1007
1131	144	114	1009	1009
1373	93	367	1020	1020
1111	110	1131	1002	1002
1134	3	157	1019	1019
389	83	544	1019	1019
716	157	467	1022	1022
837	91	1275	1001	1001
1503	98	1416	1003	1003
1279	61	1278	1012	1012
977	2	1276	1011	1011
224	40	497	1011	1011
1399	10	1398	1016	1016
1525	83	666	1015	1015
481	40	1158	1002	1002
537	0	613	1018	1018
1131	63	295	1000	1000
1549	71	719	1021	1021
893	45	118	1005	1005
785	42	1432	1003	1003
669	40	381	1015	1015
543	140	777	1013	1013
211	61	944	1019	1019
679	140	671	1023	1023
1009	40	1092	1010	1010
1503	26	785	1017	1017
367	48	62	1003	1003
726	42	1535	1016	1016
1105	42	974	1001	1001
562	43	1503	1008	1008
719	79	1092	1007	1007
639	43	992	1020	1020
224	42	1047	1017	1017
1048	117	1503	1015	1015
1348	26	699	1009	1009
681	51	704	1002	1002
529	92	583	1002	1002
1490	66	242	1020	1020
224	100	1105	1009	1009
682	144	1096	1017	1017
1372	0	1035	1019	1019
1131	144	537	1001	1001
213	0	876	1006	1006
1092	146	1173	1010	1010
1034	93	1158	1000	1000
673	2	469	1007	1007
933	43	1378	1017	1017
74	48	649	1004	1004
699	46	247	1022	1022
874	42	1549	1023	1023
1246	54	910	1021	1021
1503	0	1471	1023	1023
669	3	1158	1012	1012
866	36	552	1002	1002
1173	144	111	1009	1009
885	122	273	1005	1005
1158	10	1503	1017	1017
845	40	1163	1008	1008
1503	89	1181	1017	1017
1116	105	224	1011	1011
1503	61	546	1020	1020
1194	2	681	1016	1016
23	2	431	1010	1010
783	40	1051	1011	1011
669	0	1501	1022	1022
587	91	535	1022	1022
389	36	545	1004	1004
1502	36	678	1023	1023
644	36	1462	1020	1020
10	0	546	1021	1021
1120	40	1378	1002	1002
887	42	1158	1015	1015
1503	42	1207	1022	1022
787	46	788	1010	1010
1187	92	1549	1002	1002
459	157	546	1003	1003
1504	144	770	1013	1013
1549	92	189	1008	1008
1503	100	1171	1002	1002
744	0	1503	1010	1010
1275	43	1503	1018	1018
712	93	23	1022	1022
452	0	224	1018	1018
314	61	1562	1017	1017
1398	100	365	1012	1012
1285	110	1482	1022	1022
309	48	748	1010	1010
1425	122	799	1001	1001
1275	46	168	1018	1018
269	42	1158	1009	1009
1359	3	1158	1023	1023
716	42	137	1014	1014
1503	31	797	1015	1015
1047	43	1245	1008	1008
783	100	309	1011	1011
552	4	314	1016	1016
600	40	1503	1011	1011
324	80	269	1013	1013
1482	79	1399	1006	1006
1503	0	622	1020	1020
774	10	1503	1017	1017
424	36	580	1019	1019
1577	80	1270	1011	1011
1329	144	1532	1003	1003
1435	46	469	1022	1022
1015	42	1501	1018	1018
1503	147	1419	1009	1009
1570	23	1015	1023	1023
1081	42	310	1008	1008
35	40	778	1021	1021
1246	92	785	1002	1002
1245	4	330	1003	1003
1554	157	681	1009	1009
1378	93	224	1005	1005
1416	42	1173	1011	1011
1482	54	669	1021	1021
409	147	1131	1023	1023
965	92	1102	1018	1018
211	140	1503	1005	1005
1538	36	1501	1022	1022
1308	130	656	1011	1011
737	80	345	1010	1010
1034	10	595	1011	1011
48	48	611	1003	1003
839	60	613	1003	1003
219	46	1069	1000	1000
1131	43	647	1010	1010
1503	10	1011	1014	1014
1271	36	757	1011	1011
23	10	1564	1022	1022
783	10	1503	1009	1009
1275	36	1280	1003	1003
1047	46	1348	1004	1004
1502	48	1218	1003	1003
529	93	583	1006	1006
644	100	311	1013	1013
536	150	1165	1014	1014
1503	160	393	1016	1016
481	0	299	1016	1016
511	72	10	1015	1015
443	36	1158	1012	1012
589	60	1348	1003	1003
1503	36	290	1001	1001
1476	0	1503	1003	1003
1131	146	1173	1011	1011
1119	48	748	1016	1016
1225	83	352	1003	1003
310	10	489	1017	1017
1501	55	189	1017	1017
1570	7	748	1023	1023
468	10	1044	1010	1010
685	40	554	1011	1011
311	42	367	1000	1000
1444	92	681	1009	1009
269	54	876	1012	1012
465	47	444	1011	1011
1503	156	748	1022	1022
1487	42	60	1003	1003
406	93	1503	1021	1021
1275	43	503	1017	1017
444	40	714	1008	1008
681	0	1210	1017	1017
1131	147	1444	1016	1016
1503	40	719	1005	1005
1311	43	199	1020	1020
1158	48	1503	1011	1011
704	40	444	1005	1005
1131	157	21	1004	1004
1549	43	1047	1009	1009
224	98	15	1009	1009
1245	71	1296	1009	1009
670	2	268	1015	1015
1034	91	1131	1004	1004
272	42	613	1002	1002
910	36	279	1005	1005
1246	43	1254	1013	1013
360	42	669	1009	1009
1503	93	409	1013	1013
776	36	268	1009	1009
878	144	1131	1015	1015
1570	36	1213	1023	1023
1503	42	611	1002	1002
673	36	1501	1011	1011
837	2	309	1008	1008
83	23	268	1008	1008
23	79	100	1021	1021
613	66	598	1018	1018
1003	144	275	1015	1015
21	34	77	1017	1017
1209	66	1487	1018	1018
211	10	224	1007	1007
893	43	748	1014	1014
219	43	1173	1003	1003
685	42	1393	1004	1004
1503	55	231	1009	1009
1275	43	978	1000	1000
1503	9	107	1012	1012
1271	40	1189	1010	1010
181	80	15	1018	1018
1158	131	810	1011	1011
66	73	858	1023	1023
1503	48	748	1010	1010
33	110	1275	1014	1014
887	60	1146	1010	1010
1359	91	446	1013	1013
1398	10	1503	1023	1023
1503	91	309	1023	1023
1549	91	1000	1019	1019
673	40	912	1017	1017
999	61	1503	1004	1004
309	0	220	1009	1009
1570	5	1387	1018	1018
15	42	383	1020	1020
1034	43	1348	1007	1007
1011	91	991	1015	1015
524	139	1101	1010	1010
887	61	314	1006	1006
423	54	1535	1012	1012
1531	46	776	1010	1010
15	55	1092	1009	1009
331	41	1378	1021	1021
92	42	723	1020	1020
1425	144	1503	1018	1018
21	55	287	1015	1015
816	100	1317	1017	1017
641	3	1158	1023	1023
1503	72	669	1008	1008
1158	157	849	1010	1010
146	61	1096	1011	1011
1164	79	810	1009	1009
1275	10	1544	1023	1023
311	144	699	1023	1023
1071	36	114	1012	1012
1158	46	1420	1011	1011
311	48	427	1003	1003
268	47	1503	1017	1017
831	26	409	1007	1007
973	7	1188	1017	1017
1445	3	1503	1016	1016
1378	10	134	1006	1006
651	48	1503	1020	1020
80	46	508	1022	1022
503	48	452	1016	1016
1503	43	293	1001	1001
1533	110	376	1021	1021
418	122	313	1014	1014
107	40	166	1021	1021
670	0	1412	1007	1007
1462	96	149	1013	1013
118	40	282	1023	1023
1432	0	1288	1009	1009
1417	43	714	1020	1020
699	60	1503	1002	1002
1171	0	1467	1023	1023
106	80	345	1023	1023
1275	71	916	1023	1023
633	42	1275	1012	1012
1482	40	1483	1020	1020
887	65	15	1015	1015
554	157	1425	1004	1004
740	43	23	1018	1018
928	26	1544	1009	1009
1501	123	213	1008	1008
670	159	1399	1008	1008
1381	72	876	1019	1019
552	25	503	1005	1005
536	60	311	1021	1021
601	100	1035	1013	1013
115	80	326	1023	1023
580	133	669	1011	1011
1210	0	1348	1002	1002
1131	0	1503	1014	1014
266	10	468	1017	1017
137	42	224	1015	1015
23	10	876	1017	1017
1477	43	1525	1012	1012
1503	36	681	1016	1016
644	42	1505	1015	1015
1120	98	785	1020	1020
1275	54	266	1013	1013
1093	10	1092	1016	1016
1570	10	309	1001	1001
1245	42	1440	1023	1023
1501	3	719	1011	1011
1501	47	987	1021	1021
1212	40	1466	1023	1023
1158	10	1102	1016	1016
731	157	1131	1017	1017
314	93	1503	1018	1018
468	34	1501	1003	1003
261	43	233	1003	1003
1271	0	1223	1022	1022
1482	26	536	1008	1008
24	10	1158	1019	1019
910	0	604	1019	1019
481	43	1503	1011	1011
430	42	642	1005	1005
48	40	1389	1019	1019
115	144	1131	1018	1018
376	130	330	1001	1001
1503	40	1219	1017	1017
1251	52	1165	1019	1019
1275	10	41	1020	1020
1086	40	1157	1019	1019
389	36	1275	1012	1012
689	43	1431	1022	1022
1429	10	536	1010	1010
314	48	1503	1023	1023
287	42	1291	1013	1013
1570	81	1544	1003	1003
1445	48	314	1000	1000
699	110	968	1003	1003
445	40	1503	1008	1008
613	43	842	1007	1007
1503	91	785	1015	1015
47	42	456	1022	1022
211	40	444	1016	1016
268	151	1057	1016	1016
1165	144	1016	1017	1017
21	157	477	1020	1020
1554	42	681	1017	1017
790	92	189	1007	1007
1047	46	1245	1014	1014
783	36	613	1011	1011
699	83	1044	1011	1011
1371	91	1503	1014	1014
976	42	1131	1022	1022
571	42	723	1020	1020
1503	93	580	1017	1017
215	48	681	1020	1020
1505	44	868	1015	1015
685	42	828	1004	1004
1158	71	392	1010	1010
679	91	225	1001	1001
1275	42	309	1015	1015
579	43	448	1003	1003
1503	91	1275	1009	1009
1063	148	118	1012	1012
1219	40	1131	1003	1003
669	133	1513	1003	1003
682	43	1096	1021	1021
877	149	185	1004	1004
1286	0	1439	1010	1010
1549	61	118	1010	1010
810	43	1119	1010	1010
158	144	682	1014	1014
1197	43	5	1023	1023
1158	100	1503	1007	1007
273	0	728	1016	1016
1262	95	1204	1015	1015
810	40	993	1010	1010
1501	91	440	1015	1015
1503	100	989	1003	1003
1503	43	651	1013	1013
1325	3	1102	1021	1021
1503	26	1551	1020	1020
1500	126	1188	1014	1014
1158	79	1444	1010	1010
392	117	723	1002	1002
855	42	332	1009	1009
620	87	1217	1001	1001
1217	3	1169	1023	1023
1102	43	1520	1021	1021
868	67	834	1003	1003
965	160	1516	1001	1001
546	0	282	1010	1010
118	42	219	1019	1019
1549	157	1546	1003	1003
310	61	546	1020	1020
243	36	311	1023	1023
1562	93	218	1005	1005
546	46	1298	1022	1022
673	48	188	1008	1008
792	4	1503	1016	1016
786	43	1503	1005	1005
1099	43	699	1016	1016
1505	43	1298	1005	1005
1306	43	937	1010	1010
71	157	1503	1017	1017
268	76	1120	1013	1013
546	40	952	1014	1014
11	133	224	1008	1008
692	0	552	1023	1023
224	40	1163	1012	1012
311	42	185	1018	1018
455	80	1149	1006	1006
451	144	137	1006	1006
1503	91	1308	1018	1018
1490	0	52	1019	1019
1299	122	1	1013	1013
240	157	1503	1012	1012
1048	26	1444	1001	1001
1525	133	1158	1021	1021
1015	43	378	1018	1018
116	42	536	1007	1007
860	43	1034	1014	1014
1503	42	592	1017	1017
1150	46	1443	1013	1013
915	10	1131	1011	1011
1131	160	287	1000	1000
1503	36	456	1021	1021
644	0	339	1007	1007
1503	36	1352	1007	1007
887	40	151	1009	1009
758	91	48	1022	1022
215	46	445	1021	1021
11	10	1549	1023	1023
23	48	1275	1023	1023
358	98	831	1002	1002
1378	40	876	1017	1017
1158	46	1296	1003	1003
211	43	149	1023	1023
748	43	1503	1016	1016
335	36	1246	1006	1006
1346	10	508	1011	1011
1501	36	1015	1010	1010
1131	36	261	1007	1007
1432	49	23	1014	1014
602	48	1503	1003	1003
740	0	213	1008	1008
697	0	733	1019	1019
825	35	546	1015	1015
1275	46	1503	1016	1016
269	140	282	1018	1018
1546	3	389	1010	1010
1131	157	1549	1017	1017
1135	160	613	1011	1011
564	0	777	1018	1018
1171	144	716	1012	1012
1590	42	588	1017	1017
224	45	1551	1003	1003
1382	47	1189	1010	1010
1158	46	1047	1011	1011
1503	42	893	1014	1014
23	34	740	1018	1018
613	43	1131	1005	1005
1503	3	977	1023	1023
1483	0	669	1020	1020
1131	23	1343	1021	1021
1232	160	537	1023	1023
1503	66	1296	1009	1009
1503	56	468	1018	1018
261	141	240	1017	1017
1503	48	1173	1003	1003
444	83	1503	1019	1019
103	92	469	1004	1004
1092	147	808	1010	1010
1015	144	1485	1004	1004
648	157	1341	1008	1008
348	47	1435	1004	1004
513	46	1101	1006	1006
1295	71	959	1011	1011
681	48	1158	1020	1020
224	0	874	1004	1004
669	8	1271	1015	1015
822	26	1503	1011	1011
1089	40	1097	1013	1013
681	40	546	1017	1017
1503	91	1378	1004	1004
314	36	682	1017	1017
1300	64	843	1011	1011
1435	46	1238	1013	1013
1275	0	1378	1006	1006
508	0	1158	1015	1015
670	129	1398	1018	1018
669	122	1158	1016	1016
681	46	445	1020	1020
1296	100	546	1019	1019
1034	80	118	1005	1005
1503	2	389	1016	1016
1503	157	10	1005	1005
1188	43	48	1015	1015
1503	0	1348	1009	1009
1398	10	918	1004	1004
1120	26	936	1006	1006
1503	48	1398	1010	1010
874	0	703	1014	1014
513	42	1501	1018	1018
1000	42	1503	1002	1002
669	110	469	1011	1011
920	42	1483	1000	1000
1503	40	876	1015	1015
1245	10	1503	1004	1004
1048	0	1158	1007	1007
1328	60	979	1023	1023
1503	83	580	1011	1011
1361	47	213	1017	1017
537	3	880	1015	1015
1298	91	546	1019	1019
1102	10	1158	1015	1015
63	48	1399	1012	1012
296	0	552	1020	1020
134	0	927	1012	1012
671	157	679	1021	1021
617	40	271	1014	1014
651	36	1503	1015	1015
783	100	678	1005	1005
106	10	452	1003	1003
423	36	1266	1017	1017
224	10	1269	1001	1001
516	157	481	1023	1023
481	157	1560	1022	1022
1131	42	1501	1007	1007
389	0	103	1009	1009
1034	5	719	1001	1001
611	110	693	1009	1009
291	47	1501	1007	1007
1466	0	15	1016	1016
1169	10	546	1009	1009
508	3	1443	1005	1005
541	46	268	1022	1022
874	0	1308	1014	1014
682	45	1503	1017	1017
1503	6	829	1022	1022
1503	83	250	1022	1022
319	42	23	1022	1022
1426	26	1503	1015	1015
446	42	1188	1016	1016
268	10	1092	1015	1015
386	48	1158	1003	1003
168	43	585	1017	1017
1535	4	1503	1003	1003
314	0	1255	1009	1009
363	144	1393	1022	1022
1096	106	681	1016	1016
1501	26	644	1023	1023
1512	61	448	1011	1011
1034	55	1469	1016	1016
1501	42	1503	1023	1023
149	40	1140	1022	1022
1562	93	296	1001	1001
90	43	211	1022	1022
114	40	546	1021	1021
1501	11	1145	1014	1014
1503	72	1158	1016	1016
1503	1	552	1007	1007
1503	93	1057	1013	1013
427	85	333	1003	1003
1441	79	1531	1021	1021
853	0	1445	1019	1019
147	40	47	1022	1022
1050	0	546	1008	1008
1218	48	417	1009	1009
546	43	574	1001	1001
836	60	1378	1014	1014
1570	0	1503	1008	1008
1503	144	546	1010	1010
719	144	633	1023	1023
732	157	876	1003	1003
1503	80	114	1013	1013
1446	46	613	1004	1004
1503	48	211	1022	1022
1034	42	552	1023	1023
717	41	1158	1008	1008
1131	80	613	1007	1007
1117	43	536	1023	1023
813	43	11	1021	1021
82	157	1317	1017	1017
681	54	444	1020	1020
1096	134	681	1010	1010
106	80	1503	1021	1021
1025	108	1444	1018	1018
1369	10	788	1018	1018
1435	36	395	1013	1013
1298	10	219	1005	1005
1399	147	42	1018	1018
651	122	669	1004	1004
1444	3	1101	1023	1023
671	43	672	1007	1007
1501	40	1503	1023	1023
735	110	876	1007	1007
1483	0	158	1023	1023
280	160	1503	1002	1002
1503	3	1223	1017	1017
1389	80	107	1011	1011
123	0	748	1016	1016
806	43	1158	1009	1009
309	48	1503	1017	1017
1158	122	366	1016	1016
1503	40	792	1005	1005
1047	4	1546	1010	1010
1302	42	147	1021	1021
1503	10	887	1009	1009
1120	16	309	1009	1009
681	42	219	1017	1017
1501	10	1296	1009	1009
1501	79	1034	1015	1015
311	55	748	1020	1020
546	40	311	1023	1023
513	0	1359	1003	1003
1245	157	1158	1004	1004
269	100	840	1022	1022
910	4	1361	1023	1023
1111	157	1131	1012	1012
762	43	134	1002	1002
1398	161	1245	1009	1009
651	40	114	1019	1019
503	144	1562	1004	1004
414	56	268	1021	1021
1131	42	784	1004	1004
1503	48	1057	1008	1008
389	42	953	1004	1004
1058	10	318	1021	1021
273	5	1503	1010	1010
185	144	118	1008	1008
1408	65	535	1022	1022
682	40	1503	1020	1020
1158	2	581	1012	1012
669	26	572	1015	1015
1503	10	1185	1004	1004
311	61	22	1017	1017
1503	60	409	1018	1018
569	44	459	1009	1009
196	0	1025	1018	1018
1309	157	1554	1012	1012
1503	92	1381	1011	1011
444	93	1188	1014	1014
134	43	454	1002	1002
1395	46	1396	1018	1018
837	43	82	1023	1023
282	43	1054	1022	1022
785	0	1503	1003	1003
1145	42	716	1012	1012
1131	157	719	1016	1016
1131	160	613	1022	1022
1345	140	783	1009	1009
1503	91	1173	1020	1020
1165	157	937	1011	1011
1246	0	1444	1014	1014
268	56	114	1015	1015
628	92	40	1010	1010
699	122	900	1017	1017
1378	42	1225	1000	1000
299	0	287	1022	1022
1503	157	748	1021	1021
380	93	990	1003	1003
267	3	1432	1021	1021
1500	42	1271	1014	1014
810	10	282	1018	1018
82	7	1093	1019	1019
183	43	956	1020	1020
496	55	1503	1011	1011
1572	42	1505	1002	1002
1239	46	685	1023	1023
1209	83	682	1016	1016
1501	83	224	1012	1012
1204	157	547	1007	1007
681	159	444	1013	1013
1445	43	1016	1023	1023
552	27	80	1007	1007
667	0	1503	1015	1015
366	36	1445	1009	1009
1034	42	546	1010	1010
1525	92	314	1009	1009
1503	3	1025	1010	1010
942	36	211	1016	1016
118	80	813	1017	1017
1	48	1308	1004	1004
1210	0	1243	1017	1017
552	48	76	1015	1015
189	46	1501	1023	1023
1503	144	1165	1010	1010
1503	36	532	1020	1020
1501	0	211	1022	1022
876	10	1145	1002	1002
1254	42	613	1002	1002
679	40	583	1003	1003
1439	54	508	1018	1018
1054	48	1180	1023	1023
294	42	1503	1014	1014
667	42	309	1000	1000
1069	43	224	1004	1004
1503	79	1245	1005	1005
314	43	1092	1014	1014
1503	10	1462	1014	1014
1163	43	134	1000	1000
1219	46	1131	1013	1013
1500	93	127	1007	1007
53	55	327	1020	1020
1398	0	549	1004	1004
1054	3	114	1019	1019
15	2	670	1009	1009
1015	84	1503	1005	1005
1158	83	1549	1009	1009
1245	43	900	1003	1003
1556	144	1131	1019	1019
899	83	672	1011	1011
1435	98	1245	1008	1008
1432	43	785	1003	1003
785	93	311	1011	1011
712	144	23	1019	1019
1503	2	1219	1019	1019
1270	47	449	1005	1005
1275	36	748	1002	1002
1158	48	675	1012	1012
927	91	1389	1018	1018
783	46	1503	1009	1009
1006	0	1308	1021	1021
20	40	876	1021	1021
1245	48	900	1022	1022
269	126	1548	1008	1008
502	10	1503	1013	1013
1503	3	546	1019	1019
1163	40	1454	1003	1003
1070	144	1232	1021	1021
358	57	311	1003	1003
389	42	692	1000	1000
613	43	182	1007	1007
1503	43	910	1015	1015
669	3	1173	1002	1002
311	21	1120	1004	1004
1025	0	546	1017	1017
389	43	1247	1007	1007
1445	43	500	1016	1016
310	91	1490	1020	1020
440	139	681	1014	1014
1397	46	189	1000	1000
679	61	1210	1000	1000
719	80	177	1020	1020
1246	117	1245	1010	1010
1219	42	182	1023	1023
1503	46	1089	1004	1004
543	160	1275	1013	1013
1117	0	118	1020	1020
669	72	546	1004	1004
987	43	876	1015	1015
1348	66	1158	1002	1002
269	61	1403	1008	1008
331	40	1158	1011	1011
1503	43	293	1003	1003
893	5	1129	1021	1021
1531	122	287	1023	1023
428	144	1439	1003	1003
1502	93	546	1003	1003
1165	42	866	1010	1010
704	48	1502	1011	1011
1034	0	303	1009	1009
256	89	1245	1004	1004
1529	40	1092	1011	1011
1396	42	1523	1022	1022
1295	121	1131	1023	1023
899	10	48	1022	1022
1292	0	23	1004	1004
768	43	432	1018	1018
137	42	48	1020	1020
189	40	1501	1004	1004
1131	42	304	1002	1002
1275	48	552	1016	1016
1429	10	2	1017	1017
409	61	1378	1000	1000
859	157	1395	1018	1018
508	26	719	1019	1019
778	36	1295	1005	1005
468	40	1482	1014	1014
1503	144	345	1011	1011
212	10	224	1021	1021
1158	48	1503	1007	1007
681	2	714	1018	1018
967	65	134	1022	1022
508	144	716	1004	1004
1131	92	1315	1012	1012
639	92	1087	1018	1018
1338	43	700	1020	1020
1503	0	1047	1014	1014
224	36	777	1007	1007
1503	110	1053	1003	1003
444	46	465	1003	1003
671	40	1398	1004	1004
398	63	295	1022	1022
1047	46	1444	1004	1004
196	42	189	1017	1017
1044	60	1503	1021	1021
1503	46	1463	1011	1011
54	48	322	1011	1011
1034	157	1298	1013	1013
1562	36	1503	1010	1010
552	157	1503	1023	1023
1063	10	107	1004	1004
1503	92	139	1008	1008
1525	91	311	1009	1009
444	36	1158	1019	1019
383	80	429	1003	1003
1503	48	80	1008	1008
876	46	815	1016	1016
1359	3	554	1017	1017
412	24	910	1017	1017
740	43	810	1021	1021
1245	91	669	1018	1018
311	3	261	1009	1009
1270	48	1578	1022	1022
840	72	641	1020	1020
1201	0	432	1001	1001
887	93	1246	1019	1019
1429	48	1503	1009	1009
1217	48	1389	1007	1007
965	80	1213	1016	1016
1531	91	1352	1018	1018
65	23	1187	1015	1015
513	46	1135	1006	1006
1284	42	1034	1022	1022
580	52	1089	1011	1011
462	40	1503	1009	1009
1424	43	876	1019	1019
8	40	269	1002	1002
444	144	1165	1023	1023
1503	47	1502	1023	1023
1406	40	80	1008	1008
48	72	1052	1015	1015
142	3	1200	1011	1011
746	10	1034	1003	1003
1498	46	1308	1008	1008
1245	48	1219	1015	1015
1	45	469	1018	1018
1015	12	508	1017	1017
291	160	229	1002	1002
1460	42	584	1016	1016
1503	46	504	1000	1000
874	0	309	1011	1011
188	144	1165	1010	1010
345	45	224	1004	1004
483	144	1503	1011	1011
1503	0	1131	1017	1017
1035	55	1034	1013	1013
1503	10	1501	1011	1011
1503	93	789	1016	1016
269	107	783	1020	1020
69	40	1158	1005	1005
725	134	907	1022	1022
1503	10	48	1014	1014
546	111	444	1022	1022
1507	4	1440	1002	1002
1006	40	32	1000	1000
1444	148	725	1017	1017
1503	115	268	1002	1002
536	98	1482	1000	1000
1131	13	1503	1008	1008
106	0	1503	1007	1007
732	3	1505	1001	1001
1070	10	1503	1002	1002
1015	0	1171	1023	1023
1333	0	1443	1012	1012
311	3	563	1015	1015
48	42	670	1009	1009
770	48	1034	1018	1018
1570	0	1034	1021	1021
1348	93	1120	1015	1015
1329	43	1158	1022	1022
673	42	674	1012	1012
451	159	1275	1013	1013
1503	93	1445	1021	1021
258	80	314	1012	1012
1503	1	1490	1003	1003
1503	40	168	1018	1018
1501	48	644	1016	1016
1169	10	23	1016	1016
1503	110	311	1018	1018
1503	132	1096	1005	1005
1275	43	94	1009	1009
182	2	338	1003	1003
1503	42	80	1010	1010
444	2	1165	1002	1002
1280	0	1503	1015	1015
1503	43	1275	1007	1007
762	46	891	1023	1023
590	36	420	1005	1005
287	42	1443	1016	1016
669	66	149	1010	1010
591	83	508	1011	1011
1503	110	887	1017	1017
810	4	1047	1018	1018
106	61	409	1022	1022
1531	56	1444	1019	1019
1158	48	1034	1020	1020
1562	15	754	1018	1018
268	157	736	1002	1002
1131	146	1318	1010	1010
1503	3	1158	1021	1021
598	0	1217	1013	1013
451	96	311	1021	1021
705	42	182	1008	1008
1131	42	1503	1002	1002
227	93	1049	1008	1008
1444	36	682	1003	1003
681	42	682	1013	1013
295	10	916	1003	1003
1412	157	670	1014	1014
1501	0	785	1018	1018
309	36	868	1018	1018
1349	27	699	1002	1002
134	144	679	1010	1010
1259	3	1349	1019	1019
106	144	1503	1022	1022
287	163	1092	1019	1019
1443	159	1245	1022	1022
702	0	1096	1006	1006
604	42	1184	1004	1004
644	43	9	1000	1000
816	160	1378	1021	1021
1354	43	1094	1004	1004
885	8	1503	1021	1021
1570	10	748	1000	1000
873	43	810	1005	1005
465	42	1341	1015	1015
674	48	309	1010	1010
134	72	1209	1016	1016
224	43	504	1016	1016
1501	48	1275	1023	1023
549	10	1503	1023	1023
1398	157	671	1021	1021
1444	0	1483	1008	1008
959	93	330	1005	1005
887	43	1525	1011	1011
1503	48	1275	1004	1004
485	157	114	1022	1022
681	42	900	1022	1022
508	54	268	1009	1009
1502	69	1577	1021	1021
1188	43	656	1004	1004
310	42	1503	1022	1022
21	42	762	1001	1001
350	42	264	1010	1010
797	55	913	1023	1023
1165	71	345	1013	1013
1348	98	1503	1009	1009
1505	43	74	1016	1016
21	71	1501	1002	1002
1501	93	681	1008	1008
1482	77	1398	1021	1021
685	145	965	1017	1017
1495	40	1405	1018	1018
1239	48	409	1002	1002
1361	40	1092	1015	1015
1577	14	46	1014	1014
1131	0	106	1015	1015
114	158	1131	1011	1011
784	43	411	1002	1002
1325	42	145	1015	1015
959	36	682	1017	1017
1482	157	1245	1005	1005
895	145	799	1011	1011
268	0	311	1005	1005
1503	80	876	1008	1008
1503	46	837	1022	1022
1378	48	552	1003	1003
546	100	1591	1017	1017
962	144	452	1020	1020
681	42	704	1021	1021
839	92	444	1003	1003
1131	61	1503	1008	1008
310	91	1269	1022	1022
682	42	269	1015	1015
268	117	1503	1000	1000
1359	1	311	1001	1001
704	83	1104	1000	1000
1482	43	681	1008	1008
1399	154	1131	1002	1002
1245	46	536	1014	1014
376	148	1466	1011	1011
1503	3	359	1011	1011
785	71	546	1004	1004
1381	42	1275	1006	1006
669	90	1398	1001	1001
114	43	1131	1016	1016
887	54	114	1023	1023
785	42	182	1021	1021
1147	131	381	1022	1022
1501	46	513	1019	1019
1395	140	834	1013	1013
1503	36	219	1007	1007
1503	2	509	1010	1010
1475	40	673	1008	1008
671	138	679	1012	1012
536	36	513	1021	1021
1503	42	1092	1010	1010
536	54	1436	1009	1009
6	144	449	1023	1023
310	55	451	1002	1002
1267	40	268	1017	1017
268	133	876	1011	1011
262	48	1292	1004	1004
552	26	649	1015	1015
673	65	1209	1020	1020
314	14	965	1002	1002
1536	43	1034	1006	1006
416	42	213	1007	1007
1482	117	1398	1023	1023
1503	48	1127	1016	1016
1209	91	536	1002	1002
537	42	23	1012	1012
37	140	1503	1002	1002
1554	40	681	1014	1014
1047	42	1503	1009	1009
311	93	1298	1022	1022
1434	149	48	1010	1010
314	48	516	1010	1010
673	10	546	1003	1003
706	43	1510	1016	1016
1034	4	1158	1014	1014
1009	2	1092	1000	1000
706	40	1163	1011	1011
1034	4	1158	1007	1007
1271	144	350	1009	1009
1271	40	1163	1017	1017
1166	157	997	1023	1023
481	10	1503	1009	1009
992	10	1275	1022	1022
397	61	1538	1018	1018
552	40	1034	1008	1008
409	3	314	1014	1014
795	157	23	1011	1011
1131	157	1358	1017	1017
224	0	1459	1015	1015
681	93	1096	1022	1022
200	48	613	1022	1022
1045	93	1503	1007	1007
168	0	681	1021	1021
613	43	1503	1016	1016
1417	98	1158	1022	1022
1308	10	1092	1023	1023
714	0	1503	1008	1008
723	141	1384	1004	1004
1009	80	899	1000	1000
1096	0	681	1012	1012
198	61	1197	1001	1001
927	42	1348	1008	1008
1378	122	876	1016	1016
314	0	264	1010	1010
783	93	1034	1018	1018
1135	36	1503	1020	1020
1158	93	268	1000	1000
345	80	1092	1010	1010
1092	55	1444	1000	1000
703	0	826	1022	1022
1482	91	1444	1019	1019
1168	71	673	1011	1011
535	47	546	1021	1021
505	66	48	1021	1021
729	43	1378	1009	1009
910	3	1025	1003	1003
1398	162	1204	1007	1007
719	42	1165	1016	1016
10	42	36	1008	1008
788	43	1503	1013	1013
629	36	32	1015	1015
591	0	783	1002	1002
1457	144	1063	1004	1004
1007	66	1146	1021	1021
748	40	1280	1009	1009
1500	43	1580	1003	1003
902	42	398	1001	1001
635	120	139	1008	1008
862	153	1503	1016	1016
116	93	546	1012	1012
1275	43	1501	1021	1021
716	40	1274	1011	1011
1306	160	627	1014	1014
777	43	32	1022	1022
1359	26	633	1003	1003
1023	42	889	1017	1017
1035	147	1562	1003	1003
469	5	211	1015	1015
1245	140	237	1004	1004
1503	144	345	1018	1018
681	10	469	1023	1023
716	146	1487	1012	1012
1164	48	703	1002	1002
1209	150	842	1017	1017
900	129	1399	1017	1017
1538	10	1544	1002	1002
627	80	30	1013	1013
1425	157	345	1019	1019
1035	42	468	1004	1004
1275	26	48	1008	1008
1482	117	1245	1009	1009
1246	27	785	1008	1008
1192	0	1275	1010	1010
84	0	1171	1023	1023
900	129	360	1012	1012
1007	65	1525	1021	1021
983	46	762	1021	1021
176	36	1378	1010	1010
1378	43	310	1010	1010
1549	43	311	1014	1014
1440	40	1329	1009	1009
1173	43	1503	1008	1008
188	0	1503	1002	1002
1378	3	105	1007	1007
1275	144	1501	1004	1004
1219	159	268	1022	1022
1131	93	1092	1022	1022
1265	48	32	1017	1017
1503	46	1298	1003	1003
401	0	1092	1005	1005
129	42	1146	1003	1003
314	4	546	1005	1005
1431	63	552	1014	1014
268	10	1092	1014	1014
799	42	1503	1010	1010
714	48	1561	1012	1012
1535	43	463	1004	1004
1138	157	1107	1016	1016
910	43	114	1011	1011
508	48	80	1022	1022
13	43	1100	1007	1007
1503	98	876	1014	1014
345	147	1166	1010	1010
1068	48	748	1014	1014
311	56	1245	1008	1008
241	43	136	1004	1004
1549	0	1245	1003	1003
1173	83	1503	1005	1005
1057	47	667	1023	1023
748	42	1017	1020	1020
1538	144	785	1009	1009
274	0	1271	1023	1023
714	10	704	1021	1021
202	48	184	1020	1020
552	43	1034	1018	1018
1440	91	1214	1001	1001
1235	36	797	1007	1007
1503	42	1551	1010	1010
224	10	48	1004	1004
1435	61	895	1003	1003
185	71	1523	1021	1021
1129	93	1503	1008	1008
1173	93	1034	1011	1011
1278	46	106	1012	1012
2	46	618	1015	1015
1361	40	369	1002	1002
1009	20	1163	1020	1020
1445	36	1349	1009	1009
469	43	1396	1008	1008
1393	139	145	1023	1023
681	43	714	1005	1005
672	93	1577	1001	1001
1245	157	806	1012	1012
913	92	424	1014	1014
999	10	1503	1016	1016
1503	48	1034	1022	1022
1223	10	1501	1016	1016
794	157	716	1008	1008
1419	48	546	1003	1003
1156	36	1080	1014	1014
673	46	189	1003	1003
1502	46	669	1023	1023
1270	91	546	1023	1023
574	48	1219	1004	1004
496	48	633	1004	1004
670	0	1019	1000	1000
1196	129	1462	1002	1002
309	48	1129	1022	1022
1503	60	900	1007	1007
1034	10	546	1004	1004
1131	71	155	1007	1007
314	0	1503	1023	1023
477	144	1480	1011	1011
465	38	1563	1020	1020
1271	0	876	1018	1018
1378	49	218	1019	1019
116	40	409	1003	1003
554	66	1482	1017	1017
345	46	1053	1017	1017
508	26	536	1008	1008
1131	10	573	1023	1023
1121	72	118	1002	1002
556	48	910	1001	1001
1419	43	1503	1002	1002
1351	92	1528	1007	1007
331	157	1034	1019	1019
1584	83	1378	1014	1014
1490	40	504	1023	1023
224	43	598	1004	1004
1034	0	552	1003	1003
1223	15	1503	1023	1023
1034	100	785	1010	1010
389	91	335	1004	1004
1129	150	345	1001	1001
1034	19	546	1014	1014
1503	69	1158	1002	1002
273	7	1503	1005	1005
927	0	681	1017	1017
529	40	546	1013	1013
704	43	1503	1023	1023
1524	40	1217	1021	1021
295	48	1503	1012	1012
681	66	1096	1015	1015
90	36	910	1001	1001
149	54	354	1011	1011
1482	157	679	1020	1020
82	0	389	1013	1013
508	72	1101	1005	1005
1381	93	23	1011	1011
810	46	1541	1007	1007
1015	91	1503	1006	1006
1482	28	469	1009	1009
1443	54	1482	1009	1009
1503	60	1158	1014	1014
1440	46	1525	1004	1004
300	45	310	1001	1001
1503	3	285	1018	1018
1002	10	1158	1018	1018
1	92	1501	1018	1018
268	47	1503	1008	1008
1096	100	706	1019	1019
546	43	738	1009	1009
1158	122	311	1015	1015
669	42	1412	1012	1012
1503	46	1511	1016	1016
1503	144	15	1015	1015
1048	133	1502	1002	1002
224	40	1131	1003	1003
106	55	345	1009	1009
1503	157	1551	1011	1011
1517	26	546	1004	1004
1432	48	552	1013	1013
309	0	641	1007	1007
1097	43	269	1018	1018
409	0	601	1023	1023
376	91	601	1016	1016
554	83	96	1008	1008
1054	91	633	1018	1018
1503	48	40	1023	1023
591	40	1001	1016	1016
1158	1	1298	1023	1023
899	140	240	1001	1001
1355	91	1354	1011	1011
468	83	1245	1023	1023
1296	42	1120	1021	1021
720	83	1092	1011	1011
1131	144	887	1015	1015
269	140	310	1016	1016
1169	48	1503	1022	1022
224	48	639	1015	1015
496	77	947	1010	1010
681	36	965	1017	1017
1444	0	1092	1015	1015
628	0	1131	1010	1010
1017	122	491	1011	1011
1503	91	311	1009	1009
785	2	1120	1006	1006
20	48	1444	1001	1001
468	46	669	1010	1010
736	42	1547	1017	1017
1440	55	1245	1007	1007
627	157	318	1001	1001
853	36	1163	1023	1023
1415	60	900	1022	1022
508	36	828	1009	1009
251	79	1505	1002	1002
48	159	189	1023	1023
199	100	71	1014	1014
983	10	1536	1016	1016
224	46	694	1011	1011
1505	144	750	1022	1022
15	42	1063	1017	1017
1131	4	524	1008	1008
311	36	268	1005	1005
523	52	381	1003	1003
1238	10	1132	1008	1008
35	157	21	1019	1019
273	0	588	1008	1008
1341	137	685	1009	1009
546	48	844	1016	1016
189	100	1207	1023	1023
118	140	63	1023	1023
1501	42	508	1021	1021
1185	106	1275	1002	1002
368	42	1245	1022	1022
734	43	1004	1007	1007
1503	130	1255	1017	1017
1270	157	881	1023	1023
1298	2	1158	1011	1011
118	93	1503	1011	1011
801	149	1119	1005	1005
504	46	669	1006	1006
1163	42	1092	1008	1008
1545	144	1503	1017	1017
82	128	1480	1010	1010
625	83	1534	1023	1023
269	144	1518	1021	1021
814	34	552	1020	1020
1503	3	310	1011	1011
813	48	706	1017	1017
1223	3	1151	1001	1001
11	43	1503	1021	1021
1296	93	1544	1021	1021
669	46	988	1011	1011
1410	4	264	1017	1017
9	10	295	1017	1017
1065	10	793	1004	1004
1298	0	1034	1017	1017
529	161	681	1006	1006
1219	0	1275	1023	1023
1245	54	699	1015	1015
829	48	1034	1016	1016
250	46	15	1010	1010
1503	83	409	1006	1006
39	36	1158	1015	1015
546	55	900	1001	1001
1201	144	264	1003	1003
965	42	1501	1002	1002
834	80	1422	1008	1008
1083	40	1396	1017	1017
536	43	626	1007	1007
1503	157	118	1001	1001
1398	40	1245	1016	1016
1131	0	331	1015	1015
1501	123	211	1000	1000
81	43	122	1010	1010
1130	41	1341	1018	1018
1551	2	1220	1007	1007
415	10	518	1023	1023
834	130	225	1004	1004
196	40	1051	1010	1010
310	55	1386	1021	1021
268	0	669	1006	1006
546	80	770	1023	1023
1096	40	196	1010	1010
513	2	669	1002	1002
1163	40	21	1001	1001
749	48	1501	1004	1004
1084	48	1378	1017	1017
1503	40	887	1021	1021
670	92	1444	1004	1004
224	54	879	1022	1022
189	7	358	1003	1003
941	42	1531	1016	1016
1503	42	202	1011	1011
1528	42	224	1002	1002
856	55	268	1011	1011
546	62	282	1021	1021
225	147	574	1019	1019
1275	26	1131	1012	1012
1275	43	1503	1017	1017
1503	10	1245	1003	1003
627	160	1158	1010	1010
783	157	1072	1009	1009
1131	157	219	1010	1010
1378	61	309	1004	1004
546	92	1535	1005	1005
35	43	669	1021	1021
482	42	1398	1013	1013
314	61	546	1023	1023
54	0	900	1018	1018
1446	43	513	1015	1015
546	55	1168	1019	1019
1150	0	685	1010	1010
1503	40	1296	1005	1005
699	40	641	1021	1021
785	40	657	1017	1017
1047	43	268	1020	1020
1549	147	719	1018	1018
1046	10	330	1023	1023
1275	48	1503	1011	1011
762	40	137	1007	1007
211	33	309	1019	1019
1501	36	513	1017	1017
1503	160	1135	1023	1023
1503	91	1296	1006	1006
189	0	842	1011	1011
1073	93	314	1009	1009
1482	136	876	1021	1021
335	72	1245	1020	1020
15	0	1503	1009	1009
1368	23	311	1004	1004
883	55	685	1006	1006
381	122	1549	1021	1021
383	160	388	1000	1000
732	92	1158	1021	1021
965	10	546	1017	1017
23	43	48	1011	1011
927	40	876	1022	1022
290	66	740	1017	1017
1301	10	103	1001	1001
314	0	704	1006	1006
211	42	876	1018	1018
927	40	671	1010	1010
524	5	438	1023	1023
1562	35	213	1018	1018
1254	144	114	1007	1007
886	54	1505	1018	1018
1503	2	581	1017	1017
641	43	1347	1003	1003
965	83	1034	1015	1015
1466	91	1381	1004	1004
329	54	114	1010	1010
1389	10	1503	1022	1022
1132	0	1019	1002	1002
552	2	1035	1008	1008
1158	80	651	1010	1010
1188	10	876	1010	1010
337	144	1201	1005	1005
23	40	1436	1018	1018
114	63	1168	1003	1003
810	110	469	1023	1023
810	36	448	1021	1021
733	0	965	1019	1019
179	48	1378	1018	1018
681	3	34	1021	1021
11	43	1503	1010	1010
1503	55	268	1014	1014
1096	80	965	1000	1000
552	40	616	1008	1008
460	43	1381	1007	1007
508	26	1245	1008	1008
1551	10	1462	1020	1020
1436	61	788	1002	1002
1010	0	580	1010	1010
1503	80	288	1008	1008
1503	0	719	1023	1023
1245	42	651	1003	1003
1501	46	1162	1021	1021
211	71	746	1000	1000
1219	157	573	1002	1002
508	6	211	1011	1011
420	72	1165	1013	1013
1240	40	1503	1021	1021
1034	93	725	1013	1013
642	43	641	1005	1005
1382	32	1381	1012	1012
628	30	120	1015	1015
1503	48	685	1011	1011
1444	48	635	1011	1011
158	40	536	1016	1016
1034	36	581	1011	1011
224	46	541	1003	1003
1505	43	639	1015	1015
115	100	700	1023	1023
543	42	1503	1017	1017
537	2	1158	1019	1019
513	36	910	1022	1022
1348	46	1503	1020	1020
1020	43	114	1007	1007
400	71	1092	1005	1005
76	144	1034	1014	1014
739	48	311	1002	1002
263	10	771	1023	1023
952	36	788	1001	1001
1444	157	35	1009	1009
613	10	1501	1001	1001
268	40	269	1010	1010
1275	122	1063	1008	1008
1503	60	650	1003	1003
1359	161	749	1002	1002
1399	157	1398	1010	1010
348	10	48	1005	1005
1505	60	1503	1011	1011
48	157	118	1005	1005
1549	43	1271	1021	1021
729	10	309	1002	1002
311	27	1183	1016	1016
681	157	583	1003	1003
