8211;time per batch:0.1015s
Epoch-584
————————————————
Iter-0; loss: 12.7727;time per batch:0.1021s
Epoch-585
————————————————
Iter-0; loss: 12.0667;time per batch:0.1054s
Epoch-586
————————————————
Iter-0; loss: 12.4697;time per batch:0.1009s
Epoch-587
————————————————
Iter-0; loss: 12.6473;time per batch:0.1030s
Epoch-588
————————————————
Iter-0; loss: 14.2345;time per batch:0.1055s
Epoch-589
————————————————
Iter-0; loss: 9.6621;time per batch:0.1009s
Epoch-590
————————————————
Iter-0; loss: 10.5986;time per batch:0.1047s
Epoch-591
————————————————
Iter-0; loss: 12.5953;time per batch:0.1052s
Epoch-592
————————————————
Iter-0; loss: 11.3637;time per batch:0.1004s
Epoch-593
————————————————
Iter-0; loss: 12.3483;time per batch:0.1035s
Epoch-594
————————————————
Iter-0; loss: 11.3843;time per batch:0.1175s
Epoch-595
————————————————
Iter-0; loss: 10.5806;time per batch:0.1226s
Epoch-596
————————————————
Iter-0; loss: 10.9807;time per batch:0.1041s
Epoch-597
————————————————
Iter-0; loss: 11.2832;time per batch:0.1040s
Epoch-598
————————————————
Iter-0; loss: 12.1960;time per batch:0.1012s
Epoch-599
————————————————
Iter-0; loss: 11.5130;time per batch:0.1014s
Epoch-600
————————————————
Iter-0; loss: 12.4804;time per batch:0.1010s
Epoch-601
————————————————
Iter-0; loss: 11.0233;time per batch:0.1009s
Epoch-602
————————————————
Iter-0; loss: 11.2364;time per batch:0.1030s
Epoch-603
————————————————
Iter-0; loss: 9.8021;time per batch:0.1022s
Epoch-604
————————————————
Iter-0; loss: 11.7326;time per batch:0.1043s
Epoch-605
————————————————
Iter-0; loss: 11.2598;time per batch:0.1021s
Epoch-606
————————————————
Iter-0; loss: 11.5302;time per batch:0.1022s
Epoch-607
————————————————
Iter-0; loss: 9.5468;time per batch:0.1026s
Epoch-608
————————————————
Iter-0; loss: 11.1632;time per batch:0.1030s
Epoch-609
————————————————
Iter-0; loss: 11.0895;time per batch:0.1034s
Epoch-610
————————————————
Iter-0; loss: 11.9341;time per batch:0.1082s
Epoch-611
————————————————
Iter-0; loss: 11.7603;time per batch:0.1074s
Epoch-612
————————————————
Iter-0; loss: 11.1965;time per batch:0.1001s
Epoch-613
————————————————
Iter-0; loss: 11.1254;time per batch:0.1053s
Epoch-614
————————————————
Iter-0; loss: 11.4545;time per batch:0.1045s
Epoch-615
————————————————
Iter-0; loss: 12.8806;time per batch:0.1022s
Epoch-616
————————————————
Iter-0; loss: 10.7999;time per batch:0.1047s
Epoch-617
————————————————
Iter-0; loss: 12.6607;time per batch:0.1019s
Epoch-618
————————————————
Iter-0; loss: 10.7390;time per batch:0.1021s
Epoch-619
————————————————
Iter-0; loss: 10.2448;time per batch:0.1316s
Epoch-620
————————————————
Iter-0; loss: 9.6566;time per batch:0.1103s
Epoch-621
————————————————
Iter-0; loss: 10.2784;time per batch:0.1056s
Epoch-622
————————————————
Iter-0; loss: 10.7421;time per batch:0.1037s
Epoch-623
————————————————
Iter-0; loss: 10.2034;time per batch:0.1049s
Epoch-624
————————————————
Iter-0; loss: 10.0809;time per batch:0.1009s
Epoch-625
————————————————
Iter-0; loss: 12.5471;time per batch:0.1050s
Epoch-626
————————————————
Iter-0; loss: 10.8380;time per batch:0.1012s
Epoch-627
————————————————
Iter-0; loss: 11.0243;time per batch:0.1026s
Epoch-628
————————————————
Iter-0; loss: 11.7772;time per batch:0.1097s
Epoch-629
————————————————
Iter-0; loss: 10.3883;time per batch:0.1016s
Epoch-630
————————————————
Iter-0; loss: 12.8476;time per batch:0.1006s
Epoch-631
————————————————
Iter-0; loss: 10.3431;time per batch:0.1010s
Epoch-632
————————————————
Iter-0; loss: 11.6265;time per batch:0.1086s
Epoch-633
————————————————
Iter-0; loss: 9.8206;time per batch:0.1000s
Epoch-634
————————————————
Iter-0; loss: 10.6199;time per batch:0.1018s
Epoch-635
————————————————
Iter-0; loss: 10.2680;time per batch:0.1033s
Epoch-636
————————————————
Iter-0; loss: 9.3790;time per batch:0.1085s
Epoch-637
————————————————
Iter-0; loss: 10.7591;time per batch:0.1027s
Epoch-638
————————————————
Iter-0; loss: 9.9169;time per batch:0.1013s
Epoch-639
————————————————
Iter-0; loss: 10.0440;time per batch:0.1009s
Epoch-640
————————————————
Iter-0; loss: 11.1224;time per batch:0.1038s
Epoch-641
————————————————
Iter-0; loss: 9.6660;time per batch:0.1086s
Epoch-642
————————————————
Iter-0; loss: 9.2399;time per batch:0.1019s
Epoch-643
————————————————
Iter-0; loss: 10.2029;time per batch:0.1020s
Epoch-644
————————————————
Iter-0; loss: 10.2450;time per batch:0.1026s
Epoch-645
————————————————
Iter-0; loss: 8.9570;time per batch:0.1008s
Epoch-646
————————————————
Iter-0; loss: 9.3799;time per batch:0.1017s
Epoch-647
————————————————
Iter-0; loss: 8.6578;time per batch:0.1022s
Epoch-648
————————————————
Iter-0; loss: 9.2166;time per batch:0.1025s
Epoch-649
————————————————
Iter-0; loss: 9.6252;time per batch:0.1008s
Epoch-650
————————————————
Iter-0; loss: 9.0477;time per batch:0.1009s
Epoch-651
————————————————
Iter-0; loss: 10.5795;time per batch:0.1025s
Epoch-652
————————————————
Iter-0; loss: 9.5128;time per batch:0.1025s
Epoch-653
————————————————
Iter-0; loss: 9.5160;time per batch:0.1048s
Epoch-654
————————————————
Iter-0; loss: 9.9251;time per batch:0.1006s
Epoch-655
————————————————
Iter-0; loss: 9.1102;time per batch:0.1034s
Epoch-656
————————————————
Iter-0; loss: 9.4316;time per batch:0.1032s
Epoch-657
————————————————
Iter-0; loss: 9.7012;time per batch:0.1012s
Epoch-658
————————————————
Iter-0; loss: 8.1574;time per batch:0.1018s
Epoch-659
————————————————
Iter-0; loss: 10.1137;time per batch:0.1037s
Epoch-660
————————————————
Iter-0; loss: 9.5993;time per batch:0.1120s
Epoch-661
————————————————
Iter-0; loss: 8.9886;time per batch:0.1026s
Epoch-662
————————————————
Iter-0; loss: 8.7425;time per batch:0.1039s
Epoch-663
————————————————
Iter-0; loss: 8.0556;time per batch:0.1047s
Epoch-664
————————————————
Iter-0; loss: 8.9968;time per batch:0.1065s
Epoch-665
————————————————
Iter-0; loss: 9.2211;time per batch:0.1035s
Epoch-666
————————————————
Iter-0; loss: 9.4964;time per batch:0.1038s
Epoch-667
————————————————
Iter-0; loss: 9.3999;time per batch:0.1047s
Epoch-668
————————————————
Iter-0; loss: 9.2061;time per batch:0.1078s
Epoch-669
————————————————
Iter-0; loss: 8.3631;time per batch:0.1075s
Epoch-670
————————————————
Iter-0; loss: 9.7787;time per batch:0.1029s
Epoch-671
————————————————
Iter-0; loss: 9.9752;time per batch:0.1024s
Epoch-672
————————————————
Iter-0; loss: 7.7018;time per batch:0.1041s
Epoch-673
————————————————
Iter-0; loss: 10.1273;time per batch:0.1045s
Epoch-674
————————————————
Iter-0; loss: 7.5157;time per batch:0.1097s
Epoch-675
————————————————
Iter-0; loss: 9.3046;time per batch:0.1084s
Epoch-676
————————————————
Iter-0; loss: 8.8939;time per batch:0.1012s
Epoch-677
————————————————
Iter-0; loss: 8.1969;time per batch:0.1031s
Epoch-678
————————————————
Iter-0; loss: 9.4477;time per batch:0.1004s
Epoch-679
————————————————
Iter-0; loss: 8.9879;time per batch:0.1003s
Epoch-680
————————————————
Iter-0; loss: 8.6835;time per batch:0.1036s
Epoch-681
————————————————
Iter-0; loss: 9.2443;time per batch:0.1051s
Epoch-682
————————————————
Iter-0; loss: 9.3436;time per batch:0.1018s
Epoch-683
————————————————
Iter-0; loss: 8.6790;time per batch:0.1074s
Epoch-684
————————————————
Iter-0; loss: 8.2254;time per batch:0.1074s
Epoch-685
————————————————
Iter-0; loss: 8.5420;time per batch:0.1049s
Epoch-686
————————————————
Iter-0; loss: 9.3650;time per batch:0.1017s
Epoch-687
————————————————
Iter-0; loss: 7.9952;time per batch:0.1014s
Epoch-688
————————————————
Iter-0; loss: 9.3708;time per batch:0.1014s
Epoch-689
————————————————
Iter-0; loss: 8.1123;time per batch:0.1007s
Epoch-690
————————————————
Iter-0; loss: 7.8413;time per batch:0.1001s
Epoch-691
————————————————
Iter-0; loss: 8.4645;time per batch:0.1007s
Epoch-692
————————————————
Iter-0; loss: 7.5217;time per batch:0.1031s
Epoch-693
————————————————
Iter-0; loss: 8.6314;time per batch:0.1021s
Epoch-694
————————————————
Iter-0; loss: 8.7217;time per batch:0.1230s
Epoch-695
————————————————
Iter-0; loss: 8.0322;time per batch:0.1020s
Epoch-696
————————————————
Iter-0; loss: 8.9826;time per batch:0.1019s
Epoch-697
————————————————
Iter-0; loss: 8.0023;time per batch:0.1012s
Epoch-698
————————————————
Iter-0; loss: 8.1130;time per batch:0.1005s
Epoch-699
————————————————
Iter-0; loss: 8.2850;time per batch:0.1227s
Epoch-700
————————————————
Iter-0; loss: 8.3981;time per batch:0.1048s
Epoch-701
————————————————
Iter-0; loss: 9.4382;time per batch:0.1018s
Epoch-702
————————————————
Iter-0; loss: 8.0570;time per batch:0.1029s
Epoch-703
————————————————
Iter-0; loss: 7.8877;time per batch:0.1046s
Epoch-704
————————————————
Iter-0; loss: 8.7860;time per batch:0.1037s
Epoch-705
————————————————
Iter-0; loss: 8.3046;time per batch:0.1107s
Epoch-706
————————————————
Iter-0; loss: 8.2936;time per batch:0.1103s
Epoch-707
————————————————
Iter-0; loss: 7.5829;time per batch:0.1024s
Epoch-708
————————————————
Iter-0; loss: 7.0868;time per batch:0.1697s
Epoch-709
————————————————
Iter-0; loss: 7.8110;time per batch:0.1239s
Epoch-710
————————————————
Iter-0; loss: 7.2354;time per batch:0.1041s
Epoch-711
————————————————
Iter-0; loss: 7.6168;time per batch:0.1033s
Epoch-712
————————————————
Iter-0; loss: 7.8375;time per batch:0.1054s
Epoch-713
————————————————
Iter-0; loss: 7.6849;time per batch:0.1056s
Epoch-714
————————————————
Iter-0; loss: 8.2243;time per batch:0.1025s
Epoch-715
————————————————
Iter-0; loss: 6.8349;time per batch:0.1043s
Epoch-716
————————————————
Iter-0; loss: 7.3608;time per batch:0.1055s
Epoch-717
————————————————
Iter-0; loss: 8.1347;time per batch:0.1063s
Epoch-718
————————————————
Iter-0; loss: 7.6901;time per batch:0.1030s
Epoch-719
————————————————
Iter-0; loss: 7.4359;time per batch:0.1017s
Epoch-720
————————————————
Iter-0; loss: 8.4957;time per batch:0.1055s
Epoch-721
————————————————
Iter-0; loss: 8.3048;time per batch:0.1094s
Epoch-722
————————————————
Iter-0; loss: 8.1256;time per batch:0.1039s
Epoch-723
————————————————
Iter-0; loss: 7.5822;time per batch:0.1031s
Epoch-724
————————————————
Iter-0; loss: 8.9552;time per batch:0.1103s
Epoch-725
————————————————
Iter-0; loss: 7.8437;time per batch:0.1039s
Epoch-726
————————————————
Iter-0; loss: 7.3108;time per batch:0.1035s
Epoch-727
————————————————
Iter-0; loss: 7.7250;time per batch:0.1038s
Epoch-728
————————————————
Iter-0; loss: 7.2492;time per batch:0.1018s
Epoch-729
————————————————
Iter-0; loss: 7.1898;time per batch:0.1013s
Epoch-730
————————————————
Iter-0; loss: 7.1841;time per batch:0.1016s
Epoch-731
————————————————
Iter-0; loss: 6.3781;time per batch:0.1098s
Epoch-732
————————————————
Iter-0; loss: 8.1556;time per batch:0.1049s
Epoch-733
————————————————
Iter-0; loss: 7.3874;time per batch:0.1026s
Epoch-734
————————————————
Iter-0; loss: 7.0583;time per batch:0.1096s
Epoch-735
————————————————
Iter-0; loss: 6.7407;time per batch:0.1061s
Epoch-736
————————————————
Iter-0; loss: 6.5259;time per batch:0.1044s
Epoch-737
————————————————
Iter-0; loss: 6.7414;time per batch:0.1036s
Epoch-738
————————————————
Iter-0; loss: 7.1308;time per batch:0.1071s
Epoch-739
————————————————
Iter-0; loss: 6.7209;time per batch:0.1010s
Epoch-740
————————————————
Iter-0; loss: 7.1536;time per batch:0.1051s
Epoch-741
————————————————
Iter-0; loss: 6.7552;time per batch:0.1011s
Epoch-742
————————————————
Iter-0; loss: 7.0442;time per batch:0.1028s
Epoch-743
————————————————
Iter-0; loss: 7.1435;time per batch:0.0997s
Epoch-744
————————————————
Iter-0; loss: 6.6823;time per batch:0.1041s
Epoch-745
————————————————
Iter-0; loss: 6.4652;time per batch:0.1076s
Epoch-746
————————————————
Iter-0; loss: 6.4871;time per batch:0.1043s
Epoch-747
————————————————
Iter-0; loss: 7.0491;time per batch:0.1049s
Epoch-748
————————————————
Iter-0; loss: 6.7729;time per batch:0.1076s
Epoch-749
————————————————
Iter-0; loss: 5.7949;time per batch:0.1006s
Epoch-750
————————————————
Iter-0; loss: 6.2954;time per batch:0.1022s
validation results:
Mean Rank: 421
Mean RR: 0.2586
Hit@1: 0.2234
Hit@3: 0.2513
Hit@5: 0.2868
Hit@10: 0.3350
Epoch-751
————————————————
Iter-0; loss: 7.1366;time per batch:0.1053s
Epoch-752
————————————————
Iter-0; loss: 7.0720;time per batch:0.1018s
Epoch-753
————————————————
Iter-0; loss: 6.4000;time per batch:0.1051s
Epoch-754
————————————————
Iter-0; loss: 6.3854;time per batch:0.1095s
Epoch-755
————————————————
Iter-0; loss: 5.9847;time per batch:0.1039s
Epoch-756
————————————————
Iter-0; loss: 6.0998;time per batch:0.1025s
Epoch-757
————————————————
Iter-0; loss: 6.3849;time per batch:0.1052s
Epoch-758
————————————————
Iter-0; loss: 6.1588;time per batch:0.1051s
Epoch-759
————————————————
Iter-0; loss: 6.4913;time per batch:0.1032s
Epoch-760
————————————————
Iter-0; loss: 6.3102;time per batch:0.1052s
Epoch-761
————————————————
Iter-0; loss: 5.5160;time per batch:0.1047s
Epoch-762
————————————————
Iter-0; loss: 6.8578;time per batch:0.1020s
Epoch-763
————————————————
Iter-0; loss: 6.1481;time per batch:0.1040s
Epoch-764
————————————————
Iter-0; loss: 6.1918;time per batch:0.1020s
Epoch-765
————————————————
Iter-0; loss: 6.2150;time per batch:0.1008s
Epoch-766
————————————————
Iter-0; loss: 7.0957;time per batch:0.1055s
Epoch-767
————————————————
Iter-0; loss: 6.2630;time per batch:0.1015s
Epoch-768
————————————————
Iter-0; loss: 6.7455;time per batch:0.1050s
Epoch-769
————————————————
Iter-0; loss: 6.0579;time per batch:0.1012s
Epoch-770
————————————————
Iter-0; loss: 6.4078;time per batch:0.1036s
Epoch-771
————————————————
Iter-0; loss: 6.4501;time per batch:0.1015s
Epoch-772
————————————————
Iter-0; loss: 6.2920;time per batch:0.1021s
Epoch-773
————————————————
Iter-0; loss: 5.0647;time per batch:0.1025s
Epoch-774
————————————————
Iter-0; loss: 4.8993;time per batch:0.1073s
Epoch-775
————————————————
Iter-0; loss: 5.9789;time per batch:0.1019s
Epoch-776
————————————————
Iter-0; loss: 6.1313;time per batch:0.1008s
Epoch-777
————————————————
Iter-0; loss: 6.0633;time per batch:0.1017s
Epoch-778
————————————————
Iter-0; loss: 5.8694;time per batch:0.1022s
Epoch-779
————————————————
Iter-0; loss: 5.5631;time per batch:0.1031s
Epoch-780
————————————————
Iter-0; loss: 5.8101;time per batch:0.1074s
Epoch-781
————————————————
Iter-0; loss: 5.2679;time per batch:0.1031s
Epoch-782
————————————————
Iter-0; loss: 6.5353;time per batch:0.1008s
Epoch-783
————————————————
Iter-0; loss: 5.1991;time per batch:0.1028s
Epoch-784
————————————————
Iter-0; loss: 4.8611;time per batch:0.1009s
Epoch-785
————————————————
Iter-0; loss: 5.7756;time per batch:0.1119s
Epoch-786
————————————————
Iter-0; loss: 5.4692;time per batch:0.1046s
Epoch-787
————————————————
Iter-0; loss: 5.5452;time per batch:0.1008s
Epoch-788
————————————————
Iter-0; loss: 5.5080;time per batch:0.1074s
Epoch-789
————————————————
Iter-0; loss: 5.6818;time per batch:0.1085s
Epoch-790
————————————————
Iter-0; loss: 5.2059;time per batch:0.1051s
Epoch-791
————————————————
Iter-0; loss: 4.9820;time per batch:0.1057s
Epoch-792
————————————————
Iter-0; loss: 6.1683;time per batch:0.1020s
Epoch-793
————————————————
Iter-0; loss: 5.3061;time per batch:0.1071s
Epoch-794
————————————————
Iter-0; loss: 5.2674;time per batch:0.1039s
Epoch-795
————————————————
Iter-0; loss: 5.0074;time per batch:0.1096s
Epoch-796
————————————————
Iter-0; loss: 4.7343;time per batch:0.1071s
Epoch-797
————————————————
Iter-0; loss: 5.3690;time per batch:0.1080s
Epoch-798
————————————————
Iter-0; loss: 5.7670;time per batch:0.1048s
Epoch-799
————————————————
Iter-0; loss: 5.5886;time per batch:0.1051s
Epoch-800
————————————————
Iter-0; loss: 5.7067;time per batch:0.1020s
Epoch-801
————————————————
Iter-0; loss: 5.6012;time per batch:0.1021s
Epoch-802
————————————————
Iter-0; loss: 4.9097;time per batch:0.1025s
Epoch-803
————————————————
Iter-0; loss: 5.1682;time per batch:0.1042s
Epoch-804
————————————————
Iter-0; loss: 5.7862;time per batch:0.1049s
Epoch-805
————————————————
Iter-0; loss: 5.5452;time per batch:0.1038s
Epoch-806
————————————————
Iter-0; loss: 5.2286;time per batch:0.1008s
Epoch-807
————————————————
Iter-0; loss: 4.7696;time per batch:0.1026s
Epoch-808
————————————————
Iter-0; loss: 5.5990;time per batch:0.1013s
Epoch-809
————————————————
Iter-0; loss: 4.4060;time per batch:0.1094s
Epoch-810
————————————————
Iter-0; loss: 4.9682;time per batch:0.1078s
Epoch-811
————————————————
Iter-0; loss: 4.9239;time per batch:0.1046s
Epoch-812
————————————————
Iter-0; loss: 5.3758;time per batch:0.1055s
Epoch-813
————————————————
Iter-0; loss: 4.2454;time per batch:0.1058s
Epoch-814
————————————————
Iter-0; loss: 4.9795;time per batch:0.1131s
Epoch-815
————————————————
Iter-0; loss: 4.7516;time per batch:0.1124s
Epoch-816
————————————————
Iter-0; loss: 4.2753;time per batch:0.1041s
Epoch-817
————————————————
Iter-0; loss: 4.0324;time per batch:0.1042s
Epoch-818
————————————————
Iter-0; loss: 4.8953;time per batch:0.1033s
Epoch-819
————————————————
Iter-0; loss: 3.9761;time per batch:0.0996s
Epoch-820
————————————————
Iter-0; loss: 4.7161;time per batch:0.1032s
Epoch-821
————————————————
Iter-0; loss: 4.4757;time per batch:0.1013s
Epoch-822
————————————————
Iter-0; loss: 4.0013;time per batch:0.1019s
Epoch-823
————————————————
Iter-0; loss: 4.6887;time per batch:0.1095s
Epoch-824
————————————————
Iter-0; loss: 4.6591;time per batch:0.1050s
Epoch-825
————————————————
Iter-0; loss: 4.2887;time per batch:0.1008s
Epoch-826
————————————————
Iter-0; loss: 4.7202;time per batch:0.1010s
Epoch-827
————————————————
Iter-0; loss: 4.4370;time per batch:0.1037s
Epoch-828
————————————————
Iter-0; loss: 4.1445;time per batch:0.1016s
Epoch-829
————————————————
Iter-0; loss: 4.2387;time per batch:0.1015s
Epoch-830
————————————————
Iter-0; loss: 4.1059;time per batch:0.1020s
Epoch-831
————————————————
Iter-0; loss: 4.2525;time per batch:0.1091s
Epoch-832
————————————————
Iter-0; loss: 3.9364;time per batch:0.1010s
Epoch-833
————————————————
Iter-0; loss: 3.8645;time per batch:0.1058s
Epoch-834
————————————————
Iter-0; loss: 4.0479;time per batch:0.1009s
Epoch-835
————————————————
Iter-0; loss: 4.4986;time per batch:0.1004s
Epoch-836
————————————————
Iter-0; loss: 5.0592;time per batch:0.1034s
Epoch-837
————————————————
Iter-0; loss: 4.8711;time per batch:0.1070s
Epoch-838
————————————————
Iter-0; loss: 4.5826;time per batch:0.1034s
Epoch-839
————————————————
Iter-0; loss: 4.7970;time per batch:0.1014s
Epoch-840
————————————————
Iter-0; loss: 4.1609;time per batch:0.1025s
Epoch-841
————————————————
Iter-0; loss: 3.9857;time per batch:0.1033s
Epoch-842
————————————————
Iter-0; loss: 3.8470;time per batch:0.1033s
Epoch-843
————————————————
Iter-0; loss: 4.3155;time per batch:0.1027s
Epoch-844
————————————————
Iter-0; loss: 4.0839;time per batch:0.1078s
Epoch-845
————————————————
Iter-0; loss: 4.2302;time per batch:0.1062s
Epoch-846
————————————————
Iter-0; loss: 3.9617;time per batch:0.1083s
Epoch-847
————————————————
Iter-0; loss: 4.1362;time per batch:0.1254s
Epoch-848
————————————————
Iter-0; loss: 4.2306;time per batch:0.1090s
Epoch-849
————————————————
Iter-0; loss: 4.2160;time per batch:0.1029s
Epoch-850
————————————————
Iter-0; loss: 4.7672;time per batch:0.1061s
Epoch-851
————————————————
Iter-0; loss: 4.0199;time per batch:0.1035s
Epoch-852
————————————————
Iter-0; loss: 3.8779;time per batch:0.1031s
Epoch-853
————————————————
Iter-0; loss: 3.3349;time per batch:0.1057s
Epoch-854
————————————————
Iter-0; loss: 3.8387;time per batch:0.1031s
Epoch-855
————————————————
Iter-0; loss: 4.0295;time per batch:0.1050s
Epoch-856
————————————————
Iter-0; loss: 3.9747;time per batch:0.1073s
Epoch-857
————————————————
Iter-0; loss: 4.3833;time per batch:0.1087s
Epoch-858
————————————————
Iter-0; loss: 3.9080;time per batch:0.1026s
Epoch-859
————————————————
Iter-0; loss: 3.6054;time per batch:0.1059s
Epoch-860
————————————————
Iter-0; loss: 3.7249;time per batch:0.1027s
Epoch-861
————————————————
Iter-0; loss: 3.6793;time per batch:0.1050s
Epoch-862
————————————————
Iter-0; loss: 4.1669;time per batch:0.1030s
Epoch-863
————————————————
Iter-0; loss: 3.6268;time per batch:0.1011s
Epoch-864
————————————————
Iter-0; loss: 3.6964;time per batch:0.1016s
Epoch-865
————————————————
Iter-0; loss: 3.8761;time per batch:0.1071s
Epoch-866
————————————————
Iter-0; loss: 3.9048;time per batch:0.1061s
Epoch-867
————————————————
Iter-0; loss: 3.6088;time per batch:0.1059s
Epoch-868
————————————————
Iter-0; loss: 3.5675;time per batch:0.1011s
Epoch-869
————————————————
Iter-0; loss: 3.2043;time per batch:0.1036s
Epoch-870
————————————————
Iter-0; loss: 3.6715;time per batch:0.1025s
Epoch-871
————————————————
Iter-0; loss: 3.8891;time per batch:0.1069s
Epoch-872
————————————————
Iter-0; loss: 3.4261;time per batch:0.1059s
Epoch-873
————————————————
Iter-0; loss: 4.2082;time per batch:0.1043s
Epoch-874
————————————————
Iter-0; loss: 3.4023;time per batch:0.1041s
Epoch-875
————————————————
Iter-0; loss: 3.8193;time per batch:0.1062s
Epoch-876
————————————————
Iter-0; loss: 3.8638;time per batch:0.1028s
Epoch-877
————————————————
Iter-0; loss: 3.2557;time per batch:0.1044s
Epoch-878
————————————————
Iter-0; loss: 3.1953;time per batch:0.1027s
Epoch-879
————————————————
Iter-0; loss: 3.7259;time per batch:0.1052s
Epoch-880
————————————————
Iter-0; loss: 3.2289;time per batch:0.1056s
Epoch-881
————————————————
Iter-0; loss: 3.2186;time per batch:0.1050s
Epoch-882
————————————————
Iter-0; loss: 2.6519;time per batch:0.1102s
Epoch-883
————————————————
Iter-0; loss: 3.7502;time per batch:0.1054s
Epoch-884
————————————————
Iter-0; loss: 3.2676;time per batch:0.1096s
Epoch-885
————————————————
Iter-0; loss: 3.4311;time per batch:0.1021s
Epoch-886
————————————————
Iter-0; loss: 3.9153;time per batch:0.1020s
Epoch-887
————————————————
Iter-0; loss: 3.3776;time per batch:0.1022s
Epoch-888
————————————————
Iter-0; loss: 3.1797;time per batch:0.1052s
Epoch-889
————————————————
Iter-0; loss: 3.4075;time per batch:0.1017s
Epoch-890
————————————————
Iter-0; loss: 2.9357;time per batch:0.1020s
Epoch-891
————————————————
Iter-0; loss: 3.3684;time per batch:0.1021s
Epoch-892
————————————————
Iter-0; loss: 2.2714;time per batch:0.1048s
Epoch-893
————————————————
Iter-0; loss: 3.4325;time per batch:0.1029s
Epoch-894
————————————————
Iter-0; loss: 3.0788;time per batch:0.1084s
Epoch-895
————————————————
Iter-0; loss: 3.1996;time per batch:0.1246s
Epoch-896
————————————————
Iter-0; loss: 3.3435;time per batch:0.1044s
Epoch-897
————————————————
Iter-0; loss: 3.4116;time per batch:0.1030s
Epoch-898
————————————————
Iter-0; loss: 3.1728;time per batch:0.1030s
Epoch-899
————————————————
Iter-0; loss: 3.1080;time per batch:0.1041s
Epoch-900
————————————————
Iter-0; loss: 3.6076;time per batch:0.1034s
Epoch-901
————————————————
Iter-0; loss: 3.5448;time per batch:0.1050s
Epoch-902
————————————————
Iter-0; loss: 3.0455;time per batch:0.1038s
Epoch-903
————————————————
Iter-0; loss: 2.8500;time per batch:0.1068s
Epoch-904
————————————————
Iter-0; loss: 2.9898;time per batch:0.1036s
Epoch-905
————————————————
Iter-0; loss: 2.9093;time per batch:0.1093s
Epoch-906
————————————————
Iter-0; loss: 2.3911;time per batch:0.1032s
Epoch-907
————————————————
Iter-0; loss: 3.2637;time per batch:0.1021s
Epoch-908
————————————————
Iter-0; loss: 2.7702;time per batch:0.1028s
Epoch-909
————————————————
Iter-0; loss: 2.6498;time per batch:0.1048s
Epoch-910
————————————————
Iter-0; loss: 3.2559;time per batch:0.1004s
Epoch-911
————————————————
Iter-0; loss: 3.2432;time per batch:0.1039s
Epoch-912
————————————————
Iter-0; loss: 2.8643;time per batch:0.1085s
Epoch-913
————————————————
Iter-0; loss: 2.5329;time per batch:0.1029s
Epoch-914
————————————————
Iter-0; loss: 3.2735;time per batch:0.1023s
Epoch-915
————————————————
Iter-0; loss: 2.5789;time per batch:0.1015s
Epoch-916
————————————————
Iter-0; loss: 2.8213;time per batch:0.1001s
Epoch-917
————————————————
Iter-0; loss: 2.9828;time per batch:0.1018s
Epoch-918
————————————————
Iter-0; loss: 3.0011;time per batch:0.1005s
Epoch-919
————————————————
Iter-0; loss: 2.9711;time per batch:0.1003s
Epoch-920
————————————————
Iter-0; loss: 3.1492;time per batch:0.1020s
Epoch-921
————————————————
Iter-0; loss: 3.4400;time per batch:0.1014s
Epoch-922
————————————————
Iter-0; loss: 2.8779;time per batch:0.1015s
Epoch-923
————————————————
Iter-0; loss: 2.9475;time per batch:0.1027s
Epoch-924
————————————————
Iter-0; loss: 2.3255;time per batch:0.0999s
Epoch-925
————————————————
Iter-0; loss: 2.4512;time per batch:0.1019s
Epoch-926
————————————————
Iter-0; loss: 2.2646;time per batch:0.1010s
Epoch-927
————————————————
Iter-0; loss: 2.6529;time per batch:0.1001s
Epoch-928
————————————————
Iter-0; loss: 2.8103;time per batch:0.1039s
Epoch-929
————————————————
Iter-0; loss: 2.5414;time per batch:0.1042s
Epoch-930
————————————————
Iter-0; loss: 2.7059;time per batch:0.1018s
Epoch-931
————————————————
Iter-0; loss: 3.0130;time per batch:0.1021s
Epoch-932
————————————————
Iter-0; loss: 2.4889;time per batch:0.1046s
Epoch-933
————————————————
Iter-0; loss: 2.6268;time per batch:0.1035s
Epoch-934
————————————————
Iter-0; loss: 2.5728;time per batch:0.1044s
Epoch-935
————————————————
Iter-0; loss: 2.7686;time per batch:0.1031s
Epoch-936
————————————————
Iter-0; loss: 2.3967;time per batch:0.1004s
Epoch-937
————————————————
Iter-0; loss: 2.2049;time per batch:0.1045s
Epoch-938
————————————————
Iter-0; loss: 2.0667;time per batch:0.1032s
Epoch-939
————————————————
Iter-0; loss: 2.6710;time per batch:0.1088s
Epoch-940
————————————————
Iter-0; loss: 2.2391;time per batch:0.1046s
Epoch-941
————————————————
Iter-0; loss: 2.4956;time per batch:0.1025s
Epoch-942
————————————————
Iter-0; loss: 2.6033;time per batch:0.1037s
Epoch-943
————————————————
Iter-0; loss: 2.2768;time per batch:0.1035s
Epoch-944
————————————————
Iter-0; loss: 2.1803;time per batch:0.1011s
Epoch-945
————————————————
Iter-0; loss: 2.4162;time per batch:0.1026s
Epoch-946
————————————————
Iter-0; loss: 2.5323;time per batch:0.1037s
Epoch-947
————————————————
Iter-0; loss: 2.5638;time per batch:0.1043s
Epoch-948
————————————————
Iter-0; loss: 2.7078;time per batch:0.1047s
Epoch-949
————————————————
Iter-0; loss: 2.2252;time per batch:0.1019s
Epoch-950
————————————————
Iter-0; loss: 2.1988;time per batch:0.1010s
Epoch-951
————————————————
Iter-0; loss: 2.3300;time per batch:0.1014s
Epoch-952
————————————————
Iter-0; loss: 2.1931;time per batch:0.1058s
Epoch-953
————————————————
Iter-0; loss: 2.2368;time per batch:0.1041s
Epoch-954
————————————————
Iter-0; loss: 2.4319;time per batch:0.1025s
Epoch-955
————————————————
Iter-0; loss: 2.3142;time per batch:0.1029s
Epoch-956
————————————————
Iter-0; loss: 2.6078;time per batch:0.1024s
Epoch-957
————————————————
Iter-0; loss: 2.1333;time per batch:0.1022s
Epoch-958
————————————————
Iter-0; loss: 2.3233;time per batch:0.1040s
Epoch-959
————————————————
Iter-0; loss: 2.3297;time per batch:0.1035s
Epoch-960
————————————————
Iter-0; loss: 2.1079;time per batch:0.1072s
Epoch-961
————————————————
Iter-0; loss: 2.5517;time per batch:0.1024s
Epoch-962
————————————————
Iter-0; loss: 2.0310;time per batch:0.1038s
Epoch-963
————————————————
Iter-0; loss: 2.0877;time per batch:0.1019s
Epoch-964
————————————————
Iter-0; loss: 2.0068;time per batch:0.1008s
Epoch-965
————————————————
Iter-0; loss: 2.3325;time per batch:0.1015s
Epoch-966
————————————————
Iter-0; loss: 2.1374;time per batch:0.1020s
Epoch-967
————————————————
Iter-0; loss: 2.0198;time per batch:0.1023s
Epoch-968
————————————————
Iter-0; loss: 1.8348;time per batch:0.1058s
Epoch-969
————————————————
Iter-0; loss: 2.3712;time per batch:0.1054s
Epoch-970
————————————————
Iter-0; loss: 2.6668;time per batch:0.1046s
Epoch-971
————————————————
Iter-0; loss: 2.7069;time per batch:0.1043s
Epoch-972
————————————————
Iter-0; loss: 1.9986;time per batch:0.1052s
Epoch-973
————————————————
Iter-0; loss: 2.1743;time per batch:0.1031s
Epoch-974
————————————————
Iter-0; loss: 2.0644;time per batch:0.1048s
Epoch-975
————————————————
Iter-0; loss: 2.2571;time per batch:0.1034s
Epoch-976
————————————————
Iter-0; loss: 2.2412;time per batch:0.1047s
Epoch-977
————————————————
Iter-0; loss: 1.7305;time per batch:0.1084s
Epoch-978
————————————————
Iter-0; loss: 1.7469;time per batch:0.1033s
Epoch-979
————————————————
Iter-0; loss: 2.1569;time per batch:0.1056s
Epoch-980
————————————————
Iter-0; loss: 1.9672;time per batch:0.1031s
Epoch-981
————————————————
Iter-0; loss: 1.8646;time per batch:0.1014s
Epoch-982
————————————————
Iter-0; loss: 1.7900;time per batch:0.1008s
Epoch-983
————————————————
Iter-0; loss: 1.7981;time per batch:0.1059s
Epoch-984
————————————————
Iter-0; loss: 1.7613;time per batch:0.1040s
Epoch-985
————————————————
Iter-0; loss: 1.4224;time per batch:0.1040s
Epoch-986
————————————————
Iter-0; loss: 1.7579;time per batch:0.1079s
Epoch-987
————————————————
Iter-0; loss: 1.5516;time per batch:0.1013s
Epoch-988
————————————————
Iter-0; loss: 1.8673;time per batch:0.1023s
Epoch-989
————————————————
Iter-0; loss: 2.0493;time per batch:0.1017s
Epoch-990
————————————————
Iter-0; loss: 2.4794;time per batch:0.1037s
Epoch-991
————————————————
Iter-0; loss: 1.4879;time per batch:0.1055s
Epoch-992
————————————————
Iter-0; loss: 1.6739;time per batch:0.1029s
Epoch-993
————————————————
Iter-0; loss: 1.9288;time per batch:0.1033s
Epoch-994
————————————————
Iter-0; loss: 1.7658;time per batch:0.1015s
Epoch-995
————————————————
Iter-0; loss: 1.6955;time per batch:0.1018s
Epoch-996
————————————————
Iter-0; loss: 2.0277;time per batch:0.1045s
Epoch-997
————————————————
Iter-0; loss: 1.7028;time per batch:0.1007s
Epoch-998
————————————————
Iter-0; loss: 1.5811;time per batch:0.1130s
Epoch-999
————————————————
Iter-0; loss: 1.8657;time per batch:0.1048s
Epoch-1000
————————————————
Iter-0; loss: 1.7892;time per batch:0.1042s
validation results:
Mean Rank: 431
Mean RR: 0.2627
Hit@1: 0.2234
Hit@3: 0.2716
Hit@5: 0.2919
Hit@10: 0.3579
Epoch-1001
————————————————
Iter-0; loss: 1.5048;time per batch:0.1054s
Epoch-1002
————————————————
Iter-0; loss: 1.9549;time per batch:0.1049s
Epoch-1003
————————————————
Iter-0; loss: 1.7088;time per batch:0.1081s
Epoch-1004
————————————————
Iter-0; loss: 1.8140;time per batch:0.1020s
Epoch-1005
————————————————
Iter-0; loss: 1.6940;time per batch:0.1025s
Epoch-1006
————————————————
Iter-0; loss: 1.9022;time per batch:0.1021s
Epoch-1007
————————————————
Iter-0; loss: 1.6936;time per batch:0.1103s
Epoch-1008
————————————————
Iter-0; loss: 2.1834;time per batch:0.1015s
Epoch-1009
————————————————
Iter-0; loss: 1.9539;time per batch:0.1104s
Epoch-1010
————————————————
Iter-0; loss: 1.7963;time per batch:0.1022s
Epoch-1011
————————————————
Iter-0; loss: 1.8223;time per batch:0.1041s
Epoch-1012
————————————————
Iter-0; loss: 1.7326;time per batch:0.1046s
Epoch-1013
————————————————
Iter-0; loss: 1.8447;time per batch:0.1018s
Epoch-1014
————————————————
Iter-0; loss: 1.7294;time per batch:0.1082s
Epoch-1015
————————————————
Iter-0; loss: 1.4002;time per batch:0.1003s
Epoch-1016
————————————————
Iter-0; loss: 1.6274;time per batch:0.1034s
Epoch-1017
————————————————
Iter-0; loss: 1.8056;time per batch:0.1018s
Epoch-1018
————————————————
Iter-0; loss: 1.5869;time per batch:0.1041s
Epoch-1019
————————————————
Iter-0; loss: 1.5835;time per batch:0.1071s
Epoch-1020
————————————————
Iter-0; loss: 1.6246;time per batch:0.1011s
Epoch-1021
————————————————
Iter-0; loss: 1.2443;time per batch:0.1206s
Epoch-1022
————————————————
Iter-0; loss: 1.4913;time per batch:0.1049s
Epoch-1023
————————————————
Iter-0; loss: 1.4636;time per batch:0.1015s
Epoch-1024
————————————————
Iter-0; loss: 1.9899;time per batch:0.1011s
Epoch-1025
————————————————
Iter-0; loss: 1.2049;time per batch:0.1058s
Epoch-1026
————————————————
Iter-0; loss: 1.2893;time per batch:0.1068s
Epoch-1027
————————————————
Iter-0; loss: 1.5094;time per batch:0.1048s
Epoch-1028
————————————————
Iter-0; loss: 1.1256;time per batch:0.1053s
Epoch-1029
————————————————
Iter-0; loss: 1.8302;time per batch:0.1014s
Epoch-1030
————————————————
Iter-0; loss: 1.8983;time per batch:0.1043s
Epoch-1031
————————————————
Iter-0; loss: 1.4972;time per batch:0.1055s
Epoch-1032
————————————————
Iter-0; loss: 1.2266;time per batch:0.1035s
Epoch-1033
————————————————
Iter-0; loss: 1.4512;time per batch:0.1038s
Epoch-1034
————————————————
Iter-0; loss: 1.8082;time per batch:0.1016s
Epoch-1035
————————————————
Iter-0; loss: 1.5161;time per batch:0.1050s
Epoch-1036
————————————————
Iter-0; loss: 1.6276;time per batch:0.1042s
Epoch-1037
————————————————
Iter-0; loss: 1.1638;time per batch:0.1065s
Epoch-1038
————————————————
Iter-0; loss: 1.3991;time per batch:0.1068s
Epoch-1039
————————————————
Iter-0; loss: 1.3035;time per batch:0.1063s
Epoch-1040
————————————————
Iter-0; loss: 1.2755;time per batch:0.1019s
Epoch-1041
————————————————
Iter-0; loss: 1.3711;time per batch:0.1095s
Epoch-1042
————————————————
Iter-0; loss: 1.3117;time per batch:0.1041s
Epoch-1043
————————————————
Iter-0; loss: 1.6360;time per batch:0.1051s
Epoch-1044
————————————————
Iter-0; loss: 1.3453;time per batch:0.1034s
Epoch-1045
————————————————
Iter-0; loss: 1.2826;time per batch:0.1420s
Epoch-1046
————————————————
Iter-0; loss: 1.0628;time per batch:0.1057s
Epoch-1047
————————————————
Iter-0; loss: 1.0813;time per batch:0.1067s
Epoch-1048
————————————————
Iter-0; loss: 1.4165;time per batch:0.1069s
Epoch-1049
————————————————
Iter-0; loss: 1.2876;time per batch:0.1139s
Epoch-1050
————————————————
Iter-0; loss: 1.4539;time per batch:0.1101s
Epoch-1051
————————————————
Iter-0; loss: 1.4248;time per batch:0.1065s
Epoch-1052
————————————————
Iter-0; loss: 1.4395;time per batch:0.1046s
Epoch-1053
————————————————
Iter-0; loss: 1.2127;time per batch:0.1196s
Epoch-1054
————————————————
Iter-0; loss: 1.3331;time per batch:0.1083s
Epoch-1055
————————————————
Iter-0; loss: 1.1646;time per batch:0.1065s
Epoch-1056
————————————————
Iter-0; loss: 1.2117;time per batch:0.1078s
Epoch-1057
————————————————
Iter-0; loss: 1.5521;time per batch:0.1053s
Epoch-1058
————————————————
Iter-0; loss: 1.1759;time per batch:0.1044s
Epoch-1059
————————————————
Iter-0; loss: 1.1767;time per batch:0.1016s
Epoch-1060
————————————————
Iter-0; loss: 1.3651;time per batch:0.1030s
Epoch-1061
————————————————
Iter-0; loss: 1.2593;time per batch:0.1010s
Epoch-1062
————————————————
Iter-0; loss: 1.0798;time per batch:0.1052s
Epoch-1063
————————————————
Iter-0; loss: 0.9906;time per batch:0.1045s
Epoch-1064
————————————————
Iter-0; loss: 1.3270;time per batch:0.1031s
Epoch-1065
————————————————
Iter-0; loss: 0.9497;time per batch:0.1056s
Epoch-1066
————————————————
Iter-0; loss: 1.3043;time per batch:0.1064s
Epoch-1067
————————————————
Iter-0; loss: 1.2467;time per batch:0.1029s
Epoch-1068
————————————————
Iter-0; loss: 1.1112;time per batch:0.1042s
Epoch-1069
————————————————
Iter-0; loss: 1.0053;time per batch:0.1062s
Epoch-1070
————————————————
Iter-0; loss: 1.1810;time per batch:0.1035s
Epoch-1071
————————————————
Iter-0; loss: 1.0281;time per batch:0.1050s
Epoch-1072
————————————————
Iter-0; loss: 1.0162;time per batch:0.1064s
Epoch-1073
————————————————
Iter-0; loss: 1.4145;time per batch:0.1076s
Epoch-1074
————————————————
Iter-0; loss: 1.0769;time per batch:0.1113s
Epoch-1075
————————————————
Iter-0; loss: 1.1913;time per batch:0.1086s
Epoch-1076
————————————————
Iter-0; loss: 1.2680;time per batch:0.1038s
Epoch-1077
————————————————
Iter-0; loss: 1.4860;time per batch:0.1051s
Epoch-1078
————————————————
Iter-0; loss: 1.4048;time per batch:0.1045s
Epoch-1079
————————————————
Iter-0; loss: 1.0209;time per batch:0.1034s
Epoch-1080
————————————————
Iter-0; loss: 1.1507;time per batch:0.1042s
Epoch-1081
————————————————
Iter-0; loss: 0.9950;time per batch:0.1095s
Epoch-1082
————————————————
Iter-0; loss: 1.0887;time per batch:0.1069s
Epoch-1083
————————————————
Iter-0; loss: 1.3958;time per batch:0.1017s
Epoch-1084
————————————————
Iter-0; loss: 1.0496;time per batch:0.1071s
Epoch-1085
————————————————
Iter-0; loss: 1.0795;time per batch:0.1069s
Epoch-1086
————————————————
Iter-0; loss: 0.8525;time per batch:0.1036s
Epoch-1087
————————————————
Iter-0; loss: 1.1946;time per batch:0.1018s
Epoch-1088
————————————————
Iter-0; loss: 1.1437;time per batch:0.1014s
Epoch-1089
————————————————
Iter-0; loss: 0.9962;time per batch:0.1076s
Epoch-1090
————————————————
Iter-0; loss: 0.7794;time per batch:0.1020s
Epoch-1091
————————————————
Iter-0; loss: 0.9597;time per batch:0.1033s
Epoch-1092
————————————————
Iter-0; loss: 0.8003;time per batch:0.1048s
Epoch-1093
————————————————
Iter-0; loss: 1.1380;time per batch:0.1051s
Epoch-1094
————————————————
Iter-0; loss: 1.1561;time per batch:0.1025s
Epoch-1095
————————————————
Iter-0; loss: 0.9609;time per batch:0.1043s
Epoch-1096
————————————————
Iter-0; loss: 1.0514;time per batch:0.1034s
Epoch-1097
————————————————
Iter-0; loss: 1.3296;time per batch:0.1065s
Epoch-1098
————————————————
Iter-0; loss: 1.3487;time per batch:0.1025s
Epoch-1099
————————————————
Iter-0; loss: 0.9470;time per batch:0.1035s
Epoch-1100
————————————————
Iter-0; loss: 0.7846;time per batch:0.1038s
Epoch-1101
————————————————
Iter-0; loss: 1.0417;time per batch:0.1016s
Epoch-1102
————————————————
Iter-0; loss: 0.8809;time per batch:0.1022s
Epoch-1103
————————————————
Iter-0; loss: 0.9261;time per batch:0.1036s
Epoch-1104
————————————————
Iter-0; loss: 0.9790;time per batch:0.1019s
Epoch-1105
————————————————
Iter-0; loss: 0.7089;time per batch:0.1010s
Epoch-1106
————————————————
Iter-0; loss: 1.2086;time per batch:0.1007s
Epoch-1107
————————————————
Iter-0; loss: 0.6864;time per batch:0.1019s
Epoch-1108
————————————————
Iter-0; loss: 0.9068;time per batch:0.1024s
Epoch-1109
————————————————
Iter-0; loss: 1.2007;time per batch:0.1011s
Epoch-1110
————————————————
Iter-0; loss: 1.1495;time per batch:0.1025s
Epoch-1111
————————————————
Iter-0; loss: 0.7206;time per batch:0.1018s
Epoch-1112
————————————————
Iter-0; loss: 0.9319;time per batch:0.1027s
Epoch-1113
————————————————
Iter-0; loss: 1.1994;time per batch:0.1023s
Epoch-1114
————————————————
Iter-0; loss: 0.8126;time per batch:0.1024s
Epoch-1115
————————————————
Iter-0; loss: 1.1404;time per batch:0.1045s
Epoch-1116
————————————————
Iter-0; loss: 0.8567;time per batch:0.1024s
Epoch-1117
————————————————
Iter-0; loss: 1.0534;time per batch:0.1010s
Epoch-1118
————————————————
Iter-0; loss: 0.8387;time per batch:0.1018s
Epoch-1119
————————————————
Iter-0; loss: 0.7618;time per batch:0.0998s
Epoch-1120
————————————————
Iter-0; loss: 0.8219;time per batch:0.1055s
Epoch-1121
————————————————
Iter-0; loss: 0.9756;time per batch:0.1014s
Epoch-1122
————————————————
Iter-0; loss: 0.6929;time per batch:0.1074s
Epoch-1123
————————————————
Iter-0; loss: 1.0482;time per batch:0.1069s
Epoch-1124
————————————————
Iter-0; loss: 0.9594;time per batch:0.1022s
Epoch-1125
————————————————
Iter-0; loss: 0.7260;time per batch:0.1038s
Epoch-1126
————————————————
Iter-0; loss: 0.8193;time per batch:0.1052s
Epoch-1127
————————————————
Iter-0; loss: 0.5562;time per batch:0.1013s
Epoch-1128
————————————————
Iter-0; loss: 0.7656;time per batch:0.1052s
Epoch-1129
————————————————
Iter-0; loss: 0.8243;time per batch:0.1015s
Epoch-1130
————————————————
Iter-0; loss: 0.7766;time per batch:0.1133s
Epoch-1131
————————————————
Iter-0; loss: 0.8892;time per batch:0.1008s
Epoch-1132
————————————————
Iter-0; loss: 0.7274;time per batch:0.1113s
Epoch-1133
————————————————
Iter-0; loss: 0.7982;time per batch:0.1027s
Epoch-1134
————————————————
Iter-0; loss: 0.8567;time per batch:0.1004s
Epoch-1135
————————————————
Iter-0; loss: 0.8678;time per batch:0.1049s
Epoch-1136
————————————————
Iter-0; loss: 0.4981;time per batch:0.1004s
Epoch-1137
————————————————
Iter-0; loss: 0.6499;time per batch:0.1027s
Epoch-1138
————————————————
Iter-0; loss: 0.8827;time per batch:0.1049s
Epoch-1139
————————————————
Iter-0; loss: 0.7002;time per batch:0.1080s
Epoch-1140
————————————————
Iter-0; loss: 0.6288;time per batch:0.1055s
Epoch-1141
————————————————
Iter-0; loss: 0.7627;time per batch:0.1053s
Epoch-1142
————————————————
Iter-0; loss: 0.7605;time per batch:0.1074s
Epoch-1143
————————————————
Iter-0; loss: 0.5251;time per batch:0.1041s
Epoch-1144
————————————————
Iter-0; loss: 0.8574;time per batch:0.1048s
Epoch-1145
————————————————
Iter-0; loss: 0.7684;time per batch:0.1029s
Epoch-1146
————————————————
Iter-0; loss: 0.6954;time per batch:0.1021s
Epoch-1147
————————————————
Iter-0; loss: 0.6856;time per batch:0.1019s
Epoch-1148
————————————————
Iter-0; loss: 0.8583;time per batch:0.1026s
Epoch-1149
————————————————
Iter-0; loss: 0.7276;time per batch:0.1038s
Epoch-1150
————————————————
Iter-0; loss: 0.5429;time per batch:0.1055s
Epoch-1151
————————————————
Iter-0; loss: 0.5283;time per batch:0.1058s
Epoch-1152
————————————————
Iter-0; loss: 0.5817;time per batch:0.1078s
Epoch-1153
————————————————
Iter-0; loss: 0.7742;time per batch:0.1051s
Epoch-1154
————————————————
Iter-0; loss: 0.9107;time per batch:0.1046s
Epoch-1155
————————————————
Iter-0; loss: 0.8104;time per batch:0.1048s
Epoch-1156
————————————————
Iter-0; loss: 0.5223;time per batch:0.1016s
Epoch-1157
————————————————
Iter-0; loss: 0.8546;time per batch:0.1034s
Epoch-1158
————————————————
Iter-0; loss: 0.6062;time per batch:0.1047s
Epoch-1159
————————————————
Iter-0; loss: 0.7828;time per batch:0.1054s
Epoch-1160
————————————————
Iter-0; loss: 0.4812;time per batch:0.1022s
Epoch-1161
————————————————
Iter-0; loss: 0.5132;time per batch:0.1074s
Epoch-1162
————————————————
Iter-0; loss: 0.4820;time per batch:0.1010s
Epoch-1163
————————————————
Iter-0; loss: 0.4916;time per batch:0.1067s
Epoch-1164
————————————————
Iter-0; loss: 0.4475;time per batch:0.1060s
Epoch-1165
————————————————
Iter-0; loss: 0.5285;time per batch:0.1062s
Epoch-1166
————————————————
Iter-0; loss: 0.7449;time per batch:0.1055s
Epoch-1167
————————————————
Iter-0; loss: 0.5987;time per batch:0.1031s
Epoch-1168
————————————————
Iter-0; loss: 0.6277;time per batch:0.1021s
Epoch-1169
————————————————
Iter-0; loss: 0.6779;time per batch:0.1031s
Epoch-1170
————————————————
Iter-0; loss: 0.8284;time per batch:0.1045s
Epoch-1171
————————————————
Iter-0; loss: 0.6102;time per batch:0.1067s
Epoch-1172
————————————————
Iter-0; loss: 0.6896;time per batch:0.1043s
Epoch-1173
————————————————
Iter-0; loss: 0.4914;time per batch:0.1054s
Epoch-1174
————————————————
Iter-0; loss: 0.5879;time per batch:0.1073s
Epoch-1175
————————————————
Iter-0; loss: 0.8847;time per batch:0.1062s
Epoch-1176
————————————————
Iter-0; loss: 0.7168;time per batch:0.1083s
Epoch-1177
————————————————
Iter-0; loss: 0.5744;time per batch:0.1055s
Epoch-1178
————————————————
Iter-0; loss: 0.7069;time per batch:0.1039s
Epoch-1179
————————————————
Iter-0; loss: 0.5287;time per batch:0.1079s
Epoch-1180
————————————————
Iter-0; loss: 0.7688;time per batch:0.1048s
Epoch-1181
————————————————
Iter-0; loss: 0.5224;time per batch:0.1043s
Epoch-1182
————————————————
Iter-0; loss: 0.6878;time per batch:0.1052s
Epoch-1183
————————————————
Iter-0; loss: 0.5339;time per batch:0.1069s
Epoch-1184
————————————————
Iter-0; loss: 0.3924;time per batch:0.1046s
Epoch-1185
————————————————
Iter-0; loss: 0.5211;time per batch:0.1062s
Epoch-1186
————————————————
Iter-0; loss: 0.4509;time per batch:0.1076s
Epoch-1187
————————————————
Iter-0; loss: 0.6872;time per batch:0.1070s
Epoch-1188
————————————————
Iter-0; loss: 0.5131;time per batch:0.1075s
Epoch-1189
————————————————
Iter-0; loss: 0.7381;time per batch:0.1081s
Epoch-1190
————————————————
Iter-0; loss: 0.7122;time per batch:0.1068s
Epoch-1191
————————————————
Iter-0; loss: 0.5372;time per batch:0.1072s
Epoch-1192
————————————————
Iter-0; loss: 0.3491;time per batch:0.1065s
Epoch-1193
————————————————
Iter-0; loss: 0.5614;time per batch:0.1070s
Epoch-1194
————————————————
Iter-0; loss: 0.7391;time per batch:0.1058s
Epoch-1195
————————————————
Iter-0; loss: 0.6019;time per batch:0.1052s
Epoch-1196
————————————————
Iter-0; loss: 0.7813;time per batch:0.1059s
Epoch-1197
————————————————
Iter-0; loss: 0.5169;time per batch:0.1096s
Epoch-1198
————————————————
Iter-0; loss: 0.4582;time per batch:0.1064s
Epoch-1199
————————————————
Iter-0; loss: 0.6687;time per batch:0.1109s
Epoch-1200
————————————————
Iter-0; loss: 0.4708;time per batch:0.1095s
Epoch-1201
————————————————
Iter-0; loss: 0.4136;time per batch:0.1070s
Epoch-1202
————————————————
Iter-0; loss: 0.7445;time per batch:0.1054s
Epoch-1203
————————————————
Iter-0; loss: 0.6778;time per batch:0.1089s
Epoch-1204
————————————————
Iter-0; loss: 0.3467;time per batch:0.1063s
Epoch-1205
————————————————
Iter-0; loss: 0.8028;time per batch:0.1061s
Epoch-1206
————————————————
Iter-0; loss: 0.5970;time per batch:0.1077s
Epoch-1207
————————————————
Iter-0; loss: 0.3764;time per batch:0.1053s
Epoch-1208
————————————————
Iter-0; loss: 0.6604;time per batch:0.1039s
Epoch-1209
————————————————
Iter-0; loss: 0.4113;time per batch:0.1104s
Epoch-1210
————————————————
Iter-0; loss: 0.5577;time per batch:0.1081s
Epoch-1211
————————————————
Iter-0; loss: 0.4552;time per batch:0.1128s
Epoch-1212
————————————————
Iter-0; loss: 0.5346;time per batch:0.1063s
Epoch-1213
————————————————
Iter-0; loss: 0.4749;time per batch:0.1034s
Epoch-1214
————————————————
Iter-0; loss: 0.5295;time per batch:0.1053s
Epoch-1215
————————————————
Iter-0; loss: 0.4266;time per batch:0.1071s
Epoch-1216
————————————————
Iter-0; loss: 0.5991;time per batch:0.1025s
Epoch-1217
————————————————
Iter-0; loss: 0.5011;time per batch:0.1084s
Epoch-1218
————————————————
Iter-0; loss: 0.6650;time per batch:0.1038s
Epoch-1219
————————————————
Iter-0; loss: 0.5247;time per batch:0.1039s
Epoch-1220
————————————————
Iter-0; loss: 0.6790;time per batch:0.1042s
Epoch-1221
————————————————
Iter-0; loss: 0.3690;time per batch:0.1071s
Epoch-1222
————————————————
Iter-0; loss: 0.6915;time per batch:0.1039s
Epoch-1223
————————————————
Iter-0; loss: 0.4902;time per batch:0.1184s
Epoch-1224
————————————————
Iter-0; loss: 0.5570;time per batch:0.1004s
Epoch-1225
————————————————
Iter-0; loss: 0.6394;time per batch:0.1116s
Epoch-1226
————————————————
Iter-0; loss: 0.5673;time per batch:0.1042s
Epoch-1227
————————————————
Iter-0; loss: 0.5622;time per batch:0.1075s
Epoch-1228
————————————————
Iter-0; loss: 0.5394;time per batch:0.1099s
Epoch-1229
————————————————
Iter-0; loss: 0.4147;time per batch:0.1064s
Epoch-1230
————————————————
Iter-0; loss: 0.5726;time per batch:0.1074s
Epoch-1231
————————————————
Iter-0; loss: 0.5255;time per batch:0.1080s
Epoch-1232
————————————————
Iter-0; loss: 0.6083;time per batch:0.1042s
Epoch-1233
————————————————
Iter-0; loss: 0.5541;time per batch:0.1037s
Epoch-1234
————————————————
Iter-0; loss: 0.4964;time per batch:0.1055s
Epoch-1235
————————————————
Iter-0; loss: 0.6222;time per batch:0.1045s
Epoch-1236
————————————————
Iter-0; loss: 0.4452;time per batch:0.1054s
Epoch-1237
————————————————
Iter-0; loss: 0.3410;time per batch:0.1034s
Epoch-1238
————————————————
Iter-0; loss: 0.4946;time per batch:0.1031s
Epoch-1239
————————————————
Iter-0; loss: 0.4753;time per batch:0.1201s
Epoch-1240
————————————————
Iter-0; loss: 0.5109;time per batch:0.1231s
Epoch-1241
————————————————
Iter-0; loss: 0.3805;time per batch:0.1066s
Epoch-1242
————————————————
Iter-0; loss: 0.4174;time per batch:0.1072s
Epoch-1243
————————————————
Iter-0; loss: 0.4974;time per batch:0.1092s
Epoch-1244
————————————————
Iter-0; loss: 0.4173;time per batch:0.1066s
Epoch-1245
————————————————
Iter-0; loss: 0.5115;time per batch:0.2120s
Epoch-1246
————————————————
Iter-0; loss: 0.4480;time per batch:0.1316s
Epoch-1247
————————————————
Iter-0; loss: 0.4315;time per batch:0.1094s
Epoch-1248
————————————————
Iter-0; loss: 0.5027;time per batch:0.1132s
Epoch-1249
————————————————
Iter-0; loss: 0.3378;time per batch:0.1110s
Epoch-1250
————————————————
Iter-0; loss: 0.2969;time per batch:0.1072s
validation results:
Mean Rank: 429
Mean RR: 0.2726
Hit@1: 0.2335
Hit@3: 0.2741
Hit@5: 0.3096
Hit@10: 0.3579
Epoch-1251
————————————————
Iter-0; loss: 0.4955;time per batch:0.1019s
Epoch-1252
————————————————
Iter-0; loss: 0.4820;time per batch:0.1026s
Epoch-1253
————————————————
Iter-0; loss: 0.5073;time per batch:0.1088s
Epoch-1254
————————————————
Iter-0; loss: 0.5185;time per batch:0.1101s
Epoch-1255
————————————————
Iter-0; loss: 0.3095;time per batch:0.1054s
Epoch-1256
————————————————
Iter-0; loss: 0.3332;time per batch:0.1043s
Epoch-1257
————————————————
Iter-0; loss: 0.3634;time per batch:0.1060s
Epoch-1258
————————————————
Iter-0; loss: 0.4824;time per batch:0.1060s
Epoch-1259
————————————————
Iter-0; loss: 0.4156;time per batch:0.1034s
Epoch-1260
————————————————
Iter-0; loss: 0.3846;time per batch:0.1029s
Epoch-1261
————————————————
Iter-0; loss: 0.3605;time per batch:0.1042s
Epoch-1262
————————————————
Iter-0; loss: 0.4597;time per batch:0.1017s
Epoch-1263
————————————————
Iter-0; loss: 0.4927;time per batch:0.1019s
Epoch-1264
————————————————
Iter-0; loss: 0.4417;time per batch:0.1037s
Epoch-1265
————————————————
Iter-0; loss: 0.4330;time per batch:0.1040s
Epoch-1266
————————————————
Iter-0; loss: 0.3906;time per batch:0.1035s
Epoch-1267
————————————————
Iter-0; loss: 0.3693;time per batch:0.1086s
Epoch-1268
————————————————
Iter-0; loss: 0.4135;time per batch:0.1114s
Epoch-1269
————————————————
Iter-0; loss: 0.4765;time per batch:0.1099s
Epoch-1270
————————————————
Iter-0; loss: 0.4536;time per batch:0.1063s
Epoch-1271
————————————————
Iter-0; loss: 0.3526;time per batch:0.1146s
Epoch-1272
————————————————
Iter-0; loss: 0.4121;time per batch:0.1427s
Epoch-1273
————————————————
Iter-0; loss: 0.4499;time per batch:0.1103s
Epoch-1274
————————————————
Iter-0; loss: 0.4797;time per batch:0.1039s
Epoch-1275
————————————————
Iter-0; loss: 0.5100;time per batch:0.1042s
Epoch-1276
————————————————
Iter-0; loss: 0.4080;time per batch:0.1034s
Epoch-1277
————————————————
Iter-0; loss: 0.3676;time per batch:0.1052s
Epoch-1278
————————————————
Iter-0; loss: 0.3677;time per batch:0.1117s
Epoch-1279
————————————————
Iter-0; loss: 0.6041;time per batch:0.1019s
Epoch-1280
————————————————
Iter-0; loss: 0.2809;time per batch:0.1029s
Epoch-1281
————————————————
Iter-0; loss: 0.4297;time per batch:0.1053s
Epoch-1282
————————————————
Iter-0; loss: 0.5834;time per batch:0.1020s
Epoch-1283
————————————————
Iter-0; loss: 0.3432;time per batch:0.1054s
Epoch-1284
————————————————
Iter-0; loss: 0.3083;time per batch:0.1010s
Epoch-1285
————————————————
Iter-0; loss: 0.4615;time per batch:0.1040s
Epoch-1286
————————————————
Iter-0; loss: 0.3878;time per batch:0.1040s
Epoch-1287
————————————————
Iter-0; loss: 0.4067;time per batch:0.0994s
Epoch-1288
————————————————
Iter-0; loss: 0.3584;time per batch:0.1003s
Epoch-1289
————————————————
Iter-0; loss: 0.4816;time per batch:0.1101s
Epoch-1290
————————————————
Iter-0; loss: 0.4674;time per batch:0.1053s
Epoch-1291
————————————————
Iter-0; loss: 0.3583;time per batch:0.1047s
Epoch-1292
————————————————
Iter-0; loss: 0.4601;time per batch:0.1125s
Epoch-1293
————————————————
Iter-0; loss: 0.3982;time per batch:0.1045s
Epoch-1294
————————————————
Iter-0; loss: 0.2838;time per batch:0.1042s
Epoch-1295
————————————————
Iter-0; loss: 0.5110;time per batch:0.1025s
Epoch-1296
————————————————
Iter-0; loss: 0.3387;time per batch:0.1061s
Epoch-1297
————————————————
Iter-0; loss: 0.3379;time per batch:0.1041s
Epoch-1298
————————————————
Iter-0; loss: 0.6068;time per batch:0.1018s
Epoch-1299
————————————————
Iter-0; loss: 0.3499;time per batch:0.1027s
Epoch-1300
————————————————
Iter-0; loss: 0.2890;time per batch:0.1036s
Epoch-1301
————————————————
Iter-0; loss: 0.4200;time per batch:0.1032s
Epoch-1302
————————————————
Iter-0; loss: 0.3413;time per batch:0.1024s
Epoch-1303
————————————————
Iter-0; loss: 0.3274;time per batch:0.1147s
Epoch-1304
————————————————
Iter-0; loss: 0.3394;time per batch:0.1078s
Epoch-1305
————————————————
Iter-0; loss: 0.3031;time per batch:0.1033s
Epoch-1306
————————————————
Iter-0; loss: 0.2453;time per batch:0.1058s
Epoch-1307
————————————————
Iter-0; loss: 0.2399;time per batch:0.1079s
Epoch-1308
————————————————
Iter-0; loss: 0.2342;time per batch:0.1028s
Epoch-1309
————————————————
Iter-0; loss: 0.3925;time per batch:0.1026s
Epoch-1310
————————————————
Iter-0; loss: 0.2481;time per batch:0.1024s
Epoch-1311
————————————————
Iter-0; loss: 0.4575;time per batch:0.1048s
Epoch-1312
————————————————
Iter-0; loss: 0.4466;time per batch:0.1041s
Epoch-1313
————————————————
Iter-0; loss: 0.2441;time per batch:0.1068s
Epoch-1314
————————————————
Iter-0; loss: 0.3751;time per batch:0.1064s
Epoch-1315
————————————————
Iter-0; loss: 0.3526;time per batch:0.1024s
Epoch-1316
————————————————
Iter-0; loss: 0.4185;time per batch:0.1040s
Epoch-1317
————————————————
Iter-0; loss: 0.5184;time per batch:0.1052s
Epoch-1318
————————————————
Iter-0; loss: 0.3087;time per batch:0.1044s
Epoch-1319
————————————————
Iter-0; loss: 0.2244;time per batch:0.1064s
Epoch-1320
————————————————
Iter-0; loss: 0.3361;time per batch:0.1051s
Epoch-1321
————————————————
Iter-0; loss: 0.2843;time per batch:0.1042s
Epoch-1322
————————————————
Iter-0; loss: 0.4899;time per batch:0.1050s
Epoch-1323
————————————————
Iter-0; loss: 0.3770;time per batch:0.1085s
Epoch-1324
————————————————
Iter-0; loss: 0.1544;time per batch:0.1044s
Epoch-1325
————————————————
Iter-0; loss: 0.3648;time per batch:0.1045s
Epoch-1326
————————————————
Iter-0; loss: 0.3329;time per batch:0.1069s
Epoch-1327
————————————————
Iter-0; loss: 0.3807;time per batch:0.1055s
Epoch-1328
————————————————
Iter-0; loss: 0.3667;time per batch:0.1023s
Epoch-1329
————————————————
Iter-0; loss: 0.2544;time per batch:0.1053s
Epoch-1330
————————————————
Iter-0; loss: 0.3381;time per batch:0.1033s
Epoch-1331
————————————————
Iter-0; loss: 0.4581;time per batch:0.1028s
Epoch-1332
————————————————
Iter-0; loss: 0.2348;time per batch:0.1012s
Epoch-1333
————————————————
Iter-0; loss: 0.2513;time per batch:0.1021s
Epoch-1334
————————————————
Iter-0; loss: 0.3560;time per batch:0.1021s
Epoch-1335
————————————————
Iter-0; loss: 0.4723;time per batch:0.1025s
Epoch-1336
————————————————
Iter-0; loss: 0.2178;time per batch:0.1024s
Epoch-1337
————————————————
Iter-0; loss: 0.3519;time per batch:0.1043s
Epoch-1338
————————————————
Iter-0; loss: 0.1820;time per batch:0.1003s
Epoch-1339
————————————————
Iter-0; loss: 0.2259;time per batch:0.1046s
Epoch-1340
————————————————
Iter-0; loss: 0.3240;time per batch:0.1012s
Epoch-1341
————————————————
Iter-0; loss: 0.3651;time per batch:0.1047s
Epoch-1342
————————————————
Iter-0; loss: 0.2988;time per batch:0.1024s
Epoch-1343
————————————————
Iter-0; loss: 0.3583;time per batch:0.1059s
Epoch-1344
————————————————
Iter-0; loss: 0.3766;time per batch:0.1030s
Epoch-1345
————————————————
Iter-0; loss: 0.3132;time per batch:0.1024s
Epoch-1346
————————————————
Iter-0; loss: 0.4124;time per batch:0.1007s
Epoch-1347
————————————————
Iter-0; loss: 0.4042;time per batch:0.1014s
Epoch-1348
————————————————
Iter-0; loss: 0.4320;time per batch:0.1085s
Epoch-1349
————————————————
Iter-0; loss: 0.2751;time per batch:0.1066s
Epoch-1350
————————————————
Iter-0; loss: 0.2832;time per batch:0.1037s
Epoch-1351
————————————————
Iter-0; loss: 0.2715;time per batch:0.1047s
Epoch-1352
————————————————
Iter-0; loss: 0.2808;time per batch:0.1022s
Epoch-1353
————————————————
Iter-0; loss: 0.2565;time per batch:0.1017s
Epoch-1354
————————————————
Iter-0; loss: 0.4798;time per batch:0.1019s
Epoch-1355
————————————————
Iter-0; loss: 0.3937;time per batch:0.1013s
Epoch-1356
————————————————
Iter-0; loss: 0.3197;time per batch:0.1035s
Epoch-1357
————————————————
Iter-0; loss: 0.3623;time per batch:0.1008s
Epoch-1358
————————————————
Iter-0; loss: 0.1605;time per batch:0.1006s
Epoch-1359
————————————————
Iter-0; loss: 0.2825;time per batch:0.0999s
Epoch-1360
————————————————
Iter-0; loss: 0.4492;time per batch:0.1045s
Epoch-1361
————————————————
Iter-0; loss: 0.3171;time per batch:0.1059s
Epoch-1362
————————————————
Iter-0; loss: 0.3594;time per batch:0.1038s
Epoch-1363
————————————————
Iter-0; loss: 0.2560;time per batch:0.1029s
Epoch-1364
————————————————
Iter-0; loss: 0.2918;time per batch:0.1077s
Epoch-1365
————————————————
Iter-0; loss: 0.2673;time per batch:0.1024s
Epoch-1366
————————————————
Iter-0; loss: 0.2631;time per batch:0.1057s
Epoch-1367
————————————————
Iter-0; loss: 0.3365;time per batch:0.1022s
Epoch-1368
————————————————
Iter-0; loss: 0.4508;time per batch:0.1031s
Epoch-1369
————————————————
Iter-0; loss: 0.3377;time per batch:0.1002s
Epoch-1370
————————————————
Iter-0; loss: 0.2617;time per batch:0.1015s
Epoch-1371
————————————————
Iter-0; loss: 0.2552;time per batch:0.1087s
Epoch-1372
————————————————
Iter-0; loss: 0.2739;time per batch:0.1076s
Epoch-1373
————————————————
Iter-0; loss: 0.2931;time per batch:0.1036s
Epoch-1374
————————————————
Iter-0; loss: 0.4235;time per batch:0.1031s
Epoch-1375
————————————————
Iter-0; loss: 0.2488;time per batch:0.1015s
Epoch-1376
————————————————
Iter-0; loss: 0.2250;time per batch:0.1015s
Epoch-1377
————————————————
Iter-0; loss: 0.2549;time per batch:0.1012s
Epoch-1378
————————————————
Iter-0; loss: 0.2087;time per batch:0.1023s
Epoch-1379
————————————————
Iter-0; loss: 0.3546;time per batch:0.1060s
Epoch-1380
————————————————
Iter-0; loss: 0.3378;time per batch:0.1026s
Epoch-1381
————————————————
Iter-0; loss: 0.3363;time per batch:0.1009s
Epoch-1382
————————————————
Iter-0; loss: 0.2545;time per batch:0.1015s
Epoch-1383
————————————————
Iter-0; loss: 0.2134;time per batch:0.1012s
Epoch-1384
————————————————
Iter-0; loss: 0.3235;time per batch:0.1048s
Epoch-1385
————————————————
Iter-0; loss: 0.3079;time per batch:0.1015s
Epoch-1386
————————————————
Iter-0; loss: 0.3129;time per batch:0.1012s
Epoch-1387
————————————————
Iter-0; loss: 0.3063;time per batch:0.1024s
Epoch-1388
————————————————
Iter-0; loss: 0.3224;time per batch:0.1032s
Epoch-1389
————————————————
Iter-0; loss: 0.3029;time per batch:0.1010s
Epoch-1390
————————————————
Iter-0; loss: 0.2092;time per batch:0.1063s
Epoch-1391
————————————————
Iter-0; loss: 0.2182;time per batch:0.1015s
Epoch-1392
————————————————
Iter-0; loss: 0.3380;time per batch:0.1017s
Epoch-1393
————————————————
Iter-0; loss: 0.2989;time per batch:0.1024s
Epoch-1394
————————————————
Iter-0; loss: 0.3646;time per batch:0.1021s
Epoch-1395
————————————————
Iter-0; loss: 0.3343;time per batch:0.1019s
Epoch-1396
————————————————
Iter-0; loss: 0.2312;time per batch:0.1070s
Epoch-1397
————————————————
Iter-0; loss: 0.2576;time per batch:0.1049s
Epoch-1398
————————————————
Iter-0; loss: 0.2494;time per batch:0.1030s
Epoch-1399
————————————————
Iter-0; loss: 0.2846;time per batch:0.1066s
Epoch-1400
————————————————
Iter-0; loss: 0.2189;time per batch:0.1014s
Epoch-1401
————————————————
Iter-0; loss: 0.2453;time per batch:0.1093s
Epoch-1402
————————————————
Iter-0; loss: 0.4031;time per batch:0.1047s
Epoch-1403
————————————————
Iter-0; loss: 0.2692;time per batch:0.1066s
Epoch-1404
————————————————
Iter-0; loss: 0.3581;time per batch:0.1070s
Epoch-1405
————————————————
Iter-0; loss: 0.3809;time per batch:0.1047s
Epoch-1406
————————————————
Iter-0; loss: 0.2056;time per batch:0.1065s
Epoch-1407
————————————————
Iter-0; loss: 0.3330;time per batch:0.1032s
Epoch-1408
————————————————
Iter-0; loss: 0.2180;time per batch:0.1047s
Epoch-1409
————————————————
Iter-0; loss: 0.2092;time per batch:0.1016s
Epoch-1410
————————————————
Iter-0; loss: 0.2826;time per batch:0.1028s
Epoch-1411
————————————————
Iter-0; loss: 0.3256;time per batch:0.1048s
Epoch-1412
————————————————
Iter-0; loss: 0.2037;time per batch:0.1046s
Epoch-1413
————————————————
Iter-0; loss: 0.2388;time per batch:0.1011s
Epoch-1414
————————————————
Iter-0; loss: 0.3065;time per batch:0.1001s
Epoch-1415
————————————————
Iter-0; loss: 0.2450;time per batch:0.1000s
Epoch-1416
————————————————
Iter-0; loss: 0.2137;time per batch:0.1055s
Epoch-1417
————————————————
Iter-0; loss: 0.2926;time per batch:0.1114s
Epoch-1418
————————————————
Iter-0; loss: 0.2056;time per batch:0.1061s
Epoch-1419
————————————————
Iter-0; loss: 0.1669;time per batch:0.1045s
Epoch-1420
————————————————
Iter-0; loss: 0.2071;time per batch:0.1056s
Epoch-1421
————————————————
Iter-0; loss: 0.1790;time per batch:0.1030s
Epoch-1422
————————————————
Iter-0; loss: 0.2962;time per batch:0.1018s
Epoch-1423
————————————————
Iter-0; loss: 0.1514;time per batch:0.1014s
Epoch-1424
————————————————
Iter-0; loss: 0.2201;time per batch:0.1023s
Epoch-1425
————————————————
Iter-0; loss: 0.1902;time per batch:0.1039s
Epoch-1426
————————————————
Iter-0; loss: 0.2491;time per batch:0.1009s
Epoch-1427
————————————————
Iter-0; loss: 0.2436;time per batch:0.1031s
Epoch-1428
————————————————
Iter-0; loss: 0.2513;time per batch:0.1021s
Epoch-1429
————————————————
Iter-0; loss: 0.2292;time per batch:0.1012s
Epoch-1430
————————————————
Iter-0; loss: 0.2341;time per batch:0.1015s
Epoch-1431
————————————————
Iter-0; loss: 0.2341;time per batch:0.1033s
Epoch-1432
————————————————
Iter-0; loss: 0.3132;time per batch:0.1012s
Epoch-1433
————————————————
Iter-0; loss: 0.2810;time per batch:0.1012s
Epoch-1434
————————————————
Iter-0; loss: 0.2598;time per batch:0.1041s
Epoch-1435
————————————————
Iter-0; loss: 0.2951;time per batch:0.1014s
Epoch-1436
————————————————
Iter-0; loss: 0.2529;time per batch:0.1018s
Epoch-1437
————————————————
Iter-0; loss: 0.2447;time per batch:0.1002s
Epoch-1438
————————————————
Iter-0; loss: 0.2310;time per batch:0.1023s
Epoch-1439
————————————————
Iter-0; loss: 0.2244;time per batch:0.1014s
Epoch-1440
————————————————
Iter-0; loss: 0.3318;time per batch:0.1031s
Epoch-1441
————————————————
Iter-0; loss: 0.1995;time per batch:0.1042s
Epoch-1442
————————————————
Iter-0; loss: 0.1694;time per batch:0.1025s
Epoch-1443
————————————————
Iter-0; loss: 0.1477;time per batch:0.1013s
Epoch-1444
————————————————
Iter-0; loss: 0.2229;time per batch:0.1030s
Epoch-1445
————————————————
Iter-0; loss: 0.2027;time per batch:0.1021s
Epoch-1446
————————————————
Iter-0; loss: 0.2890;time per batch:0.1039s
Epoch-1447
————————————————
Iter-0; loss: 0.3320;time per batch:0.1035s
Epoch-1448
————————————————
Iter-0; loss: 0.2889;time per batch:0.1032s
Epoch-1449
————————————————
Iter-0; loss: 0.2810;time per batch:0.1065s
Epoch-1450
————————————————
Iter-0; loss: 0.3054;time per batch:0.1046s
Epoch-1451
————————————————
Iter-0; loss: 0.3067;time per batch:0.1058s
Epoch-1452
————————————————
Iter-0; loss: 0.2225;time per batch:0.1079s
Epoch-1453
————————————————
Iter-0; loss: 0.2079;time per batch:0.1023s
Epoch-1454
————————————————
Iter-0; loss: 0.1963;time per batch:0.1059s
Epoch-1455
————————————————
Iter-0; loss: 0.2657;time per batch:0.0994s
Epoch-1456
————————————————
Iter-0; loss: 0.3044;time per batch:0.1054s
Epoch-1457
————————————————
Iter-0; loss: 0.3182;time per batch:0.1056s
Epoch-1458
————————————————
Iter-0; loss: 0.2102;time per batch:0.1040s
Epoch-1459
————————————————
Iter-0; loss: 0.1446;time per batch:0.1024s
Epoch-1460
————————————————
Iter-0; loss: 0.1578;time per batch:0.1057s
Epoch-1461
————————————————
Iter-0; loss: 0.2041;time per batch:0.1026s
Epoch-1462
————————————————
Iter-0; loss: 0.1715;time per batch:0.1061s
Epoch-1463
————————————————
Iter-0; loss: 0.2120;time per batch:0.1022s
Epoch-1464
————————————————
Iter-0; loss: 0.1989;time per batch:0.1053s
Epoch-1465
————————————————
Iter-0; loss: 0.1860;time per batch:0.1019s
Epoch-1466
————————————————
Iter-0; loss: 0.1687;time per batch:0.1021s
Epoch-1467
————————————————
Iter-0; loss: 0.2454;time per batch:0.1026s
Epoch-1468
————————————————
Iter-0; loss: 0.2603;time per batch:0.1013s
Epoch-1469
————————————————
Iter-0; loss: 0.2233;time per batch:0.1064s
Epoch-1470
————————————————
Iter-0; loss: 0.2224;time per batch:0.1104s
Epoch-1471
————————————————
Iter-0; loss: 0.2629;time per batch:0.1046s
Epoch-1472
————————————————
Iter-0; loss: 0.2336;time per batch:0.1052s
Epoch-1473
————————————————
Iter-0; loss: 0.2051;time per batch:0.1037s
Epoch-1474
————————————————
Iter-0; loss: 0.2398;time per batch:0.1077s
Epoch-1475
————————————————
Iter-0; loss: 0.2469;time per batch:0.1048s
Epoch-1476
————————————————
Iter-0; loss: 0.1978;time per batch:0.1030s
Epoch-1477
————————————————
Iter-0; loss: 0.1277;time per batch:0.1031s
Epoch-1478
————————————————
Iter-0; loss: 0.1900;time per batch:0.1036s
Epoch-1479
————————————————
Iter-0; loss: 0.2249;time per batch:0.1000s
Epoch-1480
————————————————
Iter-0; loss: 0.1733;time per batch:0.1035s
Epoch-1481
————————————————
Iter-0; loss: 0.2448;time per batch:0.1030s
Epoch-1482
————————————————
Iter-0; loss: 0.1785;time per batch:0.1017s
Epoch-1483
————————————————
Iter-0; loss: 0.2690;time per batch:0.1053s
Epoch-1484
————————————————
Iter-0; loss: 0.2582;time per batch:0.1016s
Epoch-1485
————————————————
Iter-0; loss: 0.2491;time per batch:0.1043s
Epoch-1486
————————————————
Iter-0; loss: 0.2641;time per batch:0.1022s
Epoch-1487
————————————————
Iter-0; loss: 0.1591;time per batch:0.1018s
Epoch-1488
————————————————
Iter-0; loss: 0.2393;time per batch:0.1033s
Epoch-1489
————————————————
Iter-0; loss: 0.2251;time per batch:0.1020s
Epoch-1490
————————————————
Iter-0; loss: 0.2142;time per batch:0.1025s
Epoch-1491
————————————————
Iter-0; loss: 0.2272;time per batch:0.1019s
Epoch-1492
————————————————
Iter-0; loss: 0.2967;time per batch:0.1021s
Epoch-1493
————————————————
Iter-0; loss: 0.3443;time per batch:0.1007s
Epoch-1494
————————————————
Iter-0; loss: 0.2190;time per batch:0.1037s
Epoch-1495
————————————————
Iter-0; loss: 0.2443;time per batch:0.1018s
Epoch-1496
————————————————
Iter-0; loss: 0.1491;time per batch:0.1039s
Epoch-1497
————————————————
Iter-0; loss: 0.2245;time per batch:0.1020s
Epoch-1498
————————————————
Iter-0; loss: 0.2086;time per batch:0.1023s
Epoch-1499
————————————————
Iter-0; loss: 0.2140;time per batch:0.1005s
Epoch-1500
————————————————
Iter-0; loss: 0.2607;time per batch:0.1020s
validation results:
Mean Rank: 421
Mean RR: 0.2730
Hit@1: 0.2310
Hit@3: 0.2817
Hit@5: 0.3147
Hit@10: 0.3604
Epoch-1501
————————————————
Iter-0; loss: 0.2041;time per batch:0.1040s
Epoch-1502
————————————————
Iter-0; loss: 0.3462;time per batch:0.1030s
Epoch-1503
————————————————
Iter-0; loss: 0.2123;time per batch:0.1011s
Epoch-1504
————————————————
Iter-0; loss: 0.1892;time per batch:0.1012s
Epoch-1505
————————————————
Iter-0; loss: 0.2525;time per batch:0.1015s
Epoch-1506
————————————————
Iter-0; loss: 0.2105;time per batch:0.1018s
Epoch-1507
————————————————
Iter-0; loss: 0.1759;time per batch:0.1033s
Epoch-1508
————————————————
Iter-0; loss: 0.1721;time per batch:0.1007s
Epoch-1509
————————————————
Iter-0; loss: 0.1814;time per batch:0.1023s
Epoch-1510
————————————————
Iter-0; loss: 0.1592;time per batch:0.1021s
Epoch-1511
————————————————
Iter-0; loss: 0.2599;time per batch:0.1019s
Epoch-1512
————————————————
Iter-0; loss: 0.2926;time per batch:0.1029s
Epoch-1513
————————————————
Iter-0; loss: 0.2611;time per batch:0.1017s
Epoch-1514
————————————————
Iter-0; loss: 0.2708;time per batch:0.1028s
Epoch-1515
————————————————
Iter-0; loss: 0.2321;time per batch:0.1046s
Epoch-1516
————————————————
Iter-0; loss: 0.1804;time per batch:0.1038s
Epoch-1517
————————————————
Iter-0; loss: 0.2234;time per batch:0.1043s
Epoch-1518
————————————————
Iter-0; loss: 0.1921;time per batch:0.1059s
Epoch-1519
————————————————
Iter-0; loss: 0.2126;time per batch:0.1093s
Epoch-1520
————————————————
Iter-0; loss: 0.1772;time per batch:0.1046s
Epoch-1521
————————————————
Iter-0; loss: 0.2674;time per batch:0.1036s
Epoch-1522
————————————————
Iter-0; loss: 0.2149;time per batch:0.1096s
Epoch-1523
————————————————
Iter-0; loss: 0.1697;time per batch:0.1110s
Epoch-1524
————————————————
Iter-0; loss: 0.1907;time per batch:0.1042s
Epoch-1525
————————————————
Iter-0; loss: 0.2005;time per batch:0.1031s
Epoch-1526
————————————————
Iter-0; loss: 0.2159;time per batch:0.1028s
Epoch-1527
————————————————
Iter-0; loss: 0.1742;time per batch:0.1053s
Epoch-1528
————————————————
Iter-0; loss: 0.1962;time per batch:0.1023s
Epoch-1529
————————————————
Iter-0; loss: 0.1608;time per batch:0.1049s
Epoch-1530
————————————————
Iter-0; loss: 0.1544;time per batch:0.1010s
Epoch-1531
————————————————
Iter-0; loss: 0.1847;time per batch:0.0997s
Epoch-1532
————————————————
Iter-0; loss: 0.2028;time per batch:0.1007s
Epoch-1533
————————————————
Iter-0; loss: 0.2508;time per batch:0.1073s
Epoch-1534
————————————————
Iter-0; loss: 0.1890;time per batch:0.1120s
Epoch-1535
————————————————
Iter-0; loss: 0.2797;time per batch:0.1050s
Epoch-1536
————————————————
Iter-0; loss: 0.2600;time per batch:0.1038s
Epoch-1537
————————————————
Iter-0; loss: 0.2083;time per batch:0.1033s
Epoch-1538
————————————————
Iter-0; loss: 0.2531;time per batch:0.1050s
Epoch-1539
————————————————
Iter-0; loss: 0.2131;time per batch:0.1014s
Epoch-1540
————————————————
Iter-0; loss: 0.2383;time per batch:0.1023s
Epoch-1541
————————————————
Iter-0; loss: 0.2101;time per batch:0.1020s
Epoch-1542
————————————————
Iter-0; loss: 0.1784;time per batch:0.1032s
Epoch-1543
————————————————
Iter-0; loss: 0.1086;time per batch:0.1016s
Epoch-1544
————————————————
Iter-0; loss: 0.1597;time per batch:0.1007s
Epoch-1545
————————————————
Iter-0; loss: 0.1592;time per batch:0.0998s
Epoch-1546
————————————————
Iter-0; loss: 0.2370;time per batch:0.1022s
Epoch-1547
————————————————
Iter-0; loss: 0.1434;time per batch:0.1017s
Epoch-1548
————————————————
Iter-0; loss: 0.2139;time per batch:0.1014s
Epoch-1549
————————————————
Iter-0; loss: 0.1682;time per batch:0.1034s
Epoch-1550
————————————————
Iter-0; loss: 0.1818;time per batch:0.1015s
Epoch-1551
————————————————
Iter-0; loss: 0.1709;time per batch:0.1022s
Epoch-1552
————————————————
Iter-0; loss: 0.1992;time per batch:0.1063s
Epoch-1553
————————————————
Iter-0; loss: 0.1416;time per batch:0.1037s
Epoch-1554
————————————————
Iter-0; loss: 0.1489;time per batch:0.1045s
Epoch-1555
————————————————
Iter-0; loss: 0.2303;time per batch:0.1080s
Epoch-1556
————————————————
Iter-0; loss: 0.2307;time per batch:0.1033s
Epoch-1557
————————————————
Iter-0; loss: 0.2184;time per batch:0.1037s
Epoch-1558
————————————————
Iter-0; loss: 0.2568;time per batch:0.1030s
Epoch-1559
————————————————
Iter-0; loss: 0.2006;time per batch:0.1014s
Epoch-1560
————————————————
Iter-0; loss: 0.2414;time per batch:0.1889s
Epoch-1561
————————————————
Iter-0; loss: 0.1556;time per batch:0.1249s
Epoch-1562
————————————————
Iter-0; loss: 0.1851;time per batch:0.1016s
Epoch-1563
————————————————
Iter-0; loss: 0.1672;time per batch:0.1051s
Epoch-1564
————————————————
Iter-0; loss: 0.2278;time per batch:0.1014s
Epoch-1565
————————————————
Iter-0; loss: 0.1470;time per batch:0.1037s
Epoch-1566
————————————————
Iter-0; loss: 0.1432;time per batch:0.1047s
Epoch-1567
————————————————
Iter-0; loss: 0.1725;time per batch:0.1033s
Epoch-1568
————————————————
Iter-0; loss: 0.1859;time per batch:0.1050s
Epoch-1569
————————————————
Iter-0; loss: 0.1695;time per batch:0.1037s
Epoch-1570
————————————————
Iter-0; loss: 0.1903;time per batch:0.1100s
Epoch-1571
————————————————
Iter-0; loss: 0.2517;time per batch:0.1090s
Epoch-1572
————————————————
Iter-0; loss: 0.2073;time per batch:0.1027s
Epoch-1573
————————————————
Iter-0; loss: 0.1713;time per batch:0.1053s
Epoch-1574
————————————————
Iter-0; loss: 0.2057;time per batch:0.1026s
Epoch-1575
————————————————
Iter-0; loss: 0.1807;time per batch:0.1021s
Epoch-1576
————————————————
Iter-0; loss: 0.2045;time per batch:0.1059s
Epoch-1577
————————————————
Iter-0; loss: 0.1247;time per batch:0.1010s
Epoch-1578
————————————————
Iter-0; loss: 0.1643;time per batch:0.1028s
Epoch-1579
————————————————
Iter-0; loss: 0.1574;time per batch:0.1030s
Epoch-1580
————————————————
Iter-0; loss: 0.1383;time per batch:0.1023s
Epoch-1581
————————————————
Iter-0; loss: 0.2384;time per batch:0.1048s
Epoch-1582
————————————————
Iter-0; loss: 0.1607;time per batch:0.1031s
Epoch-1583
————————————————
Iter-0; loss: 0.1712;time per batch:0.1036s
Epoch-1584
————————————————
Iter-0; loss: 0.1995;time per batch:0.1042s
Epoch-1585
————————————————
Iter-0; loss: 0.1437;time per batch:0.1043s
Epoch-1586
————————————————
Iter-0; loss: 0.1879;time per batch:0.1059s
Epoch-1587
————————————————
Iter-0; loss: 0.1288;time per batch:0.1017s
Epoch-1588
————————————————
Iter-0; loss: 0.1834;time per batch:0.1047s
Epoch-1589
————————————————
Iter-0; loss: 0.2123;time per batch:0.1039s
Epoch-1590
————————————————
Iter-0; loss: 0.1652;time per batch:0.1051s
Epoch-1591
————————————————
Iter-0; loss: 0.1768;time per batch:0.1045s
Epoch-1592
————————————————
Iter-0; loss: 0.1416;time per batch:0.1031s
Epoch-1593
————————————————
Iter-0; loss: 0.1513;time per batch:0.1014s
Epoch-1594
————————————————
Iter-0; loss: 0.2690;time per batch:0.1078s
Epoch-1595
————————————————
Iter-0; loss: 0.1508;time per batch:0.1016s
Epoch-1596
————————————————
Iter-0; loss: 0.1576;time per batch:0.0999s
Epoch-1597
————————————————
Iter-0; loss: 0.1786;time per batch:0.1045s
Epoch-1598
————————————————
Iter-0; loss: 0.1499;time per batch:0.1011s
Epoch-1599
————————————————
Iter-0; loss: 0.1741;time per batch:0.1014s
Epoch-1600
————————————————
Iter-0; loss: 0.1401;time per batch:0.1025s
Epoch-1601
————————————————
Iter-0; loss: 0.2763;time per batch:0.1092s
Epoch-1602
————————————————
Iter-0; loss: 0.1890;time per batch:0.1023s
Epoch-1603
————————————————
Iter-0; loss: 0.1824;time per batch:0.1005s
Epoch-1604
————————————————
Iter-0; loss: 0.1283;time per batch:0.1046s
Epoch-1605
————————————————
Iter-0; loss: 0.1640;time per batch:0.1034s
Epoch-1606
————————————————
Iter-0; loss: 0.1837;time per batch:0.1015s
Epoch-1607
————————————————
Iter-0; loss: 0.1384;time per batch:0.1021s
Epoch-1608
————————————————
Iter-0; loss: 0.2010;time per batch:0.1015s
Epoch-1609
————————————————
Iter-0; loss: 0.2116;time per batch:0.1034s
Epoch-1610
————————————————
Iter-0; loss: 0.2328;time per batch:0.1000s
Epoch-1611
————————————————
Iter-0; loss: 0.1704;time per batch:0.1045s
Epoch-1612
————————————————
Iter-0; loss: 0.2308;time per batch:0.1032s
Epoch-1613
————————————————
Iter-0; loss: 0.1450;time per batch:0.1034s
Epoch-1614
————————————————
Iter-0; loss: 0.1812;time per batch:0.1074s
Epoch-1615
————————————————
Iter-0; loss: 0.1621;time per batch:0.1044s
Epoch-1616
————————————————
Iter-0; loss: 0.1470;time per batch:0.1038s
Epoch-1617
————————————————
Iter-0; loss: 0.1746;time per batch:0.1015s
Epoch-1618
————————————————
Iter-0; loss: 0.1306;time per batch:0.1026s
Epoch-1619
————————————————
Iter-0; loss: 0.1928;time per batch:0.1053s
Epoch-1620
————————————————
Iter-0; loss: 0.1725;time per batch:0.1062s
Epoch-1621
————————————————
Iter-0; loss: 0.1341;time per batch:0.1047s
Epoch-1622
————————————————
Iter-0; loss: 0.2628;time per batch:0.1021s
Epoch-1623
————————————————
Iter-0; loss: 0.1697;time per batch:0.1006s
Epoch-1624
————————————————
Iter-0; loss: 0.2539;time per batch:0.1028s
Epoch-1625
————————————————
Iter-0; loss: 0.1736;time per batch:0.1042s
Epoch-1626
————————————————
Iter-0; loss: 0.2420;time per batch:0.0994s
Epoch-1627
————————————————
Iter-0; loss: 0.1436;time per batch:0.1012s
Epoch-1628
————————————————
Iter-0; loss: 0.2280;time per batch:0.1017s
Epoch-1629
————————————————
Iter-0; loss: 0.1421;time per batch:0.1013s
Epoch-1630
————————————————
Iter-0; loss: 0.1894;time per batch:0.1028s
Epoch-1631
————————————————
Iter-0; loss: 0.2149;time per batch:0.1020s
Epoch-1632
————————————————
Iter-0; loss: 0.1607;time per batch:0.1040s
Epoch-1633
————————————————
Iter-0; loss: 0.1419;time per batch:0.1055s
Epoch-1634
————————————————
Iter-0; loss: 0.1319;time per batch:0.1052s
Epoch-1635
————————————————
Iter-0; loss: 0.1797;time per batch:0.1050s
Epoch-1636
————————————————
Iter-0; loss: 0.1533;time per batch:0.1022s
Epoch-1637
————————————————
Iter-0; loss: 0.1604;time per batch:0.1011s
Epoch-1638
————————————————
Iter-0; loss: 0.1462;time per batch:0.1029s
Epoch-1639
————————————————
Iter-0; loss: 0.1438;time per batch:0.1019s
Epoch-1640
————————————————
Iter-0; loss: 0.2345;time per batch:0.1028s
Epoch-1641
————————————————
Iter-0; loss: 0.1813;time per batch:0.1017s
Epoch-1642
————————————————
Iter-0; loss: 0.2153;time per batch:0.1028s
Epoch-1643
————————————————
Iter-0; loss: 0.1610;time per batch:0.1032s
Epoch-1644
————————————————
Iter-0; loss: 0.1326;time per batch:0.1034s
Epoch-1645
————————————————
Iter-0; loss: 0.1541;time per batch:0.1021s
Epoch-1646
————————————————
Iter-0; loss: 0.1694;time per batch:0.1042s
Epoch-1647
————————————————
Iter-0; loss: 0.2292;time per batch:0.1026s
Epoch-1648
————————————————
Iter-0; loss: 0.1475;time per batch:0.1028s
Epoch-1649
————————————————
Iter-0; loss: 0.1481;time per batch:0.1004s
Epoch-1650
————————————————
Iter-0; loss: 0.2407;time per batch:0.1025s
Epoch-1651
————————————————
Iter-0; loss: 0.1724;time per batch:0.1042s
Epoch-1652
————————————————
Iter-0; loss: 0.1766;time per batch:0.1015s
Epoch-1653
————————————————
Iter-0; loss: 0.1367;time per batch:0.1027s
Epoch-1654
————————————————
Iter-0; loss: 0.1891;time per batch:0.1021s
Epoch-1655
————————————————
Iter-0; loss: 0.1597;time per batch:0.1062s
Epoch-1656
————————————————
Iter-0; loss: 0.1194;time per batch:0.1467s
Epoch-1657
————————————————
Iter-0; loss: 0.2344;time per batch:0.1004s
Epoch-1658
————————————————
Iter-0; loss: 0.1771;time per batch:0.1032s
Epoch-1659
————————————————
Iter-0; loss: 0.2286;time per batch:0.1010s
Epoch-1660
————————————————
Iter-0; loss: 0.1436;time per batch:0.1026s
Epoch-1661
————————————————
Iter-0; loss: 0.1413;time per batch:0.1000s
Epoch-1662
————————————————
Iter-0; loss: 0.1715;time per batch:0.1014s
Epoch-1663
————————————————
Iter-0; loss: 0.1519;time per batch:0.1014s
Epoch-1664
————————————————
Iter-0; loss: 0.1721;time per batch:0.1051s
Epoch-1665
————————————————
Iter-0; loss: 0.1187;time per batch:0.1165s
Epoch-1666
————————————————
Iter-0; loss: 0.2441;time per batch:0.1011s
Epoch-1667
————————————————
Iter-0; loss: 0.1781;time per batch:0.1069s
Epoch-1668
————————————————
Iter-0; loss: 0.1286;time per batch:0.1023s
Epoch-1669
————————————————
Iter-0; loss: 0.1380;time per batch:0.1011s
Epoch-1670
————————————————
Iter-0; loss: 0.1642;time per batch:0.1038s
Epoch-1671
————————————————
Iter-0; loss: 0.1506;time per batch:0.1013s
Epoch-1672
————————————————
Iter-0; loss: 0.1900;time per batch:0.1025s
Epoch-1673
————————————————
Iter-0; loss: 0.2646;time per batch:0.1043s
Epoch-1674
————————————————
Iter-0; loss: 0.1446;time per batch:0.1035s
Epoch-1675
————————————————
Iter-0; loss: 0.1591;time per batch:0.1030s
Epoch-1676
————————————————
Iter-0; loss: 0.1618;time per batch:0.1045s
Epoch-1677
————————————————
Iter-0; loss: 0.1295;time per batch:0.1029s
Epoch-1678
————————————————
Iter-0; loss: 0.1721;time per batch:0.1024s
Epoch-1679
————————————————
Iter-0; loss: 0.1438;time per batch:0.1033s
Epoch-1680
————————————————
Iter-0; loss: 0.1607;time per batch:0.1034s
Epoch-1681
————————————————
Iter-0; loss: 0.1393;time per batch:0.1022s
Epoch-1682
————————————————
Iter-0; loss: 0.1612;time per batch:0.1054s
Epoch-1683
————————————————
Iter-0; loss: 0.1663;time per batch:0.1022s
Epoch-1684
————————————————
Iter-0; loss: 0.1418;time per batch:0.1044s
Epoch-1685
————————————————
Iter-0; loss: 0.1705;time per batch:0.1022s
Epoch-1686
————————————————
Iter-0; loss: 0.1239;time per batch:0.1010s
Epoch-1687
————————————————
Iter-0; loss: 0.1472;time per batch:0.1041s
Epoch-1688
————————————————
Iter-0; loss: 0.1766;time per batch:0.1015s
Epoch-1689
————————————————
Iter-0; loss: 0.1723;time per batch:0.1011s
Epoch-1690
————————————————
Iter-0; loss: 0.1916;time per batch:0.1012s
Epoch-1691
————————————————
Iter-0; loss: 0.1666;time per batch:0.1032s
Epoch-1692
————————————————
Iter-0; loss: 0.1878;time per batch:0.1033s
Epoch-1693
————————————————
Iter-0; loss: 0.1604;time per batch:0.1054s
Epoch-1694
————————————————
Iter-0; loss: 0.1466;time per batch:0.1018s
Epoch-1695
————————————————
Iter-0; loss: 0.1436;time per batch:0.1022s
Epoch-1696
————————————————
Iter-0; loss: 0.1921;time per batch:0.1018s
Epoch-1697
————————————————
Iter-0; loss: 0.1648;time per batch:0.1012s
Epoch-1698
————————————————
Iter-0; loss: 0.2318;time per batch:0.1009s
Epoch-1699
————————————————
Iter-0; loss: 0.1406;time per batch:0.1042s
Epoch-1700
————————————————
Iter-0; loss: 0.1692;time per batch:0.1016s
Epoch-1701
————————————————
Iter-0; loss: 0.1743;time per batch:0.1003s
Epoch-1702
————————————————
Iter-0; loss: 0.1389;time per batch:0.1009s
Epoch-1703
————————————————
Iter-0; loss: 0.1636;time per batch:0.1022s
Epoch-1704
————————————————
Iter-0; loss: 0.1793;time per batch:0.1016s
Epoch-1705
————————————————
Iter-0; loss: 0.1415;time per batch:0.1042s
Epoch-1706
————————————————
Iter-0; loss: 0.1402;time per batch:0.1045s
Epoch-1707
————————————————
Iter-0; loss: 0.1719;time per batch:0.1006s
Epoch-1708
————————————————
Iter-0; loss: 0.1554;time per batch:0.1005s
Epoch-1709
————————————————
Iter-0; loss: 0.1336;time per batch:0.1009s
Epoch-1710
————————————————
Iter-0; loss: 0.1642;time per batch:0.1012s
Epoch-1711
————————————————
Iter-0; loss: 0.1234;time per batch:0.1010s
Epoch-1712
————————————————
Iter-0; loss: 0.1386;time per batch:0.1013s
Epoch-1713
————————————————
Iter-0; loss: 0.1671;time per batch:0.1050s
Epoch-1714
————————————————
Iter-0; loss: 0.1476;time per batch:0.1007s
Epoch-1715
————————————————
Iter-0; loss: 0.1515;time per batch:0.1020s
Epoch-1716
————————————————
Iter-0; loss: 0.1519;time per batch:0.1033s
Epoch-1717
————————————————
Iter-0; loss: 0.2463;time per batch:0.0996s
Epoch-1718
————————————————
Iter-0; loss: 0.1560;time per batch:0.1061s
Epoch-1719
————————————————
Iter-0; loss: 0.1522;time per batch:0.1015s
Epoch-1720
————————————————
Iter-0; loss: 0.1475;time per batch:0.1027s
Epoch-1721
————————————————
Iter-0; loss: 0.1709;time per batch:0.1034s
Epoch-1722
————————————————
Iter-0; loss: 0.2491;time per batch:0.1055s
Epoch-1723
————————————————
Iter-0; loss: 0.1872;time per batch:0.1034s
Epoch-1724
————————————————
Iter-0; loss: 0.1599;time per batch:0.1036s
Epoch-1725
————————————————
Iter-0; loss: 0.1424;time per batch:0.1016s
Epoch-1726
————————————————
Iter-0; loss: 0.1986;time per batch:0.1048s
Epoch-1727
————————————————
Iter-0; loss: 0.1359;time per batch:0.1011s
Epoch-1728
————————————————
Iter-0; loss: 0.1517;time per batch:0.1039s
Epoch-1729
————————————————
Iter-0; loss: 0.1356;time per batch:0.1043s
Epoch-1730
————————————————
Iter-0; loss: 0.1246;time per batch:0.1025s
Epoch-1731
————————————————
Iter-0; loss: 0.1434;time per batch:0.1027s
Epoch-1732
————————————————
Iter-0; loss: 0.2173;time per batch:0.1092s
Epoch-1733
————————————————
Iter-0; loss: 0.1320;time per batch:0.1038s
Epoch-1734
————————————————
Iter-0; loss: 0.1438;time per batch:0.1055s
Epoch-1735
————————————————
Iter-0; loss: 0.1223;time per batch:0.1078s
Epoch-1736
————————————————
Iter-0; loss: 0.1346;time per batch:0.1043s
Epoch-1737
————————————————
Iter-0; loss: 0.1519;time per batch:0.1037s
Epoch-1738
————————————————
Iter-0; loss: 0.1354;time per batch:0.1048s
Epoch-1739
————————————————
Iter-0; loss: 0.1586;time per batch:0.1021s
Epoch-1740
————————————————
Iter-0; loss: 0.1745;time per batch:0.1014s
Epoch-1741
————————————————
Iter-0; loss: 0.1550;time per batch:0.1015s
Epoch-1742
————————————————
Iter-0; loss: 0.1587;time per batch:0.1044s
Epoch-1743
————————————————
Iter-0; loss: 0.1138;time per batch:0.1050s
Epoch-1744
————————————————
Iter-0; loss: 0.1598;time per batch:0.1046s
Epoch-1745
————————————————
Iter-0; loss: 0.1397;time per batch:0.1074s
Epoch-1746
————————————————
Iter-0; loss: 0.1804;time per batch:0.1038s
Epoch-1747
————————————————
Iter-0; loss: 0.1374;time per batch:0.1045s
Epoch-1748
————————————————
Iter-0; loss: 0.1277;time per batch:0.1037s
Epoch-1749
————————————————
Iter-0; loss: 0.2171;time per batch:0.1027s
Epoch-1750
————————————————
Iter-0; loss: 0.2040;time per batch:0.1054s
validation results:
Mean Rank: 411
Mean RR: 0.2640
Hit@1: 0.2208
Hit@3: 0.2690
Hit@5: 0.3122
Hit@10: 0.3680
Epoch-1751
————————————————
Iter-0; loss: 0.2278;time per batch:0.1030s
Epoch-1752
————————————————
Iter-0; loss: 0.1384;time per batch:0.1053s
Epoch-1753
————————————————
Iter-0; loss: 0.1434;time per batch:0.1039s
Epoch-1754
————————————————
Iter-0; loss: 0.1583;time per batch:0.1033s
Epoch-1755
————————————————
Iter-0; loss: 0.1583;time per batch:0.1053s
Epoch-1756
————————————————
Iter-0; loss: 0.1162;time per batch:0.1038s
Epoch-1757
————————————————
Iter-0; loss: 0.1316;time per batch:0.1056s
Epoch-1758
————————————————
Iter-0; loss: 0.1588;time per batch:0.1031s
Epoch-1759
————————————————
Iter-0; loss: 0.1686;time per batch:0.1056s
Epoch-1760
————————————————
Iter-0; loss: 0.1294;time per batch:0.1029s
Epoch-1761
————————————————
Iter-0; loss: 0.1536;time per batch:0.1046s
Epoch-1762
————————————————
Iter-0; loss: 0.1673;time per batch:0.1041s
Epoch-1763
————————————————
Iter-0; loss: 0.1532;time per batch:0.1051s
Epoch-1764
————————————————
Iter-0; loss: 0.1413;time per batch:0.1044s
Epoch-1765
————————————————
Iter-0; loss: 0.1411;time per batch:0.1043s
Epoch-1766
————————————————
Iter-0; loss: 0.1558;time per batch:0.1079s
Epoch-1767
————————————————
Iter-0; loss: 0.1873;time per batch:0.1039s
Epoch-1768
————————————————
Iter-0; loss: 0.1443;time per batch:0.1120s
Epoch-1769
————————————————
Iter-0; loss: 0.1328;time per batch:0.1063s
Epoch-1770
————————————————
Iter-0; loss: 0.2066;time per batch:0.1077s
Epoch-1771
————————————————
Iter-0; loss: 0.2281;time per batch:0.1028s
Epoch-1772
————————————————
Iter-0; loss: 0.1199;time per batch:0.1043s
Epoch-1773
————————————————
Iter-0; loss: 0.1239;time per batch:0.1055s
Epoch-1774
————————————————
Iter-0; loss: 0.1472;time per batch:0.1052s
Epoch-1775
————————————————
Iter-0; loss: 0.1532;time per batch:0.1069s
Epoch-1776
————————————————
Iter-0; loss: 0.2080;time per batch:0.1024s
Epoch-1777
————————————————
Iter-0; loss: 0.1300;time per batch:0.1115s
Epoch-1778
————————————————
Iter-0; loss: 0.1453;time per batch:0.1071s
Epoch-1779
————————————————
Iter-0; loss: 0.1418;time per batch:0.1019s
Epoch-1780
————————————————
Iter-0; loss: 0.1492;time per batch:0.1064s
Epoch-1781
————————————————
Iter-0; loss: 0.1839;time per batch:0.1034s
Epoch-1782
————————————————
Iter-0; loss: 0.2216;time per batch:0.1051s
Epoch-1783
————————————————
Iter-0; loss: 0.2286;time per batch:0.1079s
Epoch-1784
————————————————
Iter-0; loss: 0.1456;time per batch:0.1047s
Epoch-1785
————————————————
Iter-0; loss: 0.1514;time per batch:0.1026s
Epoch-1786
————————————————
Iter-0; loss: 0.1300;time per batch:0.1046s
Epoch-1787
————————————————
Iter-0; loss: 0.1230;time per batch:0.1041s
Epoch-1788
————————————————
Iter-0; loss: 0.2198;time per batch:0.1044s
Epoch-1789
————————————————
Iter-0; loss: 0.1088;time per batch:0.1073s
Epoch-1790
————————————————
Iter-0; loss: 0.1407;time per batch:0.1037s
Epoch-1791
————————————————
Iter-0; loss: 0.1621;time per batch:0.1085s
Epoch-1792
————————————————
Iter-0; loss: 0.1001;time per batch:0.1034s
Epoch-1793
————————————————
Iter-0; loss: 0.1284;time per batch:0.1021s
Epoch-1794
————————————————
Iter-0; loss: 0.1499;time per batch:0.1023s
Epoch-1795
————————————————
Iter-0; loss: 0.1389;time per batch:0.1016s
Epoch-1796
————————————————
Iter-0; loss: 0.1225;time per batch:0.1029s
Epoch-1797
————————————————
Iter-0; loss: 0.1246;time per batch:0.1052s
Epoch-1798
————————————————
Iter-0; loss: 0.1394;time per batch:0.1059s
Epoch-1799
————————————————
Iter-0; loss: 0.1443;time per batch:0.1080s
Epoch-1800
————————————————
Iter-0; loss: 0.2181;time per batch:0.1083s
Epoch-1801
————————————————
Iter-0; loss: 0.1417;time per batch:0.1053s
Epoch-1802
————————————————
Iter-0; loss: 0.1597;time per batch:0.1075s
Epoch-1803
————————————————
Iter-0; loss: 0.1367;time per batch:0.1027s
Epoch-1804
————————————————
Iter-0; loss: 0.1411;time per batch:0.1031s
Epoch-1805
————————————————
Iter-0; loss: 0.1455;time per batch:0.1071s
Epoch-1806
————————————————
Iter-0; loss: 0.1940;time per batch:0.1028s
Epoch-1807
————————————————
Iter-0; loss: 0.1389;time per batch:0.1017s
Epoch-1808
————————————————
Iter-0; loss: 0.1444;time per batch:0.1069s
Epoch-1809
————————————————
Iter-0; loss: 0.2088;time per batch:0.1034s
Epoch-1810
————————————————
Iter-0; loss: 0.1322;time per batch:0.1035s
Epoch-1811
————————————————
Iter-0; loss: 0.1582;time per batch:0.1081s
Epoch-1812
————————————————
Iter-0; loss: 0.1144;time per batch:0.1089s
Epoch-1813
————————————————
Iter-0; loss: 0.2188;time per batch:0.1040s
Epoch-1814
————————————————
Iter-0; loss: 0.1560;time per batch:0.1036s
Epoch-1815
————————————————
Iter-0; loss: 0.1261;time per batch:0.1032s
Epoch-1816
————————————————
Iter-0; loss: 0.1243;time per batch:0.1028s
Epoch-1817
————————————————
Iter-0; loss: 0.1299;time per batch:0.1030s
Epoch-1818
————————————————
Iter-0; loss: 0.1420;time per batch:0.1039s
Epoch-1819
————————————————
Iter-0; loss: 0.1291;time per batch:0.1029s
Epoch-1820
————————————————
Iter-0; loss: 0.1498;time per batch:0.1042s
Epoch-1821
————————————————
Iter-0; loss: 0.1718;time per batch:0.1032s
Epoch-1822
————————————————
Iter-0; loss: 0.1440;time per batch:0.1021s
Epoch-1823
————————————————
Iter-0; loss: 0.1250;time per batch:0.1009s
Epoch-1824
————————————————
Iter-0; loss: 0.1739;time per batch:0.1017s
Epoch-1825
————————————————
Iter-0; loss: 0.1493;time per batch:0.1054s
Epoch-1826
————————————————
Iter-0; loss: 0.1453;time per batch:0.1037s
Epoch-1827
————————————————
Iter-0; loss: 0.1675;time per batch:0.1024s
Epoch-1828
————————————————
Iter-0; loss: 0.1347;time per batch:0.1031s
Epoch-1829
————————————————
Iter-0; loss: 0.1327;time per batch:0.1014s
Epoch-1830
————————————————
Iter-0; loss: 0.1292;time per batch:0.1027s
Epoch-1831
————————————————
Iter-0; loss: 0.1261;time per batch:0.1029s
Epoch-1832
————————————————
Iter-0; loss: 0.1863;time per batch:0.1020s
Epoch-1833
————————————————
Iter-0; loss: 0.2122;time per batch:0.1020s
Epoch-1834
————————————————
Iter-0; loss: 0.1718;time per batch:0.1026s
Epoch-1835
————————————————
Iter-0; loss: 0.1506;time per batch:0.1015s
Epoch-1836
————————————————
Iter-0; loss: 0.1191;time per batch:0.1050s
Epoch-1837
————————————————
Iter-0; loss: 0.1302;time per batch:0.1017s
Epoch-1838
————————————————
Iter-0; loss: 0.2556;time per batch:0.1025s
Epoch-1839
————————————————
Iter-0; loss: 0.2001;time per batch:0.1031s
Epoch-1840
————————————————
Iter-0; loss: 0.1416;time per batch:0.1051s
Epoch-1841
————————————————
Iter-0; loss: 0.1253;time per batch:0.1030s
Epoch-1842
————————————————
Iter-0; loss: 0.1207;time per batch:0.1057s
Epoch-1843
————————————————
Iter-0; loss: 0.1743;time per batch:0.1008s
Epoch-1844
————————————————
Iter-0; loss: 0.1364;time per batch:0.1040s
Epoch-1845
————————————————
Iter-0; loss: 0.1635;time per batch:0.1019s
Epoch-1846
————————————————
Iter-0; loss: 0.1390;time per batch:0.1015s
Epoch-1847
————————————————
Iter-0; loss: 0.1301;time per batch:0.1089s
Epoch-1848
————————————————
Iter-0; loss: 0.1257;time per batch:0.1017s
Epoch-1849
————————————————
Iter-0; loss: 0.1356;time per batch:0.1031s
Epoch-1850
————————————————
Iter-0; loss: 0.1527;time per batch:0.1027s
Epoch-1851
————————————————
Iter-0; loss: 0.1261;time per batch:0.1025s
Epoch-1852
————————————————
Iter-0; loss: 0.1562;time per batch:0.1025s
Epoch-1853
————————————————
Iter-0; loss: 0.1336;time per batch:0.1057s
Epoch-1854
————————————————
Iter-0; loss: 0.1260;time per batch:0.1039s
Epoch-1855
————————————————
Iter-0; loss: 0.1729;time per batch:0.1031s
Epoch-1856
————————————————
Iter-0; loss: 0.2192;time per batch:0.1057s
Epoch-1857
————————————————
Iter-0; loss: 0.1369;time per batch:0.1052s
Epoch-1858
————————————————
Iter-0; loss: 0.1398;time per batch:0.1047s
Epoch-1859
————————————————
Iter-0; loss: 0.1319;time per batch:0.1059s
Epoch-1860
————————————————
Iter-0; loss: 0.1475;time per batch:0.1028s
Epoch-1861
————————————————
Iter-0; loss: 0.1587;time per batch:0.1067s
Epoch-1862
————————————————
Iter-0; loss: 0.1575;time per batch:0.1063s
Epoch-1863
————————————————
Iter-0; loss: 0.1121;time per batch:0.1169s
Epoch-1864
————————————————
Iter-0; loss: 0.1316;time per batch:0.1061s
Epoch-1865
————————————————
Iter-0; loss: 0.1576;time per batch:0.1063s
Epoch-1866
————————————————
Iter-0; loss: 0.1386;time per batch:0.1086s
Epoch-1867
————————————————
Iter-0; loss: 0.1906;time per batch:0.1044s
Epoch-1868
————————————————
Iter-0; loss: 0.1320;time per batch:0.1053s
Epoch-1869
————————————————
Iter-0; loss: 0.1197;time per batch:0.1054s
Epoch-1870
————————————————
Iter-0; loss: 0.1408;time per batch:0.1035s
Epoch-1871
————————————————
Iter-0; loss: 0.1425;time per batch:0.1044s
Epoch-1872
————————————————
Iter-0; loss: 0.1308;time per batch:0.1085s
Epoch-1873
————————————————
Iter-0; loss: 0.1556;time per batch:0.1050s
Epoch-1874
————————————————
Iter-0; loss: 0.1167;time per batch:0.1033s
Epoch-1875
————————————————
Iter-0; loss: 0.1180;time per batch:0.1035s
Epoch-1876
————————————————
Iter-0; loss: 0.1991;time per batch:0.1065s
Epoch-1877
————————————————
Iter-0; loss: 0.1353;time per batch:0.1042s
Epoch-1878
————————————————
Iter-0; loss: 0.1389;time per batch:0.1043s
Epoch-1879
————————————————
Iter-0; loss: 0.1237;time per batch:0.1075s
Epoch-1880
————————————————
Iter-0; loss: 0.1207;time per batch:0.1085s
Epoch-1881
————————————————
Iter-0; loss: 0.2117;time per batch:0.1052s
Epoch-1882
————————————————
Iter-0; loss: 0.1667;time per batch:0.1036s
Epoch-1883
————————————————
Iter-0; loss: 0.1476;time per batch:0.1056s
Epoch-1884
————————————————
Iter-0; loss: 0.1598;time per batch:0.1059s
Epoch-1885
————————————————
Iter-0; loss: 0.1116;time per batch:0.1037s
Epoch-1886
————————————————
Iter-0; loss: 0.1520;time per batch:0.1044s
Epoch-1887
————————————————
Iter-0; loss: 0.1217;time per batch:0.1057s
Epoch-1888
————————————————
Iter-0; loss: 0.1356;time per batch:0.1054s
Epoch-1889
————————————————
Iter-0; loss: 0.1296;time per batch:0.1031s
Epoch-1890
————————————————
Iter-0; loss: 0.1393;time per batch:0.1054s
Epoch-1891
————————————————
Iter-0; loss: 0.1356;time per batch:0.1051s
Epoch-1892
————————————————
Iter-0; loss: 0.1208;time per batch:0.1030s
Epoch-1893
————————————————
Iter-0; loss: 0.1263;time per batch:0.1074s
Epoch-1894
————————————————
Iter-0; loss: 0.1328;time per batch:0.1039s
Epoch-1895
————————————————
Iter-0; loss: 0.1434;time per batch:0.1047s
Epoch-1896
————————————————
Iter-0; loss: 0.1310;time per batch:0.1031s
Epoch-1897
————————————————
Iter-0; loss: 0.2004;time per batch:0.1049s
Epoch-1898
————————————————
Iter-0; loss: 0.1455;time per batch:0.1055s
Epoch-1899
————————————————
Iter-0; loss: 0.1292;time per batch:0.1076s
Epoch-1900
————————————————
Iter-0; loss: 0.1358;time per batch:0.1077s
Epoch-1901
————————————————
Iter-0; loss: 0.1978;time per batch:0.1047s
Epoch-1902
————————————————
Iter-0; loss: 0.1557;time per batch:0.1028s
Epoch-1903
————————————————
Iter-0; loss: 0.1283;time per batch:0.1042s
Epoch-1904
————————————————
Iter-0; loss: 0.1494;time per batch:0.1036s
Epoch-1905
————————————————
Iter-0; loss: 0.1392;time per batch:0.1066s
Epoch-1906
————————————————
Iter-0; loss: 0.1116;time per batch:0.1036s
Epoch-1907
————————————————
Iter-0; loss: 0.1492;time per batch:0.1043s
Epoch-1908
————————————————
Iter-0; loss: 0.1394;time per batch:0.1026s
Epoch-1909
————————————————
Iter-0; loss: 0.1541;time per batch:0.1077s
Epoch-1910
————————————————
Iter-0; loss: 0.2149;time per batch:0.1079s
Epoch-1911
————————————————
Iter-0; loss: 0.1412;time per batch:0.1055s
Epoch-1912
————————————————
Iter-0; loss: 0.1226;time per batch:0.1084s
Epoch-1913
————————————————
Iter-0; loss: 0.1511;time per batch:0.1062s
Epoch-1914
————————————————
Iter-0; loss: 0.1445;time per batch:0.1048s
Epoch-1915
————————————————
Iter-0; loss: 0.2050;time per batch:0.1055s
Epoch-1916
————————————————
Iter-0; loss: 0.1172;time per batch:0.1067s
Epoch-1917
————————————————
Iter-0; loss: 0.1350;time per batch:0.1064s
Epoch-1918
————————————————
Iter-0; loss: 0.1299;time per batch:0.1138s
Epoch-1919
————————————————
Iter-0; loss: 0.2079;time per batch:0.1028s
Epoch-1920
————————————————
Iter-0; loss: 0.2008;time per batch:0.1075s
Epoch-1921
————————————————
Iter-0; loss: 0.1301;time per batch:0.1054s
Epoch-1922
————————————————
Iter-0; loss: 0.1406;time per batch:0.1094s
Epoch-1923
————————————————
Iter-0; loss: 0.1171;time per batch:0.1043s
Epoch-1924
————————————————
Iter-0; loss: 0.1355;time per batch:0.1097s
Epoch-1925
————————————————
Iter-0; loss: 0.1506;time per batch:0.1041s
Epoch-1926
————————————————
Iter-0; loss: 0.1126;time per batch:0.1037s
Epoch-1927
————————————————
Iter-0; loss: 0.1111;time per batch:0.1029s
Epoch-1928
————————————————
Iter-0; loss: 0.1455;time per batch:0.1023s
Epoch-1929
————————————————
Iter-0; loss: 0.1563;time per batch:0.1045s
Epoch-1930
————————————————
Iter-0; loss: 0.1804;time per batch:0.1036s
Epoch-1931
————————————————
Iter-0; loss: 0.1150;time per batch:0.1040s
Epoch-1932
————————————————
Iter-0; loss: 0.1219;time per batch:0.1056s
Epoch-1933
————————————————
Iter-0; loss: 0.1426;time per batch:0.1039s
Epoch-1934
————————————————
Iter-0; loss: 0.1423;time per batch:0.1056s
Epoch-1935
————————————————
Iter-0; loss: 0.1442;time per batch:0.1040s
Epoch-1936
————————————————
Iter-0; loss: 0.1517;time per batch:0.1049s
Epoch-1937
————————————————
Iter-0; loss: 0.1580;time per batch:0.1039s
Epoch-1938
————————————————
Iter-0; loss: 0.1245;time per batch:0.1037s
Epoch-1939
————————————————
Iter-0; loss: 0.1385;time per batch:0.1032s
Epoch-1940
————————————————
Iter-0; loss: 0.1345;time per batch:0.1057s
Epoch-1941
————————————————
Iter-0; loss: 0.1202;time per batch:0.1043s
Epoch-1942
————————————————
Iter-0; loss: 0.1182;time per batch:0.1075s
Epoch-1943
————————————————
Iter-0; loss: 0.1334;time per batch:0.1043s
Epoch-1944
————————————————
Iter-0; loss: 0.1383;time per batch:0.1032s
Epoch-1945
————————————————
Iter-0; loss: 0.1260;time per batch:0.1029s
Epoch-1946
————————————————
Iter-0; loss: 0.1332;time per batch:0.1035s
Epoch-1947
————————————————
Iter-0; loss: 0.1352;time per batch:0.1058s
Epoch-1948
————————————————
Iter-0; loss: 0.1402;time per batch:0.1035s
Epoch-1949
————————————————
Iter-0; loss: 0.1329;time per batch:0.1043s
Epoch-1950
————————————————
Iter-0; loss: 0.1271;time per batch:0.1034s
Epoch-1951
————————————————
Iter-0; loss: 0.1093;time per batch:0.1030s
Epoch-1952
————————————————
Iter-0; loss: 0.1369;time per batch:0.1024s
Epoch-1953
————————————————
Iter-0; loss: 0.1398;time per batch:0.1018s
Epoch-1954
————————————————
Iter-0; loss: 0.1549;time per batch:0.1004s
Epoch-1955
————————————————
Iter-0; loss: 0.1354;time per batch:0.1025s
Epoch-1956
————————————————
Iter-0; loss: 0.1443;time per batch:0.1024s
Epoch-1957
————————————————
Iter-0; loss: 0.1698;time per batch:0.1013s
Epoch-1958
————————————————
Iter-0; loss: 0.1963;time per batch:0.1034s
Epoch-1959
————————————————
Iter-0; loss: 0.1806;time per batch:0.1020s
Epoch-1960
————————————————
Iter-0; loss: 0.1248;time per batch:0.1057s
Epoch-1961
————————————————
Iter-0; loss: 0.1364;time per batch:0.1033s
Epoch-1962
————————————————
Iter-0; loss: 0.1403;time per batch:0.1025s
Epoch-1963
————————————————
Iter-0; loss: 0.1076;time per batch:0.1012s
Epoch-1964
————————————————
Iter-0; loss: 0.1423;time per batch:0.1003s
Epoch-1965
————————————————
Iter-0; loss: 0.1432;time per batch:0.1020s
Epoch-1966
————————————————
Iter-0; loss: 0.1805;time per batch:0.1020s
Epoch-1967
————————————————
Iter-0; loss: 0.1222;time per batch:0.1013s
Epoch-1968
————————————————
Iter-0; loss: 0.2061;time per batch:0.1032s
Epoch-1969
————————————————
Iter-0; loss: 0.1430;time per batch:0.1027s
Epoch-1970
————————————————
Iter-0; loss: 0.1788;time per batch:0.1029s
Epoch-1971
————————————————
Iter-0; loss: 0.1434;time per batch:0.1024s
Epoch-1972
————————————————
Iter-0; loss: 0.1312;time per batch:0.1015s
Epoch-1973
————————————————
Iter-0; loss: 0.1410;time per batch:0.1026s
Epoch-1974
————————————————
Iter-0; loss: 0.2074;time per batch:0.1030s
Epoch-1975
————————————————
Iter-0; loss: 0.1251;time per batch:0.1022s
Epoch-1976
————————————————
Iter-0; loss: 0.1615;time per batch:0.1008s
Epoch-1977
————————————————
Iter-0; loss: 0.1261;time per batch:0.1041s
Epoch-1978
————————————————
Iter-0; loss: 0.1159;time per batch:0.1027s
Epoch-1979
————————————————
Iter-0; loss: 0.2057;time per batch:0.1044s
Epoch-1980
————————————————
Iter-0; loss: 0.1216;time per batch:0.1065s
Epoch-1981
————————————————
Iter-0; loss: 0.1321;time per batch:0.1045s
Epoch-1982
————————————————
Iter-0; loss: 0.1411;time per batch:0.1064s
Epoch-1983
————————————————
Iter-0; loss: 0.1164;time per batch:0.1112s
Epoch-1984
————————————————
Iter-0; loss: 0.1194;time per batch:0.1045s
Epoch-1985
————————————————
Iter-0; loss: 0.1329;time per batch:0.1044s
Epoch-1986
————————————————
Iter-0; loss: 0.1314;time per batch:0.1094s
Epoch-1987
————————————————
Iter-0; loss: 0.1336;time per batch:0.1059s
Epoch-1988
————————————————
Iter-0; loss: 0.1478;time per batch:0.1031s
Epoch-1989
————————————————
Iter-0; loss: 0.1334;time per batch:0.1066s
Epoch-1990
————————————————
Iter-0; loss: 0.1117;time per batch:0.1040s
Epoch-1991
————————————————
Iter-0; loss: 0.1814;time per batch:0.1052s
Epoch-1992
————————————————
Iter-0; loss: 0.1294;time per batch:0.1068s
Epoch-1993
————————————————
Iter-0; loss: 0.1356;time per batch:0.1031s
Epoch-1994
————————————————
Iter-0; loss: 0.1310;time per batch:0.1030s
Epoch-1995
————————————————
Iter-0; loss: 0.1494;time per batch:0.1026s
Epoch-1996
————————————————
Iter-0; loss: 0.1511;time per batch:0.1087s
Epoch-1997
————————————————
Iter-0; loss: 0.2121;time per batch:0.1055s
Epoch-1998
————————————————
Iter-0; loss: 0.1390;time per batch:0.1046s
Epoch-1999
————————————————
Iter-0; loss: 0.1266;time per batch:0.1057s
Epoch-2000
————————————————
Iter-0; loss: 0.1249;time per batch:0.1048s
validation results:
Mean Rank: 406
Mean RR: 0.2680
Hit@1: 0.2234
Hit@3: 0.2766
Hit@5: 0.3223
Hit@10: 0.3629
Epoch-2001
————————————————
Iter-0; loss: 0.1377;time per batch:0.1037s
Epoch-2002
————————————————
Iter-0; loss: 0.1521;time per batch:0.1030s
Epoch-2003
————————————————
Iter-0; loss: 0.1223;time per batch:0.1053s
Epoch-2004
————————————————
Iter-0; loss: 0.1317;time per batch:0.1015s
Epoch-2005
————————————————
Iter-0; loss: 0.2083;time per batch:0.1024s
Epoch-2006
————————————————
Iter-0; loss: 0.1295;time per batch:0.1025s
Epoch-2007
————————————————
Iter-0; loss: 0.1380;time per batch:0.1002s
Epoch-2008
————————————————
Iter-0; loss: 0.1550;time per batch:0.1036s
Epoch-2009
————————————————
Iter-0; loss: 0.1141;time per batch:0.1061s
Epoch-2010
————————————————
Iter-0; loss: 0.1394;time per batch:0.1016s
Epoch-2011
————————————————
Iter-0; loss: 0.1377;time per batch:0.1036s
Epoch-2012
————————————————
Iter-0; loss: 0.1531;time per batch:0.1053s
Epoch-2013
————————————————
Iter-0; loss: 0.1933;time per batch:0.1052s
Epoch-2014
————————————————
Iter-0; loss: 0.1187;time per batch:0.1052s
Epoch-2015
————————————————
Iter-0; loss: 0.1466;time per batch:0.1094s
Epoch-2016
————————————————
Iter-0; loss: 0.1867;time per batch:0.1018s
Epoch-2017
————————————————
Iter-0; loss: 0.1310;time per batch:0.1039s
Epoch-2018
————————————————
Iter-0; loss: 0.1274;time per batch:0.1014s
Epoch-2019
————————————————
Iter-0; loss: 0.2159;time per batch:0.1049s
Epoch-2020
————————————————
Iter-0; loss: 0.1539;time per batch:0.1052s
Epoch-2021
————————————————
Iter-0; loss: 0.1327;time per batch:0.1064s
Epoch-2022
————————————————
Iter-0; loss: 0.1282;time per batch:0.1060s
Epoch-2023
————————————————
Iter-0; loss: 0.1123;time per batch:0.1044s
Epoch-2024
————————————————
Iter-0; loss: 0.1901;time per batch:0.1036s
Epoch-2025
————————————————
Iter-0; loss: 0.1364;time per batch:0.1034s
Epoch-2026
————————————————
Iter-0; loss: 0.1525;time per batch:0.1091s
Epoch-2027
————————————————
Iter-0; loss: 0.1629;time per batch:0.1095s
Epoch-2028
————————————————
Iter-0; loss: 0.1197;time per batch:0.1043s
Epoch-2029
————————————————
Iter-0; loss: 0.1344;time per batch:0.1040s
Epoch-2030
————————————————
Iter-0; loss: 0.1118;time per batch:0.1092s
Epoch-2031
————————————————
Iter-0; loss: 0.1056;time per batch:0.1048s
Epoch-2032
————————————————
Iter-0; loss: 0.1905;time per batch:0.1045s
Epoch-2033
————————————————
Iter-0; loss: 0.1237;time per batch:0.1089s
Epoch-2034
————————————————
Iter-0; loss: 0.1384;time per batch:0.1028s
Epoch-2035
————————————————
Iter-0; loss: 0.1229;time per batch:0.1016s
Epoch-2036
————————————————
Iter-0; loss: 0.1302;time per batch:0.1037s
Epoch-2037
————————————————
Iter-0; loss: 0.1279;time per batch:0.1034s
Epoch-2038
————————————————
Iter-0; loss: 0.1181;time per batch:0.1030s
Epoch-2039
————————————————
Iter-0; loss: 0.1353;time per batch:0.1054s
Epoch-2040
————————————————
Iter-0; loss: 0.1304;time per batch:0.1025s
Epoch-2041
————————————————
Iter-0; loss: 0.1127;time per batch:0.1092s
Epoch-2042
————————————————
Iter-0; loss: 0.1215;time per batch:0.1008s
Epoch-2043
————————————————
Iter-0; loss: 0.1370;time per batch:0.1016s
Epoch-2044
————————————————
Iter-0; loss: 0.1854;time per batch:0.1022s
Epoch-2045
————————————————
Iter-0; loss: 0.1887;time per batch:0.1040s
Epoch-2046
————————————————
Iter-0; loss: 0.1538;time per batch:0.1114s
Epoch-2047
————————————————
Iter-0; loss: 0.1342;time per batch:0.1219s
Epoch-2048
————————————————
Iter-0; loss: 0.1108;time per batch:0.1029s
Epoch-2049
————————————————
Iter-0; loss: 0.1192;time per batch:0.1042s
Epoch-2050
————————————————
Iter-0; loss: 0.1404;time per batch:0.1036s
Epoch-2051
————————————————
Iter-0; loss: 0.1217;time per batch:0.1019s
Epoch-2052
————————————————
Iter-0; loss: 0.1410;time per batch:0.1006s
Epoch-2053
————————————————
Iter-0; loss: 0.1432;time per batch:0.1015s
Epoch-2054
————————————————
Iter-0; loss: 0.1764;time per batch:0.1030s
Epoch-2055
————————————————
Iter-0; loss: 0.1519;time per batch:0.1051s
Epoch-2056
————————————————
Iter-0; loss: 0.1271;time per batch:0.1025s
Epoch-2057
————————————————
Iter-0; loss: 0.2053;time per batch:0.1030s
Epoch-2058
————————————————
Iter-0; loss: 0.1111;time per batch:0.1057s
Epoch-2059
————————————————
Iter-0; loss: 0.1258;time per batch:0.1081s
Epoch-2060
————————————————
Iter-0; loss: 0.1255;time per batch:0.1066s
Epoch-2061
————————————————
Iter-0; loss: 0.2075;time per batch:0.1082s
Epoch-2062
————————————————
Iter-0; loss: 0.1944;time per batch:0.1018s
Epoch-2063
————————————————
Iter-0; loss: 0.2140;time per batch:0.1018s
Epoch-2064
————————————————
Iter-0; loss: 0.2219;time per batch:0.1039s
Epoch-2065
————————————————
Iter-0; loss: 0.1539;time per batch:0.1030s
Epoch-2066
————————————————
Iter-0; loss: 0.1200;time per batch:0.1014s
Epoch-2067
————————————————
Iter-0; loss: 0.1291;time per batch:0.1020s
Epoch-2068
————————————————
Iter-0; loss: 0.1484;time per batch:0.1042s
Epoch-2069
————————————————
Iter-0; loss: 0.1338;time per batch:0.1021s
Epoch-2070
————————————————
Iter-0; loss: 0.1239;time per batch:0.1024s
Epoch-2071
————————————————
Iter-0; loss: 0.1567;time per batch:0.1021s
Epoch-2072
————————————————
Iter-0; loss: 0.1948;time per batch:0.1031s
Epoch-2073
————————————————
Iter-0; loss: 0.1425;time per batch:0.1032s
Epoch-2074
————————————————
Iter-0; loss: 0.1367;time per batch:0.1026s
Epoch-2075
————————————————
Iter-0; loss: 0.1434;time per batch:0.1020s
Epoch-2076
————————————————
Iter-0; loss: 0.1194;time per batch:0.1041s
Epoch-2077
————————————————
Iter-0; loss: 0.1938;time per batch:0.1065s
Epoch-2078
————————————————
Iter-0; loss: 0.1005;time per batch:0.1065s
Epoch-2079
————————————————
Iter-0; loss: 0.1456;time per batch:0.1027s
Epoch-2080
————————————————
Iter-0; loss: 0.1144;time per batch:0.1042s
Epoch-2081
————————————————
Iter-0; loss: 0.1243;time per batch:0.1066s
Epoch-2082
————————————————
Iter-0; loss: 0.1907;time per batch:0.1087s
Epoch-2083
————————————————
Iter-0; loss: 0.1132;time per batch:0.1033s
Epoch-2084
————————————————
Iter-0; loss: 0.1562;time per batch:0.1038s
Epoch-2085
————————————————
Iter-0; loss: 0.1505;time per batch:0.1030s
Epoch-2086
————————————————
Iter-0; loss: 0.1126;time per batch:0.1033s
Epoch-2087
————————————————
Iter-0; loss: 0.1927;time per batch:0.1027s
Epoch-2088
————————————————
Iter-0; loss: 0.1253;time per batch:0.1046s
Epoch-2089
————————————————
Iter-0; loss: 0.1297;time per batch:0.1085s
Epoch-2090
————————————————
Iter-0; loss: 0.1318;time per batch:0.1305s
Epoch-2091
————————————————
Iter-0; loss: 0.1215;time per batch:0.1070s
Epoch-2092
————————————————
Iter-0; loss: 0.1195;time per batch:0.1050s
Epoch-2093
————————————————
Iter-0; loss: 0.1325;time per batch:0.1073s
Epoch-2094
————————————————
Iter-0; loss: 0.1307;time per batch:0.1050s
Epoch-2095
————————————————
Iter-0; loss: 0.1417;time per batch:0.1090s
Epoch-2096
————————————————
Iter-0; loss: 0.1314;time per batch:0.1061s
Epoch-2097
————————————————
Iter-0; loss: 0.1211;time per batch:0.1108s
Epoch-2098
————————————————
Iter-0; loss: 0.1498;time per batch:0.1107s
Epoch-2099
————————————————
Iter-0; loss: 0.1411;time per batch:0.1057s
Epoch-2100
————————————————
Iter-0; loss: 0.1312;time per batch:0.1048s
Epoch-2101
————————————————
Iter-0; loss: 0.2036;time per batch:0.1049s
Epoch-2102
————————————————
Iter-0; loss: 0.1238;time per batch:0.1058s
Epoch-2103
————————————————
Iter-0; loss: 0.1229;time per batch:0.1065s
Epoch-2104
————————————————
Iter-0; loss: 0.1516;time per batch:0.1063s
Epoch-2105
————————————————
Iter-0; loss: 0.1477;time per batch:0.1062s
Epoch-2106
————————————————
Iter-0; loss: 0.1992;time per batch:0.1058s
Epoch-2107
————————————————
Iter-0; loss: 0.1485;time per batch:0.1052s
Epoch-2108
————————————————
Iter-0; loss: 0.1184;time per batch:0.1059s
Epoch-2109
————————————————
Iter-0; loss: 0.1043;time per batch:0.1053s
Epoch-2110
————————————————
Iter-0; loss: 0.1336;time per batch:0.1060s
Epoch-2111
————————————————
Iter-0; loss: 0.1823;time per batch:0.1047s
Epoch-2112
————————————————
Iter-0; loss: 0.1476;time per batch:0.1138s
Epoch-2113
————————————————
Iter-0; loss: 0.1257;time per batch:0.1045s
Epoch-2114
————————————————
Iter-0; loss: 0.1380;time per batch:0.1048s
Epoch-2115
————————————————
Iter-0; loss: 0.1248;time per batch:0.1061s
Epoch-2116
————————————————
Iter-0; loss: 0.1276;time per batch:0.1048s
Epoch-2117
————————————————
Iter-0; loss: 0.1423;time per batch:0.1044s
Epoch-2118
————————————————
Iter-0; loss: 0.1124;time per batch:0.1057s
Epoch-2119
————————————————
Iter-0; loss: 0.1154;time per batch:0.1073s
Epoch-2120
————————————————
Iter-0; loss: 0.1402;time per batch:0.1104s
Epoch-2121
————————————————
Iter-0; loss: 0.2083;time per batch:0.1103s
Epoch-2122
————————————————
Iter-0; loss: 0.1169;time per batch:0.1064s
Epoch-2123
————————————————
Iter-0; loss: 0.1249;time per batch:0.1042s
Epoch-2124
————————————————
Iter-0; loss: 0.1676;time per batch:0.1084s
Epoch-2125
————————————————
Iter-0; loss: 0.1378;time per batch:0.1110s
Epoch-2126
————————————————
Iter-0; loss: 0.1197;time per batch:0.1057s
Epoch-2127
————————————————
Iter-0; loss: 0.1343;time per batch:0.1064s
Epoch-2128
————————————————
Iter-0; loss: 0.1307;time per batch:0.1038s
Epoch-2129
————————————————
Iter-0; loss: 0.1341;time per batch:0.1054s
Epoch-2130
————————————————
Iter-0; loss: 0.1376;time per batch:0.1060s
Epoch-2131
————————————————
Iter-0; loss: 0.1375;time per batch:0.1049s
Epoch-2132
————————————————
Iter-0; loss: 0.1242;time per batch:0.1056s
Epoch-2133
————————————————
Iter-0; loss: 0.1488;time per batch:0.1054s
Epoch-2134
————————————————
Iter-0; loss: 0.1375;time per batch:0.1102s
Epoch-2135
————————————————
Iter-0; loss: 0.1322;time per batch:0.1004s
Epoch-2136
————————————————
Iter-0; loss: 0.1500;time per batch:0.1061s
Epoch-2137
————————————————
Iter-0; loss: 0.1208;time per batch:0.1032s
Epoch-2138
————————————————
Iter-0; loss: 0.1224;time per batch:0.1043s
Epoch-2139
————————————————
Iter-0; loss: 0.1121;time per batch:0.1053s
Epoch-2140
————————————————
Iter-0; loss: 0.1324;time per batch:0.1065s
Epoch-2141
————————————————
Iter-0; loss: 0.1299;time per batch:0.1073s
Epoch-2142
————————————————
Iter-0; loss: 0.1308;time per batch:0.1075s
Epoch-2143
————————————————
Iter-0; loss: 0.1371;time per batch:0.1112s
Epoch-2144
————————————————
Iter-0; loss: 0.1309;time per batch:0.1099s
Epoch-2145
————————————————
Iter-0; loss: 0.1248;time per batch:0.1032s
Epoch-2146
————————————————
Iter-0; loss: 0.1595;time per batch:0.1044s
Epoch-2147
————————————————
Iter-0; loss: 0.1275;time per batch:0.1071s
Epoch-2148
————————————————
Iter-0; loss: 0.0975;time per batch:0.1060s
Epoch-2149
————————————————
Iter-0; loss: 0.1207;time per batch:0.1072s
Epoch-2150
————————————————
Iter-0; loss: 0.1228;time per batch:0.1080s
Epoch-2151
————————————————
Iter-0; loss: 0.1310;time per batch:0.1060s
Epoch-2152
————————————————
Iter-0; loss: 0.1567;time per batch:0.1091s
Epoch-2153
————————————————
Iter-0; loss: 0.1532;time per batch:0.1085s
Epoch-2154
————————————————
Iter-0; loss: 0.1516;time per batch:0.1064s
Epoch-2155
————————————————
Iter-0; loss: 0.1410;time per batch:0.1054s
Epoch-2156
————————————————
Iter-0; loss: 0.2016;time per batch:0.1021s
Epoch-2157
————————————————
Iter-0; loss: 0.1220;time per batch:0.1033s
Epoch-2158
————————————————
Iter-0; loss: 0.1362;time per batch:0.1043s
Epoch-2159
————————————————
Iter-0; loss: 0.1973;time per batch:0.1023s
Epoch-2160
————————————————
Iter-0; loss: 0.1484;time per batch:0.1040s
Epoch-2161
————————————————
Iter-0; loss: 0.1286;time per batch:0.1032s
Epoch-2162
————————————————
Iter-0; loss: 0.1355;time per batch:0.1022s
Epoch-2163
————————————————
Iter-0; loss: 0.1133;time per batch:0.1025s
Epoch-2164
————————————————
Iter-0; loss: 0.1826;time per batch:0.1021s
Epoch-2165
————————————————
Iter-0; loss: 0.1382;time per batch:0.1013s
Epoch-2166
————————————————
Iter-0; loss: 0.1821;time per batch:0.1106s
Epoch-2167
————————————————
Iter-0; loss: 0.1436;time per batch:0.1070s
Epoch-2168
————————————————
Iter-0; loss: 0.2058;time per batch:0.1056s
Epoch-2169
————————————————
Iter-0; loss: 0.1171;time per batch:0.1066s
Epoch-2170
————————————————
Iter-0; loss: 0.0999;time per batch:0.1031s
Epoch-2171
————————————————
Iter-0; loss: 0.1401;time per batch:0.1056s
Epoch-2172
————————————————
Iter-0; loss: 0.1300;time per batch:0.1032s
Epoch-2173
————————————————
Iter-0; loss: 0.1969;time per batch:0.1025s
Epoch-2174
————————————————
Iter-0; loss: 0.1335;time per batch:0.1012s
Epoch-2175
————————————————
Iter-0; loss: 0.1288;time per batch:0.1026s
Epoch-2176
————————————————
Iter-0; loss: 0.1108;time per batch:0.1091s
Epoch-2177
————————————————
Iter-0; loss: 0.1314;time per batch:0.1120s
Epoch-2178
————————————————
Iter-0; loss: 0.1329;time per batch:0.1047s
Epoch-2179
————————————————
Iter-0; loss: 0.1408;time per batch:0.1064s
Epoch-2180
————————————————
Iter-0; loss: 0.1493;time per batch:0.1221s
Epoch-2181
————————————————
Iter-0; loss: 0.1561;time per batch:0.1024s
Epoch-2182
————————————————
Iter-0; loss: 0.1065;time per batch:0.1039s
Epoch-2183
————————————————
Iter-0; loss: 0.1343;time per batch:0.1029s
Epoch-2184
————————————————
Iter-0; loss: 0.1432;time per batch:0.1025s
Epoch-2185
————————————————
Iter-0; loss: 0.1427;time per batch:0.1046s
Epoch-2186
————————————————
Iter-0; loss: 0.1142;time per batch:0.1050s
Epoch-2187
————————————————
Iter-0; loss: 0.2053;time per batch:0.1044s
Epoch-2188
————————————————
Iter-0; loss: 0.1083;time per batch:0.1063s
Epoch-2189
————————————————
Iter-0; loss: 0.1333;time per batch:0.1050s
Epoch-2190
————————————————
Iter-0; loss: 0.1389;time per batch:0.1309s
Epoch-2191
————————————————
Iter-0; loss: 0.1689;time per batch:0.1089s
Epoch-2192
————————————————
Iter-0; loss: 0.1259;time per batch:0.1094s
Epoch-2193
————————————————
Iter-0; loss: 0.1320;time per batch:0.1126s
Epoch-2194
————————————————
Iter-0; loss: 0.1078;time per batch:0.1106s
Epoch-2195
————————————————
Iter-0; loss: 0.1298;time per batch:0.1150s
Epoch-2196
————————————————
Iter-0; loss: 0.1464;time per batch:0.1094s
Epoch-2197
————————————————
Iter-0; loss: 0.1328;time per batch:0.1113s
Epoch-2198
————————————————
Iter-0; loss: 0.1276;time per batch:0.1125s
Epoch-2199
————————————————
Iter-0; loss: 0.1858;time per batch:0.1082s
Epoch-2200
————————————————
Iter-0; loss: 0.1247;time per batch:0.1117s
Epoch-2201
————————————————
Iter-0; loss: 0.1091;time per batch:0.1126s
Epoch-2202
————————————————
Iter-0; loss: 0.1188;time per batch:0.1047s
Epoch-2203
————————————————
Iter-0; loss: 0.1287;time per batch:0.1075s
Epoch-2204
————————————————
Iter-0; loss: 0.1228;time per batch:0.1054s
Epoch-2205
————————————————
Iter-0; loss: 0.1077;time per batch:0.1116s
Epoch-2206
————————————————
Iter-0; loss: 0.1140;time per batch:0.1119s
Epoch-2207
————————————————
Iter-0; loss: 0.1393;time per batch:0.1085s
Epoch-2208
————————————————
Iter-0; loss: 0.1534;time per batch:0.1109s
Epoch-2209
————————————————
Iter-0; loss: 0.1314;time per batch:0.1103s
Epoch-2210
————————————————
Iter-0; loss: 0.2054;time per batch:0.1084s
Epoch-2211
————————————————
Iter-0; loss: 0.1389;time per batch:0.1113s
Epoch-2212
————————————————
Iter-0; loss: 0.1406;time per batch:0.1098s
Epoch-2213
————————————————
Iter-0; loss: 0.1248;time per batch:0.1115s
Epoch-2214
————————————————
Iter-0; loss: 0.1267;time per batch:0.1108s
Epoch-2215
————————————————
Iter-0; loss: 0.1298;time per batch:0.1083s
Epoch-2216
————————————————
Iter-0; loss: 0.1103;time per batch:0.1081s
Epoch-2217
————————————————
Iter-0; loss: 0.1265;time per batch:0.1073s
Epoch-2218
————————————————
Iter-0; loss: 0.1344;time per batch:0.1096s
Epoch-2219
————————————————
Iter-0; loss: 0.1440;time per batch:0.1108s
Epoch-2220
————————————————
Iter-0; loss: 0.1964;time per batch:0.1082s
Epoch-2221
————————————————
Iter-0; loss: 0.1335;time per batch:0.1154s
Epoch-2222
————————————————
Iter-0; loss: 0.2083;time per batch:0.1153s
Epoch-2223
————————————————
Iter-0; loss: 0.1141;time per batch:0.1064s
Epoch-2224
————————————————
Iter-0; loss: 0.1224;time per batch:0.1086s
Epoch-2225
————————————————
Iter-0; loss: 0.1303;time per batch:0.1065s
Epoch-2226
————————————————
Iter-0; loss: 0.1553;time per batch:0.1080s
Epoch-2227
————————————————
Iter-0; loss: 0.1409;time per batch:0.1116s
Epoch-2228
————————————————
Iter-0; loss: 0.1449;time per batch:0.1136s
Epoch-2229
————————————————
Iter-0; loss: 0.1470;time per batch:0.1079s
Epoch-2230
————————————————
Iter-0; loss: 0.1287;time per batch:0.1115s
Epoch-2231
————————————————
Iter-0; loss: 0.1697;time per batch:0.1079s
Epoch-2232
————————————————
Iter-0; loss: 0.1271;time per batch:0.1083s
Epoch-2233
————————————————
Iter-0; loss: 0.1333;time per batch:0.1062s
Epoch-2234
————————————————
Iter-0; loss: 0.1528;time per batch:0.1110s
Epoch-2235
————————————————
Iter-0; loss: 0.1193;time per batch:0.1447s
Epoch-2236
————————————————
Iter-0; loss: 0.1206;time per batch:0.1088s
Epoch-2237
————————————————
Iter-0; loss: 0.2061;time per batch:0.1101s
Epoch-2238
————————————————
Iter-0; loss: 0.1262;time per batch:0.1106s
Epoch-2239
————————————————
Iter-0; loss: 0.1208;time per batch:0.1041s
Epoch-2240
————————————————
Iter-0; loss: 0.1324;time per batch:0.1042s
Epoch-2241
————————————————
Iter-0; loss: 0.1187;time per batch:0.1049s
Epoch-2242
————————————————
Iter-0; loss: 0.1275;time per batch:0.1077s
Epoch-2243
————————————————
Iter-0; loss: 0.2163;time per batch:0.1053s
Epoch-2244
————————————————
Iter-0; loss: 0.1254;time per batch:0.1054s
Epoch-2245
————————————————
Iter-0; loss: 0.1949;time per batch:0.1049s
Epoch-2246
————————————————
Iter-0; loss: 0.1336;time per batch:0.1034s
Epoch-2247
————————————————
Iter-0; loss: 0.1949;time per batch:0.1072s
Epoch-2248
————————————————
Iter-0; loss: 0.1248;time per batch:0.1118s
Epoch-2249
————————————————
Iter-0; loss: 0.1224;time per batch:0.1053s
Epoch-2250
————————————————
Iter-0; loss: 0.1304;time per batch:0.1057s
validation results:
Mean Rank: 400
Mean RR: 0.2687
Hit@1: 0.2208
Hit@3: 0.2817
Hit@5: 0.3198
Hit@10: 0.3706
Epoch-2251
————————————————
Iter-0; loss: 0.1291;time per batch:0.1080s
Epoch-2252
————————————————
Iter-0; loss: 0.1228;time per batch:0.1127s
Epoch-2253
————————————————
Iter-0; loss: 0.1456;time per batch:0.1028s
Epoch-2254
————————————————
Iter-0; loss: 0.1398;time per batch:0.1025s
Epoch-2255
————————————————
Iter-0; loss: 0.2129;time per batch:0.1038s
Epoch-2256
————————————————
Iter-0; loss: 0.2035;time per batch:0.1381s
Epoch-2257
————————————————
Iter-0; loss: 0.1202;time per batch:0.1057s
Epoch-2258
————————————————
Iter-0; loss: 0.1262;time per batch:0.1050s
Epoch-2259
————————————————
Iter-0; loss: 0.1224;time per batch:0.1032s
Epoch-2260
————————————————
Iter-0; loss: 0.1255;time per batch:0.1072s
Epoch-2261
————————————————
Iter-0; loss: 0.2029;time per batch:0.1048s
Epoch-2262
————————————————
Iter-0; loss: 0.1398;time per batch:0.1035s
Epoch-2263
————————————————
Iter-0; loss: 0.1793;time per batch:0.1052s
Epoch-2264
————————————————
Iter-0; loss: 0.1566;time per batch:0.1057s
Epoch-2265
————————————————
Iter-0; loss: 0.1333;time per batch:0.1102s
Epoch-2266
————————————————
Iter-0; loss: 0.1154;time per batch:0.1042s
Epoch-2267
————————————————
Iter-0; loss: 0.1132;time per batch:0.1042s
Epoch-2268
————————————————
Iter-0; loss: 0.1804;time per batch:0.1192s
Epoch-2269
————————————————
Iter-0; loss: 0.1458;time per batch:0.1175s
Epoch-2270
————————————————
Iter-0; loss: 0.1310;time per batch:0.1201s
Epoch-2271
————————————————
Iter-0; loss: 0.1355;time per batch:0.1117s
Epoch-2272
————————————————
Iter-0; loss: 0.1289;time per batch:0.1160s
Epoch-2273
————————————————
Iter-0; loss: 0.1205;time per batch:0.1061s
Epoch-2274
————————————————
Iter-0; loss: 0.2054;time per batch:0.1045s
Epoch-2275
————————————————
Iter-0; loss: 0.1479;time per batch:0.1114s
Epoch-2276
————————————————
Iter-0; loss: 0.1227;time per batch:0.1125s
Epoch-2277
————————————————
Iter-0; loss: 0.1322;time per batch:0.1222s
Epoch-2278
————————————————
Iter-0; loss: 0.1172;time per batch:0.1219s
Epoch-2279
————————————————
Iter-0; loss: 0.1566;time per batch:0.1181s
Epoch-2280
————————————————
Iter-0; loss: 0.1494;time per batch:0.1191s
Epoch-2281
————————————————
Iter-0; loss: 0.1096;time per batch:0.1260s
Epoch-2282
————————————————
Iter-0; loss: 0.1393;time per batch:0.1172s
Epoch-2283
————————————————
Iter-0; loss: 0.1145;time per batch:0.1176s
Epoch-2284
————————————————
Iter-0; loss: 0.1382;time per batch:0.1177s
Epoch-2285
————————————————
Iter-0; loss: 0.1274;time per batch:0.1196s
Epoch-2286
————————————————
Iter-0; loss: 0.1874;time per batch:0.1186s
Epoch-2287
————————————————
Iter-0; loss: 0.2001;time per batch:0.1106s
Epoch-2288
————————————————
Iter-0; loss: 0.1575;time per batch:0.1179s
Epoch-2289
————————————————
Iter-0; loss: 0.1404;time per batch:0.1201s
Epoch-2290
————————————————
Iter-0; loss: 0.1385;time per batch:0.1165s
Epoch-2291
————————————————
Iter-0; loss: 0.1412;time per batch:0.1223s
Epoch-2292
————————————————
Iter-0; loss: 0.1547;time per batch:0.1199s
Epoch-2293
————————————————
Iter-0; loss: 0.1369;time per batch:0.1159s
Epoch-2294
————————————————
Iter-0; loss: 0.1206;time per batch:0.1093s
Epoch-2295
————————————————
Iter-0; loss: 0.1301;time per batch:0.1068s
Epoch-2296
————————————————
Iter-0; loss: 0.2085;time per batch:0.1034s
Epoch-2297
————————————————
Iter-0; loss: 0.1138;time per batch:0.1016s
Epoch-2298
————————————————
Iter-0; loss: 0.1428;time per batch:0.1059s
Epoch-2299
————————————————
Iter-0; loss: 0.1804;time per batch:0.1162s
Epoch-2300
————————————————
Iter-0; loss: 0.1547;time per batch:0.1131s
Epoch-2301
————————————————
Iter-0; loss: 0.1382;time per batch:0.1227s
Epoch-2302
————————————————
Iter-0; loss: 0.1174;time per batch:0.1065s
Epoch-2303
————————————————
Iter-0; loss: 0.2105;time per batch:0.1051s
Epoch-2304
————————————————
Iter-0; loss: 0.1977;time per batch:0.1188s
Epoch-2305
————————————————
Iter-0; loss: 0.1085;time per batch:0.1234s
Epoch-2306
————————————————
Iter-0; loss: 0.1839;time per batch:0.1204s
Epoch-2307
————————————————
Iter-0; loss: 0.1164;time per batch:0.1205s
Epoch-2308
————————————————
Iter-0; loss: 0.1211;time per batch:0.1206s
Epoch-2309
————————————————
Iter-0; loss: 0.1470;time per batch:0.1291s
Epoch-2310
————————————————
Iter-0; loss: 0.1161;time per batch:0.1367s
Epoch-2311
————————————————
Iter-0; loss: 0.1562;time per batch:0.1043s
Epoch-2312
————————————————
Iter-0; loss: 0.1436;time per batch:0.1078s
Epoch-2313
————————————————
Iter-0; loss: 0.2200;time per batch:0.1061s
Epoch-2314
————————————————
Iter-0; loss: 0.1912;time per batch:0.1072s
Epoch-2315
————————————————
Iter-0; loss: 0.1255;time per batch:0.1073s
Epoch-2316
————————————————
Iter-0; loss: 0.2150;time per batch:0.1023s
Epoch-2317
————————————————
Iter-0; loss: 0.1281;time per batch:0.1038s
Epoch-2318
————————————————
Iter-0; loss: 0.1337;time per batch:0.1047s
Epoch-2319
————————————————
Iter-0; loss: 0.1301;time per batch:0.1036s
Epoch-2320
————————————————
Iter-0; loss: 0.1427;time per batch:0.1095s
Epoch-2321
————————————————
Iter-0; loss: 0.1474;time per batch:0.1086s
Epoch-2322
————————————————
Iter-0; loss: 0.1239;time per batch:0.1053s
Epoch-2323
————————————————
Iter-0; loss: 0.1367;time per batch:0.1034s
Epoch-2324
————————————————
Iter-0; loss: 0.1118;time per batch:0.1031s
Epoch-2325
————————————————
Iter-0; loss: 0.1168;time per batch:0.1062s
Epoch-2326
————————————————
Iter-0; loss: 0.1155;time per batch:0.1041s
Epoch-2327
————————————————
Iter-0; loss: 0.2065;time per batch:0.1219s
Epoch-2328
————————————————
Iter-0; loss: 0.1941;time per batch:0.1184s
Epoch-2329
————————————————
Iter-0; loss: 0.1174;time per batch:0.1220s
Epoch-2330
————————————————
Iter-0; loss: 0.1461;time per batch:0.1253s
Epoch-2331
————————————————
Iter-0; loss: 0.1246;time per batch:0.1180s
Epoch-2332
————————————————
Iter-0; loss: 0.1328;time per batch:0.1058s
Epoch-2333
————————————————
Iter-0; loss: 0.2016;time per batch:0.1196s
Epoch-2334
————————————————
Iter-0; loss: 0.1291;time per batch:0.1282s
Epoch-2335
————————————————
Iter-0; loss: 0.1452;time per batch:0.1267s
Epoch-2336
————————————————
Iter-0; loss: 0.1281;time per batch:0.1221s
Epoch-2337
————————————————
Iter-0; loss: 0.1212;time per batch:0.1252s
Epoch-2338
————————————————
Iter-0; loss: 0.1652;time per batch:0.1181s
Epoch-2339
————————————————
Iter-0; loss: 0.1429;time per batch:0.1165s
Epoch-2340
————————————————
Iter-0; loss: 0.1080;time per batch:0.1198s
Epoch-2341
————————————————
Iter-0; loss: 0.1269;time per batch:0.1176s
Epoch-2342
————————————————
Iter-0; loss: 0.1953;time per batch:0.1201s
Epoch-2343
————————————————
Iter-0; loss: 0.1952;time per batch:0.1187s
Epoch-2344
————————————————
Iter-0; loss: 0.1305;time per batch:0.1196s
Epoch-2345
————————————————
Iter-0; loss: 0.1865;time per batch:0.1176s
Epoch-2346
————————————————
Iter-0; loss: 0.1533;time per batch:0.1170s
Epoch-2347
————————————————
Iter-0; loss: 0.2154;time per batch:0.1163s
Epoch-2348
————————————————
Iter-0; loss: 0.1143;time per batch:0.1176s
Epoch-2349
————————————————
Iter-0; loss: 0.1274;time per batch:0.1178s
Epoch-2350
————————————————
Iter-0; loss: 0.1742;time per batch:0.1174s
Epoch-2351
————————————————
Iter-0; loss: 0.1118;time per batch:0.1149s
Epoch-2352
————————————————
Iter-0; loss: 0.1155;time per batch:0.1151s
Epoch-2353
————————————————
Iter-0; loss: 0.1053;time per batch:0.1073s
Epoch-2354
————————————————
Iter-0; loss: 0.1594;time per batch:0.1056s
Epoch-2355
————————————————
Iter-0; loss: 0.1324;time per batch:0.1144s
Epoch-2356
————————————————
Iter-0; loss: 0.1264;time per batch:0.1076s
Epoch-2357
————————————————
Iter-0; loss: 0.1116;time per batch:0.1091s
Epoch-2358
————————————————
Iter-0; loss: 0.1868;time per batch:0.1046s
Epoch-2359
————————————————
Iter-0; loss: 0.1336;time per batch:0.1135s
Epoch-2360
————————————————
Iter-0; loss: 0.1244;time per batch:0.1049s
Epoch-2361
————————————————
Iter-0; loss: 0.1272;time per batch:0.1036s
Epoch-2362
————————————————
Iter-0; loss: 0.1473;time per batch:0.1035s
Epoch-2363
————————————————
Iter-0; loss: 0.1094;time per batch:0.1032s
Epoch-2364
————————————————
Iter-0; loss: 0.1881;time per batch:0.1035s
Epoch-2365
————————————————
Iter-0; loss: 0.1546;time per batch:0.1243s
Epoch-2366
————————————————
Iter-0; loss: 0.2028;time per batch:0.1217s
Epoch-2367
————————————————
Iter-0; loss: 0.1512;time per batch:0.1020s
Epoch-2368
————————————————
Iter-0; loss: 0.1384;time per batch:0.1028s
Epoch-2369
————————————————
Iter-0; loss: 0.1614;time per batch:0.1096s
Epoch-2370
————————————————
Iter-0; loss: 0.1280;time per batch:0.1252s
Epoch-2371
————————————————
Iter-0; loss: 0.1400;time per batch:0.1173s
Epoch-2372
————————————————
Iter-0; loss: 0.1014;time per batch:0.1139s
Epoch-2373
————————————————
Iter-0; loss: 0.1215;time per batch:0.1273s
Epoch-2374
————————————————
Iter-0; loss: 0.1357;time per batch:0.1134s
Epoch-2375
————————————————
Iter-0; loss: 0.1464;time per batch:0.1178s
Epoch-2376
————————————————
Iter-0; loss: 0.1316;time per batch:0.1203s
Epoch-2377
————————————————
Iter-0; loss: 0.1353;time per batch:0.1163s
Epoch-2378
————————————————
Iter-0; loss: 0.1341;time per batch:0.1169s
Epoch-2379
————————————————
Iter-0; loss: 0.1592;time per batch:0.1214s
Epoch-2380
————————————————
Iter-0; loss: 0.1417;time per batch:0.1183s
Epoch-2381
————————————————
Iter-0; loss: 0.1586;time per batch:0.1155s
Epoch-2382
————————————————
Iter-0; loss: 0.1110;time per batch:0.1163s
Epoch-2383
————————————————
Iter-0; loss: 0.1334;time per batch:0.1147s
Epoch-2384
————————————————
Iter-0; loss: 0.1298;time per batch:0.1131s
Epoch-2385
————————————————
Iter-0; loss: 0.1970;time per batch:0.1141s
Epoch-2386
————————————————
Iter-0; loss: 0.1236;time per batch:0.1134s
Epoch-2387
————————————————
Iter-0; loss: 0.1372;time per batch:0.1154s
Epoch-2388
————————————————
Iter-0; loss: 0.1240;time per batch:0.1107s
Epoch-2389
————————————————
Iter-0; loss: 0.1194;time per batch:0.1015s
Epoch-2390
————————————————
Iter-0; loss: 0.2060;time per batch:0.1050s
Epoch-2391
————————————————
Iter-0; loss: 0.2189;time per batch:0.1048s
Epoch-2392
————————————————
Iter-0; loss: 0.1528;time per batch:0.1058s
Epoch-2393
————————————————
Iter-0; loss: 0.1318;time per batch:0.1050s
Epoch-2394
————————————————
Iter-0; loss: 0.2060;time per batch:0.1026s
Epoch-2395
————————————————
Iter-0; loss: 0.1277;time per batch:0.1076s
Epoch-2396
————————————————
Iter-0; loss: 0.2423;time per batch:0.1038s
Epoch-2397
————————————————
Iter-0; loss: 0.1362;time per batch:0.1014s
Epoch-2398
————————————————
Iter-0; loss: 0.1293;time per batch:0.1036s
Epoch-2399
————————————————
Iter-0; loss: 0.1385;time per batch:0.1029s
Epoch-2400
————————————————
Iter-0; loss: 0.1400;time per batch:0.1062s
Epoch-2401
————————————————
Iter-0; loss: 0.1349;time per batch:0.1056s
Epoch-2402
————————————————
Iter-0; loss: 0.1021;time per batch:0.1165s
Epoch-2403
————————————————
Iter-0; loss: 0.1117;time per batch:0.1062s
Epoch-2404
————————————————
Iter-0; loss: 0.1220;time per batch:0.1055s
Epoch-2405
————————————————
Iter-0; loss: 0.1000;time per batch:0.1017s
Epoch-2406
————————————————
Iter-0; loss: 0.1202;time per batch:0.1145s
Epoch-2407
————————————————
Iter-0; loss: 0.1309;time per batch:0.1162s
Epoch-2408
————————————————
Iter-0; loss: 0.1336;time per batch:0.1175s
Epoch-2409
————————————————
Iter-0; loss: 0.1332;time per batch:0.1158s
Epoch-2410
————————————————
Iter-0; loss: 0.1320;time per batch:0.1165s
Epoch-2411
————————————————
Iter-0; loss: 0.1388;time per batch:0.1162s
Epoch-2412
————————————————
Iter-0; loss: 0.1240;time per batch:0.1151s
Epoch-2413
————————————————
Iter-0; loss: 0.1984;time per batch:0.1160s
Epoch-2414
————————————————
Iter-0; loss: 0.2028;time per batch:0.1149s
Epoch-2415
————————————————
Iter-0; loss: 0.1432;time per batch:0.1150s
Epoch-2416
————————————————
Iter-0; loss: 0.1341;time per batch:0.1180s
Epoch-2417
————————————————
Iter-0; loss: 0.1430;time per batch:0.1190s
Epoch-2418
————————————————
Iter-0; loss: 0.1583;time per batch:0.1163s
Epoch-2419
————————————————
Iter-0; loss: 0.1216;time per batch:0.1155s
Epoch-2420
————————————————
Iter-0; loss: 0.1290;time per batch:0.1143s
Epoch-2421
————————————————
Iter-0; loss: 0.1730;time per batch:0.1146s
Epoch-2422
————————————————
Iter-0; loss: 0.1082;time per batch:0.1071s
Epoch-2423
————————————————
Iter-0; loss: 0.1256;time per batch:0.1039s
Epoch-2424
————————————————
Iter-0; loss: 0.1075;time per batch:0.1031s
Epoch-2425
————————————————
Iter-0; loss: 0.1824;time per batch:0.1036s
Epoch-2426
————————————————
Iter-0; loss: 0.1379;time per batch:0.1037s
Epoch-2427
————————————————
Iter-0; loss: 0.1207;time per batch:0.1031s
Epoch-2428
————————————————
Iter-0; loss: 0.2024;time per batch:0.1038s
Epoch-2429
————————————————
Iter-0; loss: 0.1344;time per batch:0.1038s
Epoch-2430
————————————————
Iter-0; loss: 0.1280;time per batch:0.1033s
Epoch-2431
————————————————
Iter-0; loss: 0.1343;time per batch:0.1064s
Epoch-2432
————————————————
Iter-0; loss: 0.1611;time per batch:0.1102s
Epoch-2433
————————————————
Iter-0; loss: 0.1228;time per batch:0.1031s
Epoch-2434
————————————————
Iter-0; loss: 0.1882;time per batch:0.1023s
Epoch-2435
————————————————
Iter-0; loss: 0.1901;time per batch:0.1017s
Epoch-2436
————————————————
Iter-0; loss: 0.2121;time per batch:0.1089s
Epoch-2437
————————————————
Iter-0; loss: 0.1134;time per batch:0.1040s
Epoch-2438
————————————————
Iter-0; loss: 0.1283;time per batch:0.1048s
Epoch-2439
————————————————
Iter-0; loss: 0.1020;time per batch:0.1111s
Epoch-2440
————————————————
Iter-0; loss: 0.1269;time per batch:0.1112s
Epoch-2441
————————————————
Iter-0; loss: 0.1144;time per batch:0.1111s
Epoch-2442
————————————————
Iter-0; loss: 0.1540;time per batch:0.1240s
Epoch-2443
————————————————
Iter-0; loss: 0.1244;time per batch:0.1093s
Epoch-2444
————————————————
Iter-0; loss: 0.1149;time per batch:0.1040s
Epoch-2445
————————————————
Iter-0; loss: 0.1436;time per batch:0.1113s
Epoch-2446
————————————————
Iter-0; loss: 0.1196;time per batch:0.1165s
Epoch-2447
————————————————
Iter-0; loss: 0.1166;time per batch:0.1174s
Epoch-2448
————————————————
Iter-0; loss: 0.1148;time per batch:0.1175s
Epoch-2449
————————————————
Iter-0; loss: 0.1284;time per batch:0.1161s
Epoch-2450
————————————————
Iter-0; loss: 0.1348;time per batch:0.1166s
Epoch-2451
————————————————
Iter-0; loss: 0.1303;time per batch:0.1161s
Epoch-2452
————————————————
Iter-0; loss: 0.1425;time per batch:0.1209s
Epoch-2453
————————————————
Iter-0; loss: 0.1523;time per batch:0.1220s
Epoch-2454
————————————————
Iter-0; loss: 0.1229;time per batch:0.1173s
Epoch-2455
————————————————
Iter-0; loss: 0.1253;time per batch:0.1182s
Epoch-2456
————————————————
Iter-0; loss: 0.1257;time per batch:0.1154s
Epoch-2457
————————————————
Iter-0; loss: 0.1057;time per batch:0.1309s
Epoch-2458
————————————————
Iter-0; loss: 0.1834;time per batch:0.1391s
Epoch-2459
————————————————
Iter-0; loss: 0.1115;time per batch:0.1199s
Epoch-2460
————————————————
Iter-0; loss: 0.1224;time per batch:0.1143s
Epoch-2461
————————————————
Iter-0; loss: 0.1192;time per batch:0.1144s
Epoch-2462
————————————————
Iter-0; loss: 0.1556;time per batch:0.1043s
Epoch-2463
————————————————
Iter-0; loss: 0.1434;time per batch:0.1039s
Epoch-2464
————————————————
Iter-0; loss: 0.2075;time per batch:0.1044s
Epoch-2465
————————————————
Iter-0; loss: 0.1693;time per batch:0.1022s
Epoch-2466
————————————————
Iter-0; loss: 0.1154;time per batch:0.1026s
Epoch-2467
————————————————
Iter-0; loss: 0.1239;time per batch:0.1095s
Epoch-2468
————————————————
Iter-0; loss: 0.1076;time per batch:0.1042s
Epoch-2469
————————————————
Iter-0; loss: 0.1264;time per batch:0.1019s
Epoch-2470
————————————————
Iter-0; loss: 0.1925;time per batch:0.1029s
Epoch-2471
————————————————
Iter-0; loss: 0.1174;time per batch:0.1012s
Epoch-2472
————————————————
Iter-0; loss: 0.1478;time per batch:0.1028s
Epoch-2473
————————————————
Iter-0; loss: 0.1344;time per batch:0.1014s
Epoch-2474
————————————————
Iter-0; loss: 0.1285;time per batch:0.1019s
Epoch-2475
————————————————
Iter-0; loss: 0.1222;time per batch:0.1024s
Epoch-2476
————————————————
Iter-0; loss: 0.1921;time per batch:0.1009s
Epoch-2477
————————————————
Iter-0; loss: 0.1999;time per batch:0.1107s
Epoch-2478
————————————————
Iter-0; loss: 0.1850;time per batch:0.1273s
Epoch-2479
————————————————
Iter-0; loss: 0.1281;time per batch:0.1122s
Epoch-2480
————————————————
Iter-0; loss: 0.1766;time per batch:0.1221s
Epoch-2481
————————————————
Iter-0; loss: 0.1114;time per batch:0.1134s
Epoch-2482
————————————————
Iter-0; loss: 0.1882;time per batch:0.1195s
Epoch-2483
————————————————
Iter-0; loss: 0.1212;time per batch:0.1096s
Epoch-2484
————————————————
Iter-0; loss: 0.1243;time per batch:0.1132s
Epoch-2485
————————————————
Iter-0; loss: 0.2291;time per batch:0.1159s
Epoch-2486
————————————————
Iter-0; loss: 0.1896;time per batch:0.1135s
Epoch-2487
————————————————
Iter-0; loss: 0.1147;time per batch:0.1169s
Epoch-2488
————————————————
Iter-0; loss: 0.1552;time per batch:0.1160s
Epoch-2489
————————————————
Iter-0; loss: 0.1253;time per batch:0.1128s
Epoch-2490
————————————————
Iter-0; loss: 0.2054;time per batch:0.1149s
Epoch-2491
————————————————
Iter-0; loss: 0.1105;time per batch:0.1127s
Epoch-2492
————————————————
Iter-0; loss: 0.1350;time per batch:0.1132s
Epoch-2493
————————————————
Iter-0; loss: 0.1344;time per batch:0.1136s
Epoch-2494
————————————————
Iter-0; loss: 0.1776;time per batch:0.1117s
Epoch-2495
————————————————
Iter-0; loss: 0.1404;time per batch:0.1064s
Epoch-2496
————————————————
Iter-0; loss: 0.1867;time per batch:0.1019s
Epoch-2497
————————————————
Iter-0; loss: 0.1372;time per batch:0.1023s
Epoch-2498
————————————————
Iter-0; loss: 0.1305;time per batch:0.1006s
Epoch-2499
————————————————
Iter-0; loss: 0.1196;time per batch:0.1024s
Epoch-2500
————————————————
Iter-0; loss: 0.1579;time per batch:0.1022s
validation results:
Mean Rank: 397
Mean RR: 0.2702
Hit@1: 0.2259
Hit@3: 0.2766
Hit@5: 0.3122
Hit@10: 0.3579
test result:
Mean Rank: 428
Mean RR: 0.2595
Hit@1: 0.2247
Hit@3: 0.2601
Hit@5: 0.2879
Hit@10: 0.3359
