CMD: python Main.py --dataset icews05-15 --model ATISE --dim 500 --lr 0.00003 --gamma 120 --loss logloss --timedisc 0 --cuda  --gran 1 --cmin 0.003 --max_epoch 5000
Namespace(task='LinkPrediction', model='ATISE', dataset='icews05-15', max_epoch=5000, dim=500, batch=512, lr=3e-05, gamma=120.0, eta=10, timedisc=0, cuda=False, loss='logloss', cmin=0.003, gran=1, thre=1)
-----Loading entity dict-----
#entity: 1594
-----Loading relation dict-----
#relation: 332
-----Loading training triples-----
#training triple: 10000
-----Loading validation triples-----
#validation triple: 625
-----Loading test triples------
#test triple: 625
creating filtering lists
data preprocess completed
Epoch-1
————————————————
/home/runner/work/tkge-benchmark/tkge-benchmark/repos/ATISE/model.py:404: UserWarning: Implicit dimension choice for softmax has been deprecated. Change the call to include dim=X as an argument.
  p = F.softmax(temp * y_neg)
Iter-0; loss: 160.0992;time per batch:0.1865s
Epoch-2
————————————————
Iter-0; loss: 147.9676;time per batch:0.1160s
Epoch-3
————————————————
Iter-0; loss: 139.6989;time per batch:0.1241s
Epoch-4
————————————————
Iter-0; loss: 133.5562;time per batch:0.1189s
Epoch-5
————————————————
Iter-0; loss: 127.6288;time per batch:0.1343s
Epoch-6
————————————————
Iter-0; loss: 119.9959;time per batch:0.1179s
Epoch-7
————————————————
Iter-0; loss: 117.7521;time per batch:0.1167s
Epoch-8
————————————————
Iter-0; loss: 113.9899;time per batch:0.1202s
Epoch-9
————————————————
Iter-0; loss: 107.5312;time per batch:0.1181s
Epoch-10
————————————————
Iter-0; loss: 105.4737;time per batch:0.1187s
Epoch-11
————————————————
Iter-0; loss: 101.7067;time per batch:0.1206s
Epoch-12
————————————————
Iter-0; loss: 99.0851;time per batch:0.1261s
Epoch-13
————————————————
Iter-0; loss: 95.4199;time per batch:0.1168s
Epoch-14
————————————————
Iter-0; loss: 92.5573;time per batch:0.1254s
Epoch-15
————————————————
Iter-0; loss: 88.0551;time per batch:0.1153s
Epoch-16
————————————————
Iter-0; loss: 86.6686;time per batch:0.1210s
Epoch-17
————————————————
Iter-0; loss: 84.2388;time per batch:0.1145s
Epoch-18
————————————————
Iter-0; loss: 81.9474;time per batch:0.1323s
Epoch-19
————————————————
Iter-0; loss: 79.6755;time per batch:0.1205s
Epoch-20
————————————————
Iter-0; loss: 76.3725;time per batch:0.1141s
Epoch-21
————————————————
Iter-0; loss: 74.5077;time per batch:0.1189s
Epoch-22
————————————————
Iter-0; loss: 73.1925;time per batch:0.1347s
Epoch-23
————————————————
Iter-0; loss: 69.2873;time per batch:0.1326s
Epoch-24
————————————————
Iter-0; loss: 69.2764;time per batch:0.1333s
Epoch-25
————————————————
Iter-0; loss: 66.6805;time per batch:0.1275s
Epoch-26
————————————————
Iter-0; loss: 64.3242;time per batch:0.1277s
Epoch-27
————————————————
Iter-0; loss: 62.5125;time per batch:0.1248s
Epoch-28
————————————————
Iter-0; loss: 61.5096;time per batch:0.1141s
Epoch-29
————————————————
Iter-0; loss: 61.2235;time per batch:0.1214s
Epoch-30
————————————————
Iter-0; loss: 58.3192;time per batch:0.1207s
Epoch-31
————————————————
Iter-0; loss: 56.4427;time per batch:0.1216s
Epoch-32
————————————————
Iter-0; loss: 53.8117;time per batch:0.1289s
Epoch-33
————————————————
Iter-0; loss: 52.8721;time per batch:0.1177s
Epoch-34
————————————————
Iter-0; loss: 51.5516;time per batch:0.1176s
Epoch-35
————————————————
Iter-0; loss: 51.5494;time per batch:0.1205s
Epoch-36
————————————————
Iter-0; loss: 50.4365;time per batch:0.1175s
Epoch-37
————————————————
Iter-0; loss: 49.3515;time per batch:0.1228s
Epoch-38
————————————————
Iter-0; loss: 46.2482;time per batch:0.1204s
Epoch-39
————————————————
Iter-0; loss: 44.6868;time per batch:0.1160s
Epoch-40
————————————————
Iter-0; loss: 44.6275;time per batch:0.1184s
Epoch-41
————————————————
Iter-0; loss: 43.7433;time per batch:0.1124s
Epoch-42
————————————————
Iter-0; loss: 42.1216;time per batch:0.1205s
Epoch-43
————————————————
Iter-0; loss: 40.1637;time per batch:0.1172s
Epoch-44
————————————————
Iter-0; loss: 39.8429;time per batch:0.1198s
Epoch-45
————————————————
Iter-0; loss: 38.8521;time per batch:0.1237s
Epoch-46
————————————————
Iter-0; loss: 38.9320;time per batch:0.1214s
Epoch-47
————————————————
Iter-0; loss: 37.1536;time per batch:0.1200s
Epoch-48
————————————————
Iter-0; loss: 36.2110;time per batch:0.1192s
Epoch-49
————————————————
Iter-0; loss: 34.5986;time per batch:0.1244s
Epoch-50
————————————————
Iter-0; loss: 33.0852;time per batch:0.1202s
Epoch-51
————————————————
Iter-0; loss: 32.1112;time per batch:0.1155s
Epoch-52
————————————————
Iter-0; loss: 31.7486;time per batch:0.1143s
Epoch-53
————————————————
Iter-0; loss: 29.8319;time per batch:0.1141s
Epoch-54
————————————————
Iter-0; loss: 30.3205;time per batch:0.1202s
Epoch-55
————————————————
Iter-0; loss: 29.8133;time per batch:0.1179s
Epoch-56
————————————————
Iter-0; loss: 29.0428;time per batch:0.1154s
Epoch-57
————————————————
Iter-0; loss: 27.4287;time per batch:0.1173s
Epoch-58
————————————————
Iter-0; loss: 26.5042;time per batch:0.1197s
Epoch-59
————————————————
Iter-0; loss: 26.2095;time per batch:0.1183s
Epoch-60
————————————————
Iter-0; loss: 26.0640;time per batch:0.1186s
Epoch-61
————————————————
Iter-0; loss: 24.7672;time per batch:0.1189s
Epoch-62
————————————————
Iter-0; loss: 23.8071;time per batch:0.1146s
Epoch-63
————————————————
Iter-0; loss: 22.3317;time per batch:0.1235s
Epoch-64
————————————————
Iter-0; loss: 22.6555;time per batch:0.1186s
Epoch-65
————————————————
Iter-0; loss: 19.9990;time per batch:0.1144s
Epoch-66
————————————————
Iter-0; loss: 22.3587;time per batch:0.1211s
Epoch-67
————————————————
Iter-0; loss: 20.4149;time per batch:0.1123s
Epoch-68
————————————————
Iter-0; loss: 19.3846;time per batch:0.1165s
Epoch-69
————————————————
Iter-0; loss: 20.8169;time per batch:0.1179s
Epoch-70
————————————————
Iter-0; loss: 18.6310;time per batch:0.1197s
Epoch-71
————————————————
Iter-0; loss: 17.0338;time per batch:0.1258s
Epoch-72
————————————————
Iter-0; loss: 17.4074;time per batch:0.1203s
Epoch-73
————————————————
Iter-0; loss: 14.7570;time per batch:0.1169s
Epoch-74
————————————————
Iter-0; loss: 14.3204;time per batch:0.1134s
Epoch-75
————————————————
Iter-0; loss: 16.1200;time per batch:0.1139s
Epoch-76
————————————————
Iter-0; loss: 14.6763;time per batch:0.1125s
Epoch-77
————————————————
Iter-0; loss: 13.9197;time per batch:0.1141s
Epoch-78
————————————————
Iter-0; loss: 12.4468;time per batch:0.1141s
Epoch-79
————————————————
Iter-0; loss: 14.8532;time per batch:0.1173s
Epoch-80
————————————————
Iter-0; loss: 13.1581;time per batch:0.1171s
Epoch-81
————————————————
Iter-0; loss: 13.3752;time per batch:0.1187s
Epoch-82
————————————————
Iter-0; loss: 11.6788;time per batch:0.1394s
Epoch-83
————————————————
Iter-0; loss: 10.4013;time per batch:0.1496s
Epoch-84
————————————————
Iter-0; loss: 11.5797;time per batch:0.1150s
Epoch-85
————————————————
Iter-0; loss: 11.8602;time per batch:0.1143s
Epoch-86
————————————————
Iter-0; loss: 10.3045;time per batch:0.1147s
Epoch-87
————————————————
Iter-0; loss: 10.4603;time per batch:0.1242s
Epoch-88
————————————————
Iter-0; loss: 10.5598;time per batch:0.1197s
Epoch-89
————————————————
Iter-0; loss: 9.6540;time per batch:0.1162s
Epoch-90
————————————————
Iter-0; loss: 9.3860;time per batch:0.1229s
Epoch-91
————————————————
Iter-0; loss: 10.0859;time per batch:0.1208s
Epoch-92
————————————————
Iter-0; loss: 11.1291;time per batch:0.1259s
Epoch-93
————————————————
Iter-0; loss: 8.7053;time per batch:0.1138s
Epoch-94
————————————————
Iter-0; loss: 9.3809;time per batch:0.1183s
Epoch-95
————————————————
Iter-0; loss: 11.3795;time per batch:0.1143s
Epoch-96
————————————————
Iter-0; loss: 10.5524;time per batch:0.1120s
Epoch-97
————————————————
Iter-0; loss: 9.5422;time per batch:0.1111s
Epoch-98
————————————————
Iter-0; loss: 9.3496;time per batch:0.1112s
Epoch-99
————————————————
Iter-0; loss: 9.2013;time per batch:0.1115s
Epoch-100
————————————————
Iter-0; loss: 8.9870;time per batch:0.1155s
Epoch-101
————————————————
Iter-0; loss: 8.0122;time per batch:0.1161s
Epoch-102
————————————————
Iter-0; loss: 8.2828;time per batch:0.1162s
Epoch-103
————————————————
Iter-0; loss: 9.5378;time per batch:0.1126s
Epoch-104
————————————————
Iter-0; loss: 7.5815;time per batch:0.1142s
Epoch-105
————————————————
Iter-0; loss: 7.9683;time per batch:0.1175s
Epoch-106
————————————————
Iter-0; loss: 7.6059;time per batch:0.1128s
Epoch-107
————————————————
Iter-0; loss: 8.1254;time per batch:0.1157s
Epoch-108
————————————————
Iter-0; loss: 9.1704;time per batch:0.1162s
Epoch-109
————————————————
Iter-0; loss: 7.3197;time per batch:0.1143s
Epoch-110
————————————————
Iter-0; loss: 6.6580;time per batch:0.1135s
Epoch-111
————————————————
Iter-0; loss: 8.0463;time per batch:0.1140s
Epoch-112
————————————————
Iter-0; loss: 7.0600;time per batch:0.1129s
Epoch-113
————————————————
Iter-0; loss: 7.2446;time per batch:0.1156s
Epoch-114
————————————————
Iter-0; loss: 7.7281;time per batch:0.1150s
Epoch-115
————————————————
Iter-0; loss: 6.5290;time per batch:0.1165s
Epoch-116
————————————————
Iter-0; loss: 6.6200;time per batch:0.1190s
Epoch-117
————————————————
Iter-0; loss: 8.1524;time per batch:0.1184s
Epoch-118
————————————————
Iter-0; loss: 6.2598;time per batch:0.1233s
Epoch-119
————————————————
Iter-0; loss: 5.1349;time per batch:0.1130s
Epoch-120
————————————————
Iter-0; loss: 7.4078;time per batch:0.1128s
Epoch-121
————————————————
Iter-0; loss: 7.4335;time per batch:0.1196s
Epoch-122
————————————————
Iter-0; loss: 6.7688;time per batch:0.1192s
Epoch-123
————————————————
Iter-0; loss: 6.5683;time per batch:0.1190s
Epoch-124
————————————————
Iter-0; loss: 6.7971;time per batch:0.1146s
Epoch-125
————————————————
Iter-0; loss: 5.7963;time per batch:0.1227s
Epoch-126
————————————————
Iter-0; loss: 6.8150;time per batch:0.1202s
Epoch-127
————————————————
Iter-0; loss: 6.7598;time per batch:0.1163s
Epoch-128
————————————————
Iter-0; loss: 6.1101;time per batch:0.1148s
Epoch-129
————————————————
Iter-0; loss: 6.0717;time per batch:0.1138s
Epoch-130
————————————————
Iter-0; loss: 5.0820;time per batch:0.1166s
Epoch-131
————————————————
Iter-0; loss: 6.3831;time per batch:0.1165s
Epoch-132
————————————————
Iter-0; loss: 6.6681;time per batch:0.1136s
Epoch-133
————————————————
Iter-0; loss: 5.3179;time per batch:0.1153s
Epoch-134
————————————————
Iter-0; loss: 5.3360;time per batch:0.1137s
Epoch-135
————————————————
Iter-0; loss: 5.7160;time per batch:0.1163s
Epoch-136
————————————————
Iter-0; loss: 5.3931;time per batch:0.1166s
Epoch-137
————————————————
Iter-0; loss: 5.6609;time per batch:0.1130s
Epoch-138
————————————————
Iter-0; loss: 5.4383;time per batch:0.1166s
Epoch-139
————————————————
Iter-0; loss: 4.7168;time per batch:0.1158s
Epoch-140
————————————————
Iter-0; loss: 5.6180;time per batch:0.1177s
Epoch-141
————————————————
Iter-0; loss: 6.5262;time per batch:0.1145s
Epoch-142
————————————————
Iter-0; loss: 5.3681;time per batch:0.1125s
Epoch-143
————————————————
Iter-0; loss: 4.7209;time per batch:0.1159s
Epoch-144
————————————————
Iter-0; loss: 4.4862;time per batch:0.1118s
Epoch-145
————————————————
Iter-0; loss: 4.2327;time per batch:0.1107s
Epoch-146
————————————————
Iter-0; loss: 5.7058;time per batch:0.1105s
Epoch-147
————————————————
Iter-0; loss: 5.3763;time per batch:0.1148s
Epoch-148
————————————————
Iter-0; loss: 4.0579;time per batch:0.1137s
Epoch-149
————————————————
Iter-0; loss: 4.6234;time per batch:0.1119s
Epoch-150
————————————————
Iter-0; loss: 5.2004;time per batch:0.1150s
Epoch-151
————————————————
Iter-0; loss: 5.2897;time per batch:0.1199s
Epoch-152
————————————————
Iter-0; loss: 4.8217;time per batch:0.1090s
Epoch-153
————————————————
Iter-0; loss: 7.7609;time per batch:0.1106s
Epoch-154
————————————————
Iter-0; loss: 4.0841;time per batch:0.1111s
Epoch-155
————————————————
Iter-0; loss: 4.4756;time per batch:0.1118s
Epoch-156
————————————————
Iter-0; loss: 5.4297;time per batch:0.1158s
Epoch-157
————————————————
Iter-0; loss: 4.7827;time per batch:0.1177s
Epoch-158
————————————————
Iter-0; loss: 4.2428;time per batch:0.1181s
Epoch-159
————————————————
Iter-0; loss: 5.0136;time per batch:0.1142s
Epoch-160
————————————————
Iter-0; loss: 4.8365;time per batch:0.1107s
Epoch-161
————————————————
Iter-0; loss: 5.5398;time per batch:0.1208s
Epoch-162
————————————————
Iter-0; loss: 4.3471;time per batch:0.1222s
Epoch-163
————————————————
Iter-0; loss: 4.1949;time per batch:0.1143s
Epoch-164
————————————————
Iter-0; loss: 3.9439;time per batch:0.1150s
Epoch-165
————————————————
Iter-0; loss: 4.9923;time per batch:0.1175s
Epoch-166
————————————————
Iter-0; loss: 5.2964;time per batch:0.1236s
Epoch-167
————————————————
Iter-0; loss: 4.9164;time per batch:0.1119s
Epoch-168
————————————————
Iter-0; loss: 4.2961;time per batch:0.1148s
Epoch-169
————————————————
Iter-0; loss: 4.5413;time per batch:0.1125s
Epoch-170
————————————————
Iter-0; loss: 2.9563;time per batch:0.1124s
Epoch-171
————————————————
Iter-0; loss: 3.2664;time per batch:0.1103s
Epoch-172
————————————————
Iter-0; loss: 5.1228;time per batch:0.1114s
Epoch-173
————————————————
Iter-0; loss: 4.6806;time per batch:0.1118s
Epoch-174
————————————————
Iter-0; loss: 5.0496;time per batch:0.1143s
Epoch-175
————————————————
Iter-0; loss: 4.8371;time per batch:0.1172s
Epoch-176
————————————————
Iter-0; loss: 3.7018;time per batch:0.1096s
Epoch-177
————————————————
Iter-0; loss: 4.6385;time per batch:0.1110s
Epoch-178
————————————————
Iter-0; loss: 3.9454;time per batch:0.1089s
Epoch-179
————————————————
Iter-0; loss: 4.5500;time per batch:0.1122s
Epoch-180
————————————————
Iter-0; loss: 5.0775;time per batch:0.1125s
Epoch-181
————————————————
Iter-0; loss: 3.7241;time per batch:0.1118s
Epoch-182
————————————————
Iter-0; loss: 4.5679;time per batch:0.1109s
Epoch-183
————————————————
Iter-0; loss: 4.5292;time per batch:0.1126s
Epoch-184
————————————————
Iter-0; loss: 4.5458;time per batch:0.1126s
Epoch-185
————————————————
Iter-0; loss: 3.9400;time per batch:0.1150s
Epoch-186
————————————————
Iter-0; loss: 3.0553;time per batch:0.1151s
Epoch-187
————————————————
Iter-0; loss: 4.5004;time per batch:0.1136s
Epoch-188
————————————————
Iter-0; loss: 3.5003;time per batch:0.1111s
Epoch-189
————————————————
Iter-0; loss: 3.8726;time per batch:0.1167s
Epoch-190
————————————————
Iter-0; loss: 5.1556;time per batch:0.1091s
Epoch-191
————————————————
Iter-0; loss: 4.5804;time per batch:0.1106s
Epoch-192
————————————————
Iter-0; loss: 4.4957;time per batch:0.1161s
Epoch-193
————————————————
Iter-0; loss: 3.5040;time per batch:0.1130s
Epoch-194
————————————————
Iter-0; loss: 4.0671;time per batch:0.1124s
Epoch-195
————————————————
Iter-0; loss: 3.6895;time per batch:0.1097s
Epoch-196
————————————————
Iter-0; loss: 4.9293;time per batch:0.1143s
Epoch-197
————————————————
Iter-0; loss: 4.1056;time per batch:0.1126s
Epoch-198
————————————————
Iter-0; loss: 3.3330;time per batch:0.1207s
Epoch-199
————————————————
Iter-0; loss: 3.9964;time per batch:0.1171s
Epoch-200
————————————————
Iter-0; loss: 3.8569;time per batch:0.1148s
Epoch-201
————————————————
Iter-0; loss: 4.3853;time per batch:0.1239s
Epoch-202
————————————————
Iter-0; loss: 4.6631;time per batch:0.1142s
Epoch-203
————————————————
Iter-0; loss: 3.2519;time per batch:0.1159s
Epoch-204
————————————————
Iter-0; loss: 3.1945;time per batch:0.1112s
Epoch-205
————————————————
Iter-0; loss: 3.8075;time per batch:0.1140s
Epoch-206
————————————————
Iter-0; loss: 3.6816;time per batch:0.1128s
Epoch-207
————————————————
Iter-0; loss: 4.0729;time per batch:0.1136s
Epoch-208
————————————————
Iter-0; loss: 3.3422;time per batch:0.1215s
Epoch-209
————————————————
Iter-0; loss: 3.4425;time per batch:0.1141s
Epoch-210
————————————————
Iter-0; loss: 3.7019;time per batch:0.1173s
Epoch-211
————————————————
Iter-0; loss: 3.4908;time per batch:0.1118s
Epoch-212
————————————————
Iter-0; loss: 3.5878;time per batch:0.1130s
Epoch-213
————————————————
Iter-0; loss: 3.4939;time per batch:0.1141s
Epoch-214
————————————————
Iter-0; loss: 2.4671;time per batch:0.1127s
Epoch-215
————————————————
Iter-0; loss: 3.5213;time per batch:0.1164s
Epoch-216
————————————————
Iter-0; loss: 4.7574;time per batch:0.1115s
Epoch-217
————————————————
Iter-0; loss: 3.0122;time per batch:0.1117s
Epoch-218
————————————————
Iter-0; loss: 3.5909;time per batch:0.1145s
Epoch-219
————————————————
Iter-0; loss: 3.0418;time per batch:0.1161s
Epoch-220
————————————————
Iter-0; loss: 3.8028;time per batch:0.1107s
Epoch-221
————————————————
Iter-0; loss: 4.4704;time per batch:0.1223s
Epoch-222
————————————————
Iter-0; loss: 3.0351;time per batch:0.1192s
Epoch-223
————————————————
Iter-0; loss: 3.4054;time per batch:0.1140s
Epoch-224
————————————————
Iter-0; loss: 2.7229;time per batch:0.1126s
Epoch-225
————————————————
Iter-0; loss: 3.5980;time per batch:0.1093s
Epoch-226
————————————————
Iter-0; loss: 4.5922;time per batch:0.1199s
Epoch-227
————————————————
Iter-0; loss: 2.5325;time per batch:0.1133s
Epoch-228
————————————————
Iter-0; loss: 4.5989;time per batch:0.1152s
Epoch-229
————————————————
Iter-0; loss: 3.3079;time per batch:0.1139s
Epoch-230
————————————————
Iter-0; loss: 3.3632;time per batch:0.1138s
Epoch-231
————————————————
Iter-0; loss: 3.3599;time per batch:0.1106s
Epoch-232
————————————————
Iter-0; loss: 2.5297;time per batch:0.1140s
Epoch-233
————————————————
Iter-0; loss: 3.5153;time per batch:0.1158s
Epoch-234
————————————————
Iter-0; loss: 3.3017;time per batch:0.1116s
Epoch-235
————————————————
Iter-0; loss: 2.9308;time per batch:0.1163s
Epoch-236
————————————————
Iter-0; loss: 2.4856;time per batch:0.1127s
Epoch-237
————————————————
Iter-0; loss: 2.8121;time per batch:0.1133s
Epoch-238
————————————————
Iter-0; loss: 3.9525;time per batch:0.1121s
Epoch-239
————————————————
Iter-0; loss: 2.7810;time per batch:0.1125s
Epoch-240
————————————————
Iter-0; loss: 2.7140;time per batch:0.1128s
Epoch-241
————————————————
Iter-0; loss: 3.6008;time per batch:0.1136s
Epoch-242
————————————————
Iter-0; loss: 3.3354;time per batch:0.1091s
Epoch-243
————————————————
Iter-0; loss: 3.8779;time per batch:0.1082s
Epoch-244
————————————————
Iter-0; loss: 4.7834;time per batch:0.1092s
Epoch-245
————————————————
Iter-0; loss: 2.1511;time per batch:0.1105s
Epoch-246
————————————————
Iter-0; loss: 2.5745;time per batch:0.1099s
Epoch-247
————————————————
Iter-0; loss: 2.8628;time per batch:0.1125s
Epoch-248
————————————————
Iter-0; loss: 3.0403;time per batch:0.1113s
Epoch-249
————————————————
Iter-0; loss: 3.0605;time per batch:0.1097s
Epoch-250
————————————————
Iter-0; loss: 2.2631;time per batch:0.1263s
validation results:
Mean Rank: 338
Mean RR: 0.0694
Hit@1: 0.0240
Hit@3: 0.0712
Hit@5: 0.0976
Hit@10: 0.1520
Epoch-251
————————————————
Iter-0; loss: 2.9980;time per batch:0.1110s
Epoch-252
————————————————
Iter-0; loss: 3.9764;time per batch:0.1143s
Epoch-253
————————————————
Iter-0; loss: 2.7165;time per batch:0.1142s
Epoch-254
————————————————
Iter-0; loss: 2.9938;time per batch:0.1099s
Epoch-255
————————————————
Iter-0; loss: 3.8061;time per batch:0.1104s
Epoch-256
————————————————
Iter-0; loss: 2.8656;time per batch:0.1115s
Epoch-257
————————————————
Iter-0; loss: 2.3573;time per batch:0.1138s
Epoch-258
————————————————
Iter-0; loss: 2.8823;time per batch:0.1090s
Epoch-259
————————————————
Iter-0; loss: 2.8829;time per batch:0.1120s
Epoch-260
————————————————
Iter-0; loss: 2.4307;time per batch:0.1114s
Epoch-261
————————————————
Iter-0; loss: 2.5927;time per batch:0.1105s
Epoch-262
————————————————
Iter-0; loss: 3.5253;time per batch:0.1167s
Epoch-263
————————————————
Iter-0; loss: 3.2788;time per batch:0.1147s
Epoch-264
————————————————
Iter-0; loss: 1.9115;time per batch:0.1099s
Epoch-265
————————————————
Iter-0; loss: 1.9863;time per batch:0.1115s
Epoch-266
————————————————
Iter-0; loss: 2.7627;time per batch:0.1121s
Epoch-267
————————————————
Iter-0; loss: 1.4194;time per batch:0.1093s
Epoch-268
————————————————
Iter-0; loss: 2.7583;time per batch:0.1140s
Epoch-269
————————————————
Iter-0; loss: 2.8824;time per batch:0.1110s
Epoch-270
————————————————
Iter-0; loss: 2.8513;time per batch:0.1152s
Epoch-271
————————————————
Iter-0; loss: 3.2795;time per batch:0.1143s
Epoch-272
————————————————
Iter-0; loss: 2.7049;time per batch:0.1094s
Epoch-273
————————————————
Iter-0; loss: 2.5820;time per batch:0.1091s
Epoch-274
————————————————
Iter-0; loss: 1.9448;time per batch:0.1086s
Epoch-275
————————————————
Iter-0; loss: 2.4571;time per batch:0.1090s
Epoch-276
————————————————
Iter-0; loss: 3.6199;time per batch:0.1102s
Epoch-277
————————————————
Iter-0; loss: 2.7451;time per batch:0.1150s
Epoch-278
————————————————
Iter-0; loss: 2.5499;time per batch:0.1113s
Epoch-279
————————————————
Iter-0; loss: 2.1234;time per batch:0.1109s
Epoch-280
————————————————
Iter-0; loss: 2.1464;time per batch:0.1093s
Epoch-281
————————————————
Iter-0; loss: 2.9425;time per batch:0.1107s
Epoch-282
————————————————
Iter-0; loss: 3.5627;time per batch:0.1132s
Epoch-283
————————————————
Iter-0; loss: 3.7048;time per batch:0.1096s
Epoch-284
————————————————
Iter-0; loss: 2.0082;time per batch:0.1111s
Epoch-285
————————————————
Iter-0; loss: 3.1078;time per batch:0.1129s
Epoch-286
————————————————
Iter-0; loss: 2.3011;time per batch:0.1101s
Epoch-287
————————————————
Iter-0; loss: 1.9056;time per batch:0.1120s
Epoch-288
————————————————
Iter-0; loss: 2.9896;time per batch:0.1122s
Epoch-289
————————————————
Iter-0; loss: 2.2801;time per batch:0.1101s
Epoch-290
————————————————
Iter-0; loss: 2.4734;time per batch:0.1118s
Epoch-291
————————————————
Iter-0; loss: 2.2336;time per batch:0.1089s
Epoch-292
————————————————
Iter-0; loss: 2.7152;time per batch:0.1124s
Epoch-293
————————————————
Iter-0; loss: 3.3521;time per batch:0.1108s
Epoch-294
————————————————
Iter-0; loss: 2.3400;time per batch:0.1129s
Epoch-295
————————————————
Iter-0; loss: 3.4091;time per batch:0.1133s
Epoch-296
————————————————
Iter-0; loss: 1.6481;time per batch:0.1097s
Epoch-297
————————————————
Iter-0; loss: 3.1125;time per batch:0.1114s
Epoch-298
————————————————
Iter-0; loss: 2.2591;time per batch:0.1115s
Epoch-299
————————————————
Iter-0; loss: 3.0994;time per batch:0.1132s
Epoch-300
————————————————
Iter-0; loss: 2.5491;time per batch:0.1171s
Epoch-301
————————————————
Iter-0; loss: 2.1631;time per batch:0.1117s
Epoch-302
————————————————
Iter-0; loss: 2.5749;time per batch:0.1126s
Epoch-303
————————————————
Iter-0; loss: 2.4722;time per batch:0.1166s
Epoch-304
————————————————
Iter-0; loss: 2.9980;time per batch:0.1138s
Epoch-305
————————————————
Iter-0; loss: 3.1401;time per batch:0.1122s
Epoch-306
————————————————
Iter-0; loss: 1.9466;time per batch:0.1091s
Epoch-307
————————————————
Iter-0; loss: 2.4231;time per batch:0.1154s
Epoch-308
————————————————
Iter-0; loss: 2.4656;time per batch:0.1173s
Epoch-309
————————————————
Iter-0; loss: 2.8982;time per batch:0.1106s
Epoch-310
————————————————
Iter-0; loss: 1.5057;time per batch:0.1140s
Epoch-311
————————————————
Iter-0; loss: 2.0514;time per batch:0.1095s
Epoch-312
————————————————
Iter-0; loss: 2.4872;time per batch:0.1137s
Epoch-313
————————————————
Iter-0; loss: 3.0839;time per batch:0.1143s
Epoch-314
————————————————
Iter-0; loss: 2.3189;time per batch:0.1132s
Epoch-315
————————————————
Iter-0; loss: 1.3404;time per batch:0.1116s
Epoch-316
————————————————
Iter-0; loss: 2.0064;time per batch:0.1157s
Epoch-317
————————————————
Iter-0; loss: 2.9065;time per batch:0.1144s
Epoch-318
————————————————
Iter-0; loss: 2.9047;time per batch:0.1133s
Epoch-319
————————————————
Iter-0; loss: 3.0259;time per batch:0.1148s
Epoch-320
————————————————
Iter-0; loss: 3.0601;time per batch:0.1159s
Epoch-321
————————————————
Iter-0; loss: 1.9765;time per batch:0.1172s
Epoch-322
————————————————
Iter-0; loss: 2.5784;time per batch:0.1115s
Epoch-323
————————————————
Iter-0; loss: 3.2268;time per batch:0.1095s
Epoch-324
————————————————
Iter-0; loss: 2.6138;time per batch:0.1127s
Epoch-325
————————————————
Iter-0; loss: 2.2378;time per batch:0.1164s
Epoch-326
————————————————
Iter-0; loss: 2.7839;time per batch:0.1161s
Epoch-327
————————————————
Iter-0; loss: 2.1940;time per batch:0.1143s
Epoch-328
————————————————
Iter-0; loss: 1.1783;time per batch:0.1136s
Epoch-329
————————————————
Iter-0; loss: 1.9144;time per batch:0.1162s
Epoch-330
————————————————
Iter-0; loss: 2.1617;time per batch:0.1212s
Epoch-331
————————————————
Iter-0; loss: 1.8245;time per batch:0.1174s
Epoch-332
————————————————
Iter-0; loss: 2.0013;time per batch:0.1119s
Epoch-333
————————————————
Iter-0; loss: 1.6740;time per batch:0.1156s
Epoch-334
————————————————
Iter-0; loss: 2.0701;time per batch:0.1087s
Epoch-335
————————————————
Iter-0; loss: 2.6690;time per batch:0.1139s
Epoch-336
————————————————
Iter-0; loss: 1.9809;time per batch:0.1178s
Epoch-337
————————————————
Iter-0; loss: 2.8711;time per batch:0.1100s
Epoch-338
————————————————
Iter-0; loss: 1.7421;time per batch:0.1136s
Epoch-339
————————————————
Iter-0; loss: 2.1546;time per batch:0.1094s
Epoch-340
————————————————
Iter-0; loss: 2.5900;time per batch:0.1145s
Epoch-341
————————————————
Iter-0; loss: 2.2989;time per batch:0.1177s
Epoch-342
————————————————
Iter-0; loss: 2.2576;time per batch:0.1185s
Epoch-343
————————————————
Iter-0; loss: 2.1636;time per batch:0.1125s
Epoch-344
————————————————
Iter-0; loss: 2.3516;time per batch:0.1139s
Epoch-345
————————————————
Iter-0; loss: 2.2544;time per batch:0.1091s
Epoch-346
————————————————
Iter-0; loss: 1.6920;time per batch:0.1121s
Epoch-347
————————————————
Iter-0; loss: 1.7291;time per batch:0.1183s
Epoch-348
————————————————
Iter-0; loss: 1.5767;time per batch:0.1107s
Epoch-349
————————————————
Iter-0; loss: 1.5209;time per batch:0.1192s
Epoch-350
————————————————
Iter-0; loss: 1.9619;time per batch:0.1117s
Epoch-351
————————————————
Iter-0; loss: 1.9697;time per batch:0.1083s
Epoch-352
————————————————
Iter-0; loss: 2.3591;time per batch:0.1184s
Epoch-353
————————————————
Iter-0; loss: 1.6896;time per batch:0.1100s
Epoch-354
————————————————
Iter-0; loss: 1.5971;time per batch:0.1126s
Epoch-355
————————————————
Iter-0; loss: 1.7704;time per batch:0.1117s
Epoch-356
————————————————
Iter-0; loss: 1.5534;time per batch:0.1145s
Epoch-357
————————————————
Iter-0; loss: 2.1842;time per batch:0.1096s
Epoch-358
————————————————
Iter-0; loss: 1.7619;time per batch:0.1229s
Epoch-359
————————————————
Iter-0; loss: 1.6712;time per batch:0.1096s
Epoch-360
————————————————
Iter-0; loss: 2.2137;time per batch:0.1138s
Epoch-361
————————————————
Iter-0; loss: 1.7435;time per batch:0.1097s
Epoch-362
————————————————
Iter-0; loss: 2.1673;time per batch:0.1138s
Epoch-363
————————————————
Iter-0; loss: 1.1629;time per batch:0.1176s
Epoch-364
————————————————
Iter-0; loss: 2.6072;time per batch:0.1228s
Epoch-365
————————————————
Iter-0; loss: 1.5212;time per batch:0.1140s
Epoch-366
————————————————
Iter-0; loss: 2.0090;time per batch:0.1124s
Epoch-367
————————————————
Iter-0; loss: 1.9621;time per batch:0.1308s
Epoch-368
————————————————
Iter-0; loss: 1.7667;time per batch:0.1184s
Epoch-369
————————————————
Iter-0; loss: 1.7311;time per batch:0.1114s
Epoch-370
————————————————
Iter-0; loss: 1.6347;time per batch:0.1092s
Epoch-371
————————————————
Iter-0; loss: 1.4798;time per batch:0.1176s
Epoch-372
————————————————
Iter-0; loss: 2.3246;time per batch:0.1177s
Epoch-373
————————————————
Iter-0; loss: 1.6422;time per batch:0.1176s
Epoch-374
————————————————
Iter-0; loss: 2.0490;time per batch:0.1130s
Epoch-375
————————————————
Iter-0; loss: 1.6600;time per batch:0.1227s
Epoch-376
————————————————
Iter-0; loss: 1.8725;time per batch:0.1100s
Epoch-377
————————————————
Iter-0; loss: 1.7303;time per batch:0.1136s
Epoch-378
————————————————
Iter-0; loss: 1.9433;time per batch:0.1138s
Epoch-379
————————————————
Iter-0; loss: 1.2815;time per batch:0.1145s
Epoch-380
————————————————
Iter-0; loss: 1.4743;time per batch:0.1104s
Epoch-381
————————————————
Iter-0; loss: 1.9791;time per batch:0.1134s
Epoch-382
————————————————
Iter-0; loss: 1.8789;time per batch:0.1117s
Epoch-383
————————————————
Iter-0; loss: 1.9218;time per batch:0.1147s
Epoch-384
————————————————
Iter-0; loss: 1.9629;time per batch:0.1109s
Epoch-385
————————————————
Iter-0; loss: 1.1890;time per batch:0.1128s
Epoch-386
————————————————
Iter-0; loss: 1.2491;time per batch:0.1214s
Epoch-387
————————————————
Iter-0; loss: 1.8150;time per batch:0.1175s
Epoch-388
————————————————
Iter-0; loss: 1.8687;time per batch:0.1117s
Epoch-389
————————————————
Iter-0; loss: 1.4894;time per batch:0.1124s
Epoch-390
————————————————
Iter-0; loss: 1.6985;time per batch:0.1135s
Epoch-391
————————————————
Iter-0; loss: 1.3542;time per batch:0.1128s
Epoch-392
————————————————
Iter-0; loss: 1.9892;time per batch:0.1138s
Epoch-393
————————————————
Iter-0; loss: 1.9647;time per batch:0.1126s
Epoch-394
————————————————
Iter-0; loss: 1.2250;time per batch:0.1163s
Epoch-395
————————————————
Iter-0; loss: 1.8741;time per batch:0.1127s
Epoch-396
————————————————
Iter-0; loss: 1.1920;time per batch:0.1095s
Epoch-397
————————————————
Iter-0; loss: 1.8978;time per batch:0.1147s
Epoch-398
————————————————
Iter-0; loss: 1.3997;time per batch:0.1125s
Epoch-399
————————————————
Iter-0; loss: 1.3154;time per batch:0.1106s
Epoch-400
————————————————
Iter-0; loss: 1.3847;time per batch:0.1098s
Epoch-401
————————————————
Iter-0; loss: 1.8698;time per batch:0.1145s
Epoch-402
————————————————
Iter-0; loss: 1.4800;time per batch:0.1205s
Epoch-403
————————————————
Iter-0; loss: 1.4561;time per batch:0.1166s
Epoch-404
————————————————
Iter-0; loss: 2.3982;time per batch:0.1232s
Epoch-405
————————————————
Iter-0; loss: 1.3522;time per batch:0.1138s
Epoch-406
————————————————
Iter-0; loss: 1.7684;time per batch:0.1160s
Epoch-407
————————————————
Iter-0; loss: 1.8667;time per batch:0.1156s
Epoch-408
————————————————
Iter-0; loss: 1.4967;time per batch:0.1143s
Epoch-409
————————————————
Iter-0; loss: 1.4682;time per batch:0.1096s
Epoch-410
————————————————
Iter-0; loss: 1.2242;time per batch:0.1170s
Epoch-411
————————————————
Iter-0; loss: 1.2216;time per batch:0.1215s
Epoch-412
————————————————
Iter-0; loss: 1.4113;time per batch:0.1084s
Epoch-413
————————————————
Iter-0; loss: 1.1791;time per batch:0.1116s
Epoch-414
————————————————
Iter-0; loss: 0.8388;time per batch:0.1125s
Epoch-415
————————————————
Iter-0; loss: 1.2598;time per batch:0.1200s
Epoch-416
————————————————
Iter-0; loss: 1.5798;time per batch:0.1148s
Epoch-417
————————————————
Iter-0; loss: 1.6369;time per batch:0.1111s
Epoch-418
————————————————
Iter-0; loss: 1.3796;time per batch:0.1129s
Epoch-419
————————————————
Iter-0; loss: 1.4280;time per batch:0.1174s
Epoch-420
————————————————
Iter-0; loss: 1.9238;time per batch:0.1150s
Epoch-421
————————————————
Iter-0; loss: 1.4918;time per batch:0.1105s
Epoch-422
————————————————
Iter-0; loss: 0.9832;time per batch:0.1130s
Epoch-423
————————————————
Iter-0; loss: 1.2885;time per batch:0.1100s
Epoch-424
————————————————
Iter-0; loss: 1.5817;time per batch:0.1100s
Epoch-425
————————————————
Iter-0; loss: 1.0610;time per batch:0.1128s
Epoch-426
————————————————
Iter-0; loss: 1.4467;time per batch:0.1110s
Epoch-427
————————————————
Iter-0; loss: 2.0015;time per batch:0.1146s
Epoch-428
————————————————
Iter-0; loss: 1.3774;time per batch:0.1091s
Epoch-429
————————————————
Iter-0; loss: 1.4383;time per batch:0.1091s
Epoch-430
————————————————
Iter-0; loss: 1.0362;time per batch:0.1157s
Epoch-431
————————————————
Iter-0; loss: 1.2654;time per batch:0.1132s
Epoch-432
————————————————
Iter-0; loss: 0.9106;time per batch:0.1131s
Epoch-433
————————————————
Iter-0; loss: 1.4104;time per batch:0.1150s
Epoch-434
————————————————
Iter-0; loss: 0.9061;time per batch:0.1120s
Epoch-435
————————————————
Iter-0; loss: 1.6988;time per batch:0.1126s
Epoch-436
————————————————
Iter-0; loss: 1.2382;time per batch:0.1140s
Epoch-437
————————————————
Iter-0; loss: 1.6389;time per batch:0.1096s
Epoch-438
————————————————
Iter-0; loss: 1.2669;time per batch:0.1094s
Epoch-439
————————————————
Iter-0; loss: 0.8508;time per batch:0.1137s
Epoch-440
————————————————
Iter-0; loss: 0.9717;time per batch:0.1152s
Epoch-441
————————————————
Iter-0; loss: 1.1757;time per batch:0.1143s
Epoch-442
————————————————
Iter-0; loss: 1.4539;time per batch:0.1149s
Epoch-443
————————————————
Iter-0; loss: 1.0253;time per batch:0.1230s
Epoch-444
————————————————
Iter-0; loss: 1.0336;time per batch:0.1166s
Epoch-445
————————————————
Iter-0; loss: 0.7370;time per batch:0.1185s
Epoch-446
————————————————
Iter-0; loss: 1.0440;time per batch:0.1182s
Epoch-447
————————————————
Iter-0; loss: 1.1533;time per batch:0.1122s
Epoch-448
————————————————
Iter-0; loss: 1.5078;time per batch:0.1108s
Epoch-449
————————————————
Iter-0; loss: 1.1668;time per batch:0.1199s
Epoch-450
————————————————
Iter-0; loss: 1.2301;time per batch:0.1139s
Epoch-451
————————————————
Iter-0; loss: 1.3991;time per batch:0.1099s
Epoch-452
————————————————
Iter-0; loss: 1.0516;time per batch:0.1105s
Epoch-453
————————————————
Iter-0; loss: 1.0553;time per batch:0.1135s
Epoch-454
————————————————
Iter-0; loss: 1.5235;time per batch:0.1175s
Epoch-455
————————————————
Iter-0; loss: 0.7674;time per batch:0.1138s
Epoch-456
————————————————
Iter-0; loss: 1.4817;time per batch:0.1111s
Epoch-457
————————————————
Iter-0; loss: 1.0445;time per batch:0.1108s
Epoch-458
————————————————
Iter-0; loss: 1.1113;time per batch:0.1124s
Epoch-459
————————————————
Iter-0; loss: 0.9805;time per batch:0.1216s
Epoch-460
————————————————
Iter-0; loss: 0.8249;time per batch:0.1188s
Epoch-461
————————————————
Iter-0; loss: 0.7583;time per batch:0.1148s
Epoch-462
————————————————
Iter-0; loss: 0.9213;time per batch:0.1127s
Epoch-463
————————————————
Iter-0; loss: 1.1025;time per batch:0.1128s
Epoch-464
————————————————
Iter-0; loss: 1.1090;time per batch:0.1159s
Epoch-465
————————————————
Iter-0; loss: 1.1059;time per batch:0.1171s
Epoch-466
————————————————
Iter-0; loss: 1.2510;time per batch:0.1108s
Epoch-467
————————————————
Iter-0; loss: 1.0900;time per batch:0.1139s
Epoch-468
————————————————
Iter-0; loss: 0.7281;time per batch:0.1133s
Epoch-469
————————————————
Iter-0; loss: 0.8164;time per batch:0.1193s
Epoch-470
————————————————
Iter-0; loss: 1.2438;time per batch:0.1144s
Epoch-471
————————————————
Iter-0; loss: 1.1607;time per batch:0.1129s
Epoch-472
————————————————
Iter-0; loss: 1.2471;time per batch:0.1137s
Epoch-473
————————————————
Iter-0; loss: 0.9462;time per batch:0.1159s
Epoch-474
————————————————
Iter-0; loss: 1.3490;time per batch:0.1128s
Epoch-475
————————————————
Iter-0; loss: 1.0980;time per batch:0.1171s
Epoch-476
————————————————
Iter-0; loss: 0.8103;time per batch:0.1175s
Epoch-477
————————————————
Iter-0; loss: 0.9951;time per batch:0.1112s
Epoch-478
————————————————
Iter-0; loss: 1.2180;time per batch:0.1094s
Epoch-479
————————————————
Iter-0; loss: 1.0392;time per batch:0.1182s
Epoch-480
————————————————
Iter-0; loss: 1.0961;time per batch:0.1136s
Epoch-481
————————————————
Iter-0; loss: 1.3141;time per batch:0.1117s
Epoch-482
————————————————
Iter-0; loss: 0.9245;time per batch:0.1139s
Epoch-483
————————————————
Iter-0; loss: 0.9210;time per batch:0.1145s
Epoch-484
————————————————
Iter-0; loss: 0.8058;time per batch:0.1123s
Epoch-485
————————————————
Iter-0; loss: 0.7523;time per batch:0.1144s
Epoch-486
————————————————
Iter-0; loss: 0.8971;time per batch:0.1190s
Epoch-487
————————————————
Iter-0; loss: 0.9487;time per batch:0.1202s
Epoch-488
————————————————
Iter-0; loss: 0.8429;time per batch:0.1168s
Epoch-489
————————————————
Iter-0; loss: 1.0184;time per batch:0.1123s
Epoch-490
————————————————
Iter-0; loss: 0.6379;time per batch:0.1138s
Epoch-491
————————————————
Iter-0; loss: 1.1338;time per batch:0.1199s
Epoch-492
————————————————
Iter-0; loss: 0.7904;time per batch:0.1160s
Epoch-493
————————————————
Iter-0; loss: 0.7855;time per batch:0.1209s
Epoch-494
————————————————
Iter-0; loss: 0.6622;time per batch:0.1178s
Epoch-495
————————————————
Iter-0; loss: 0.9920;time per batch:0.1140s
Epoch-496
————————————————
Iter-0; loss: 0.9030;time per batch:0.1123s
Epoch-497
————————————————
Iter-0; loss: 0.7888;time per batch:0.1201s
Epoch-498
————————————————
Iter-0; loss: 0.8646;time per batch:0.1117s
Epoch-499
————————————————
Iter-0; loss: 0.8188;time per batch:0.1162s
Epoch-500
————————————————
Iter-0; loss: 0.5330;time per batch:0.1115s
validation results:
Mean Rank: 346
Mean RR: 0.0823
Hit@1: 0.0336
Hit@3: 0.0856
Hit@5: 0.1120
Hit@10: 0.1752
Epoch-501
————————————————
Iter-0; loss: 0.6000;time per batch:0.1113s
Epoch-502
————————————————
Iter-0; loss: 0.5166;time per batch:0.1109s
Epoch-503
————————————————
Iter-0; loss: 0.8713;time per batch:0.1132s
Epoch-504
————————————————
Iter-0; loss: 0.8638;time per batch:0.1123s
Epoch-505
————————————————
Iter-0; loss: 0.8804;time per batch:0.1143s
Epoch-506
————————————————
Iter-0; loss: 0.7141;time per batch:0.1112s
Epoch-507
————————————————
Iter-0; loss: 0.7445;time per batch:0.1119s
Epoch-508
————————————————
Iter-0; loss: 0.4332;time per batch:0.1093s
Epoch-509
————————————————
Iter-0; loss: 0.5990;time per batch:0.1106s
Epoch-510
————————————————
Iter-0; loss: 0.7993;time per batch:0.1122s
Epoch-511
————————————————
Iter-0; loss: 0.8692;time per batch:0.1114s
Epoch-512
————————————————
Iter-0; loss: 0.4099;time per batch:0.1157s
Epoch-513
————————————————
Iter-0; loss: 0.9215;time per batch:0.1156s
Epoch-514
————————————————
Iter-0; loss: 0.6930;time per batch:0.1141s
Epoch-515
————————————————
Iter-0; loss: 0.5421;time per batch:0.1130s
Epoch-516
————————————————
Iter-0; loss: 0.8035;time per batch:0.1154s
Epoch-517
————————————————
Iter-0; loss: 0.6774;time per batch:0.1174s
Epoch-518
————————————————
Iter-0; loss: 0.9758;time per batch:0.1163s
Epoch-519
————————————————
Iter-0; loss: 0.9239;time per batch:0.1099s
Epoch-520
————————————————
Iter-0; loss: 0.7289;time per batch:0.1234s
Epoch-521
————————————————
Iter-0; loss: 0.6203;time per batch:0.1198s
Epoch-522
————————————————
Iter-0; loss: 0.5311;time per batch:0.1201s
Epoch-523
————————————————
Iter-0; loss: 0.7506;time per batch:0.1145s
Epoch-524
————————————————
Iter-0; loss: 0.5461;time per batch:0.1132s
Epoch-525
————————————————
Iter-0; loss: 0.3832;time per batch:0.1150s
Epoch-526
————————————————
Iter-0; loss: 0.7474;time per batch:0.1148s
Epoch-527
————————————————
Iter-0; loss: 0.5835;time per batch:0.1121s
Epoch-528
————————————————
Iter-0; loss: 0.5856;time per batch:0.1152s
Epoch-529
————————————————
Iter-0; loss: 0.8734;time per batch:0.1108s
Epoch-530
————————————————
Iter-0; loss: 1.2620;time per batch:0.1152s
Epoch-531
————————————————
Iter-0; loss: 0.6621;time per batch:0.1154s
Epoch-532
————————————————
Iter-0; loss: 0.5322;time per batch:0.1198s
Epoch-533
————————————————
Iter-0; loss: 0.5788;time per batch:0.1160s
Epoch-534
————————————————
Iter-0; loss: 0.5129;time per batch:0.1163s
Epoch-535
————————————————
Iter-0; loss: 0.6650;time per batch:0.1132s
Epoch-536
————————————————
Iter-0; loss: 0.6961;time per batch:0.1204s
Epoch-537
————————————————
Iter-0; loss: 0.8251;time per batch:0.1215s
Epoch-538
————————————————
Iter-0; loss: 0.5249;time per batch:0.1162s
Epoch-539
————————————————
Iter-0; loss: 0.8378;time per batch:0.1112s
Epoch-540
————————————————
Iter-0; loss: 0.5355;time per batch:0.1137s
Epoch-541
————————————————
Iter-0; loss: 0.5751;time per batch:0.1233s
Epoch-542
————————————————
Iter-0; loss: 0.7101;time per batch:0.1196s
Epoch-543
————————————————
Iter-0; loss: 0.3343;time per batch:0.1189s
Epoch-544
————————————————
Iter-0; loss: 0.6149;time per batch:0.1113s
Epoch-545
————————————————
Iter-0; loss: 0.5157;time per batch:0.1164s
Epoch-546
————————————————
Iter-0; loss: 0.4267;time per batch:0.1291s
Epoch-547
————————————————
Iter-0; loss: 0.4927;time per batch:0.1171s
Epoch-548
————————————————
Iter-0; loss: 0.5022;time per batch:0.1174s
Epoch-549
————————————————
Iter-0; loss: 0.5437;time per batch:0.1154s
Epoch-550
————————————————
Iter-0; loss: 0.4244;time per batch:0.1105s
Epoch-551
————————————————
Iter-0; loss: 0.5279;time per batch:0.1143s
Epoch-552
————————————————
Iter-0; loss: 0.4741;time per batch:0.1138s
Epoch-553
————————————————
Iter-0; loss: 0.4919;time per batch:0.1129s
Epoch-554
————————————————
Iter-0; loss: 0.8950;time per batch:0.1137s
Epoch-555
————————————————
Iter-0; loss: 0.5265;time per batch:0.1158s
Epoch-556
————————————————
Iter-0; loss: 0.4921;time per batch:0.1128s
Epoch-557
————————————————
Iter-0; loss: 0.6934;time per batch:0.1157s
Epoch-558
————————————————
Iter-0; loss: 0.4403;time per batch:0.1101s
Epoch-559
————————————————
Iter-0; loss: 0.4359;time per batch:0.1092s
Epoch-560
————————————————
Iter-0; loss: 0.6566;time per batch:0.1139s
Epoch-561
————————————————
Iter-0; loss: 0.5020;time per batch:0.1154s
Epoch-562
————————————————
Iter-0; loss: 0.3556;time per batch:0.1198s
Epoch-563
————————————————
Iter-0; loss: 0.4542;time per batch:0.1151s
Epoch-564
————————————————
Iter-0; loss: 0.4090;time per batch:0.1141s
Epoch-565
————————————————
Iter-0; loss: 0.4263;time per batch:0.1131s
Epoch-566
————————————————
Iter-0; loss: 0.7583;time per batch:0.1108s
Epoch-567
————————————————
Iter-0; loss: 0.4896;time per batch:0.1114s
Epoch-568
————————————————
Iter-0; loss: 0.3516;time per batch:0.1114s
Epoch-569
————————————————
Iter-0; loss: 0.5743;time per batch:0.1119s
Epoch-570
————————————————
Iter-0; loss: 0.6495;time per batch:0.1128s
Epoch-571
————————————————
Iter-0; loss: 0.7366;time per batch:0.1098s
Epoch-572
————————————————
Iter-0; loss: 0.4256;time per batch:0.1173s
Epoch-573
————————————————
Iter-0; loss: 0.6128;time per batch:0.1119s
Epoch-574
————————————————
Iter-0; loss: 0.4441;time per batch:0.1152s
Epoch-575
————————————————
Iter-0; loss: 0.5058;time per batch:0.1134s
Epoch-576
————————————————
Iter-0; loss: 0.4235;time per batch:0.1132s
Epoch-577
————————————————
Iter-0; loss: 0.4704;time per batch:0.1191s
Epoch-578
————————————————
Iter-0; loss: 0.3944;time per batch:0.1124s
Epoch-579
————————————————
Iter-0; loss: 0.3484;time per batch:0.1139s
Epoch-580
————————————————
Iter-0; loss: 0.3012;time per batch:0.1131s
Epoch-581
————————————————
Iter-0; loss: 0.4641;time per batch:0.1123s
Epoch-582
————————————————
Iter-0; loss: 0.4136;time per batch:0.1114s
Epoch-583
————————————————
Iter-0; loss: 0.4304;time per batch:0.1130s
Epoch-584
————————————————
Iter-0; loss: 0.4406;time per batch:0.1113s
Epoch-585
————————————————
Iter-0; loss: 0.5030;time per batch:0.1112s
Epoch-586
————————————————
Iter-0; loss: 0.7250;time per batch:0.1097s
Epoch-587
————————————————
Iter-0; loss: 0.3507;time per batch:0.1125s
Epoch-588
————————————————
Iter-0; loss: 0.4573;time per batch:0.1157s
Epoch-589
————————————————
Iter-0; loss: 0.4248;time per batch:0.1132s
Epoch-590
————————————————
Iter-0; loss: 0.3260;time per batch:0.1155s
Epoch-591
————————————————
Iter-0; loss: 0.5218;time per batch:0.1130s
Epoch-592
————————————————
Iter-0; loss: 0.2354;time per batch:0.1135s
Epoch-593
————————————————
Iter-0; loss: 0.4062;time per batch:0.1141s
Epoch-594
————————————————
Iter-0; loss: 0.3469;time per batch:0.1127s
Epoch-595
————————————————
Iter-0; loss: 0.5813;time per batch:0.1143s
Epoch-596
————————————————
Iter-0; loss: 0.5121;time per batch:0.1127s
Epoch-597
————————————————
Iter-0; loss: 0.5347;time per batch:0.1130s
Epoch-598
————————————————
Iter-0; loss: 0.4968;time per batch:0.1147s
Epoch-599
————————————————
Iter-0; loss: 0.3575;time per batch:0.1104s
Epoch-600
————————————————
Iter-0; loss: 0.4051;time per batch:0.1123s
Epoch-601
————————————————
Iter-0; loss: 0.4390;time per batch:0.1127s
Epoch-602
————————————————
Iter-0; loss: 0.2324;time per batch:0.1125s
Epoch-603
————————————————
Iter-0; loss: 0.3883;time per batch:0.1164s
Epoch-604
————————————————
Iter-0; loss: 0.2085;time per batch:0.1151s
Epoch-605
————————————————
Iter-0; loss: 0.3128;time per batch:0.1124s
Epoch-606
————————————————
Iter-0; loss: 0.2502;time per batch:0.1090s
Epoch-607
————————————————
Iter-0; loss: 0.2815;time per batch:0.1123s
Epoch-608
————————————————
Iter-0; loss: 0.3921;time per batch:0.1106s
Epoch-609
————————————————
Iter-0; loss: 0.3234;time per batch:0.1146s
Epoch-610
————————————————
Iter-0; loss: 0.4352;time per batch:0.1117s
Epoch-611
————————————————
Iter-0; loss: 0.4613;time per batch:0.1099s
Epoch-612
————————————————
Iter-0; loss: 0.4107;time per batch:0.1124s
Epoch-613
————————————————
Iter-0; loss: 0.4057;time per batch:0.1095s
Epoch-614
————————————————
Iter-0; loss: 0.4761;time per batch:0.1142s
Epoch-615
————————————————
Iter-0; loss: 0.1818;time per batch:0.1195s
Epoch-616
————————————————
Iter-0; loss: 0.3320;time per batch:0.1210s
Epoch-617
————————————————
Iter-0; loss: 0.5382;time per batch:0.1176s
Epoch-618
————————————————
Iter-0; loss: 0.4203;time per batch:0.1193s
Epoch-619
————————————————
Iter-0; loss: 0.2832;time per batch:0.1166s
Epoch-620
————————————————
Iter-0; loss: 0.3142;time per batch:0.1132s
Epoch-621
————————————————
Iter-0; loss: 0.3335;time per batch:0.1168s
Epoch-622
————————————————
Iter-0; loss: 0.5505;time per batch:0.1156s
Epoch-623
————————————————
Iter-0; loss: 0.6012;time per batch:0.1137s
Epoch-624
————————————————
Iter-0; loss: 0.3253;time per batch:0.1136s
Epoch-625
————————————————
Iter-0; loss: 0.3518;time per batch:0.1254s
Epoch-626
————————————————
Iter-0; loss: 0.2570;time per batch:0.1239s
Epoch-627
————————————————
Iter-0; loss: 0.2975;time per batch:0.1127s
Epoch-628
————————————————
Iter-0; loss: 0.3849;time per batch:0.1200s
Epoch-629
————————————————
Iter-0; loss: 0.4755;time per batch:0.1158s
Epoch-630
————————————————
Iter-0; loss: 0.2651;time per batch:0.1208s
Epoch-631
————————————————
Iter-0; loss: 0.1979;time per batch:0.1171s
Epoch-632
————————————————
Iter-0; loss: 0.3299;time per batch:0.1172s
Epoch-633
————————————————
Iter-0; loss: 0.2853;time per batch:0.1153s
Epoch-634
————————————————
Iter-0; loss: 0.2761;time per batch:0.1112s
Epoch-635
————————————————
Iter-0; loss: 0.2948;time per batch:0.1110s
Epoch-636
————————————————
Iter-0; loss: 0.3740;time per batch:0.1118s
Epoch-637
————————————————
Iter-0; loss: 0.2602;time per batch:0.1163s
Epoch-638
————————————————
Iter-0; loss: 0.3178;time per batch:0.1128s
Epoch-639
————————————————
Iter-0; loss: 0.3588;time per batch:0.1143s
Epoch-640
————————————————
Iter-0; loss: 0.2771;time per batch:0.1143s
Epoch-641
————————————————
Iter-0; loss: 0.5312;time per batch:0.1177s
Epoch-642
————————————————
Iter-0; loss: 0.2320;time per batch:0.1207s
Epoch-643
————————————————
Iter-0; loss: 0.3460;time per batch:0.1123s
Epoch-644
————————————————
Iter-0; loss: 0.2403;time per batch:0.1123s
Epoch-645
————————————————
Iter-0; loss: 0.2198;time per batch:0.1123s
Epoch-646
————————————————
Iter-0; loss: 0.2279;time per batch:0.1115s
Epoch-647
————————————————
Iter-0; loss: 0.3786;time per batch:0.1190s
Epoch-648
————————————————
Iter-0; loss: 0.3235;time per batch:0.1153s
Epoch-649
————————————————
Iter-0; loss: 0.3162;time per batch:0.1141s
Epoch-650
————————————————
Iter-0; loss: 0.3581;time per batch:0.1111s
Epoch-651
————————————————
Iter-0; loss: 0.3496;time per batch:0.1147s
Epoch-652
————————————————
Iter-0; loss: 0.3199;time per batch:0.1099s
Epoch-653
————————————————
Iter-0; loss: 0.3177;time per batch:0.1130s
Epoch-654
————————————————
Iter-0; loss: 0.3527;time per batch:0.1159s
Epoch-655
————————————————
Iter-0; loss: 0.3673;time per batch:0.1177s
Epoch-656
————————————————
Iter-0; loss: 0.2706;time per batch:0.1107s
Epoch-657
————————————————
Iter-0; loss: 0.3159;time per batch:0.1109s
Epoch-658
————————————————
Iter-0; loss: 0.5075;time per batch:0.1144s
Epoch-659
————————————————
Iter-0; loss: 0.2295;time per batch:0.1127s
Epoch-660
————————————————
Iter-0; loss: 0.3776;time per batch:0.1145s
Epoch-661
————————————————
Iter-0; loss: 0.2688;time per batch:0.1141s
Epoch-662
————————————————
Iter-0; loss: 0.2668;time per batch:0.1133s
Epoch-663
————————————————
Iter-0; loss: 0.2200;time per batch:0.1132s
Epoch-664
————————————————
Iter-0; loss: 0.2889;time per batch:0.1112s
Epoch-665
————————————————
Iter-0; loss: 0.1630;time per batch:0.1230s
Epoch-666
————————————————
Iter-0; loss: 0.3249;time per batch:0.1164s
Epoch-667
————————————————
Iter-0; loss: 0.3346;time per batch:0.1119s
Epoch-668
————————————————
Iter-0; loss: 0.1593;time per batch:0.1125s
Epoch-669
————————————————
Iter-0; loss: 0.2195;time per batch:0.1140s
Epoch-670
————————————————
Iter-0; loss: 0.2064;time per batch:0.1134s
Epoch-671
————————————————
Iter-0; loss: 0.3899;time per batch:0.1091s
Epoch-672
————————————————
Iter-0; loss: 0.2620;time per batch:0.1102s
Epoch-673
————————————————
Iter-0; loss: 0.2784;time per batch:0.1169s
Epoch-674
————————————————
Iter-0; loss: 0.2106;time per batch:0.1172s
Epoch-675
————————————————
Iter-0; loss: 0.2205;time per batch:0.1176s
Epoch-676
————————————————
Iter-0; loss: 0.1906;time per batch:0.1218s
Epoch-677
————————————————
Iter-0; loss: 0.1680;time per batch:0.1172s
Epoch-678
————————————————
Iter-0; loss: 0.1914;time per batch:0.1146s
Epoch-679
————————————————
Iter-0; loss: 0.2699;time per batch:0.1194s
Epoch-680
————————————————
Iter-0; loss: 0.2472;time per batch:0.1161s
Epoch-681
————————————————
Iter-0; loss: 0.2170;time per batch:0.1243s
Epoch-682
————————————————
Iter-0; loss: 0.3020;time per batch:0.1157s
Epoch-683
————————————————
Iter-0; loss: 0.2508;time per batch:0.1169s
Epoch-684
————————————————
Iter-0; loss: 0.2314;time per batch:0.1172s
Epoch-685
————————————————
Iter-0; loss: 0.1729;time per batch:0.1187s
Epoch-686
————————————————
Iter-0; loss: 0.3347;time per batch:0.1154s
Epoch-687
————————————————
Iter-0; loss: 0.2426;time per batch:0.1168s
Epoch-688
————————————————
Iter-0; loss: 0.1391;time per batch:0.1192s
Epoch-689
————————————————
Iter-0; loss: 0.1946;time per batch:0.1172s
Epoch-690
————————————————
Iter-0; loss: 0.1248;time per batch:0.1153s
Epoch-691
————————————————
Iter-0; loss: 0.2392;time per batch:0.1138s
Epoch-692
————————————————
Iter-0; loss: 0.2264;time per batch:0.1130s
Epoch-693
————————————————
Iter-0; loss: 0.1716;time per batch:0.1151s
Epoch-694
————————————————
Iter-0; loss: 0.1195;time per batch:0.1161s
Epoch-695
————————————————
Iter-0; loss: 0.2260;time per batch:0.1156s
Epoch-696
————————————————
Iter-0; loss: 0.2705;time per batch:0.1130s
Epoch-697
————————————————
Iter-0; loss: 0.1702;time per batch:0.1193s
Epoch-698
————————————————
Iter-0; loss: 0.3156;time per batch:0.1246s
Epoch-699
————————————————
Iter-0; loss: 0.2718;time per batch:0.1147s
Epoch-700
————————————————
Iter-0; loss: 0.1557;time per batch:0.1117s
Epoch-701
————————————————
Iter-0; loss: 0.2206;time per batch:0.1136s
Epoch-702
————————————————
Iter-0; loss: 0.2557;time per batch:0.1147s
Epoch-703
————————————————
Iter-0; loss: 0.1274;time per batch:0.1167s
Epoch-704
————————————————
Iter-0; loss: 0.1038;time per batch:0.1166s
Epoch-705
————————————————
Iter-0; loss: 0.2499;time per batch:0.1123s
Epoch-706
————————————————
Iter-0; loss: 0.2153;time per batch:0.1143s
Epoch-707
————————————————
Iter-0; loss: 0.1435;time per batch:0.1136s
Epoch-708
————————————————
Iter-0; loss: 0.2248;time per batch:0.1196s
Epoch-709
————————————————
Iter-0; loss: 0.2751;time per batch:0.1120s
Epoch-710
————————————————
Iter-0; loss: 0.2029;time per batch:0.1191s
Epoch-711
————————————————
Iter-0; loss: 0.2083;time per batch:0.1171s
Epoch-712
————————————————
Iter-0; loss: 0.1406;time per batch:0.1146s
Epoch-713
————————————————
Iter-0; loss: 0.1820;time per batch:0.1158s
Epoch-714
————————————————
Iter-0; loss: 0.1590;time per batch:0.1161s
Epoch-715
————————————————
Iter-0; loss: 0.1017;time per batch:0.1201s
Epoch-716
————————————————
Iter-0; loss: 0.1065;time per batch:0.1179s
Epoch-717
————————————————
Iter-0; loss: 0.1748;time per batch:0.1181s
Epoch-718
————————————————
Iter-0; loss: 0.1592;time per batch:0.1132s
Epoch-719
————————————————
Iter-0; loss: 0.2170;time per batch:0.1157s
Epoch-720
————————————————
Iter-0; loss: 0.1443;time per batch:0.1121s
Epoch-721
————————————————
Iter-0; loss: 0.1637;time per batch:0.1132s
Epoch-722
————————————————
Iter-0; loss: 0.2191;time per batch:0.1127s
Epoch-723
————————————————
Iter-0; loss: 0.2718;time per batch:0.1148s
Epoch-724
————————————————
Iter-0; loss: 0.1767;time per batch:0.1159s
Epoch-725
————————————————
Iter-0; loss: 0.1366;time per batch:0.1172s
Epoch-726
————————————————
Iter-0; loss: 0.1121;time per batch:0.1116s
Epoch-727
————————————————
Iter-0; loss: 0.1489;time per batch:0.1122s
Epoch-728
————————————————
Iter-0; loss: 0.1572;time per batch:0.1163s
Epoch-729
————————————————
Iter-0; loss: 0.1508;time per batch:0.1152s
Epoch-730
————————————————
Iter-0; loss: 0.1260;time per batch:0.1128s
Epoch-731
————————————————
Iter-0; loss: 0.1388;time per batch:0.1099s
Epoch-732
————————————————
Iter-0; loss: 0.1581;time per batch:0.1147s
Epoch-733
————————————————
Iter-0; loss: 0.0917;time per batch:0.1155s
Epoch-734
————————————————
Iter-0; loss: 0.1702;time per batch:0.1127s
Epoch-735
————————————————
Iter-0; loss: 0.2622;time per batch:0.1201s
Epoch-736
————————————————
Iter-0; loss: 0.0884;time per batch:0.1301s
Epoch-737
————————————————
Iter-0; loss: 0.1079;time per batch:0.1146s
Epoch-738
————————————————
Iter-0; loss: 0.2287;time per batch:0.1129s
Epoch-739
————————————————
Iter-0; loss: 0.1406;time per batch:0.1146s
Epoch-740
————————————————
Iter-0; loss: 0.1034;time per batch:0.1137s
Epoch-741
————————————————
Iter-0; loss: 0.1641;time per batch:0.1169s
Epoch-742
————————————————
Iter-0; loss: 0.1223;time per batch:0.1158s
Epoch-743
————————————————
Iter-0; loss: 0.1708;time per batch:0.1158s
Epoch-744
————————————————
Iter-0; loss: 0.1310;time per batch:0.1141s
Epoch-745
————————————————
Iter-0; loss: 0.1041;time per batch:0.1151s
Epoch-746
————————————————
Iter-0; loss: 0.0856;time per batch:0.1161s
Epoch-747
————————————————
Iter-0; loss: 0.1334;time per batch:0.1166s
Epoch-748
————————————————
Iter-0; loss: 0.0837;time per batch:0.1114s
Epoch-749
————————————————
Iter-0; loss: 0.1671;time per batch:0.1158s
Epoch-750
————————————————
Iter-0; loss: 0.1319;time per batch:0.1157s
validation results:
Mean Rank: 358
Mean RR: 0.0726
Hit@1: 0.0272
Hit@3: 0.0784
Hit@5: 0.1032
Hit@10: 0.1512
Epoch-751
————————————————
Iter-0; loss: 0.1424;time per batch:0.1117s
Epoch-752
————————————————
Iter-0; loss: 0.1132;time per batch:0.1173s
Epoch-753
————————————————
Iter-0; loss: 0.1294;time per batch:0.1173s
Epoch-754
————————————————
Iter-0; loss: 0.1064;time per batch:0.1150s
Epoch-755
————————————————
Iter-0; loss: 0.1285;time per batch:0.1176s
Epoch-756
————————————————
Iter-0; loss: 0.0901;time per batch:0.1149s
Epoch-757
————————————————
Iter-0; loss: 0.2306;time per batch:0.1134s
Epoch-758
————————————————
Iter-0; loss: 0.0748;time per batch:0.1137s
Epoch-759
————————————————
Iter-0; loss: 0.0953;time per batch:0.1176s
Epoch-760
————————————————
Iter-0; loss: 0.1581;time per batch:0.1152s
Epoch-761
————————————————
Iter-0; loss: 0.1836;time per batch:0.1118s
Epoch-762
————————————————
Iter-0; loss: 0.1063;time per batch:0.1152s
Epoch-763
————————————————
Iter-0; loss: 0.1441;time per batch:0.1129s
Epoch-764
————————————————
Iter-0; loss: 0.1346;time per batch:0.1140s
Epoch-765
————————————————
Iter-0; loss: 0.1609;time per batch:0.1171s
Epoch-766
————————————————
Iter-0; loss: 0.1266;time per batch:0.1127s
Epoch-767
————————————————
Iter-0; loss: 0.0799;time per batch:0.1105s
Epoch-768
————————————————
Iter-0; loss: 0.1004;time per batch:0.1122s
Epoch-769
————————————————
Iter-0; loss: 0.1249;time per batch:0.1149s
Epoch-770
————————————————
Iter-0; loss: 0.1371;time per batch:0.1117s
Epoch-771
————————————————
Iter-0; loss: 0.0586;time per batch:0.1114s
Epoch-772
————————————————
Iter-0; loss: 0.1756;time per batch:0.1118s
Epoch-773
————————————————
Iter-0; loss: 0.0959;time per batch:0.1121s
Epoch-774
————————————————
Iter-0; loss: 0.1167;time per batch:0.1158s
Epoch-775
————————————————
Iter-0; loss: 0.0590;time per batch:0.1178s
Epoch-776
————————————————
Iter-0; loss: 0.0805;time per batch:0.1180s
Epoch-777
————————————————
Iter-0; loss: 0.1405;time per batch:0.1129s
Epoch-778
————————————————
Iter-0; loss: 0.1015;time per batch:0.1124s
Epoch-779
————————————————
Iter-0; loss: 0.0830;time per batch:0.1155s
Epoch-780
————————————————
Iter-0; loss: 0.1095;time per batch:0.1144s
Epoch-781
————————————————
Iter-0; loss: 0.0522;time per batch:0.1253s
Epoch-782
————————————————
Iter-0; loss: 0.0947;time per batch:0.1139s
Epoch-783
————————————————
Iter-0; loss: 0.1282;time per batch:0.1133s
Epoch-784
————————————————
Iter-0; loss: 0.0991;time per batch:0.1113s
Epoch-785
————————————————
Iter-0; loss: 0.0379;time per batch:0.1183s
Epoch-786
————————————————
Iter-0; loss: 0.1350;time per batch:0.1170s
Epoch-787
————————————————
Iter-0; loss: 0.1239;time per batch:0.1166s
Epoch-788
————————————————
Iter-0; loss: 0.0761;time per batch:0.1152s
Epoch-789
————————————————
Iter-0; loss: 0.0750;time per batch:0.1147s
Epoch-790
————————————————
Iter-0; loss: 0.0697;time per batch:0.1146s
Epoch-791
————————————————
Iter-0; loss: 0.1194;time per batch:0.1165s
Epoch-792
————————————————
Iter-0; loss: 0.0879;time per batch:0.1139s
Epoch-793
————————————————
Iter-0; loss: 0.1548;time per batch:0.1147s
Epoch-794
————————————————
Iter-0; loss: 0.0885;time per batch:0.1128s
Epoch-795
————————————————
Iter-0; loss: 0.0788;time per batch:0.1153s
Epoch-796
————————————————
Iter-0; loss: 0.0730;time per batch:0.1146s
Epoch-797
————————————————
Iter-0; loss: 0.0884;time per batch:0.1179s
Epoch-798
————————————————
Iter-0; loss: 0.0799;time per batch:0.1127s
Epoch-799
————————————————
Iter-0; loss: 0.0809;time per batch:0.1134s
Epoch-800
————————————————
Iter-0; loss: 0.0945;time per batch:0.1167s
Epoch-801
————————————————
Iter-0; loss: 0.0715;time per batch:0.1145s
Epoch-802
————————————————
Iter-0; loss: 0.1183;time per batch:0.1131s
Epoch-803
————————————————
Iter-0; loss: 0.0734;time per batch:0.1180s
Epoch-804
————————————————
Iter-0; loss: 0.0866;time per batch:0.1204s
Epoch-805
————————————————
Iter-0; loss: 0.0666;time per batch:0.1231s
Epoch-806
————————————————
Iter-0; loss: 0.0812;time per batch:0.1264s
Epoch-807
————————————————
Iter-0; loss: 0.0960;time per batch:0.1231s
Epoch-808
————————————————
Iter-0; loss: 0.0552;time per batch:0.1278s
Epoch-809
————————————————
Iter-0; loss: 0.0826;time per batch:0.1239s
Epoch-810
————————————————
Iter-0; loss: 0.1445;time per batch:0.1195s
Epoch-811
————————————————
Iter-0; loss: 0.0757;time per batch:0.1211s
Epoch-812
————————————————
Iter-0; loss: 0.0639;time per batch:0.1199s
Epoch-813
————————————————
Iter-0; loss: 0.0374;time per batch:0.1104s
Epoch-814
————————————————
Iter-0; loss: 0.1407;time per batch:0.1183s
Epoch-815
————————————————
Iter-0; loss: 0.0684;time per batch:0.1154s
Epoch-816
————————————————
Iter-0; loss: 0.0784;time per batch:0.1215s
Epoch-817
————————————————
Iter-0; loss: 0.0947;time per batch:0.1211s
Epoch-818
————————————————
Iter-0; loss: 0.0720;time per batch:0.1119s
Epoch-819
————————————————
Iter-0; loss: 0.1098;time per batch:0.1114s
Epoch-820
————————————————
Iter-0; loss: 0.1135;time per batch:0.1108s
Epoch-821
————————————————
Iter-0; loss: 0.0585;time per batch:0.1110s
Epoch-822
————————————————
Iter-0; loss: 0.0464;time per batch:0.1196s
Epoch-823
————————————————
Iter-0; loss: 0.0866;time per batch:0.1141s
Epoch-824
————————————————
Iter-0; loss: 0.0938;time per batch:0.1121s
Epoch-825
————————————————
Iter-0; loss: 0.0995;time per batch:0.1135s
Epoch-826
————————————————
Iter-0; loss: 0.0601;time per batch:0.1117s
Epoch-827
————————————————
Iter-0; loss: 0.0551;time per batch:0.1111s
Epoch-828
————————————————
Iter-0; loss: 0.0827;time per batch:0.1184s
Epoch-829
————————————————
Iter-0; loss: 0.0809;time per batch:0.1265s
Epoch-830
————————————————
Iter-0; loss: 0.0521;time per batch:0.1114s
Epoch-831
————————————————
Iter-0; loss: 0.0541;time per batch:0.1160s
Epoch-832
————————————————
Iter-0; loss: 0.0668;time per batch:0.1139s
Epoch-833
————————————————
Iter-0; loss: 0.0493;time per batch:0.1339s
Epoch-834
————————————————
Iter-0; loss: 0.0719;time per batch:0.1191s
Epoch-835
————————————————
Iter-0; loss: 0.0427;time per batch:0.1185s
Epoch-836
————————————————
Iter-0; loss: 0.0635;time per batch:0.1207s
Epoch-837
————————————————
Iter-0; loss: 0.0496;time per batch:0.1108s
Epoch-838
————————————————
Iter-0; loss: 0.0641;time per batch:0.1128s
Epoch-839
————————————————
Iter-0; loss: 0.0804;time per batch:0.1120s
Epoch-840
————————————————
Iter-0; loss: 0.0600;time per batch:0.1130s
Epoch-841
————————————————
Iter-0; loss: 0.0425;time per batch:0.1104s
Epoch-842
————————————————
Iter-0; loss: 0.0833;time per batch:0.1130s
Epoch-843
————————————————
Iter-0; loss: 0.0574;time per batch:0.1173s
Epoch-844
————————————————
Iter-0; loss: 0.0731;time per batch:0.1181s
Epoch-845
————————————————
Iter-0; loss: 0.0302;time per batch:0.1163s
Epoch-846
————————————————
Iter-0; loss: 0.0869;time per batch:0.1142s
Epoch-847
————————————————
Iter-0; loss: 0.0684;time per batch:0.1129s
Epoch-848
————————————————
Iter-0; loss: 0.0439;time per batch:0.1098s
Epoch-849
————————————————
Iter-0; loss: 0.0740;time per batch:0.1152s
Epoch-850
————————————————
Iter-0; loss: 0.0474;time per batch:0.1104s
Epoch-851
————————————————
Iter-0; loss: 0.0689;time per batch:0.1229s
Epoch-852
————————————————
Iter-0; loss: 0.0531;time per batch:0.1125s
Epoch-853
————————————————
Iter-0; loss: 0.0651;time per batch:0.1129s
Epoch-854
————————————————
Iter-0; loss: 0.0519;time per batch:0.1089s
Epoch-855
————————————————
Iter-0; loss: 0.0735;time per batch:0.1162s
Epoch-856
————————————————
Iter-0; loss: 0.0675;time per batch:0.1104s
Epoch-857
————————————————
Iter-0; loss: 0.0531;time per batch:0.1114s
Epoch-858
————————————————
Iter-0; loss: 0.0467;time per batch:0.1126s
Epoch-859
————————————————
Iter-0; loss: 0.0417;time per batch:0.1190s
Epoch-860
————————————————
Iter-0; loss: 0.0541;time per batch:0.1158s
Epoch-861
————————————————
Iter-0; loss: 0.0343;time per batch:0.1147s
Epoch-862
————————————————
Iter-0; loss: 0.0348;time per batch:0.1113s
Epoch-863
————————————————
Iter-0; loss: 0.0492;time per batch:0.1152s
Epoch-864
————————————————
Iter-0; loss: 0.0748;time per batch:0.1103s
Epoch-865
————————————————
Iter-0; loss: 0.0824;time per batch:0.1208s
Epoch-866
————————————————
Iter-0; loss: 0.0456;time per batch:0.1184s
Epoch-867
————————————————
Iter-0; loss: 0.0456;time per batch:0.1152s
Epoch-868
————————————————
Iter-0; loss: 0.0475;time per batch:0.1115s
Epoch-869
————————————————
Iter-0; loss: 0.0652;time per batch:0.1083s
Epoch-870
————————————————
Iter-0; loss: 0.0416;time per batch:0.1081s
Epoch-871
————————————————
Iter-0; loss: 0.0418;time per batch:0.1109s
Epoch-872
————————————————
Iter-0; loss: 0.0323;time per batch:0.1139s
Epoch-873
————————————————
Iter-0; loss: 0.0600;time per batch:0.1123s
Epoch-874
————————————————
Iter-0; loss: 0.0423;time per batch:0.1110s
Epoch-875
————————————————
Iter-0; loss: 0.0545;time per batch:0.1117s
Epoch-876
————————————————
Iter-0; loss: 0.0572;time per batch:0.1182s
Epoch-877
————————————————
Iter-0; loss: 0.0536;time per batch:0.1170s
Epoch-878
————————————————
Iter-0; loss: 0.0553;time per batch:0.1170s
Epoch-879
————————————————
Iter-0; loss: 0.0466;time per batch:0.1089s
Epoch-880
————————————————
Iter-0; loss: 0.0602;time per batch:0.1111s
Epoch-881
————————————————
Iter-0; loss: 0.0498;time per batch:0.1076s
Epoch-882
————————————————
Iter-0; loss: 0.0534;time per batch:0.1103s
Epoch-883
————————————————
Iter-0; loss: 0.0776;time per batch:0.1130s
Epoch-884
————————————————
Iter-0; loss: 0.0473;time per batch:0.1140s
Epoch-885
————————————————
Iter-0; loss: 0.0548;time per batch:0.1104s
Epoch-886
————————————————
Iter-0; loss: 0.0367;time per batch:0.1159s
Epoch-887
————————————————
Iter-0; loss: 0.0474;time per batch:0.1106s
Epoch-888
————————————————
Iter-0; loss: 0.0326;time per batch:0.1139s
Epoch-889
————————————————
Iter-0; loss: 0.0502;time per batch:0.1101s
Epoch-890
————————————————
Iter-0; loss: 0.0356;time per batch:0.1181s
Epoch-891
————————————————
Iter-0; loss: 0.0393;time per batch:0.1164s
Epoch-892
————————————————
Iter-0; loss: 0.0508;time per batch:0.1098s
Epoch-893
————————————————
Iter-0; loss: 0.0298;time per batch:0.1166s
Epoch-894
————————————————
Iter-0; loss: 0.0443;time per batch:0.1154s
Epoch-895
————————————————
Iter-0; loss: 0.0491;time per batch:0.1123s
Epoch-896
————————————————
Iter-0; loss: 0.0441;time per batch:0.1096s
Epoch-897
————————————————
Iter-0; loss: 0.0377;time per batch:0.1139s
Epoch-898
————————————————
Iter-0; loss: 0.0742;time per batch:0.1122s
Epoch-899
————————————————
Iter-0; loss: 0.0487;time per batch:0.1149s
Epoch-900
————————————————
Iter-0; loss: 0.0355;time per batch:0.1141s
Epoch-901
————————————————
Iter-0; loss: 0.0340;time per batch:0.1108s
Epoch-902
————————————————
Iter-0; loss: 0.0478;time per batch:0.1103s
Epoch-903
————————————————
Iter-0; loss: 0.0316;time per batch:0.1130s
Epoch-904
————————————————
Iter-0; loss: 0.0284;time per batch:0.1144s
Epoch-905
————————————————
Iter-0; loss: 0.0285;time per batch:0.1104s
Epoch-906
————————————————
Iter-0; loss: 0.0259;time per batch:0.1117s
Epoch-907
————————————————
Iter-0; loss: 0.0571;time per batch:0.1095s
Epoch-908
————————————————
Iter-0; loss: 0.0469;time per batch:0.1109s
Epoch-909
————————————————
Iter-0; loss: 0.0428;time per batch:0.1118s
Epoch-910
————————————————
Iter-0; loss: 0.0440;time per batch:0.1175s
Epoch-911
————————————————
Iter-0; loss: 0.0696;time per batch:0.1103s
Epoch-912
————————————————
Iter-0; loss: 0.0444;time per batch:0.1093s
Epoch-913
————————————————
Iter-0; loss: 0.0328;time per batch:0.1103s
Epoch-914
————————————————
Iter-0; loss: 0.0477;time per batch:0.1108s
Epoch-915
————————————————
Iter-0; loss: 0.0540;time per batch:0.1106s
Epoch-916
————————————————
Iter-0; loss: 0.0375;time per batch:0.1162s
Epoch-917
————————————————
Iter-0; loss: 0.0382;time per batch:0.1114s
Epoch-918
————————————————
Iter-0; loss: 0.0352;time per batch:0.1135s
Epoch-919
————————————————
Iter-0; loss: 0.0540;time per batch:0.1097s
Epoch-920
————————————————
Iter-0; loss: 0.0395;time per batch:0.1164s
Epoch-921
————————————————
Iter-0; loss: 0.0381;time per batch:0.1097s
Epoch-922
————————————————
Iter-0; loss: 0.0512;time per batch:0.1130s
Epoch-923
————————————————
Iter-0; loss: 0.0302;time per batch:0.1123s
Epoch-924
————————————————
Iter-0; loss: 0.0342;time per batch:0.1137s
Epoch-925
————————————————
Iter-0; loss: 0.0311;time per batch:0.1113s
Epoch-926
————————————————
Iter-0; loss: 0.0530;time per batch:0.1102s
Epoch-927
————————————————
Iter-0; loss: 0.0487;time per batch:0.1121s
Epoch-928
————————————————
Iter-0; loss: 0.0348;time per batch:0.1145s
Epoch-929
————————————————
Iter-0; loss: 0.0358;time per batch:0.1180s
Epoch-930
————————————————
Iter-0; loss: 0.0290;time per batch:0.1153s
Epoch-931
————————————————
Iter-0; loss: 0.0419;time per batch:0.1130s
Epoch-932
————————————————
Iter-0; loss: 0.0550;time per batch:0.1153s
Epoch-933
————————————————
Iter-0; loss: 0.0461;time per batch:0.1138s
Epoch-934
————————————————
Iter-0; loss: 0.0348;time per batch:0.1151s
Epoch-935
————————————————
Iter-0; loss: 0.0381;time per batch:0.1145s
Epoch-936
————————————————
Iter-0; loss: 0.0606;time per batch:0.1117s
Epoch-937
————————————————
Iter-0; loss: 0.0296;time per batch:0.1077s
Epoch-938
————————————————
Iter-0; loss: 0.0278;time per batch:0.1110s
Epoch-939
————————————————
Iter-0; loss: 0.0333;time per batch:0.1115s
Epoch-940
————————————————
Iter-0; loss: 0.0438;time per batch:0.1101s
Epoch-941
————————————————
Iter-0; loss: 0.0591;time per batch:0.1151s
Epoch-942
————————————————
Iter-0; loss: 0.0327;time per batch:0.1107s
Epoch-943
————————————————
Iter-0; loss: 0.0516;time per batch:0.1132s
Epoch-944
————————————————
Iter-0; loss: 0.0467;time per batch:0.1154s
Epoch-945
————————————————
Iter-0; loss: 0.0380;time per batch:0.1106s
Epoch-946
————————————————
Iter-0; loss: 0.0321;time per batch:0.1106s
Epoch-947
————————————————
Iter-0; loss: 0.0634;time per batch:0.1141s
Epoch-948
————————————————
Iter-0; loss: 0.0467;time per batch:0.1086s
Epoch-949
————————————————
Iter-0; loss: 0.0362;time per batch:0.1119s
Epoch-950
————————————————
Iter-0; loss: 0.0346;time per batch:0.1146s
Epoch-951
————————————————
Iter-0; loss: 0.0720;time per batch:0.1159s
Epoch-952
————————————————
Iter-0; loss: 0.0319;time per batch:0.1124s
Epoch-953
————————————————
Iter-0; loss: 0.0364;time per batch:0.1143s
Epoch-954
————————————————
Iter-0; loss: 0.0330;time per batch:0.1150s
Epoch-955
————————————————
Iter-0; loss: 0.0558;time per batch:0.1118s
Epoch-956
————————————————
Iter-0; loss: 0.0416;time per batch:0.1197s
Epoch-957
————————————————
Iter-0; loss: 0.0402;time per batch:0.1108s
Epoch-958
————————————————
Iter-0; loss: 0.0301;time per batch:0.1155s
Epoch-959
————————————————
Iter-0; loss: 0.0274;time per batch:0.1235s
Epoch-960
————————————————
Iter-0; loss: 0.0565;time per batch:0.1156s
Epoch-961
————————————————
Iter-0; loss: 0.0356;time per batch:0.1176s
Epoch-962
————————————————
Iter-0; loss: 0.0366;time per batch:0.1157s
Epoch-963
————————————————
Iter-0; loss: 0.0309;time per batch:0.1139s
Epoch-964
————————————————
Iter-0; loss: 0.0442;time per batch:0.1163s
Epoch-965
————————————————
Iter-0; loss: 0.0498;time per batch:0.1178s
Epoch-966
————————————————
Iter-0; loss: 0.0402;time per batch:0.1138s
Epoch-967
————————————————
Iter-0; loss: 0.0349;time per batch:0.1203s
Epoch-968
————————————————
Iter-0; loss: 0.0241;time per batch:0.1201s
Epoch-969
————————————————
Iter-0; loss: 0.0269;time per batch:0.1172s
Epoch-970
————————————————
Iter-0; loss: 0.0218;time per batch:0.1258s
Epoch-971
————————————————
Iter-0; loss: 0.0322;time per batch:0.1174s
Epoch-972
————————————————
Iter-0; loss: 0.0444;time per batch:0.1122s
Epoch-973
————————————————
Iter-0; loss: 0.0355;time per batch:0.1139s
Epoch-974
————————————————
Iter-0; loss: 0.0495;time per batch:0.1107s
Epoch-975
————————————————
Iter-0; loss: 0.0302;time per batch:0.1099s
Epoch-976
————————————————
Iter-0; loss: 0.0190;time per batch:0.1125s
Epoch-977
————————————————
Iter-0; loss: 0.0423;time per batch:0.1123s
Epoch-978
————————————————
Iter-0; loss: 0.0196;time per batch:0.1139s
Epoch-979
————————————————
Iter-0; loss: 0.0317;time per batch:0.1169s
Epoch-980
————————————————
Iter-0; loss: 0.0257;time per batch:0.1150s
Epoch-981
————————————————
Iter-0; loss: 0.0513;time per batch:0.1177s
Epoch-982
————————————————
Iter-0; loss: 0.0595;time per batch:0.1178s
Epoch-983
————————————————
Iter-0; loss: 0.0393;time per batch:0.1145s
Epoch-984
————————————————
Iter-0; loss: 0.0265;time per batch:0.1124s
Epoch-985
————————————————
Iter-0; loss: 0.0266;time per batch:0.1131s
Epoch-986
————————————————
Iter-0; loss: 0.0419;time per batch:0.1173s
Epoch-987
————————————————
Iter-0; loss: 0.0710;time per batch:0.1168s
Epoch-988
————————————————
Iter-0; loss: 0.0349;time per batch:0.1139s
Epoch-989
————————————————
Iter-0; loss: 0.0426;time per batch:0.1140s
Epoch-990
————————————————
Iter-0; loss: 0.0332;time per batch:0.1196s
Epoch-991
————————————————
Iter-0; loss: 0.0241;time per batch:0.1209s
Epoch-992
————————————————
Iter-0; loss: 0.0396;time per batch:0.1237s
Epoch-993
————————————————
Iter-0; loss: 0.0238;time per batch:0.1185s
Epoch-994
————————————————
Iter-0; loss: 0.0508;time per batch:0.1228s
Epoch-995
————————————————
Iter-0; loss: 0.0396;time per batch:0.1206s
Epoch-996
————————————————
Iter-0; loss: 0.0211;time per batch:0.1211s
Epoch-997
————————————————
Iter-0; loss: 0.0418;time per batch:0.1279s
Epoch-998
————————————————
Iter-0; loss: 0.0286;time per batch:0.1240s
Epoch-999
————————————————
Iter-0; loss: 0.0419;time per batch:0.1269s
Epoch-1000
————————————————
Iter-0; loss: 0.0512;time per batch:0.1253s
validation results:
Mean Rank: 360
Mean RR: 0.0762
Hit@1: 0.0336
Hit@3: 0.0784
Hit@5: 0.0960
Hit@10: 0.1552
Epoch-1001
————————————————
Iter-0; loss: 0.0424;time per batch:0.1108s
Epoch-1002
————————————————
Iter-0; loss: 0.0450;time per batch:0.1136s
Epoch-1003
————————————————
Iter-0; loss: 0.0411;time per batch:0.1171s
Epoch-1004
————————————————
Iter-0; loss: 0.0244;time per batch:0.1168s
Epoch-1005
————————————————
Iter-0; loss: 0.0288;time per batch:0.1163s
Epoch-1006
————————————————
Iter-0; loss: 0.0402;time per batch:0.1158s
Epoch-1007
————————————————
Iter-0; loss: 0.0337;time per batch:0.1128s
Epoch-1008
————————————————
Iter-0; loss: 0.0380;time per batch:0.1137s
Epoch-1009
————————————————
Iter-0; loss: 0.0432;time per batch:0.1175s
Epoch-1010
————————————————
Iter-0; loss: 0.0274;time per batch:0.1168s
Epoch-1011
————————————————
Iter-0; loss: 0.0370;time per batch:0.1195s
Epoch-1012
————————————————
Iter-0; loss: 0.0391;time per batch:0.1135s
Epoch-1013
————————————————
Iter-0; loss: 0.0230;time per batch:0.1181s
Epoch-1014
————————————————
Iter-0; loss: 0.0412;time per batch:0.1157s
Epoch-1015
————————————————
Iter-0; loss: 0.0235;time per batch:0.1225s
Epoch-1016
————————————————
Iter-0; loss: 0.0269;time per batch:0.1169s
Epoch-1017
————————————————
Iter-0; loss: 0.0238;time per batch:0.1183s
Epoch-1018
————————————————
Iter-0; loss: 0.0312;time per batch:0.1178s
Epoch-1019
————————————————
Iter-0; loss: 0.0368;time per batch:0.1193s
Epoch-1020
————————————————
Iter-0; loss: 0.0343;time per batch:0.1160s
Epoch-1021
————————————————
Iter-0; loss: 0.0282;time per batch:0.1191s
Epoch-1022
————————————————
Iter-0; loss: 0.0218;time per batch:0.1212s
Epoch-1023
————————————————
Iter-0; loss: 0.0290;time per batch:0.1179s
Epoch-1024
————————————————
Iter-0; loss: 0.0404;time per batch:0.1161s
Epoch-1025
————————————————
Iter-0; loss: 0.0310;time per batch:0.1156s
Epoch-1026
————————————————
Iter-0; loss: 0.0270;time per batch:0.1147s
Epoch-1027
————————————————
Iter-0; loss: 0.0301;time per batch:0.1214s
Epoch-1028
————————————————
Iter-0; loss: 0.0463;time per batch:0.1138s
Epoch-1029
————————————————
Iter-0; loss: 0.0381;time per batch:0.1198s
Epoch-1030
————————————————
Iter-0; loss: 0.0363;time per batch:0.1183s
Epoch-1031
————————————————
Iter-0; loss: 0.0496;time per batch:0.1200s
Epoch-1032
————————————————
Iter-0; loss: 0.0251;time per batch:0.1174s
Epoch-1033
————————————————
Iter-0; loss: 0.0356;time per batch:0.1141s
Epoch-1034
————————————————
Iter-0; loss: 0.0377;time per batch:0.1147s
Epoch-1035
————————————————
Iter-0; loss: 0.0174;time per batch:0.1142s
Epoch-1036
————————————————
Iter-0; loss: 0.0381;time per batch:0.1163s
Epoch-1037
————————————————
Iter-0; loss: 0.0317;time per batch:0.1123s
Epoch-1038
————————————————
Iter-0; loss: 0.0375;time per batch:0.1202s
Epoch-1039
————————————————
Iter-0; loss: 0.0360;time per batch:0.1138s
Epoch-1040
————————————————
Iter-0; loss: 0.0254;time per batch:0.1141s
Epoch-1041
————————————————
Iter-0; loss: 0.0326;time per batch:0.1151s
Epoch-1042
————————————————
Iter-0; loss: 0.0354;time per batch:0.1131s
Epoch-1043
————————————————
Iter-0; loss: 0.0267;time per batch:0.1175s
Epoch-1044
————————————————
Iter-0; loss: 0.0374;time per batch:0.1163s
Epoch-1045
————————————————
Iter-0; loss: 0.0342;time per batch:0.1188s
Epoch-1046
————————————————
Iter-0; loss: 0.0435;time per batch:0.1121s
Epoch-1047
————————————————
Iter-0; loss: 0.0330;time per batch:0.1147s
Epoch-1048
————————————————
Iter-0; loss: 0.0244;time per batch:0.1156s
Epoch-1049
————————————————
Iter-0; loss: 0.0264;time per batch:0.1248s
Epoch-1050
————————————————
Iter-0; loss: 0.0469;time per batch:0.1189s
Epoch-1051
————————————————
Iter-0; loss: 0.0268;time per batch:0.1145s
Epoch-1052
————————————————
Iter-0; loss: 0.0338;time per batch:0.1149s
Epoch-1053
————————————————
Iter-0; loss: 0.0329;time per batch:0.1190s
Epoch-1054
————————————————
Iter-0; loss: 0.0375;time per batch:0.1183s
Epoch-1055
————————————————
Iter-0; loss: 0.0359;time per batch:0.1138s
Epoch-1056
————————————————
Iter-0; loss: 0.0220;time per batch:0.1139s
Epoch-1057
————————————————
Iter-0; loss: 0.0308;time per batch:0.1147s
Epoch-1058
————————————————
Iter-0; loss: 0.0239;time per batch:0.1171s
Epoch-1059
————————————————
Iter-0; loss: 0.0317;time per batch:0.1162s
Epoch-1060
————————————————
Iter-0; loss: 0.0298;time per batch:0.1162s
Epoch-1061
————————————————
Iter-0; loss: 0.0356;time per batch:0.1191s
Epoch-1062
————————————————
Iter-0; loss: 0.0402;time per batch:0.1173s
Epoch-1063
————————————————
Iter-0; loss: 0.0313;time per batch:0.1193s
Epoch-1064
————————————————
Iter-0; loss: 0.0345;time per batch:0.1191s
Epoch-1065
————————————————
Iter-0; loss: 0.0466;time per batch:0.1277s
Epoch-1066
————————————————
Iter-0; loss: 0.0386;time per batch:0.1178s
Epoch-1067
————————————————
Iter-0; loss: 0.0208;time per batch:0.1170s
Epoch-1068
————————————————
Iter-0; loss: 0.0290;time per batch:0.1207s
Epoch-1069
————————————————
Iter-0; loss: 0.0410;time per batch:0.1180s
Epoch-1070
————————————————
Iter-0; loss: 0.0256;time per batch:0.1210s
Epoch-1071
————————————————
Iter-0; loss: 0.0248;time per batch:0.1150s
Epoch-1072
————————————————
Iter-0; loss: 0.0256;time per batch:0.1136s
Epoch-1073
————————————————
Iter-0; loss: 0.0245;time per batch:0.1233s
Epoch-1074
————————————————
Iter-0; loss: 0.0417;time per batch:0.1245s
Epoch-1075
————————————————
Iter-0; loss: 0.0368;time per batch:0.1187s
Epoch-1076
————————————————
Iter-0; loss: 0.0467;time per batch:0.1146s
Epoch-1077
————————————————
Iter-0; loss: 0.0368;time per batch:0.1169s
Epoch-1078
————————————————
Iter-0; loss: 0.0446;time per batch:0.1148s
Epoch-1079
————————————————
Iter-0; loss: 0.0178;time per batch:0.1130s
Epoch-1080
————————————————
Iter-0; loss: 0.0221;time per batch:0.1149s
Epoch-1081
————————————————
Iter-0; loss: 0.0388;time per batch:0.1164s
Epoch-1082
————————————————
Iter-0; loss: 0.0350;time per batch:0.1190s
Epoch-1083
————————————————
Iter-0; loss: 0.0329;time per batch:0.1249s
Epoch-1084
————————————————
Iter-0; loss: 0.0286;time per batch:0.1170s
Epoch-1085
————————————————
Iter-0; loss: 0.0330;time per batch:0.1173s
Epoch-1086
————————————————
Iter-0; loss: 0.0394;time per batch:0.1162s
Epoch-1087
————————————————
Iter-0; loss: 0.0287;time per batch:0.1139s
Epoch-1088
————————————————
Iter-0; loss: 0.0216;time per batch:0.1162s
Epoch-1089
————————————————
Iter-0; loss: 0.0447;time per batch:0.1159s
Epoch-1090
————————————————
Iter-0; loss: 0.0243;time per batch:0.1126s
Epoch-1091
————————————————
Iter-0; loss: 0.0325;time per batch:0.1180s
Epoch-1092
————————————————
Iter-0; loss: 0.0289;time per batch:0.1156s
Epoch-1093
————————————————
Iter-0; loss: 0.0271;time per batch:0.1256s
Epoch-1094
————————————————
Iter-0; loss: 0.0329;time per batch:0.1131s
Epoch-1095
————————————————
Iter-0; loss: 0.0198;time per batch:0.1147s
Epoch-1096
————————————————
Iter-0; loss: 0.0269;time per batch:0.1152s
Epoch-1097
————————————————
Iter-0; loss: 0.0450;time per batch:0.1198s
Epoch-1098
————————————————
Iter-0; loss: 0.0392;time per batch:0.1245s
Epoch-1099
————————————————
Iter-0; loss: 0.0317;time per batch:0.1173s
Epoch-1100
————————————————
Iter-0; loss: 0.0272;time per batch:0.1241s
Epoch-1101
————————————————
Iter-0; loss: 0.0359;time per batch:0.1241s
Epoch-1102
————————————————
Iter-0; loss: 0.0289;time per batch:0.1198s
Epoch-1103
————————————————
Iter-0; loss: 0.0332;time per batch:0.1320s
Epoch-1104
————————————————
Iter-0; loss: 0.0313;time per batch:0.1155s
Epoch-1105
————————————————
Iter-0; loss: 0.0334;time per batch:0.1176s
Epoch-1106
————————————————
Iter-0; loss: 0.0255;time per batch:0.1243s
Epoch-1107
————————————————
Iter-0; loss: 0.0344;time per batch:0.1202s
Epoch-1108
————————————————
Iter-0; loss: 0.0273;time per batch:0.1185s
Epoch-1109
————————————————
Iter-0; loss: 0.0373;time per batch:0.1158s
Epoch-1110
————————————————
Iter-0; loss: 0.0295;time per batch:0.1220s
Epoch-1111
————————————————
Iter-0; loss: 0.0242;time per batch:0.1130s
Epoch-1112
————————————————
Iter-0; loss: 0.0226;time per batch:0.1156s
Epoch-1113
————————————————
Iter-0; loss: 0.0374;time per batch:0.1137s
Epoch-1114
————————————————
Iter-0; loss: 0.0286;time per batch:0.1184s
Epoch-1115
————————————————
Iter-0; loss: 0.0269;time per batch:0.1191s
Epoch-1116
————————————————
Iter-0; loss: 0.0243;time per batch:0.1144s
Epoch-1117
————————————————
Iter-0; loss: 0.0293;time per batch:0.1177s
Epoch-1118
————————————————
Iter-0; loss: 0.0269;time per batch:0.1141s
Epoch-1119
————————————————
Iter-0; loss: 0.0471;time per batch:0.1183s
Epoch-1120
————————————————
Iter-0; loss: 0.0529;time per batch:0.1181s
Epoch-1121
————————————————
Iter-0; loss: 0.0336;time per batch:0.1179s
Epoch-1122
————————————————
Iter-0; loss: 0.0381;time per batch:0.1231s
Epoch-1123
————————————————
Iter-0; loss: 0.0416;time per batch:0.1130s
Epoch-1124
————————————————
Iter-0; loss: 0.0220;time per batch:0.1183s
Epoch-1125
————————————————
Iter-0; loss: 0.0299;time per batch:0.1161s
Epoch-1126
————————————————
Iter-0; loss: 0.0256;time per batch:0.1244s
Epoch-1127
————————————————
Iter-0; loss: 0.0383;time per batch:0.1183s
Epoch-1128
————————————————
Iter-0; loss: 0.0338;time per batch:0.1164s
Epoch-1129
————————————————
Iter-0; loss: 0.0417;time per batch:0.1122s
Epoch-1130
————————————————
Iter-0; loss: 0.0452;time per batch:0.1155s
Epoch-1131
————————————————
Iter-0; loss: 0.0243;time per batch:0.1182s
Epoch-1132
————————————————
Iter-0; loss: 0.0320;time per batch:0.1140s
Epoch-1133
————————————————
Iter-0; loss: 0.0296;time per batch:0.1122s
Epoch-1134
————————————————
Iter-0; loss: 0.0418;time per batch:0.1198s
Epoch-1135
————————————————
Iter-0; loss: 0.0290;time per batch:0.1208s
Epoch-1136
————————————————
Iter-0; loss: 0.0374;time per batch:0.1136s
Epoch-1137
————————————————
Iter-0; loss: 0.0238;time per batch:0.1149s
Epoch-1138
————————————————
Iter-0; loss: 0.0330;time per batch:0.1179s
Epoch-1139
————————————————
Iter-0; loss: 0.0360;time per batch:0.1155s
Epoch-1140
————————————————
Iter-0; loss: 0.0317;time per batch:0.1177s
Epoch-1141
————————————————
Iter-0; loss: 0.0242;time per batch:0.1134s
Epoch-1142
————————————————
Iter-0; loss: 0.0271;time per batch:0.1138s
Epoch-1143
————————————————
Iter-0; loss: 0.0162;time per batch:0.1147s
Epoch-1144
————————————————
Iter-0; loss: 0.0241;time per batch:0.1127s
Epoch-1145
————————————————
Iter-0; loss: 0.0394;time per batch:0.1187s
Epoch-1146
————————————————
Iter-0; loss: 0.0180;time per batch:0.1103s
Epoch-1147
————————————————
Iter-0; loss: 0.0330;time per batch:0.1181s
Epoch-1148
————————————————
Iter-0; loss: 0.0286;time per batch:0.1109s
Epoch-1149
————————————————
Iter-0; loss: 0.0218;time per batch:0.1117s
Epoch-1150
————————————————
Iter-0; loss: 0.0604;time per batch:0.1143s
Epoch-1151
————————————————
Iter-0; loss: 0.0358;time per batch:0.1133s
Epoch-1152
————————————————
Iter-0; loss: 0.0279;time per batch:0.1129s
Epoch-1153
————————————————
Iter-0; loss: 0.0448;time per batch:0.1124s
Epoch-1154
————————————————
Iter-0; loss: 0.0202;time per batch:0.1118s
Epoch-1155
————————————————
Iter-0; loss: 0.0558;time per batch:0.1150s
Epoch-1156
————————————————
Iter-0; loss: 0.0535;time per batch:0.1201s
Epoch-1157
————————————————
Iter-0; loss: 0.0304;time per batch:0.1204s
Epoch-1158
————————————————
Iter-0; loss: 0.0253;time per batch:0.1178s
Epoch-1159
————————————————
Iter-0; loss: 0.0259;time per batch:0.1128s
Epoch-1160
————————————————
Iter-0; loss: 0.0359;time per batch:0.1168s
Epoch-1161
————————————————
Iter-0; loss: 0.0251;time per batch:0.1147s
Epoch-1162
————————————————
Iter-0; loss: 0.0188;time per batch:0.1148s
Epoch-1163
————————————————
Iter-0; loss: 0.0380;time per batch:0.1216s
Epoch-1164
————————————————
Iter-0; loss: 0.0317;time per batch:0.1211s
Epoch-1165
————————————————
Iter-0; loss: 0.0215;time per batch:0.1162s
Epoch-1166
————————————————
Iter-0; loss: 0.0211;time per batch:0.1178s
Epoch-1167
————————————————
Iter-0; loss: 0.0302;time per batch:0.1190s
Epoch-1168
————————————————
Iter-0; loss: 0.0241;time per batch:0.1156s
Epoch-1169
————————————————
Iter-0; loss: 0.0349;time per batch:0.1153s
Epoch-1170
————————————————
Iter-0; loss: 0.0342;time per batch:0.1157s
Epoch-1171
————————————————
Iter-0; loss: 0.0233;time per batch:0.1192s
Epoch-1172
————————————————
Iter-0; loss: 0.0291;time per batch:0.1189s
Epoch-1173
————————————————
Iter-0; loss: 0.0501;time per batch:0.1180s
Epoch-1174
————————————————
Iter-0; loss: 0.0316;time per batch:0.1173s
Epoch-1175
————————————————
Iter-0; loss: 0.0380;time per batch:0.1137s
Epoch-1176
————————————————
Iter-0; loss: 0.0248;time per batch:0.1228s
Epoch-1177
————————————————
Iter-0; loss: 0.0436;time per batch:0.1112s
Epoch-1178
————————————————
Iter-0; loss: 0.0567;time per batch:0.1135s
Epoch-1179
————————————————
Iter-0; loss: 0.0293;time per batch:0.1115s
Epoch-1180
————————————————
Iter-0; loss: 0.0321;time per batch:0.1132s
Epoch-1181
————————————————
Iter-0; loss: 0.0132;time per batch:0.1171s
Epoch-1182
————————————————
Iter-0; loss: 0.0169;time per batch:0.1226s
Epoch-1183
————————————————
Iter-0; loss: 0.0302;time per batch:0.1164s
Epoch-1184
————————————————
Iter-0; loss: 0.0386;time per batch:0.1174s
Epoch-1185
————————————————
Iter-0; loss: 0.0351;time per batch:0.1146s
Epoch-1186
————————————————
Iter-0; loss: 0.0242;time per batch:0.1216s
Epoch-1187
————————————————
Iter-0; loss: 0.0319;time per batch:0.1187s
Epoch-1188
————————————————
Iter-0; loss: 0.0286;time per batch:0.1247s
Epoch-1189
————————————————
Iter-0; loss: 0.0261;time per batch:0.1176s
Epoch-1190
————————————————
Iter-0; loss: 0.0190;time per batch:0.1180s
Epoch-1191
————————————————
Iter-0; loss: 0.0212;time per batch:0.1153s
Epoch-1192
————————————————
Iter-0; loss: 0.0271;time per batch:0.1226s
Epoch-1193
————————————————
Iter-0; loss: 0.0361;time per batch:0.1200s
Epoch-1194
————————————————
Iter-0; loss: 0.0238;time per batch:0.1163s
Epoch-1195
————————————————
Iter-0; loss: 0.0341;time per batch:0.1220s
Epoch-1196
————————————————
Iter-0; loss: 0.0161;time per batch:0.1142s
Epoch-1197
————————————————
Iter-0; loss: 0.0506;time per batch:0.1121s
Epoch-1198
————————————————
Iter-0; loss: 0.0326;time per batch:0.1146s
Epoch-1199
————————————————
Iter-0; loss: 0.0254;time per batch:0.1142s
Epoch-1200
————————————————
Iter-0; loss: 0.0334;time per batch:0.1154s
Epoch-1201
————————————————
Iter-0; loss: 0.0451;time per batch:0.1112s
Epoch-1202
————————————————
Iter-0; loss: 0.0405;time per batch:0.1145s
Epoch-1203
————————————————
Iter-0; loss: 0.0272;time per batch:0.1138s
Epoch-1204
————————————————
Iter-0; loss: 0.0157;time per batch:0.1135s
Epoch-1205
————————————————
Iter-0; loss: 0.0255;time per batch:0.1178s
Epoch-1206
————————————————
Iter-0; loss: 0.0135;time per batch:0.1132s
Epoch-1207
————————————————
Iter-0; loss: 0.0454;time per batch:0.1153s
Epoch-1208
————————————————
Iter-0; loss: 0.0231;time per batch:0.1202s
Epoch-1209
————————————————
Iter-0; loss: 0.0339;time per batch:0.1160s
Epoch-1210
————————————————
Iter-0; loss: 0.0403;time per batch:0.1148s
Epoch-1211
————————————————
Iter-0; loss: 0.0225;time per batch:0.1161s
Epoch-1212
————————————————
Iter-0; loss: 0.0425;time per batch:0.1153s
Epoch-1213
————————————————
Iter-0; loss: 0.0285;time per batch:0.1180s
Epoch-1214
————————————————
Iter-0; loss: 0.0174;time per batch:0.1170s
Epoch-1215
————————————————
Iter-0; loss: 0.0356;time per batch:0.1197s
Epoch-1216
————————————————
Iter-0; loss: 0.0278;time per batch:0.1154s
Epoch-1217
————————————————
Iter-0; loss: 0.0337;time per batch:0.1203s
Epoch-1218
————————————————
Iter-0; loss: 0.0297;time per batch:0.1162s
Epoch-1219
————————————————
Iter-0; loss: 0.0209;time per batch:0.1121s
Epoch-1220
————————————————
Iter-0; loss: 0.0347;time per batch:0.1127s
Epoch-1221
————————————————
Iter-0; loss: 0.0143;time per batch:0.1148s
Epoch-1222
————————————————
Iter-0; loss: 0.0245;time per batch:0.1115s
Epoch-1223
————————————————
Iter-0; loss: 0.0280;time per batch:0.1133s
Epoch-1224
————————————————
Iter-0; loss: 0.0290;time per batch:0.1238s
Epoch-1225
————————————————
Iter-0; loss: 0.0274;time per batch:0.1217s
Epoch-1226
————————————————
Iter-0; loss: 0.0266;time per batch:0.1271s
Epoch-1227
————————————————
Iter-0; loss: 0.0328;time per batch:0.1175s
Epoch-1228
————————————————
Iter-0; loss: 0.0166;time per batch:0.1141s
Epoch-1229
————————————————
Iter-0; loss: 0.0300;time per batch:0.1153s
Epoch-1230
————————————————
Iter-0; loss: 0.0490;time per batch:0.1208s
Epoch-1231
————————————————
Iter-0; loss: 0.0216;time per batch:0.1217s
Epoch-1232
————————————————
Iter-0; loss: 0.0245;time per batch:0.1181s
Epoch-1233
————————————————
Iter-0; loss: 0.0250;time per batch:0.1160s
Epoch-1234
————————————————
Iter-0; loss: 0.0198;time per batch:0.1150s
Epoch-1235
————————————————
Iter-0; loss: 0.0319;time per batch:0.1134s
Epoch-1236
————————————————
Iter-0; loss: 0.0460;time per batch:0.1095s
Epoch-1237
————————————————
Iter-0; loss: 0.0393;time per batch:0.1164s
Epoch-1238
————————————————
Iter-0; loss: 0.0257;time per batch:0.1170s
Epoch-1239
————————————————
Iter-0; loss: 0.0382;time per batch:0.1171s
Epoch-1240
————————————————
Iter-0; loss: 0.0273;time per batch:0.1132s
Epoch-1241
————————————————
Iter-0; loss: 0.0301;time per batch:0.1152s
Epoch-1242
————————————————
Iter-0; loss: 0.0209;time per batch:0.1205s
Epoch-1243
————————————————
Iter-0; loss: 0.0333;time per batch:0.1147s
Epoch-1244
————————————————
Iter-0; loss: 0.0355;time per batch:0.1169s
Epoch-1245
————————————————
Iter-0; loss: 0.0451;time per batch:0.1238s
Epoch-1246
————————————————
Iter-0; loss: 0.0135;time per batch:0.1216s
Epoch-1247
————————————————
Iter-0; loss: 0.0324;time per batch:0.1148s
Epoch-1248
————————————————
Iter-0; loss: 0.0222;time per batch:0.1200s
Epoch-1249
————————————————
Iter-0; loss: 0.0335;time per batch:0.1153s
Epoch-1250
————————————————
Iter-0; loss: 0.0298;time per batch:0.1107s
validation results:
Mean Rank: 357
Mean RR: 0.0769
Hit@1: 0.0336
Hit@3: 0.0760
Hit@5: 0.1064
Hit@10: 0.1600
Epoch-1251
————————————————
Iter-0; loss: 0.0258;time per batch:0.1174s
Epoch-1252
————————————————
Iter-0; loss: 0.0301;time per batch:0.1149s
Epoch-1253
————————————————
Iter-0; loss: 0.0365;time per batch:0.1231s
Epoch-1254
————————————————
Iter-0; loss: 0.0123;time per batch:0.1153s
Epoch-1255
————————————————
Iter-0; loss: 0.0186;time per batch:0.1159s
Epoch-1256
————————————————
Iter-0; loss: 0.0328;time per batch:0.1217s
Epoch-1257
————————————————
Iter-0; loss: 0.0212;time per batch:0.1149s
Epoch-1258
————————————————
Iter-0; loss: 0.0200;time per batch:0.1155s
Epoch-1259
————————————————
Iter-0; loss: 0.0157;time per batch:0.1143s
Epoch-1260
————————————————
Iter-0; loss: 0.0325;time per batch:0.1188s
Epoch-1261
————————————————
Iter-0; loss: 0.0263;time per batch:0.1200s
Epoch-1262
————————————————
Iter-0; loss: 0.0200;time per batch:0.1206s
Epoch-1263
————————————————
Iter-0; loss: 0.0504;time per batch:0.1156s
Epoch-1264
————————————————
Iter-0; loss: 0.0234;time per batch:0.1177s
Epoch-1265
————————————————
Iter-0; loss: 0.0294;time per batch:0.1160s
Epoch-1266
————————————————
Iter-0; loss: 0.0498;time per batch:0.1184s
Epoch-1267
————————————————
Iter-0; loss: 0.0249;time per batch:0.1154s
Epoch-1268
————————————————
Iter-0; loss: 0.0423;time per batch:0.1148s
Epoch-1269
————————————————
Iter-0; loss: 0.0663;time per batch:0.1134s
Epoch-1270
————————————————
Iter-0; loss: 0.0173;time per batch:0.1112s
Epoch-1271
————————————————
Iter-0; loss: 0.0162;time per batch:0.1129s
Epoch-1272
————————————————
Iter-0; loss: 0.0264;time per batch:0.1122s
Epoch-1273
————————————————
Iter-0; loss: 0.0398;time per batch:0.1134s
Epoch-1274
————————————————
Iter-0; loss: 0.0424;time per batch:0.1134s
Epoch-1275
————————————————
Iter-0; loss: 0.0218;time per batch:0.1133s
Epoch-1276
————————————————
Iter-0; loss: 0.0192;time per batch:0.1130s
Epoch-1277
————————————————
Iter-0; loss: 0.0319;time per batch:0.1153s
Epoch-1278
————————————————
Iter-0; loss: 0.0356;time per batch:0.1158s
Epoch-1279
————————————————
Iter-0; loss: 0.0200;time per batch:0.1150s
Epoch-1280
————————————————
Iter-0; loss: 0.0215;time per batch:0.1193s
Epoch-1281
————————————————
Iter-0; loss: 0.0351;time per batch:0.1148s
Epoch-1282
————————————————
Iter-0; loss: 0.0403;time per batch:0.1134s
Epoch-1283
————————————————
Iter-0; loss: 0.0423;time per batch:0.1160s
Epoch-1284
————————————————
Iter-0; loss: 0.0361;time per batch:0.1172s
Epoch-1285
————————————————
Iter-0; loss: 0.0199;time per batch:0.1135s
Epoch-1286
————————————————
Iter-0; loss: 0.0147;time per batch:0.1122s
Epoch-1287
————————————————
Iter-0; loss: 0.0342;time per batch:0.1119s
Epoch-1288
————————————————
Iter-0; loss: 0.0358;time per batch:0.1143s
Epoch-1289
————————————————
Iter-0; loss: 0.0441;time per batch:0.1135s
Epoch-1290
————————————————
Iter-0; loss: 0.0338;time per batch:0.1133s
Epoch-1291
————————————————
Iter-0; loss: 0.0144;time per batch:0.1157s
Epoch-1292
————————————————
Iter-0; loss: 0.0183;time per batch:0.1127s
Epoch-1293
————————————————
Iter-0; loss: 0.0308;time per batch:0.1108s
Epoch-1294
————————————————
Iter-0; loss: 0.0220;time per batch:0.1123s
Epoch-1295
————————————————
Iter-0; loss: 0.0282;time per batch:0.1157s
Epoch-1296
————————————————
Iter-0; loss: 0.0293;time per batch:0.1118s
Epoch-1297
————————————————
Iter-0; loss: 0.0305;time per batch:0.1123s
Epoch-1298
————————————————
Iter-0; loss: 0.0207;time per batch:0.1114s
Epoch-1299
————————————————
Iter-0; loss: 0.0324;time per batch:0.1175s
Epoch-1300
————————————————
Iter-0; loss: 0.0367;time per batch:0.1158s
Epoch-1301
————————————————
Iter-0; loss: 0.0229;time per batch:0.1141s
Epoch-1302
————————————————
Iter-0; loss: 0.0461;time per batch:0.1120s
Epoch-1303
————————————————
Iter-0; loss: 0.0340;time per batch:0.1200s
Epoch-1304
————————————————
Iter-0; loss: 0.0468;time per batch:0.1276s
Epoch-1305
————————————————
Iter-0; loss: 0.0272;time per batch:0.1180s
Epoch-1306
————————————————
Iter-0; loss: 0.0335;time per batch:0.1185s
Epoch-1307
————————————————
Iter-0; loss: 0.0174;time per batch:0.1179s
Epoch-1308
————————————————
Iter-0; loss: 0.0215;time per batch:0.1212s
Epoch-1309
————————————————
Iter-0; loss: 0.0266;time per batch:0.1227s
Epoch-1310
————————————————
Iter-0; loss: 0.0198;time per batch:0.1168s
Epoch-1311
————————————————
Iter-0; loss: 0.0274;time per batch:0.1148s
Epoch-1312
————————————————
Iter-0; loss: 0.0315;time per batch:0.1172s
Epoch-1313
————————————————
Iter-0; loss: 0.0214;time per batch:0.1172s
Epoch-1314
————————————————
Iter-0; loss: 0.0361;time per batch:0.1147s
Epoch-1315
————————————————
Iter-0; loss: 0.0338;time per batch:0.1129s
Epoch-1316
————————————————
Iter-0; loss: 0.0434;time per batch:0.1169s
Epoch-1317
————————————————
Iter-0; loss: 0.0335;time per batch:0.1134s
Epoch-1318
————————————————
Iter-0; loss: 0.0369;time per batch:0.1156s
Epoch-1319
————————————————
Iter-0; loss: 0.0328;time per batch:0.1196s
Epoch-1320
————————————————
Iter-0; loss: 0.0273;time per batch:0.1175s
Epoch-1321
————————————————
Iter-0; loss: 0.0327;time per batch:0.1125s
Epoch-1322
————————————————
Iter-0; loss: 0.0292;time per batch:0.1153s
Epoch-1323
————————————————
Iter-0; loss: 0.0355;time per batch:0.1150s
Epoch-1324
————————————————
Iter-0; loss: 0.0521;time per batch:0.1154s
Epoch-1325
————————————————
Iter-0; loss: 0.0303;time per batch:0.1122s
Epoch-1326
————————————————
Iter-0; loss: 0.0266;time per batch:0.1083s
Epoch-1327
————————————————
Iter-0; loss: 0.0355;time per batch:0.1157s
Epoch-1328
————————————————
Iter-0; loss: 0.0109;time per batch:0.1157s
Epoch-1329
————————————————
Iter-0; loss: 0.0267;time per batch:0.1171s
Epoch-1330
————————————————
Iter-0; loss: 0.0281;time per batch:0.1105s
Epoch-1331
————————————————
Iter-0; loss: 0.0247;time per batch:0.1136s
Epoch-1332
————————————————
Iter-0; loss: 0.0379;time per batch:0.1139s
Epoch-1333
————————————————
Iter-0; loss: 0.0486;time per batch:0.1098s
Epoch-1334
————————————————
Iter-0; loss: 0.0328;time per batch:0.1126s
Epoch-1335
————————————————
Iter-0; loss: 0.0121;time per batch:0.1078s
Epoch-1336
————————————————
Iter-0; loss: 0.0230;time per batch:0.1127s
Epoch-1337
————————————————
Iter-0; loss: 0.0481;time per batch:0.1108s
Epoch-1338
————————————————
Iter-0; loss: 0.0418;time per batch:0.1137s
Epoch-1339
————————————————
Iter-0; loss: 0.0163;time per batch:0.1131s
Epoch-1340
————————————————
Iter-0; loss: 0.0300;time per batch:0.1111s
Epoch-1341
————————————————
Iter-0; loss: 0.0280;time per batch:0.1106s
Epoch-1342
————————————————
Iter-0; loss: 0.0287;time per batch:0.1106s
Epoch-1343
————————————————
Iter-0; loss: 0.0309;time per batch:0.1091s
Epoch-1344
————————————————
Iter-0; loss: 0.0379;time per batch:0.1102s
Epoch-1345
————————————————
Iter-0; loss: 0.0221;time per batch:0.1109s
Epoch-1346
————————————————
Iter-0; loss: 0.0498;time per batch:0.1123s
Epoch-1347
————————————————
Iter-0; loss: 0.0219;time per batch:0.1107s
Epoch-1348
————————————————
Iter-0; loss: 0.0379;time per batch:0.1131s
Epoch-1349
————————————————
Iter-0; loss: 0.0378;time per batch:0.1134s
Epoch-1350
————————————————
Iter-0; loss: 0.0303;time per batch:0.1118s
Epoch-1351
————————————————
Iter-0; loss: 0.0419;time per batch:0.1116s
Epoch-1352
————————————————
Iter-0; loss: 0.0369;time per batch:0.1122s
Epoch-1353
————————————————
Iter-0; loss: 0.0359;time per batch:0.1148s
Epoch-1354
————————————————
Iter-0; loss: 0.0382;time per batch:0.1112s
Epoch-1355
————————————————
Iter-0; loss: 0.0239;time per batch:0.1176s
Epoch-1356
————————————————
Iter-0; loss: 0.0284;time per batch:0.1167s
Epoch-1357
————————————————
Iter-0; loss: 0.0211;time per batch:0.1133s
Epoch-1358
————————————————
Iter-0; loss: 0.0273;time per batch:0.1150s
Epoch-1359
————————————————
Iter-0; loss: 0.0284;time per batch:0.1162s
Epoch-1360
————————————————
Iter-0; loss: 0.0348;time per batch:0.1145s
Epoch-1361
————————————————
Iter-0; loss: 0.0384;time per batch:0.1147s
Epoch-1362
————————————————
Iter-0; loss: 0.0244;time per batch:0.1120s
Epoch-1363
————————————————
Iter-0; loss: 0.0395;time per batch:0.1160s
Epoch-1364
————————————————
Iter-0; loss: 0.0239;time per batch:0.1106s
Epoch-1365
————————————————
Iter-0; loss: 0.0193;time per batch:0.1111s
Epoch-1366
————————————————
Iter-0; loss: 0.0481;time per batch:0.1135s
Epoch-1367
————————————————
Iter-0; loss: 0.0115;time per batch:0.1115s
Epoch-1368
————————————————
Iter-0; loss: 0.0203;time per batch:0.1199s
Epoch-1369
————————————————
Iter-0; loss: 0.0235;time per batch:0.1185s
Epoch-1370
————————————————
Iter-0; loss: 0.0329;time per batch:0.1129s
Epoch-1371
————————————————
Iter-0; loss: 0.0290;time per batch:0.1117s
Epoch-1372
————————————————
Iter-0; loss: 0.0243;time per batch:0.1175s
Epoch-1373
————————————————
Iter-0; loss: 0.0322;time per batch:0.1107s
Epoch-1374
————————————————
Iter-0; loss: 0.0255;time per batch:0.1097s
Epoch-1375
————————————————
Iter-0; loss: 0.0342;time per batch:0.1113s
Epoch-1376
————————————————
Iter-0; loss: 0.0326;time per batch:0.1120s
Epoch-1377
————————————————
Iter-0; loss: 0.0339;time per batch:0.1123s
Epoch-1378
————————————————
Iter-0; loss: 0.0376;time per batch:0.1123s
Epoch-1379
————————————————
Iter-0; loss: 0.0312;time per batch:0.1133s
Epoch-1380
————————————————
Iter-0; loss: 0.0161;time per batch:0.1120s
Epoch-1381
————————————————
Iter-0; loss: 0.0181;time per batch:0.1110s
Epoch-1382
————————————————
Iter-0; loss: 0.0427;time per batch:0.1135s
Epoch-1383
————————————————
Iter-0; loss: 0.0336;time per batch:0.1166s
Epoch-1384
————————————————
Iter-0; loss: 0.0357;time per batch:0.1153s
Epoch-1385
————————————————
Iter-0; loss: 0.0221;time per batch:0.1145s
Epoch-1386
————————————————
Iter-0; loss: 0.0173;time per batch:0.1136s
Epoch-1387
————————————————
Iter-0; loss: 0.0274;time per batch:0.1087s
Epoch-1388
————————————————
Iter-0; loss: 0.0257;time per batch:0.1143s
Epoch-1389
————————————————
Iter-0; loss: 0.0369;time per batch:0.1183s
Epoch-1390
————————————————
Iter-0; loss: 0.0439;time per batch:0.1127s
Epoch-1391
————————————————
Iter-0; loss: 0.0287;time per batch:0.1152s
Epoch-1392
————————————————
Iter-0; loss: 0.0179;time per batch:0.1145s
Epoch-1393
————————————————
Iter-0; loss: 0.0373;time per batch:0.1104s
Epoch-1394
————————————————
Iter-0; loss: 0.0190;time per batch:0.1125s
Epoch-1395
————————————————
Iter-0; loss: 0.0306;time per batch:0.1122s
Epoch-1396
————————————————
Iter-0; loss: 0.0217;time per batch:0.1171s
Epoch-1397
————————————————
Iter-0; loss: 0.0249;time per batch:0.1125s
Epoch-1398
————————————————
Iter-0; loss: 0.0237;time per batch:0.1231s
Epoch-1399
————————————————
Iter-0; loss: 0.0323;time per batch:0.1127s
Epoch-1400
————————————————
Iter-0; loss: 0.0358;time per batch:0.1156s
Epoch-1401
————————————————
Iter-0; loss: 0.0173;time per batch:0.1182s
Epoch-1402
————————————————
Iter-0; loss: 0.0255;time per batch:0.1115s
Epoch-1403
————————————————
Iter-0; loss: 0.0203;time per batch:0.1117s
Epoch-1404
————————————————
Iter-0; loss: 0.0472;time per batch:0.1139s
Epoch-1405
————————————————
Iter-0; loss: 0.0227;time per batch:0.1116s
Epoch-1406
————————————————
Iter-0; loss: 0.0285;time per batch:0.1108s
Epoch-1407
————————————————
Iter-0; loss: 0.0189;time per batch:0.1184s
Epoch-1408
————————————————
Iter-0; loss: 0.0423;time per batch:0.1127s
Epoch-1409
————————————————
Iter-0; loss: 0.0303;time per batch:0.1124s
Epoch-1410
————————————————
Iter-0; loss: 0.0347;time per batch:0.1131s
Epoch-1411
————————————————
Iter-0; loss: 0.0209;time per batch:0.1165s
Epoch-1412
————————————————
Iter-0; loss: 0.0307;time per batch:0.1181s
Epoch-1413
————————————————
Iter-0; loss: 0.0235;time per batch:0.1115s
Epoch-1414
————————————————
Iter-0; loss: 0.0338;time per batch:0.1151s
Epoch-1415
————————————————
Iter-0; loss: 0.0287;time per batch:0.1078s
Epoch-1416
————————————————
Iter-0; loss: 0.0168;time per batch:0.1121s
Epoch-1417
————————————————
Iter-0; loss: 0.0339;time per batch:0.1115s
Epoch-1418
————————————————
Iter-0; loss: 0.0234;time per batch:0.1134s
Epoch-1419
————————————————
Iter-0; loss: 0.0267;time per batch:0.1197s
Epoch-1420
————————————————
Iter-0; loss: 0.0146;time per batch:0.1098s
Epoch-1421
————————————————
Iter-0; loss: 0.0299;time per batch:0.1087s
Epoch-1422
————————————————
Iter-0; loss: 0.0134;time per batch:0.1098s
Epoch-1423
————————————————
Iter-0; loss: 0.0216;time per batch:0.1158s
Epoch-1424
————————————————
Iter-0; loss: 0.0222;time per batch:0.1106s
Epoch-1425
————————————————
Iter-0; loss: 0.0299;time per batch:0.1176s
Epoch-1426
————————————————
Iter-0; loss: 0.0459;time per batch:0.1109s
Epoch-1427
————————————————
Iter-0; loss: 0.0320;time per batch:0.1144s
Epoch-1428
————————————————
Iter-0; loss: 0.0190;time per batch:0.1117s
Epoch-1429
————————————————
Iter-0; loss: 0.0254;time per batch:0.1134s
Epoch-1430
————————————————
Iter-0; loss: 0.0159;time per batch:0.1113s
Epoch-1431
————————————————
Iter-0; loss: 0.0351;time per batch:0.1115s
Epoch-1432
————————————————
Iter-0; loss: 0.0234;time per batch:0.1140s
Epoch-1433
————————————————
Iter-0; loss: 0.0388;time per batch:0.1130s
Epoch-1434
————————————————
Iter-0; loss: 0.0178;time per batch:0.1143s
Epoch-1435
————————————————
Iter-0; loss: 0.0440;time per batch:0.1105s
Epoch-1436
————————————————
Iter-0; loss: 0.0223;time per batch:0.1157s
Epoch-1437
————————————————
Iter-0; loss: 0.0206;time per batch:0.1130s
Epoch-1438
————————————————
Iter-0; loss: 0.0315;time per batch:0.1156s
Epoch-1439
————————————————
Iter-0; loss: 0.0288;time per batch:0.1138s
Epoch-1440
————————————————
Iter-0; loss: 0.0161;time per batch:0.1145s
Epoch-1441
————————————————
Iter-0; loss: 0.0153;time per batch:0.1126s
Epoch-1442
————————————————
Iter-0; loss: 0.0222;time per batch:0.1148s
Epoch-1443
————————————————
Iter-0; loss: 0.0209;time per batch:0.1107s
Epoch-1444
————————————————
Iter-0; loss: 0.0202;time per batch:0.1135s
Epoch-1445
————————————————
Iter-0; loss: 0.0306;time per batch:0.1111s
Epoch-1446
————————————————
Iter-0; loss: 0.0503;time per batch:0.1113s
Epoch-1447
————————————————
Iter-0; loss: 0.0385;time per batch:0.1077s
Epoch-1448
————————————————
Iter-0; loss: 0.0140;time per batch:0.1114s
Epoch-1449
————————————————
Iter-0; loss: 0.0187;time per batch:0.1127s
Epoch-1450
————————————————
Iter-0; loss: 0.0194;time per batch:0.1134s
Epoch-1451
————————————————
Iter-0; loss: 0.0375;time per batch:0.1127s
Epoch-1452
————————————————
Iter-0; loss: 0.0213;time per batch:0.1131s
Epoch-1453
————————————————
Iter-0; loss: 0.0288;time per batch:0.1133s
Epoch-1454
————————————————
Iter-0; loss: 0.0219;time per batch:0.1146s
Epoch-1455
————————————————
Iter-0; loss: 0.0386;time per batch:0.1137s
Epoch-1456
————————————————
Iter-0; loss: 0.0239;time per batch:0.1133s
Epoch-1457
————————————————
Iter-0; loss: 0.0346;time per batch:0.1137s
Epoch-1458
————————————————
Iter-0; loss: 0.0495;time per batch:0.1151s
Epoch-1459
————————————————
Iter-0; loss: 0.0307;time per batch:0.1131s
Epoch-1460
————————————————
Iter-0; loss: 0.0305;time per batch:0.1149s
Epoch-1461
————————————————
Iter-0; loss: 0.0243;time per batch:0.1128s
Epoch-1462
————————————————
Iter-0; loss: 0.0241;time per batch:0.1117s
Epoch-1463
————————————————
Iter-0; loss: 0.0325;time per batch:0.1140s
Epoch-1464
————————————————
Iter-0; loss: 0.0278;time per batch:0.1103s
Epoch-1465
————————————————
Iter-0; loss: 0.0192;time per batch:0.1108s
Epoch-1466
————————————————
Iter-0; loss: 0.0233;time per batch:0.1115s
Epoch-1467
————————————————
Iter-0; loss: 0.0271;time per batch:0.1156s
Epoch-1468
————————————————
Iter-0; loss: 0.0184;time per batch:0.1129s
Epoch-1469
————————————————
Iter-0; loss: 0.0367;time per batch:0.1140s
Epoch-1470
————————————————
Iter-0; loss: 0.0440;time per batch:0.1106s
Epoch-1471
————————————————
Iter-0; loss: 0.0165;time per batch:0.1102s
Epoch-1472
————————————————
Iter-0; loss: 0.0277;time per batch:0.1091s
Epoch-1473
————————————————
Iter-0; loss: 0.0276;time per batch:0.1145s
Epoch-1474
————————————————
Iter-0; loss: 0.0384;time per batch:0.1136s
Epoch-1475
————————————————
Iter-0; loss: 0.0200;time per batch:0.1122s
Epoch-1476
————————————————
Iter-0; loss: 0.0300;time per batch:0.1119s
Epoch-1477
————————————————
Iter-0; loss: 0.0284;time per batch:0.1163s
Epoch-1478
————————————————
Iter-0; loss: 0.0231;time per batch:0.1110s
Epoch-1479
————————————————
Iter-0; loss: 0.0305;time per batch:0.1099s
Epoch-1480
————————————————
Iter-0; loss: 0.0290;time per batch:0.1125s
Epoch-1481
————————————————
Iter-0; loss: 0.0311;time per batch:0.1104s
Epoch-1482
————————————————
Iter-0; loss: 0.0130;time per batch:0.1099s
Epoch-1483
————————————————
Iter-0; loss: 0.0220;time per batch:0.1102s
Epoch-1484
————————————————
Iter-0; loss: 0.0241;time per batch:0.1117s
Epoch-1485
————————————————
Iter-0; loss: 0.0310;time per batch:0.1127s
Epoch-1486
————————————————
Iter-0; loss: 0.0280;time per batch:0.1116s
Epoch-1487
————————————————
Iter-0; loss: 0.0436;time per batch:0.1099s
Epoch-1488
————————————————
Iter-0; loss: 0.0358;time per batch:0.1180s
Epoch-1489
————————————————
Iter-0; loss: 0.0432;time per batch:0.1094s
Epoch-1490
————————————————
Iter-0; loss: 0.0225;time per batch:0.1086s
Epoch-1491
————————————————
Iter-0; loss: 0.0384;time per batch:0.1085s
Epoch-1492
————————————————
Iter-0; loss: 0.0351;time per batch:0.1106s
Epoch-1493
————————————————
Iter-0; loss: 0.0407;time per batch:0.1119s
Epoch-1494
————————————————
Iter-0; loss: 0.0355;time per batch:0.1141s
Epoch-1495
————————————————
Iter-0; loss: 0.0385;time per batch:0.1119s
Epoch-1496
————————————————
Iter-0; loss: 0.0375;time per batch:0.1144s
Epoch-1497
————————————————
Iter-0; loss: 0.0513;time per batch:0.1128s
Epoch-1498
————————————————
Iter-0; loss: 0.0292;time per batch:0.1137s
Epoch-1499
————————————————
Iter-0; loss: 0.0321;time per batch:0.1111s
Epoch-1500
————————————————
Iter-0; loss: 0.0346;time per batch:0.1104s
validation results:
Mean Rank: 353
Mean RR: 0.0791
Hit@1: 0.0352
Hit@3: 0.0816
Hit@5: 0.1056
Hit@10: 0.1648
test result:
Mean Rank: 366
Mean RR: 0.0777
Hit@1: 0.0344
Hit@3: 0.0728
Hit@5: 0.1064
Hit@10: 0.1664
