0; loss: 0.0635;time per batch:0.0755s
Epoch-836
————————————————
Iter-0; loss: 0.0409;time per batch:0.0759s
Epoch-837
————————————————
Iter-0; loss: 0.0637;time per batch:0.0766s
Epoch-838
————————————————
Iter-0; loss: 0.0100;time per batch:0.0777s
Epoch-839
————————————————
Iter-0; loss: 0.0861;time per batch:0.0800s
Epoch-840
————————————————
Iter-0; loss: 0.0811;time per batch:0.0806s
Epoch-841
————————————————
Iter-0; loss: 0.0208;time per batch:0.0768s
Epoch-842
————————————————
Iter-0; loss: 0.0555;time per batch:0.0745s
Epoch-843
————————————————
Iter-0; loss: 0.0513;time per batch:0.0769s
Epoch-844
————————————————
Iter-0; loss: 0.0548;time per batch:0.0797s
Epoch-845
————————————————
Iter-0; loss: 0.0728;time per batch:0.0806s
Epoch-846
————————————————
Iter-0; loss: 0.0213;time per batch:0.0818s
Epoch-847
————————————————
Iter-0; loss: 0.0587;time per batch:0.0830s
Epoch-848
————————————————
Iter-0; loss: 0.0191;time per batch:0.0813s
Epoch-849
————————————————
Iter-0; loss: 0.0362;time per batch:0.0745s
Epoch-850
————————————————
Iter-0; loss: 0.0552;time per batch:0.0731s
Epoch-851
————————————————
Iter-0; loss: 0.0408;time per batch:0.0732s
Epoch-852
————————————————
Iter-0; loss: 0.0219;time per batch:0.0812s
Epoch-853
————————————————
Iter-0; loss: 0.0523;time per batch:0.0786s
Epoch-854
————————————————
Iter-0; loss: 0.0139;time per batch:0.0756s
Epoch-855
————————————————
Iter-0; loss: 0.0374;time per batch:0.0738s
Epoch-856
————————————————
Iter-0; loss: 0.0305;time per batch:0.0745s
Epoch-857
————————————————
Iter-0; loss: 0.0289;time per batch:0.0747s
Epoch-858
————————————————
Iter-0; loss: 0.0545;time per batch:0.0756s
Epoch-859
————————————————
Iter-0; loss: 0.0619;time per batch:0.0803s
Epoch-860
————————————————
Iter-0; loss: 0.0521;time per batch:0.0771s
Epoch-861
————————————————
Iter-0; loss: 0.0237;time per batch:0.0800s
Epoch-862
————————————————
Iter-0; loss: 0.0316;time per batch:0.0788s
Epoch-863
————————————————
Iter-0; loss: 0.0540;time per batch:0.0766s
Epoch-864
————————————————
Iter-0; loss: 0.0316;time per batch:0.0751s
Epoch-865
————————————————
Iter-0; loss: 0.0775;time per batch:0.0777s
Epoch-866
————————————————
Iter-0; loss: 0.0737;time per batch:0.0763s
Epoch-867
————————————————
Iter-0; loss: 0.0179;time per batch:0.0791s
Epoch-868
————————————————
Iter-0; loss: 0.0202;time per batch:0.0768s
Epoch-869
————————————————
Iter-0; loss: 0.0541;time per batch:0.0781s
Epoch-870
————————————————
Iter-0; loss: 0.0562;time per batch:0.0763s
Epoch-871
————————————————
Iter-0; loss: 0.0678;time per batch:0.0762s
Epoch-872
————————————————
Iter-0; loss: 0.0291;time per batch:0.0744s
Epoch-873
————————————————
Iter-0; loss: 0.0610;time per batch:0.0720s
Epoch-874
————————————————
Iter-0; loss: 0.0507;time per batch:0.0742s
Epoch-875
————————————————
Iter-0; loss: 0.0532;time per batch:0.0730s
Epoch-876
————————————————
Iter-0; loss: 0.0385;time per batch:0.0725s
Epoch-877
————————————————
Iter-0; loss: 0.0474;time per batch:0.0745s
Epoch-878
————————————————
Iter-0; loss: 0.0349;time per batch:0.0770s
Epoch-879
————————————————
Iter-0; loss: 0.0459;time per batch:0.0734s
Epoch-880
————————————————
Iter-0; loss: 0.0806;time per batch:0.0746s
Epoch-881
————————————————
Iter-0; loss: 0.0715;time per batch:0.0727s
Epoch-882
————————————————
Iter-0; loss: 0.0310;time per batch:0.0782s
Epoch-883
————————————————
Iter-0; loss: 0.0201;time per batch:0.0763s
Epoch-884
————————————————
Iter-0; loss: 0.0193;time per batch:0.0772s
Epoch-885
————————————————
Iter-0; loss: 0.0772;time per batch:0.0755s
Epoch-886
————————————————
Iter-0; loss: 0.0791;time per batch:0.0738s
Epoch-887
————————————————
Iter-0; loss: 0.0409;time per batch:0.0727s
Epoch-888
————————————————
Iter-0; loss: 0.0199;time per batch:0.0751s
Epoch-889
————————————————
Iter-0; loss: 0.0513;time per batch:0.0736s
Epoch-890
————————————————
Iter-0; loss: 0.0381;time per batch:0.0723s
Epoch-891
————————————————
Iter-0; loss: 0.0970;time per batch:0.0768s
Epoch-892
————————————————
Iter-0; loss: 0.0478;time per batch:0.0745s
Epoch-893
————————————————
Iter-0; loss: 0.0425;time per batch:0.0745s
Epoch-894
————————————————
Iter-0; loss: 0.0418;time per batch:0.0732s
Epoch-895
————————————————
Iter-0; loss: 0.0465;time per batch:0.0717s
Epoch-896
————————————————
Iter-0; loss: 0.0573;time per batch:0.0742s
Epoch-897
————————————————
Iter-0; loss: 0.0418;time per batch:0.0782s
Epoch-898
————————————————
Iter-0; loss: 0.0802;time per batch:0.0757s
Epoch-899
————————————————
Iter-0; loss: 0.0352;time per batch:0.0769s
Epoch-900
————————————————
Iter-0; loss: 0.0121;time per batch:0.0753s
Epoch-901
————————————————
Iter-0; loss: 0.0450;time per batch:0.0725s
Epoch-902
————————————————
Iter-0; loss: 0.0375;time per batch:0.0771s
Epoch-903
————————————————
Iter-0; loss: 0.0374;time per batch:0.0787s
Epoch-904
————————————————
Iter-0; loss: 0.0199;time per batch:0.0824s
Epoch-905
————————————————
Iter-0; loss: 0.0144;time per batch:0.0777s
Epoch-906
————————————————
Iter-0; loss: 0.0329;time per batch:0.0777s
Epoch-907
————————————————
Iter-0; loss: 0.0259;time per batch:0.0782s
Epoch-908
————————————————
Iter-0; loss: 0.0561;time per batch:0.0817s
Epoch-909
————————————————
Iter-0; loss: 0.0444;time per batch:0.0762s
Epoch-910
————————————————
Iter-0; loss: 0.0357;time per batch:0.0772s
Epoch-911
————————————————
Iter-0; loss: 0.0124;time per batch:0.0824s
Epoch-912
————————————————
Iter-0; loss: 0.0226;time per batch:0.0798s
Epoch-913
————————————————
Iter-0; loss: 0.0569;time per batch:0.0780s
Epoch-914
————————————————
Iter-0; loss: 0.0900;time per batch:0.0769s
Epoch-915
————————————————
Iter-0; loss: 0.0727;time per batch:0.0749s
Epoch-916
————————————————
Iter-0; loss: 0.0906;time per batch:0.0749s
Epoch-917
————————————————
Iter-0; loss: 0.0167;time per batch:0.0741s
Epoch-918
————————————————
Iter-0; loss: 0.0625;time per batch:0.0773s
Epoch-919
————————————————
Iter-0; loss: 0.0322;time per batch:0.0810s
Epoch-920
————————————————
Iter-0; loss: 0.0831;time per batch:0.0805s
Epoch-921
————————————————
Iter-0; loss: 0.0435;time per batch:0.0759s
Epoch-922
————————————————
Iter-0; loss: 0.0392;time per batch:0.0809s
Epoch-923
————————————————
Iter-0; loss: 0.0301;time per batch:0.0763s
Epoch-924
————————————————
Iter-0; loss: 0.0301;time per batch:0.0755s
Epoch-925
————————————————
Iter-0; loss: 0.0405;time per batch:0.0785s
Epoch-926
————————————————
Iter-0; loss: 0.0607;time per batch:0.0779s
Epoch-927
————————————————
Iter-0; loss: 0.0434;time per batch:0.0761s
Epoch-928
————————————————
Iter-0; loss: 0.0293;time per batch:0.0747s
Epoch-929
————————————————
Iter-0; loss: 0.0266;time per batch:0.0767s
Epoch-930
————————————————
Iter-0; loss: 0.0557;time per batch:0.0795s
Epoch-931
————————————————
Iter-0; loss: 0.0365;time per batch:0.0804s
Epoch-932
————————————————
Iter-0; loss: 0.0619;time per batch:0.0784s
Epoch-933
————————————————
Iter-0; loss: 0.0183;time per batch:0.0757s
Epoch-934
————————————————
Iter-0; loss: 0.0530;time per batch:0.0853s
Epoch-935
————————————————
Iter-0; loss: 0.0418;time per batch:0.0765s
Epoch-936
————————————————
Iter-0; loss: 0.0801;time per batch:0.0817s
Epoch-937
————————————————
Iter-0; loss: 0.0593;time per batch:0.0785s
Epoch-938
————————————————
Iter-0; loss: 0.0235;time per batch:0.0748s
Epoch-939
————————————————
Iter-0; loss: 0.0218;time per batch:0.0799s
Epoch-940
————————————————
Iter-0; loss: 0.0527;time per batch:0.0758s
Epoch-941
————————————————
Iter-0; loss: 0.0492;time per batch:0.0749s
Epoch-942
————————————————
Iter-0; loss: 0.0716;time per batch:0.0733s
Epoch-943
————————————————
Iter-0; loss: 0.0116;time per batch:0.0733s
Epoch-944
————————————————
Iter-0; loss: 0.0580;time per batch:0.0741s
Epoch-945
————————————————
Iter-0; loss: 0.0524;time per batch:0.0816s
Epoch-946
————————————————
Iter-0; loss: 0.0289;time per batch:0.0738s
Epoch-947
————————————————
Iter-0; loss: 0.0641;time per batch:0.0743s
Epoch-948
————————————————
Iter-0; loss: 0.0431;time per batch:0.0775s
Epoch-949
————————————————
Iter-0; loss: 0.0318;time per batch:0.0758s
Epoch-950
————————————————
Iter-0; loss: 0.0655;time per batch:0.0929s
Epoch-951
————————————————
Iter-0; loss: 0.0729;time per batch:0.0731s
Epoch-952
————————————————
Iter-0; loss: 0.0277;time per batch:0.0764s
Epoch-953
————————————————
Iter-0; loss: 0.0857;time per batch:0.0758s
Epoch-954
————————————————
Iter-0; loss: 0.0355;time per batch:0.0774s
Epoch-955
————————————————
Iter-0; loss: 0.0279;time per batch:0.0738s
Epoch-956
————————————————
Iter-0; loss: 0.0453;time per batch:0.0775s
Epoch-957
————————————————
Iter-0; loss: 0.0751;time per batch:0.0729s
Epoch-958
————————————————
Iter-0; loss: 0.0558;time per batch:0.0723s
Epoch-959
————————————————
Iter-0; loss: 0.0357;time per batch:0.0747s
Epoch-960
————————————————
Iter-0; loss: 0.0570;time per batch:0.0753s
Epoch-961
————————————————
Iter-0; loss: 0.0742;time per batch:0.0782s
Epoch-962
————————————————
Iter-0; loss: 0.0378;time per batch:0.0794s
Epoch-963
————————————————
Iter-0; loss: 0.0222;time per batch:0.0751s
Epoch-964
————————————————
Iter-0; loss: 0.0365;time per batch:0.0758s
Epoch-965
————————————————
Iter-0; loss: 0.0517;time per batch:0.0728s
Epoch-966
————————————————
Iter-0; loss: 0.0968;time per batch:0.0749s
Epoch-967
————————————————
Iter-0; loss: 0.0708;time per batch:0.0796s
Epoch-968
————————————————
Iter-0; loss: 0.0399;time per batch:0.0778s
Epoch-969
————————————————
Iter-0; loss: 0.0273;time per batch:0.0750s
Epoch-970
————————————————
Iter-0; loss: 0.0508;time per batch:0.0759s
Epoch-971
————————————————
Iter-0; loss: 0.0457;time per batch:0.0752s
Epoch-972
————————————————
Iter-0; loss: 0.0403;time per batch:0.0741s
Epoch-973
————————————————
Iter-0; loss: 0.0186;time per batch:0.0711s
Epoch-974
————————————————
Iter-0; loss: 0.0645;time per batch:0.0822s
Epoch-975
————————————————
Iter-0; loss: 0.0702;time per batch:0.0744s
Epoch-976
————————————————
Iter-0; loss: 0.0668;time per batch:0.0717s
Epoch-977
————————————————
Iter-0; loss: 0.0300;time per batch:0.0739s
Epoch-978
————————————————
Iter-0; loss: 0.0508;time per batch:0.0785s
Epoch-979
————————————————
Iter-0; loss: 0.0204;time per batch:0.0725s
Epoch-980
————————————————
Iter-0; loss: 0.0242;time per batch:0.0728s
Epoch-981
————————————————
Iter-0; loss: 0.0179;time per batch:0.0777s
Epoch-982
————————————————
Iter-0; loss: 0.0722;time per batch:0.0722s
Epoch-983
————————————————
Iter-0; loss: 0.0247;time per batch:0.0746s
Epoch-984
————————————————
Iter-0; loss: 0.0496;time per batch:0.0760s
Epoch-985
————————————————
Iter-0; loss: 0.0309;time per batch:0.0744s
Epoch-986
————————————————
Iter-0; loss: 0.0534;time per batch:0.0767s
Epoch-987
————————————————
Iter-0; loss: 0.0345;time per batch:0.0748s
Epoch-988
————————————————
Iter-0; loss: 0.0465;time per batch:0.0726s
Epoch-989
————————————————
Iter-0; loss: 0.0740;time per batch:0.0720s
Epoch-990
————————————————
Iter-0; loss: 0.0703;time per batch:0.0783s
Epoch-991
————————————————
Iter-0; loss: 0.0339;time per batch:0.0744s
Epoch-992
————————————————
Iter-0; loss: 0.0133;time per batch:0.0738s
Epoch-993
————————————————
Iter-0; loss: 0.0313;time per batch:0.0747s
Epoch-994
————————————————
Iter-0; loss: 0.0608;time per batch:0.0766s
Epoch-995
————————————————
Iter-0; loss: 0.0316;time per batch:0.0752s
Epoch-996
————————————————
Iter-0; loss: 0.0347;time per batch:0.0714s
Epoch-997
————————————————
Iter-0; loss: 0.0702;time per batch:0.0737s
Epoch-998
————————————————
Iter-0; loss: 0.0208;time per batch:0.0733s
Epoch-999
————————————————
Iter-0; loss: 0.0409;time per batch:0.0804s
Epoch-1000
————————————————
Iter-0; loss: 0.0795;time per batch:0.0724s
validation results:
Mean Rank: 284
Mean RR: 0.0672
Hit@1: 0.0192
Hit@3: 0.0648
Hit@5: 0.0872
Hit@10: 0.1632
Epoch-1001
————————————————
Iter-0; loss: 0.0695;time per batch:0.0776s
Epoch-1002
————————————————
Iter-0; loss: 0.0404;time per batch:0.0706s
Epoch-1003
————————————————
Iter-0; loss: 0.1134;time per batch:0.0732s
Epoch-1004
————————————————
Iter-0; loss: 0.0638;time per batch:0.0740s
Epoch-1005
————————————————
Iter-0; loss: 0.0276;time per batch:0.0755s
Epoch-1006
————————————————
Iter-0; loss: 0.0585;time per batch:0.0729s
Epoch-1007
————————————————
Iter-0; loss: 0.0197;time per batch:0.0727s
Epoch-1008
————————————————
Iter-0; loss: 0.0456;time per batch:0.0741s
Epoch-1009
————————————————
Iter-0; loss: 0.0669;time per batch:0.0717s
Epoch-1010
————————————————
Iter-0; loss: 0.1273;time per batch:0.0712s
Epoch-1011
————————————————
Iter-0; loss: 0.0923;time per batch:0.0739s
Epoch-1012
————————————————
Iter-0; loss: 0.0597;time per batch:0.0706s
Epoch-1013
————————————————
Iter-0; loss: 0.0461;time per batch:0.0756s
Epoch-1014
————————————————
Iter-0; loss: 0.0804;time per batch:0.0761s
Epoch-1015
————————————————
Iter-0; loss: 0.0389;time per batch:0.0732s
Epoch-1016
————————————————
Iter-0; loss: 0.0200;time per batch:0.0731s
Epoch-1017
————————————————
Iter-0; loss: 0.0738;time per batch:0.0734s
Epoch-1018
————————————————
Iter-0; loss: 0.0043;time per batch:0.0728s
Epoch-1019
————————————————
Iter-0; loss: 0.0504;time per batch:0.0718s
Epoch-1020
————————————————
Iter-0; loss: 0.0336;time per batch:0.0744s
Epoch-1021
————————————————
Iter-0; loss: 0.0411;time per batch:0.0714s
Epoch-1022
————————————————
Iter-0; loss: 0.0585;time per batch:0.0777s
Epoch-1023
————————————————
Iter-0; loss: 0.0244;time per batch:0.0728s
Epoch-1024
————————————————
Iter-0; loss: 0.0364;time per batch:0.0723s
Epoch-1025
————————————————
Iter-0; loss: 0.0069;time per batch:0.0713s
Epoch-1026
————————————————
Iter-0; loss: 0.0448;time per batch:0.0719s
Epoch-1027
————————————————
Iter-0; loss: 0.0417;time per batch:0.0746s
Epoch-1028
————————————————
Iter-0; loss: 0.0251;time per batch:0.0741s
Epoch-1029
————————————————
Iter-0; loss: 0.0113;time per batch:0.0755s
Epoch-1030
————————————————
Iter-0; loss: 0.0205;time per batch:0.0747s
Epoch-1031
————————————————
Iter-0; loss: 0.0554;time per batch:0.0737s
Epoch-1032
————————————————
Iter-0; loss: 0.0409;time per batch:0.0775s
Epoch-1033
————————————————
Iter-0; loss: 0.0586;time per batch:0.0747s
Epoch-1034
————————————————
Iter-0; loss: 0.0192;time per batch:0.0752s
Epoch-1035
————————————————
Iter-0; loss: 0.0447;time per batch:0.0739s
Epoch-1036
————————————————
Iter-0; loss: 0.0425;time per batch:0.0722s
Epoch-1037
————————————————
Iter-0; loss: 0.0294;time per batch:0.0738s
Epoch-1038
————————————————
Iter-0; loss: 0.0213;time per batch:0.0747s
Epoch-1039
————————————————
Iter-0; loss: 0.0320;time per batch:0.0747s
Epoch-1040
————————————————
Iter-0; loss: 0.0529;time per batch:0.0729s
Epoch-1041
————————————————
Iter-0; loss: 0.0425;time per batch:0.0764s
Epoch-1042
————————————————
Iter-0; loss: 0.0617;time per batch:0.0743s
Epoch-1043
————————————————
Iter-0; loss: 0.0428;time per batch:0.0790s
Epoch-1044
————————————————
Iter-0; loss: 0.0537;time per batch:0.0778s
Epoch-1045
————————————————
Iter-0; loss: 0.0385;time per batch:0.0752s
Epoch-1046
————————————————
Iter-0; loss: 0.0697;time per batch:0.0736s
Epoch-1047
————————————————
Iter-0; loss: 0.0364;time per batch:0.0745s
Epoch-1048
————————————————
Iter-0; loss: 0.0788;time per batch:0.0764s
Epoch-1049
————————————————
Iter-0; loss: 0.0662;time per batch:0.0727s
Epoch-1050
————————————————
Iter-0; loss: 0.0852;time per batch:0.0742s
Epoch-1051
————————————————
Iter-0; loss: 0.0317;time per batch:0.0739s
Epoch-1052
————————————————
Iter-0; loss: 0.0557;time per batch:0.0793s
Epoch-1053
————————————————
Iter-0; loss: 0.0332;time per batch:0.0730s
Epoch-1054
————————————————
Iter-0; loss: 0.0302;time per batch:0.0724s
Epoch-1055
————————————————
Iter-0; loss: 0.0312;time per batch:0.0716s
Epoch-1056
————————————————
Iter-0; loss: 0.0936;time per batch:0.0746s
Epoch-1057
————————————————
Iter-0; loss: 0.0224;time per batch:0.0737s
Epoch-1058
————————————————
Iter-0; loss: 0.0224;time per batch:0.0757s
Epoch-1059
————————————————
Iter-0; loss: 0.0514;time per batch:0.0778s
Epoch-1060
————————————————
Iter-0; loss: 0.0157;time per batch:0.0732s
Epoch-1061
————————————————
Iter-0; loss: 0.0190;time per batch:0.0744s
Epoch-1062
————————————————
Iter-0; loss: 0.0249;time per batch:0.0736s
Epoch-1063
————————————————
Iter-0; loss: 0.0340;time per batch:0.0725s
Epoch-1064
————————————————
Iter-0; loss: 0.0379;time per batch:0.0736s
Epoch-1065
————————————————
Iter-0; loss: 0.0314;time per batch:0.0775s
Epoch-1066
————————————————
Iter-0; loss: 0.0634;time per batch:0.0760s
Epoch-1067
————————————————
Iter-0; loss: 0.0422;time per batch:0.0734s
Epoch-1068
————————————————
Iter-0; loss: 0.0324;time per batch:0.0747s
Epoch-1069
————————————————
Iter-0; loss: 0.0936;time per batch:0.0743s
Epoch-1070
————————————————
Iter-0; loss: 0.0233;time per batch:0.0737s
Epoch-1071
————————————————
Iter-0; loss: 0.0653;time per batch:0.0724s
Epoch-1072
————————————————
Iter-0; loss: 0.0566;time per batch:0.0746s
Epoch-1073
————————————————
Iter-0; loss: 0.0454;time per batch:0.0761s
Epoch-1074
————————————————
Iter-0; loss: 0.0421;time per batch:0.0764s
Epoch-1075
————————————————
Iter-0; loss: 0.0322;time per batch:0.0749s
Epoch-1076
————————————————
Iter-0; loss: 0.0195;time per batch:0.0800s
Epoch-1077
————————————————
Iter-0; loss: 0.0137;time per batch:0.0760s
Epoch-1078
————————————————
Iter-0; loss: 0.0421;time per batch:0.0736s
Epoch-1079
————————————————
Iter-0; loss: 0.0456;time per batch:0.0808s
Epoch-1080
————————————————
Iter-0; loss: 0.0248;time per batch:0.0766s
Epoch-1081
————————————————
Iter-0; loss: 0.0251;time per batch:0.0805s
Epoch-1082
————————————————
Iter-0; loss: 0.0351;time per batch:0.0826s
Epoch-1083
————————————————
Iter-0; loss: 0.0566;time per batch:0.0765s
Epoch-1084
————————————————
Iter-0; loss: 0.0320;time per batch:0.0784s
Epoch-1085
————————————————
Iter-0; loss: 0.0719;time per batch:0.0754s
Epoch-1086
————————————————
Iter-0; loss: 0.0338;time per batch:0.0756s
Epoch-1087
————————————————
Iter-0; loss: 0.0927;time per batch:0.0738s
Epoch-1088
————————————————
Iter-0; loss: 0.0479;time per batch:0.0750s
Epoch-1089
————————————————
Iter-0; loss: 0.0532;time per batch:0.0758s
Epoch-1090
————————————————
Iter-0; loss: 0.0583;time per batch:0.0820s
Epoch-1091
————————————————
Iter-0; loss: 0.0663;time per batch:0.0794s
Epoch-1092
————————————————
Iter-0; loss: 0.0376;time per batch:0.0804s
Epoch-1093
————————————————
Iter-0; loss: 0.0167;time per batch:0.0803s
Epoch-1094
————————————————
Iter-0; loss: 0.0514;time per batch:0.0784s
Epoch-1095
————————————————
Iter-0; loss: 0.0408;time per batch:0.0758s
Epoch-1096
————————————————
Iter-0; loss: 0.0234;time per batch:0.0831s
Epoch-1097
————————————————
Iter-0; loss: 0.0460;time per batch:0.0793s
Epoch-1098
————————————————
Iter-0; loss: 0.0442;time per batch:0.0758s
Epoch-1099
————————————————
Iter-0; loss: 0.0988;time per batch:0.0773s
Epoch-1100
————————————————
Iter-0; loss: 0.0327;time per batch:0.0787s
Epoch-1101
————————————————
Iter-0; loss: 0.0332;time per batch:0.0902s
Epoch-1102
————————————————
Iter-0; loss: 0.0251;time per batch:0.0748s
Epoch-1103
————————————————
Iter-0; loss: 0.0538;time per batch:0.0774s
Epoch-1104
————————————————
Iter-0; loss: 0.0769;time per batch:0.0770s
Epoch-1105
————————————————
Iter-0; loss: 0.0448;time per batch:0.0780s
Epoch-1106
————————————————
Iter-0; loss: 0.0093;time per batch:0.0758s
Epoch-1107
————————————————
Iter-0; loss: 0.0145;time per batch:0.0782s
Epoch-1108
————————————————
Iter-0; loss: 0.0785;time per batch:0.0751s
Epoch-1109
————————————————
Iter-0; loss: 0.0420;time per batch:0.0752s
Epoch-1110
————————————————
Iter-0; loss: 0.0805;time per batch:0.0761s
Epoch-1111
————————————————
Iter-0; loss: 0.0232;time per batch:0.0737s
Epoch-1112
————————————————
Iter-0; loss: 0.0195;time per batch:0.0736s
Epoch-1113
————————————————
Iter-0; loss: 0.0272;time per batch:0.0766s
Epoch-1114
————————————————
Iter-0; loss: 0.0167;time per batch:0.0765s
Epoch-1115
————————————————
Iter-0; loss: 0.0389;time per batch:0.0802s
Epoch-1116
————————————————
Iter-0; loss: 0.0474;time per batch:0.1085s
Epoch-1117
————————————————
Iter-0; loss: 0.0377;time per batch:0.0763s
Epoch-1118
————————————————
Iter-0; loss: 0.0830;time per batch:0.0730s
Epoch-1119
————————————————
Iter-0; loss: 0.0419;time per batch:0.0764s
Epoch-1120
————————————————
Iter-0; loss: 0.0258;time per batch:0.0762s
Epoch-1121
————————————————
Iter-0; loss: 0.0229;time per batch:0.0790s
Epoch-1122
————————————————
Iter-0; loss: 0.0241;time per batch:0.0735s
Epoch-1123
————————————————
Iter-0; loss: 0.0298;time per batch:0.0750s
Epoch-1124
————————————————
Iter-0; loss: 0.0106;time per batch:0.0735s
Epoch-1125
————————————————
Iter-0; loss: 0.0063;time per batch:0.0758s
Epoch-1126
————————————————
Iter-0; loss: 0.0595;time per batch:0.0725s
Epoch-1127
————————————————
Iter-0; loss: 0.0394;time per batch:0.0771s
Epoch-1128
————————————————
Iter-0; loss: 0.0364;time per batch:0.0757s
Epoch-1129
————————————————
Iter-0; loss: 0.0510;time per batch:0.0816s
Epoch-1130
————————————————
Iter-0; loss: 0.0168;time per batch:0.0774s
Epoch-1131
————————————————
Iter-0; loss: 0.0597;time per batch:0.0771s
Epoch-1132
————————————————
Iter-0; loss: 0.0552;time per batch:0.0731s
Epoch-1133
————————————————
Iter-0; loss: 0.0499;time per batch:0.0741s
Epoch-1134
————————————————
Iter-0; loss: 0.0185;time per batch:0.0748s
Epoch-1135
————————————————
Iter-0; loss: 0.0610;time per batch:0.0723s
Epoch-1136
————————————————
Iter-0; loss: 0.0422;time per batch:0.0747s
Epoch-1137
————————————————
Iter-0; loss: 0.0773;time per batch:0.0765s
Epoch-1138
————————————————
Iter-0; loss: 0.0576;time per batch:0.0751s
Epoch-1139
————————————————
Iter-0; loss: 0.0241;time per batch:0.0714s
Epoch-1140
————————————————
Iter-0; loss: 0.0243;time per batch:0.0727s
Epoch-1141
————————————————
Iter-0; loss: 0.0446;time per batch:0.0772s
Epoch-1142
————————————————
Iter-0; loss: 0.0250;time per batch:0.0739s
Epoch-1143
————————————————
Iter-0; loss: 0.0657;time per batch:0.0767s
Epoch-1144
————————————————
Iter-0; loss: 0.0382;time per batch:0.0753s
Epoch-1145
————————————————
Iter-0; loss: 0.0486;time per batch:0.0735s
Epoch-1146
————————————————
Iter-0; loss: 0.0281;time per batch:0.0790s
Epoch-1147
————————————————
Iter-0; loss: 0.0650;time per batch:0.0772s
Epoch-1148
————————————————
Iter-0; loss: 0.0536;time per batch:0.0757s
Epoch-1149
————————————————
Iter-0; loss: 0.0223;time per batch:0.0775s
Epoch-1150
————————————————
Iter-0; loss: 0.0502;time per batch:0.0788s
Epoch-1151
————————————————
Iter-0; loss: 0.0628;time per batch:0.0750s
Epoch-1152
————————————————
Iter-0; loss: 0.0009;time per batch:0.0783s
Epoch-1153
————————————————
Iter-0; loss: 0.0493;time per batch:0.0770s
Epoch-1154
————————————————
Iter-0; loss: 0.0465;time per batch:0.0762s
Epoch-1155
————————————————
Iter-0; loss: 0.0422;time per batch:0.0756s
Epoch-1156
————————————————
Iter-0; loss: 0.0366;time per batch:0.0731s
Epoch-1157
————————————————
Iter-0; loss: 0.0471;time per batch:0.0756s
Epoch-1158
————————————————
Iter-0; loss: 0.0193;time per batch:0.0748s
Epoch-1159
————————————————
Iter-0; loss: 0.0919;time per batch:0.0777s
Epoch-1160
————————————————
Iter-0; loss: 0.0426;time per batch:0.0769s
Epoch-1161
————————————————
Iter-0; loss: 0.0425;time per batch:0.0773s
Epoch-1162
————————————————
Iter-0; loss: 0.0537;time per batch:0.0722s
Epoch-1163
————————————————
Iter-0; loss: 0.0391;time per batch:0.0777s
Epoch-1164
————————————————
Iter-0; loss: 0.0090;time per batch:0.0756s
Epoch-1165
————————————————
Iter-0; loss: 0.0502;time per batch:0.0748s
Epoch-1166
————————————————
Iter-0; loss: 0.0423;time per batch:0.0785s
Epoch-1167
————————————————
Iter-0; loss: 0.0199;time per batch:0.0743s
Epoch-1168
————————————————
Iter-0; loss: 0.0428;time per batch:0.0732s
Epoch-1169
————————————————
Iter-0; loss: 0.0860;time per batch:0.0740s
Epoch-1170
————————————————
Iter-0; loss: 0.0221;time per batch:0.0780s
Epoch-1171
————————————————
Iter-0; loss: 0.0888;time per batch:0.0723s
Epoch-1172
————————————————
Iter-0; loss: 0.0455;time per batch:0.0752s
Epoch-1173
————————————————
Iter-0; loss: 0.0704;time per batch:0.0771s
Epoch-1174
————————————————
Iter-0; loss: 0.0123;time per batch:0.0757s
Epoch-1175
————————————————
Iter-0; loss: 0.0522;time per batch:0.0752s
Epoch-1176
————————————————
Iter-0; loss: 0.0627;time per batch:0.0730s
Epoch-1177
————————————————
Iter-0; loss: 0.0321;time per batch:0.0777s
Epoch-1178
————————————————
Iter-0; loss: 0.0223;time per batch:0.0807s
Epoch-1179
————————————————
Iter-0; loss: 0.0233;time per batch:0.0770s
Epoch-1180
————————————————
Iter-0; loss: 0.0519;time per batch:0.0727s
Epoch-1181
————————————————
Iter-0; loss: 0.0467;time per batch:0.0715s
Epoch-1182
————————————————
Iter-0; loss: 0.0380;time per batch:0.0730s
Epoch-1183
————————————————
Iter-0; loss: 0.0330;time per batch:0.0736s
Epoch-1184
————————————————
Iter-0; loss: 0.0449;time per batch:0.0775s
Epoch-1185
————————————————
Iter-0; loss: 0.0390;time per batch:0.0858s
Epoch-1186
————————————————
Iter-0; loss: 0.0379;time per batch:0.0755s
Epoch-1187
————————————————
Iter-0; loss: 0.0650;time per batch:0.0740s
Epoch-1188
————————————————
Iter-0; loss: 0.0414;time per batch:0.0729s
Epoch-1189
————————————————
Iter-0; loss: 0.0299;time per batch:0.0714s
Epoch-1190
————————————————
Iter-0; loss: 0.0421;time per batch:0.0766s
Epoch-1191
————————————————
Iter-0; loss: 0.0348;time per batch:0.0742s
Epoch-1192
————————————————
Iter-0; loss: 0.0048;time per batch:0.0787s
Epoch-1193
————————————————
Iter-0; loss: 0.0474;time per batch:0.0790s
Epoch-1194
————————————————
Iter-0; loss: 0.0258;time per batch:0.0829s
Epoch-1195
————————————————
Iter-0; loss: 0.0156;time per batch:0.0795s
Epoch-1196
————————————————
Iter-0; loss: 0.0552;time per batch:0.0770s
Epoch-1197
————————————————
Iter-0; loss: 0.0147;time per batch:0.0763s
Epoch-1198
————————————————
Iter-0; loss: 0.0207;time per batch:0.0759s
Epoch-1199
————————————————
Iter-0; loss: 0.0363;time per batch:0.0760s
Epoch-1200
————————————————
Iter-0; loss: 0.0162;time per batch:0.0789s
Epoch-1201
————————————————
Iter-0; loss: 0.0140;time per batch:0.0784s
Epoch-1202
————————————————
Iter-0; loss: 0.0429;time per batch:0.0762s
Epoch-1203
————————————————
Iter-0; loss: 0.0397;time per batch:0.0749s
Epoch-1204
————————————————
Iter-0; loss: 0.0424;time per batch:0.0791s
Epoch-1205
————————————————
Iter-0; loss: 0.0060;time per batch:0.0800s
Epoch-1206
————————————————
Iter-0; loss: 0.0354;time per batch:0.0806s
Epoch-1207
————————————————
Iter-0; loss: 0.0274;time per batch:0.0781s
Epoch-1208
————————————————
Iter-0; loss: 0.0412;time per batch:0.0765s
Epoch-1209
————————————————
Iter-0; loss: 0.0251;time per batch:0.0796s
Epoch-1210
————————————————
Iter-0; loss: 0.0755;time per batch:0.0773s
Epoch-1211
————————————————
Iter-0; loss: 0.0629;time per batch:0.0805s
Epoch-1212
————————————————
Iter-0; loss: 0.0468;time per batch:0.0813s
Epoch-1213
————————————————
Iter-0; loss: 0.0395;time per batch:0.0780s
Epoch-1214
————————————————
Iter-0; loss: 0.0503;time per batch:0.0751s
Epoch-1215
————————————————
Iter-0; loss: 0.0596;time per batch:0.0832s
Epoch-1216
————————————————
Iter-0; loss: 0.0463;time per batch:0.0724s
Epoch-1217
————————————————
Iter-0; loss: 0.0338;time per batch:0.0726s
Epoch-1218
————————————————
Iter-0; loss: 0.0503;time per batch:0.0728s
Epoch-1219
————————————————
Iter-0; loss: 0.0147;time per batch:0.0723s
Epoch-1220
————————————————
Iter-0; loss: 0.0488;time per batch:0.0777s
Epoch-1221
————————————————
Iter-0; loss: 0.0670;time per batch:0.0770s
Epoch-1222
————————————————
Iter-0; loss: 0.0147;time per batch:0.0742s
Epoch-1223
————————————————
Iter-0; loss: 0.0553;time per batch:0.0720s
Epoch-1224
————————————————
Iter-0; loss: 0.0338;time per batch:0.0809s
Epoch-1225
————————————————
Iter-0; loss: 0.0489;time per batch:0.0748s
Epoch-1226
————————————————
Iter-0; loss: 0.0732;time per batch:0.0824s
Epoch-1227
————————————————
Iter-0; loss: 0.0604;time per batch:0.0772s
Epoch-1228
————————————————
Iter-0; loss: 0.0424;time per batch:0.0793s
Epoch-1229
————————————————
Iter-0; loss: 0.0613;time per batch:0.0792s
Epoch-1230
————————————————
Iter-0; loss: 0.0621;time per batch:0.0754s
Epoch-1231
————————————————
Iter-0; loss: 0.0219;time per batch:0.0766s
Epoch-1232
————————————————
Iter-0; loss: 0.0540;time per batch:0.0742s
Epoch-1233
————————————————
Iter-0; loss: 0.0102;time per batch:0.0722s
Epoch-1234
————————————————
Iter-0; loss: 0.0282;time per batch:0.0745s
Epoch-1235
————————————————
Iter-0; loss: 0.0615;time per batch:0.0763s
Epoch-1236
————————————————
Iter-0; loss: 0.0244;time per batch:0.0733s
Epoch-1237
————————————————
Iter-0; loss: 0.0321;time per batch:0.0749s
Epoch-1238
————————————————
Iter-0; loss: 0.0346;time per batch:0.0765s
Epoch-1239
————————————————
Iter-0; loss: 0.0697;time per batch:0.0751s
Epoch-1240
————————————————
Iter-0; loss: 0.0368;time per batch:0.0764s
Epoch-1241
————————————————
Iter-0; loss: 0.0160;time per batch:0.0788s
Epoch-1242
————————————————
Iter-0; loss: 0.0828;time per batch:0.0774s
Epoch-1243
————————————————
Iter-0; loss: 0.0223;time per batch:0.0741s
Epoch-1244
————————————————
Iter-0; loss: 0.0380;time per batch:0.0771s
Epoch-1245
————————————————
Iter-0; loss: 0.0599;time per batch:0.0765s
Epoch-1246
————————————————
Iter-0; loss: 0.0308;time per batch:0.0734s
Epoch-1247
————————————————
Iter-0; loss: 0.0323;time per batch:0.0741s
Epoch-1248
————————————————
Iter-0; loss: 0.0644;time per batch:0.0725s
Epoch-1249
————————————————
Iter-0; loss: 0.0329;time per batch:0.0738s
Epoch-1250
————————————————
Iter-0; loss: 0.0154;time per batch:0.0771s
validation results:
Mean Rank: 283
Mean RR: 0.0690
Hit@1: 0.0208
Hit@3: 0.0624
Hit@5: 0.0968
Hit@10: 0.1672
Epoch-1251
————————————————
Iter-0; loss: 0.0359;time per batch:0.0730s
Epoch-1252
————————————————
Iter-0; loss: 0.0096;time per batch:0.0737s
Epoch-1253
————————————————
Iter-0; loss: 0.0351;time per batch:0.0741s
Epoch-1254
————————————————
Iter-0; loss: 0.0062;time per batch:0.0764s
Epoch-1255
————————————————
Iter-0; loss: 0.0343;time per batch:0.0762s
Epoch-1256
————————————————
Iter-0; loss: 0.0459;time per batch:0.0741s
Epoch-1257
————————————————
Iter-0; loss: 0.0424;time per batch:0.0758s
Epoch-1258
————————————————
Iter-0; loss: 0.0215;time per batch:0.0769s
Epoch-1259
————————————————
Iter-0; loss: 0.0595;time per batch:0.0789s
Epoch-1260
————————————————
Iter-0; loss: 0.0501;time per batch:0.0734s
Epoch-1261
————————————————
Iter-0; loss: 0.0410;time per batch:0.0822s
Epoch-1262
————————————————
Iter-0; loss: 0.0466;time per batch:0.0747s
Epoch-1263
————————————————
Iter-0; loss: 0.0529;time per batch:0.0757s
Epoch-1264
————————————————
Iter-0; loss: 0.0616;time per batch:0.0758s
Epoch-1265
————————————————
Iter-0; loss: 0.0494;time per batch:0.0761s
Epoch-1266
————————————————
Iter-0; loss: 0.0139;time per batch:0.0716s
Epoch-1267
————————————————
Iter-0; loss: 0.0215;time per batch:0.0733s
Epoch-1268
————————————————
Iter-0; loss: 0.0285;time per batch:0.0765s
Epoch-1269
————————————————
Iter-0; loss: 0.0322;time per batch:0.0735s
Epoch-1270
————————————————
Iter-0; loss: 0.0403;time per batch:0.0723s
Epoch-1271
————————————————
Iter-0; loss: 0.0324;time per batch:0.0706s
Epoch-1272
————————————————
Iter-0; loss: 0.0287;time per batch:0.0763s
Epoch-1273
————————————————
Iter-0; loss: 0.0420;time per batch:0.0751s
Epoch-1274
————————————————
Iter-0; loss: 0.0148;time per batch:0.0719s
Epoch-1275
————————————————
Iter-0; loss: 0.0607;time per batch:0.0742s
Epoch-1276
————————————————
Iter-0; loss: 0.0634;time per batch:0.0724s
Epoch-1277
————————————————
Iter-0; loss: 0.0389;time per batch:0.0715s
Epoch-1278
————————————————
Iter-0; loss: 0.0276;time per batch:0.0719s
Epoch-1279
————————————————
Iter-0; loss: 0.0295;time per batch:0.0706s
Epoch-1280
————————————————
Iter-0; loss: 0.0314;time per batch:0.0750s
Epoch-1281
————————————————
Iter-0; loss: 0.0344;time per batch:0.0714s
Epoch-1282
————————————————
Iter-0; loss: 0.0559;time per batch:0.0779s
Epoch-1283
————————————————
Iter-0; loss: 0.0558;time per batch:0.0712s
Epoch-1284
————————————————
Iter-0; loss: 0.0540;time per batch:0.0762s
Epoch-1285
————————————————
Iter-0; loss: 0.0803;time per batch:0.0764s
Epoch-1286
————————————————
Iter-0; loss: 0.0372;time per batch:0.0732s
Epoch-1287
————————————————
Iter-0; loss: 0.0580;time per batch:0.0752s
Epoch-1288
————————————————
Iter-0; loss: 0.0578;time per batch:0.0735s
Epoch-1289
————————————————
Iter-0; loss: 0.0871;time per batch:0.0774s
Epoch-1290
————————————————
Iter-0; loss: 0.0301;time per batch:0.0741s
Epoch-1291
————————————————
Iter-0; loss: 0.0375;time per batch:0.0744s
Epoch-1292
————————————————
Iter-0; loss: 0.0350;time per batch:0.0791s
Epoch-1293
————————————————
Iter-0; loss: 0.0446;time per batch:0.0815s
Epoch-1294
————————————————
Iter-0; loss: 0.0236;time per batch:0.0776s
Epoch-1295
————————————————
Iter-0; loss: 0.0268;time per batch:0.0772s
Epoch-1296
————————————————
Iter-0; loss: 0.0346;time per batch:0.0740s
Epoch-1297
————————————————
Iter-0; loss: 0.0140;time per batch:0.0835s
Epoch-1298
————————————————
Iter-0; loss: 0.0181;time per batch:0.0739s
Epoch-1299
————————————————
Iter-0; loss: 0.0204;time per batch:0.0775s
Epoch-1300
————————————————
Iter-0; loss: 0.0402;time per batch:0.0754s
Epoch-1301
————————————————
Iter-0; loss: 0.0539;time per batch:0.0763s
Epoch-1302
————————————————
Iter-0; loss: 0.0547;time per batch:0.0766s
Epoch-1303
————————————————
Iter-0; loss: 0.0583;time per batch:0.0827s
Epoch-1304
————————————————
Iter-0; loss: 0.0402;time per batch:0.0780s
Epoch-1305
————————————————
Iter-0; loss: 0.0628;time per batch:0.0746s
Epoch-1306
————————————————
Iter-0; loss: 0.0645;time per batch:0.0749s
Epoch-1307
————————————————
Iter-0; loss: 0.0192;time per batch:0.0736s
Epoch-1308
————————————————
Iter-0; loss: 0.0215;time per batch:0.0757s
Epoch-1309
————————————————
Iter-0; loss: 0.0234;time per batch:0.0791s
Epoch-1310
————————————————
Iter-0; loss: 0.0345;time per batch:0.0754s
Epoch-1311
————————————————
Iter-0; loss: 0.0298;time per batch:0.0730s
Epoch-1312
————————————————
Iter-0; loss: 0.0123;time per batch:0.0764s
Epoch-1313
————————————————
Iter-0; loss: 0.0395;time per batch:0.0789s
Epoch-1314
————————————————
Iter-0; loss: 0.0139;time per batch:0.0763s
Epoch-1315
————————————————
Iter-0; loss: 0.0318;time per batch:0.0836s
Epoch-1316
————————————————
Iter-0; loss: 0.0502;time per batch:0.0754s
Epoch-1317
————————————————
Iter-0; loss: 0.0443;time per batch:0.0755s
Epoch-1318
————————————————
Iter-0; loss: 0.0280;time per batch:0.0776s
Epoch-1319
————————————————
Iter-0; loss: 0.0204;time per batch:0.0745s
Epoch-1320
————————————————
Iter-0; loss: 0.0280;time per batch:0.0746s
Epoch-1321
————————————————
Iter-0; loss: 0.0564;time per batch:0.0730s
Epoch-1322
————————————————
Iter-0; loss: 0.0657;time per batch:0.0749s
Epoch-1323
————————————————
Iter-0; loss: 0.0234;time per batch:0.0788s
Epoch-1324
————————————————
Iter-0; loss: 0.0332;time per batch:0.0773s
Epoch-1325
————————————————
Iter-0; loss: 0.0400;time per batch:0.0786s
Epoch-1326
————————————————
Iter-0; loss: 0.0865;time per batch:0.0783s
Epoch-1327
————————————————
Iter-0; loss: 0.0386;time per batch:0.0723s
Epoch-1328
————————————————
Iter-0; loss: 0.0329;time per batch:0.0750s
Epoch-1329
————————————————
Iter-0; loss: 0.0288;time per batch:0.0739s
Epoch-1330
————————————————
Iter-0; loss: 0.0336;time per batch:0.0736s
Epoch-1331
————————————————
Iter-0; loss: 0.0358;time per batch:0.0810s
Epoch-1332
————————————————
Iter-0; loss: 0.0190;time per batch:0.0734s
Epoch-1333
————————————————
Iter-0; loss: 0.0617;time per batch:0.0726s
Epoch-1334
————————————————
Iter-0; loss: 0.0053;time per batch:0.0708s
Epoch-1335
————————————————
Iter-0; loss: 0.0267;time per batch:0.0716s
Epoch-1336
————————————————
Iter-0; loss: 0.0758;time per batch:0.0726s
Epoch-1337
————————————————
Iter-0; loss: 0.0029;time per batch:0.0725s
Epoch-1338
————————————————
Iter-0; loss: 0.0436;time per batch:0.0739s
Epoch-1339
————————————————
Iter-0; loss: 0.0087;time per batch:0.0742s
Epoch-1340
————————————————
Iter-0; loss: 0.0358;time per batch:0.0725s
Epoch-1341
————————————————
Iter-0; loss: 0.0391;time per batch:0.0769s
Epoch-1342
————————————————
Iter-0; loss: 0.0464;time per batch:0.0725s
Epoch-1343
————————————————
Iter-0; loss: 0.0414;time per batch:0.0784s
Epoch-1344
————————————————
Iter-0; loss: 0.0495;time per batch:0.0758s
Epoch-1345
————————————————
Iter-0; loss: 0.0184;time per batch:0.0756s
Epoch-1346
————————————————
Iter-0; loss: 0.0237;time per batch:0.0815s
Epoch-1347
————————————————
Iter-0; loss: 0.0475;time per batch:0.0757s
Epoch-1348
————————————————
Iter-0; loss: 0.0369;time per batch:0.0756s
Epoch-1349
————————————————
Iter-0; loss: 0.0421;time per batch:0.0738s
Epoch-1350
————————————————
Iter-0; loss: 0.0529;time per batch:0.0731s
Epoch-1351
————————————————
Iter-0; loss: 0.0437;time per batch:0.0827s
Epoch-1352
————————————————
Iter-0; loss: 0.0440;time per batch:0.0767s
Epoch-1353
————————————————
Iter-0; loss: 0.0617;time per batch:0.0725s
Epoch-1354
————————————————
Iter-0; loss: 0.0298;time per batch:0.0726s
Epoch-1355
————————————————
Iter-0; loss: 0.0676;time per batch:0.0778s
Epoch-1356
————————————————
Iter-0; loss: 0.0697;time per batch:0.0735s
Epoch-1357
————————————————
Iter-0; loss: 0.0346;time per batch:0.0724s
Epoch-1358
————————————————
Iter-0; loss: 0.0616;time per batch:0.0713s
Epoch-1359
————————————————
Iter-0; loss: 0.0665;time per batch:0.0725s
Epoch-1360
————————————————
Iter-0; loss: 0.0415;time per batch:0.0758s
Epoch-1361
————————————————
Iter-0; loss: 0.0185;time per batch:0.0752s
Epoch-1362
————————————————
Iter-0; loss: 0.0445;time per batch:0.0733s
Epoch-1363
————————————————
Iter-0; loss: 0.0311;time per batch:0.0731s
Epoch-1364
————————————————
Iter-0; loss: 0.0652;time per batch:0.0759s
Epoch-1365
————————————————
Iter-0; loss: 0.0843;time per batch:0.0752s
Epoch-1366
————————————————
Iter-0; loss: 0.0242;time per batch:0.0768s
Epoch-1367
————————————————
Iter-0; loss: 0.0350;time per batch:0.0747s
Epoch-1368
————————————————
Iter-0; loss: 0.0644;time per batch:0.0733s
Epoch-1369
————————————————
Iter-0; loss: 0.0254;time per batch:0.0758s
Epoch-1370
————————————————
Iter-0; loss: 0.0774;time per batch:0.0714s
Epoch-1371
————————————————
Iter-0; loss: 0.0319;time per batch:0.0765s
Epoch-1372
————————————————
Iter-0; loss: 0.0816;time per batch:0.0769s
Epoch-1373
————————————————
Iter-0; loss: 0.0361;time per batch:0.0735s
Epoch-1374
————————————————
Iter-0; loss: 0.0502;time per batch:0.0735s
Epoch-1375
————————————————
Iter-0; loss: 0.0506;time per batch:0.0763s
Epoch-1376
————————————————
Iter-0; loss: 0.0746;time per batch:0.0734s
Epoch-1377
————————————————
Iter-0; loss: 0.0456;time per batch:0.0725s
Epoch-1378
————————————————
Iter-0; loss: 0.0431;time per batch:0.0742s
Epoch-1379
————————————————
Iter-0; loss: 0.0607;time per batch:0.0770s
Epoch-1380
————————————————
Iter-0; loss: 0.0419;time per batch:0.0802s
Epoch-1381
————————————————
Iter-0; loss: 0.0203;time per batch:0.0752s
Epoch-1382
————————————————
Iter-0; loss: 0.0435;time per batch:0.0771s
Epoch-1383
————————————————
Iter-0; loss: 0.0348;time per batch:0.0758s
Epoch-1384
————————————————
Iter-0; loss: 0.0669;time per batch:0.0767s
Epoch-1385
————————————————
Iter-0; loss: 0.0344;time per batch:0.0761s
Epoch-1386
————————————————
Iter-0; loss: 0.0620;time per batch:0.0774s
Epoch-1387
————————————————
Iter-0; loss: 0.0478;time per batch:0.0969s
Epoch-1388
————————————————
Iter-0; loss: 0.0112;time per batch:0.0772s
Epoch-1389
————————————————
Iter-0; loss: 0.0023;time per batch:0.0767s
Epoch-1390
————————————————
Iter-0; loss: 0.0671;time per batch:0.0809s
Epoch-1391
————————————————
Iter-0; loss: 0.0362;time per batch:0.0740s
Epoch-1392
————————————————
Iter-0; loss: 0.0334;time per batch:0.0755s
Epoch-1393
————————————————
Iter-0; loss: 0.1031;time per batch:0.0731s
Epoch-1394
————————————————
Iter-0; loss: 0.0363;time per batch:0.0738s
Epoch-1395
————————————————
Iter-0; loss: 0.0550;time per batch:0.0734s
Epoch-1396
————————————————
Iter-0; loss: 0.0374;time per batch:0.0751s
Epoch-1397
————————————————
Iter-0; loss: 0.0455;time per batch:0.0760s
Epoch-1398
————————————————
Iter-0; loss: 0.0535;time per batch:0.0753s
Epoch-1399
————————————————
Iter-0; loss: 0.0150;time per batch:0.0763s
Epoch-1400
————————————————
Iter-0; loss: 0.0756;time per batch:0.0748s
Epoch-1401
————————————————
Iter-0; loss: 0.0355;time per batch:0.0806s
Epoch-1402
————————————————
Iter-0; loss: 0.0374;time per batch:0.0741s
Epoch-1403
————————————————
Iter-0; loss: 0.0374;time per batch:0.0748s
Epoch-1404
————————————————
Iter-0; loss: 0.0858;time per batch:0.0756s
Epoch-1405
————————————————
Iter-0; loss: 0.0947;time per batch:0.0757s
Epoch-1406
————————————————
Iter-0; loss: 0.0412;time per batch:0.0742s
Epoch-1407
————————————————
Iter-0; loss: 0.0437;time per batch:0.0723s
Epoch-1408
————————————————
Iter-0; loss: 0.0077;time per batch:0.0740s
Epoch-1409
————————————————
Iter-0; loss: 0.0557;time per batch:0.0742s
Epoch-1410
————————————————
Iter-0; loss: 0.0818;time per batch:0.0753s
Epoch-1411
————————————————
Iter-0; loss: 0.0371;time per batch:0.0745s
Epoch-1412
————————————————
Iter-0; loss: 0.0095;time per batch:0.0805s
Epoch-1413
————————————————
Iter-0; loss: 0.0655;time per batch:0.0740s
Epoch-1414
————————————————
Iter-0; loss: 0.0281;time per batch:0.0802s
Epoch-1415
————————————————
Iter-0; loss: 0.0204;time per batch:0.0738s
Epoch-1416
————————————————
Iter-0; loss: 0.0869;time per batch:0.0749s
Epoch-1417
————————————————
Iter-0; loss: 0.0260;time per batch:0.0731s
Epoch-1418
————————————————
Iter-0; loss: 0.0323;time per batch:0.0730s
Epoch-1419
————————————————
Iter-0; loss: 0.0180;time per batch:0.0770s
Epoch-1420
————————————————
Iter-0; loss: 0.0526;time per batch:0.0744s
Epoch-1421
————————————————
Iter-0; loss: 0.0138;time per batch:0.0732s
Epoch-1422
————————————————
Iter-0; loss: 0.0246;time per batch:0.0726s
Epoch-1423
————————————————
Iter-0; loss: 0.0625;time per batch:0.0729s
Epoch-1424
————————————————
Iter-0; loss: 0.0421;time per batch:0.0751s
Epoch-1425
————————————————
Iter-0; loss: 0.0228;time per batch:0.0746s
Epoch-1426
————————————————
Iter-0; loss: 0.0088;time per batch:0.0723s
Epoch-1427
————————————————
Iter-0; loss: 0.0326;time per batch:0.0740s
Epoch-1428
————————————————
Iter-0; loss: 0.0612;time per batch:0.0751s
Epoch-1429
————————————————
Iter-0; loss: 0.0188;time per batch:0.0750s
Epoch-1430
————————————————
Iter-0; loss: 0.0443;time per batch:0.0745s
Epoch-1431
————————————————
Iter-0; loss: 0.0318;time per batch:0.0714s
Epoch-1432
————————————————
Iter-0; loss: 0.0344;time per batch:0.0744s
Epoch-1433
————————————————
Iter-0; loss: 0.0238;time per batch:0.0733s
Epoch-1434
————————————————
Iter-0; loss: 0.0429;time per batch:0.0779s
Epoch-1435
————————————————
Iter-0; loss: 0.0621;time per batch:0.0747s
Epoch-1436
————————————————
Iter-0; loss: 0.0233;time per batch:0.0791s
Epoch-1437
————————————————
Iter-0; loss: 0.0199;time per batch:0.0760s
Epoch-1438
————————————————
Iter-0; loss: 0.0491;time per batch:0.0756s
Epoch-1439
————————————————
Iter-0; loss: 0.0317;time per batch:0.0798s
Epoch-1440
————————————————
Iter-0; loss: 0.0106;time per batch:0.0791s
Epoch-1441
————————————————
Iter-0; loss: 0.0722;time per batch:0.0784s
Epoch-1442
————————————————
Iter-0; loss: 0.0490;time per batch:0.0825s
Epoch-1443
————————————————
Iter-0; loss: 0.0320;time per batch:0.0785s
Epoch-1444
————————————————
Iter-0; loss: 0.0347;time per batch:0.0801s
Epoch-1445
————————————————
Iter-0; loss: 0.0196;time per batch:0.0790s
Epoch-1446
————————————————
Iter-0; loss: 0.0175;time per batch:0.0799s
Epoch-1447
————————————————
Iter-0; loss: 0.0657;time per batch:0.0809s
Epoch-1448
————————————————
Iter-0; loss: 0.0268;time per batch:0.0761s
Epoch-1449
————————————————
Iter-0; loss: 0.0177;time per batch:0.0785s
Epoch-1450
————————————————
Iter-0; loss: 0.0358;time per batch:0.0770s
Epoch-1451
————————————————
Iter-0; loss: 0.0826;time per batch:0.0794s
Epoch-1452
————————————————
Iter-0; loss: 0.0305;time per batch:0.0847s
Epoch-1453
————————————————
Iter-0; loss: 0.0578;time per batch:0.0814s
Epoch-1454
————————————————
Iter-0; loss: 0.0188;time per batch:0.0837s
Epoch-1455
————————————————
Iter-0; loss: 0.0287;time per batch:0.0813s
Epoch-1456
————————————————
Iter-0; loss: 0.0505;time per batch:0.0822s
Epoch-1457
————————————————
Iter-0; loss: 0.0390;time per batch:0.0782s
Epoch-1458
————————————————
Iter-0; loss: 0.0876;time per batch:0.0801s
Epoch-1459
————————————————
Iter-0; loss: 0.0582;time per batch:0.0769s
Epoch-1460
————————————————
Iter-0; loss: 0.0242;time per batch:0.0788s
Epoch-1461
————————————————
Iter-0; loss: 0.0136;time per batch:0.0825s
Epoch-1462
————————————————
Iter-0; loss: 0.0233;time per batch:0.0784s
Epoch-1463
————————————————
Iter-0; loss: 0.0567;time per batch:0.0792s
Epoch-1464
————————————————
Iter-0; loss: 0.0937;time per batch:0.0791s
Epoch-1465
————————————————
Iter-0; loss: 0.0180;time per batch:0.0777s
Epoch-1466
————————————————
Iter-0; loss: 0.0147;time per batch:0.0822s
Epoch-1467
————————————————
Iter-0; loss: 0.0270;time per batch:0.0828s
Epoch-1468
————————————————
Iter-0; loss: 0.0295;time per batch:0.0800s
Epoch-1469
————————————————
Iter-0; loss: 0.0376;time per batch:0.0828s
Epoch-1470
————————————————
Iter-0; loss: 0.0102;time per batch:0.0766s
Epoch-1471
————————————————
Iter-0; loss: 0.0294;time per batch:0.0773s
Epoch-1472
————————————————
Iter-0; loss: 0.0326;time per batch:0.0814s
Epoch-1473
————————————————
Iter-0; loss: 0.0746;time per batch:0.0804s
Epoch-1474
————————————————
Iter-0; loss: 0.0313;time per batch:0.0788s
Epoch-1475
————————————————
Iter-0; loss: 0.0307;time per batch:0.0798s
Epoch-1476
————————————————
Iter-0; loss: 0.0165;time per batch:0.0816s
Epoch-1477
————————————————
Iter-0; loss: 0.0721;time per batch:0.1072s
Epoch-1478
————————————————
Iter-0; loss: 0.0865;time per batch:0.0790s
Epoch-1479
————————————————
Iter-0; loss: 0.0470;time per batch:0.0816s
Epoch-1480
————————————————
Iter-0; loss: 0.0624;time per batch:0.0773s
Epoch-1481
————————————————
Iter-0; loss: 0.0492;time per batch:0.0769s
Epoch-1482
————————————————
Iter-0; loss: 0.0560;time per batch:0.0768s
Epoch-1483
————————————————
Iter-0; loss: 0.0289;time per batch:0.0793s
Epoch-1484
————————————————
Iter-0; loss: 0.0444;time per batch:0.0816s
Epoch-1485
————————————————
Iter-0; loss: 0.0507;time per batch:0.0815s
Epoch-1486
————————————————
Iter-0; loss: 0.0260;time per batch:0.0791s
Epoch-1487
————————————————
Iter-0; loss: 0.0402;time per batch:0.0801s
Epoch-1488
————————————————
Iter-0; loss: 0.0277;time per batch:0.0809s
Epoch-1489
————————————————
Iter-0; loss: 0.0390;time per batch:0.0776s
Epoch-1490
————————————————
Iter-0; loss: 0.0922;time per batch:0.0834s
Epoch-1491
————————————————
Iter-0; loss: 0.0490;time per batch:0.0829s
Epoch-1492
————————————————
Iter-0; loss: 0.0302;time per batch:0.0785s
Epoch-1493
————————————————
Iter-0; loss: 0.0353;time per batch:0.0766s
Epoch-1494
————————————————
Iter-0; loss: 0.0356;time per batch:0.0800s
Epoch-1495
————————————————
Iter-0; loss: 0.0263;time per batch:0.0822s
Epoch-1496
————————————————
Iter-0; loss: 0.0524;time per batch:0.0813s
Epoch-1497
————————————————
Iter-0; loss: 0.0172;time per batch:0.0843s
Epoch-1498
————————————————
Iter-0; loss: 0.0126;time per batch:0.0773s
Epoch-1499
————————————————
Iter-0; loss: 0.0375;time per batch:0.0831s
Epoch-1500
————————————————
Iter-0; loss: 0.0666;time per batch:0.0783s
validation results:
Mean Rank: 283
Mean RR: 0.0710
Hit@1: 0.0232
Hit@3: 0.0616
Hit@5: 0.0968
Hit@10: 0.1728
Epoch-1501
————————————————
Iter-0; loss: 0.0595;time per batch:0.0809s
Epoch-1502
————————————————
Iter-0; loss: 0.0528;time per batch:0.0770s
Epoch-1503
————————————————
Iter-0; loss: 0.0903;time per batch:0.0865s
Epoch-1504
————————————————
Iter-0; loss: 0.0149;time per batch:0.0791s
Epoch-1505
————————————————
Iter-0; loss: 0.0530;time per batch:0.0792s
Epoch-1506
————————————————
Iter-0; loss: 0.0399;time per batch:0.0809s
Epoch-1507
————————————————
Iter-0; loss: 0.0826;time per batch:0.0836s
Epoch-1508
————————————————
Iter-0; loss: 0.0550;time per batch:0.0794s
Epoch-1509
————————————————
Iter-0; loss: 0.0378;time per batch:0.0793s
Epoch-1510
————————————————
Iter-0; loss: 0.0193;time per batch:0.0794s
Epoch-1511
————————————————
Iter-0; loss: 0.0326;time per batch:0.0821s
Epoch-1512
————————————————
Iter-0; loss: 0.0280;time per batch:0.0827s
Epoch-1513
————————————————
Iter-0; loss: 0.0410;time per batch:0.0811s
Epoch-1514
————————————————
Iter-0; loss: 0.0601;time per batch:0.0793s
Epoch-1515
————————————————
Iter-0; loss: 0.0541;time per batch:0.0905s
Epoch-1516
————————————————
Iter-0; loss: 0.0529;time per batch:0.0801s
Epoch-1517
————————————————
Iter-0; loss: 0.0676;time per batch:0.0815s
Epoch-1518
————————————————
Iter-0; loss: 0.0428;time per batch:0.0824s
Epoch-1519
————————————————
Iter-0; loss: 0.0236;time per batch:0.0783s
Epoch-1520
————————————————
Iter-0; loss: 0.0354;time per batch:0.0810s
Epoch-1521
————————————————
Iter-0; loss: 0.0396;time per batch:0.0786s
Epoch-1522
————————————————
Iter-0; loss: 0.0626;time per batch:0.0764s
Epoch-1523
————————————————
Iter-0; loss: 0.0055;time per batch:0.0772s
Epoch-1524
————————————————
Iter-0; loss: 0.0303;time per batch:0.0771s
Epoch-1525
————————————————
Iter-0; loss: 0.0495;time per batch:0.0787s
Epoch-1526
————————————————
Iter-0; loss: 0.0386;time per batch:0.1091s
Epoch-1527
————————————————
Iter-0; loss: 0.0674;time per batch:0.0792s
Epoch-1528
————————————————
Iter-0; loss: 0.0572;time per batch:0.0757s
Epoch-1529
————————————————
Iter-0; loss: 0.0382;time per batch:0.0795s
Epoch-1530
————————————————
Iter-0; loss: 0.0171;time per batch:0.0775s
Epoch-1531
————————————————
Iter-0; loss: 0.0371;time per batch:0.0789s
Epoch-1532
————————————————
Iter-0; loss: 0.0064;time per batch:0.0770s
Epoch-1533
————————————————
Iter-0; loss: 0.0607;time per batch:0.0766s
Epoch-1534
————————————————
Iter-0; loss: 0.0334;time per batch:0.0764s
Epoch-1535
————————————————
Iter-0; loss: 0.0217;time per batch:0.0814s
Epoch-1536
————————————————
Iter-0; loss: 0.0286;time per batch:0.0768s
Epoch-1537
————————————————
Iter-0; loss: 0.0258;time per batch:0.0750s
Epoch-1538
————————————————
Iter-0; loss: 0.0476;time per batch:0.0776s
Epoch-1539
————————————————
Iter-0; loss: 0.0518;time per batch:0.0829s
Epoch-1540
————————————————
Iter-0; loss: 0.0268;time per batch:0.0804s
Epoch-1541
————————————————
Iter-0; loss: 0.0913;time per batch:0.0765s
Epoch-1542
————————————————
Iter-0; loss: 0.0617;time per batch:0.0764s
Epoch-1543
————————————————
Iter-0; loss: 0.0488;time per batch:0.0783s
Epoch-1544
————————————————
Iter-0; loss: 0.0548;time per batch:0.0757s
Epoch-1545
————————————————
Iter-0; loss: 0.0448;time per batch:0.0768s
Epoch-1546
————————————————
Iter-0; loss: 0.0705;time per batch:0.0776s
Epoch-1547
————————————————
Iter-0; loss: 0.0264;time per batch:0.0777s
Epoch-1548
————————————————
Iter-0; loss: 0.0456;time per batch:0.0782s
Epoch-1549
————————————————
Iter-0; loss: 0.0215;time per batch:0.0763s
Epoch-1550
————————————————
Iter-0; loss: 0.0168;time per batch:0.0813s
Epoch-1551
————————————————
Iter-0; loss: 0.0301;time per batch:0.0793s
Epoch-1552
————————————————
Iter-0; loss: 0.0049;time per batch:0.0761s
Epoch-1553
————————————————
Iter-0; loss: 0.0784;time per batch:0.0783s
Epoch-1554
————————————————
Iter-0; loss: 0.0270;time per batch:0.0766s
Epoch-1555
————————————————
Iter-0; loss: 0.0155;time per batch:0.0750s
Epoch-1556
————————————————
Iter-0; loss: 0.0225;time per batch:0.0755s
Epoch-1557
————————————————
Iter-0; loss: 0.0348;time per batch:0.0761s
Epoch-1558
————————————————
Iter-0; loss: 0.0194;time per batch:0.0774s
Epoch-1559
————————————————
Iter-0; loss: 0.0610;time per batch:0.0776s
Epoch-1560
————————————————
Iter-0; loss: 0.0421;time per batch:0.0762s
Epoch-1561
————————————————
Iter-0; loss: 0.0155;time per batch:0.0758s
Epoch-1562
————————————————
Iter-0; loss: 0.0691;time per batch:0.0777s
Epoch-1563
————————————————
Iter-0; loss: 0.0259;time per batch:0.0755s
Epoch-1564
————————————————
Iter-0; loss: 0.0136;time per batch:0.0798s
Epoch-1565
————————————————
Iter-0; loss: 0.0114;time per batch:0.0778s
Epoch-1566
————————————————
Iter-0; loss: 0.0584;time per batch:0.0808s
Epoch-1567
————————————————
Iter-0; loss: 0.0383;time per batch:0.0803s
Epoch-1568
————————————————
Iter-0; loss: 0.0235;time per batch:0.0786s
Epoch-1569
————————————————
Iter-0; loss: 0.0512;time per batch:0.0774s
Epoch-1570
————————————————
Iter-0; loss: 0.0249;time per batch:0.0772s
Epoch-1571
————————————————
Iter-0; loss: 0.0664;time per batch:0.0818s
Epoch-1572
————————————————
Iter-0; loss: 0.0453;time per batch:0.0760s
Epoch-1573
————————————————
Iter-0; loss: 0.0238;time per batch:0.0805s
Epoch-1574
————————————————
Iter-0; loss: 0.0219;time per batch:0.0765s
Epoch-1575
————————————————
Iter-0; loss: 0.0630;time per batch:0.0756s
Epoch-1576
————————————————
Iter-0; loss: 0.0444;time per batch:0.0786s
Epoch-1577
————————————————
Iter-0; loss: 0.0389;time per batch:0.0752s
Epoch-1578
————————————————
Iter-0; loss: 0.0235;time per batch:0.0766s
Epoch-1579
————————————————
Iter-0; loss: 0.0428;time per batch:0.0751s
Epoch-1580
————————————————
Iter-0; loss: 0.0199;time per batch:0.0765s
Epoch-1581
————————————————
Iter-0; loss: 0.0308;time per batch:0.0769s
Epoch-1582
————————————————
Iter-0; loss: 0.0248;time per batch:0.0794s
Epoch-1583
————————————————
Iter-0; loss: 0.0231;time per batch:0.0762s
Epoch-1584
————————————————
Iter-0; loss: 0.0228;time per batch:0.0778s
Epoch-1585
————————————————
Iter-0; loss: 0.0181;time per batch:0.0807s
Epoch-1586
————————————————
Iter-0; loss: 0.0146;time per batch:0.0754s
Epoch-1587
————————————————
Iter-0; loss: 0.0398;time per batch:0.0812s
Epoch-1588
————————————————
Iter-0; loss: 0.0699;time per batch:0.0763s
Epoch-1589
————————————————
Iter-0; loss: 0.0832;time per batch:0.0763s
Epoch-1590
————————————————
Iter-0; loss: 0.0392;time per batch:0.0774s
Epoch-1591
————————————————
Iter-0; loss: 0.0419;time per batch:0.0796s
Epoch-1592
————————————————
Iter-0; loss: 0.0505;time per batch:0.0783s
Epoch-1593
————————————————
Iter-0; loss: 0.0302;time per batch:0.0814s
Epoch-1594
————————————————
Iter-0; loss: 0.0571;time per batch:0.0790s
Epoch-1595
————————————————
Iter-0; loss: 0.0240;time per batch:0.0810s
Epoch-1596
————————————————
Iter-0; loss: 0.0827;time per batch:0.0759s
Epoch-1597
————————————————
Iter-0; loss: 0.0631;time per batch:0.0735s
Epoch-1598
————————————————
Iter-0; loss: 0.0435;time per batch:0.0753s
Epoch-1599
————————————————
Iter-0; loss: 0.0460;time per batch:0.0725s
Epoch-1600
————————————————
Iter-0; loss: 0.0278;time per batch:0.0747s
Epoch-1601
————————————————
Iter-0; loss: 0.0235;time per batch:0.0735s
Epoch-1602
————————————————
Iter-0; loss: 0.0355;time per batch:0.0779s
Epoch-1603
————————————————
Iter-0; loss: 0.0329;time per batch:0.0742s
Epoch-1604
————————————————
Iter-0; loss: 0.0143;time per batch:0.0811s
Epoch-1605
————————————————
Iter-0; loss: 0.0404;time per batch:0.0725s
Epoch-1606
————————————————
Iter-0; loss: 0.0300;time per batch:0.0710s
Epoch-1607
————————————————
Iter-0; loss: 0.0436;time per batch:0.0740s
Epoch-1608
————————————————
Iter-0; loss: 0.0557;time per batch:0.0751s
Epoch-1609
————————————————
Iter-0; loss: 0.0223;time per batch:0.0750s
Epoch-1610
————————————————
Iter-0; loss: 0.0170;time per batch:0.0724s
Epoch-1611
————————————————
Iter-0; loss: 0.0397;time per batch:0.0805s
Epoch-1612
————————————————
Iter-0; loss: 0.0561;time per batch:0.0744s
Epoch-1613
————————————————
Iter-0; loss: 0.0240;time per batch:0.0840s
Epoch-1614
————————————————
Iter-0; loss: 0.0276;time per batch:0.0765s
Epoch-1615
————————————————
Iter-0; loss: 0.0643;time per batch:0.0763s
Epoch-1616
————————————————
Iter-0; loss: 0.0455;time per batch:0.0771s
Epoch-1617
————————————————
Iter-0; loss: 0.0031;time per batch:0.0757s
Epoch-1618
————————————————
Iter-0; loss: 0.0596;time per batch:0.0851s
Epoch-1619
————————————————
Iter-0; loss: 0.0541;time per batch:0.0801s
Epoch-1620
————————————————
Iter-0; loss: 0.0581;time per batch:0.0751s
Epoch-1621
————————————————
Iter-0; loss: 0.0327;time per batch:0.0760s
Epoch-1622
————————————————
Iter-0; loss: 0.0778;time per batch:0.0756s
Epoch-1623
————————————————
Iter-0; loss: 0.0621;time per batch:0.0766s
Epoch-1624
————————————————
Iter-0; loss: 0.0179;time per batch:0.0777s
Epoch-1625
————————————————
Iter-0; loss: 0.0288;time per batch:0.0747s
Epoch-1626
————————————————
Iter-0; loss: 0.0322;time per batch:0.0752s
Epoch-1627
————————————————
Iter-0; loss: 0.0447;time per batch:0.0749s
Epoch-1628
————————————————
Iter-0; loss: 0.0344;time per batch:0.0741s
Epoch-1629
————————————————
Iter-0; loss: 0.0784;time per batch:0.0730s
Epoch-1630
————————————————
Iter-0; loss: 0.0462;time per batch:0.0736s
Epoch-1631
————————————————
Iter-0; loss: 0.0367;time per batch:0.0760s
Epoch-1632
————————————————
Iter-0; loss: 0.0487;time per batch:0.0727s
Epoch-1633
————————————————
Iter-0; loss: 0.0368;time per batch:0.0746s
Epoch-1634
————————————————
Iter-0; loss: 0.0441;time per batch:0.0757s
Epoch-1635
————————————————
Iter-0; loss: 0.0531;time per batch:0.0736s
Epoch-1636
————————————————
Iter-0; loss: 0.0212;time per batch:0.0761s
Epoch-1637
————————————————
Iter-0; loss: 0.0399;time per batch:0.0751s
Epoch-1638
————————————————
Iter-0; loss: 0.0402;time per batch:0.0830s
Epoch-1639
————————————————
Iter-0; loss: 0.0742;time per batch:0.0895s
Epoch-1640
————————————————
Iter-0; loss: 0.0546;time per batch:0.0792s
Epoch-1641
————————————————
Iter-0; loss: 0.0611;time per batch:0.0766s
Epoch-1642
————————————————
Iter-0; loss: 0.0168;time per batch:0.0792s
Epoch-1643
————————————————
Iter-0; loss: 0.0275;time per batch:0.0756s
Epoch-1644
————————————————
Iter-0; loss: 0.0825;time per batch:0.0764s
Epoch-1645
————————————————
Iter-0; loss: 0.0139;time per batch:0.0740s
Epoch-1646
————————————————
Iter-0; loss: 0.0304;time per batch:0.0764s
Epoch-1647
————————————————
Iter-0; loss: 0.0375;time per batch:0.0786s
Epoch-1648
————————————————
Iter-0; loss: 0.0419;time per batch:0.0772s
Epoch-1649
————————————————
Iter-0; loss: 0.0288;time per batch:0.0741s
Epoch-1650
————————————————
Iter-0; loss: 0.0342;time per batch:0.0754s
Epoch-1651
————————————————
Iter-0; loss: 0.0139;time per batch:0.0739s
Epoch-1652
————————————————
Iter-0; loss: 0.0377;time per batch:0.0772s
Epoch-1653
————————————————
Iter-0; loss: 0.0210;time per batch:0.0761s
Epoch-1654
————————————————
Iter-0; loss: 0.0434;time per batch:0.0741s
Epoch-1655
————————————————
Iter-0; loss: 0.0876;time per batch:0.0778s
Epoch-1656
————————————————
Iter-0; loss: 0.0266;time per batch:0.0755s
Epoch-1657
————————————————
Iter-0; loss: 0.0903;time per batch:0.0723s
Epoch-1658
————————————————
Iter-0; loss: 0.0628;time per batch:0.0786s
Epoch-1659
————————————————
Iter-0; loss: 0.0713;time per batch:0.0773s
Epoch-1660
————————————————
Iter-0; loss: 0.0387;time per batch:0.0742s
Epoch-1661
————————————————
Iter-0; loss: 0.0127;time per batch:0.0782s
Epoch-1662
————————————————
Iter-0; loss: 0.0121;time per batch:0.0766s
Epoch-1663
————————————————
Iter-0; loss: 0.0571;time per batch:0.0764s
Epoch-1664
————————————————
Iter-0; loss: 0.0440;time per batch:0.0743s
Epoch-1665
————————————————
Iter-0; loss: 0.0036;time per batch:0.0752s
Epoch-1666
————————————————
Iter-0; loss: 0.0645;time per batch:0.0791s
Epoch-1667
————————————————
Iter-0; loss: 0.0621;time per batch:0.0791s
Epoch-1668
————————————————
Iter-0; loss: 0.0452;time per batch:0.0777s
Epoch-1669
————————————————
Iter-0; loss: 0.0554;time per batch:0.0803s
Epoch-1670
————————————————
Iter-0; loss: 0.0409;time per batch:0.0766s
Epoch-1671
————————————————
Iter-0; loss: 0.0370;time per batch:0.0741s
Epoch-1672
————————————————
Iter-0; loss: 0.0413;time per batch:0.0738s
Epoch-1673
————————————————
Iter-0; loss: 0.0389;time per batch:0.0739s
Epoch-1674
————————————————
Iter-0; loss: 0.0186;time per batch:0.0746s
Epoch-1675
————————————————
Iter-0; loss: 0.0511;time per batch:0.0755s
Epoch-1676
————————————————
Iter-0; loss: 0.0275;time per batch:0.0739s
Epoch-1677
————————————————
Iter-0; loss: 0.0149;time per batch:0.0739s
Epoch-1678
————————————————
Iter-0; loss: 0.0449;time per batch:0.0759s
Epoch-1679
————————————————
Iter-0; loss: 0.0203;time per batch:0.0776s
Epoch-1680
————————————————
Iter-0; loss: 0.0566;time per batch:0.0750s
Epoch-1681
————————————————
Iter-0; loss: 0.0266;time per batch:0.0751s
Epoch-1682
————————————————
Iter-0; loss: 0.0588;time per batch:0.0784s
Epoch-1683
————————————————
Iter-0; loss: 0.0802;time per batch:0.0767s
Epoch-1684
————————————————
Iter-0; loss: 0.0102;time per batch:0.0778s
Epoch-1685
————————————————
Iter-0; loss: 0.0647;time per batch:0.0792s
Epoch-1686
————————————————
Iter-0; loss: 0.0793;time per batch:0.0769s
Epoch-1687
————————————————
Iter-0; loss: 0.0305;time per batch:0.0779s
Epoch-1688
————————————————
Iter-0; loss: 0.0394;time per batch:0.0786s
Epoch-1689
————————————————
Iter-0; loss: 0.0529;time per batch:0.0791s
Epoch-1690
————————————————
Iter-0; loss: 0.0557;time per batch:0.0778s
Epoch-1691
————————————————
Iter-0; loss: 0.0263;time per batch:0.0737s
Epoch-1692
————————————————
Iter-0; loss: 0.0385;time per batch:0.0801s
Epoch-1693
————————————————
Iter-0; loss: 0.0095;time per batch:0.0735s
Epoch-1694
————————————————
Iter-0; loss: 0.0354;time per batch:0.0794s
Epoch-1695
————————————————
Iter-0; loss: 0.0346;time per batch:0.0949s
Epoch-1696
————————————————
Iter-0; loss: 0.0470;time per batch:0.0813s
Epoch-1697
————————————————
Iter-0; loss: 0.0483;time per batch:0.0821s
Epoch-1698
————————————————
Iter-0; loss: 0.0140;time per batch:0.0814s
Epoch-1699
————————————————
Iter-0; loss: 0.0227;time per batch:0.0797s
Epoch-1700
————————————————
Iter-0; loss: 0.0095;time per batch:0.0807s
Epoch-1701
————————————————
Iter-0; loss: 0.0356;time per batch:0.0772s
Epoch-1702
————————————————
Iter-0; loss: 0.0534;time per batch:0.0769s
Epoch-1703
————————————————
Iter-0; loss: 0.0262;time per batch:0.0823s
Epoch-1704
————————————————
Iter-0; loss: 0.0358;time per batch:0.0811s
Epoch-1705
————————————————
Iter-0; loss: 0.0739;time per batch:0.0841s
Epoch-1706
————————————————
Iter-0; loss: 0.0403;time per batch:0.0797s
Epoch-1707
————————————————
Iter-0; loss: 0.0634;time per batch:0.0789s
Epoch-1708
————————————————
Iter-0; loss: 0.0886;time per batch:0.0777s
Epoch-1709
————————————————
Iter-0; loss: 0.0330;time per batch:0.0798s
Epoch-1710
————————————————
Iter-0; loss: 0.0315;time per batch:0.0797s
Epoch-1711
————————————————
Iter-0; loss: 0.0275;time per batch:0.0796s
Epoch-1712
————————————————
Iter-0; loss: 0.0415;time per batch:0.0790s
Epoch-1713
————————————————
Iter-0; loss: 0.0234;time per batch:0.0773s
Epoch-1714
————————————————
Iter-0; loss: 0.0712;time per batch:0.0791s
Epoch-1715
————————————————
Iter-0; loss: 0.0398;time per batch:0.0780s
Epoch-1716
————————————————
Iter-0; loss: 0.0253;time per batch:0.0794s
Epoch-1717
————————————————
Iter-0; loss: 0.0560;time per batch:0.0797s
Epoch-1718
————————————————
Iter-0; loss: 0.0299;time per batch:0.0816s
Epoch-1719
————————————————
Iter-0; loss: 0.0518;time per batch:0.0793s
Epoch-1720
————————————————
Iter-0; loss: 0.0348;time per batch:0.0788s
Epoch-1721
————————————————
Iter-0; loss: 0.0332;time per batch:0.0840s
Epoch-1722
————————————————
Iter-0; loss: 0.0571;time per batch:0.0769s
Epoch-1723
————————————————
Iter-0; loss: 0.0508;time per batch:0.0807s
Epoch-1724
————————————————
Iter-0; loss: 0.0226;time per batch:0.0841s
Epoch-1725
————————————————
Iter-0; loss: 0.0525;time per batch:0.0768s
Epoch-1726
————————————————
Iter-0; loss: 0.0274;time per batch:0.0819s
Epoch-1727
————————————————
Iter-0; loss: 0.0330;time per batch:0.0782s
Epoch-1728
————————————————
Iter-0; loss: 0.0311;time per batch:0.0812s
Epoch-1729
————————————————
Iter-0; loss: 0.0392;time per batch:0.0836s
Epoch-1730
————————————————
Iter-0; loss: 0.0275;time per batch:0.0772s
Epoch-1731
————————————————
Iter-0; loss: 0.0480;time per batch:0.0772s
Epoch-1732
————————————————
Iter-0; loss: 0.0186;time per batch:0.0806s
Epoch-1733
————————————————
Iter-0; loss: 0.0167;time per batch:0.0787s
Epoch-1734
————————————————
Iter-0; loss: 0.0218;time per batch:0.0804s
Epoch-1735
————————————————
Iter-0; loss: 0.0188;time per batch:0.0774s
Epoch-1736
————————————————
Iter-0; loss: 0.0256;time per batch:0.0791s
Epoch-1737
————————————————
Iter-0; loss: 0.0279;time per batch:0.0805s
Epoch-1738
————————————————
Iter-0; loss: 0.0493;time per batch:0.0766s
Epoch-1739
————————————————
Iter-0; loss: 0.0145;time per batch:0.0771s
Epoch-1740
————————————————
Iter-0; loss: 0.0417;time per batch:0.0782s
Epoch-1741
————————————————
Iter-0; loss: 0.0907;time per batch:0.0767s
Epoch-1742
————————————————
Iter-0; loss: 0.0401;time per batch:0.0759s
Epoch-1743
————————————————
Iter-0; loss: 0.0323;time per batch:0.0775s
Epoch-1744
————————————————
Iter-0; loss: 0.0331;time per batch:0.0764s
Epoch-1745
————————————————
Iter-0; loss: 0.0574;time per batch:0.0779s
Epoch-1746
————————————————
Iter-0; loss: 0.0236;time per batch:0.0764s
Epoch-1747
————————————————
Iter-0; loss: 0.0399;time per batch:0.0984s
Epoch-1748
————————————————
Iter-0; loss: 0.0353;time per batch:0.0798s
Epoch-1749
————————————————
Iter-0; loss: 0.0447;time per batch:0.0764s
Epoch-1750
————————————————
Iter-0; loss: 0.0410;time per batch:0.0743s
validation results:
Mean Rank: 283
Mean RR: 0.0724
Hit@1: 0.0240
Hit@3: 0.0664
Hit@5: 0.0968
Hit@10: 0.1736
Epoch-1751
————————————————
Iter-0; loss: 0.0532;time per batch:0.0748s
Epoch-1752
————————————————
Iter-0; loss: 0.0549;time per batch:0.0776s
Epoch-1753
————————————————
Iter-0; loss: 0.0208;time per batch:0.0772s
Epoch-1754
————————————————
Iter-0; loss: 0.0334;time per batch:0.0796s
Epoch-1755
————————————————
Iter-0; loss: 0.0487;time per batch:0.0772s
Epoch-1756
————————————————
Iter-0; loss: 0.0180;time per batch:0.0773s
Epoch-1757
————————————————
Iter-0; loss: 0.0219;time per batch:0.0751s
Epoch-1758
————————————————
Iter-0; loss: 0.0296;time per batch:0.0737s
Epoch-1759
————————————————
Iter-0; loss: 0.0233;time per batch:0.0738s
Epoch-1760
————————————————
Iter-0; loss: 0.0205;time per batch:0.0736s
Epoch-1761
————————————————
Iter-0; loss: 0.0358;time per batch:0.0725s
Epoch-1762
————————————————
Iter-0; loss: 0.0366;time per batch:0.0740s
Epoch-1763
————————————————
Iter-0; loss: 0.0460;time per batch:0.0749s
Epoch-1764
————————————————
Iter-0; loss: 0.0556;time per batch:0.0753s
Epoch-1765
————————————————
Iter-0; loss: 0.0264;time per batch:0.0772s
Epoch-1766
————————————————
Iter-0; loss: 0.0234;time per batch:0.0725s
Epoch-1767
————————————————
Iter-0; loss: 0.0561;time per batch:0.0741s
Epoch-1768
————————————————
Iter-0; loss: 0.0331;time per batch:0.0722s
Epoch-1769
————————————————
Iter-0; loss: 0.0364;time per batch:0.0789s
Epoch-1770
————————————————
Iter-0; loss: 0.0222;time per batch:0.0735s
Epoch-1771
————————————————
Iter-0; loss: 0.0542;time per batch:0.0732s
Epoch-1772
————————————————
Iter-0; loss: 0.0214;time per batch:0.0834s
Epoch-1773
————————————————
Iter-0; loss: 0.0262;time per batch:0.0743s
Epoch-1774
————————————————
Iter-0; loss: 0.0358;time per batch:0.0728s
Epoch-1775
————————————————
Iter-0; loss: 0.0701;time per batch:0.0720s
Epoch-1776
————————————————
Iter-0; loss: 0.0444;time per batch:0.0720s
Epoch-1777
————————————————
Iter-0; loss: 0.0480;time per batch:0.0729s
Epoch-1778
————————————————
Iter-0; loss: 0.0598;time per batch:0.0738s
Epoch-1779
————————————————
Iter-0; loss: 0.0621;time per batch:0.0738s
Epoch-1780
————————————————
Iter-0; loss: 0.0526;time per batch:0.0762s
Epoch-1781
————————————————
Iter-0; loss: 0.0032;time per batch:0.0770s
Epoch-1782
————————————————
Iter-0; loss: 0.0322;time per batch:0.0772s
Epoch-1783
————————————————
Iter-0; loss: 0.0405;time per batch:0.0733s
Epoch-1784
————————————————
Iter-0; loss: 0.0257;time per batch:0.0752s
Epoch-1785
————————————————
Iter-0; loss: 0.0775;time per batch:0.0743s
Epoch-1786
————————————————
Iter-0; loss: 0.0533;time per batch:0.0742s
Epoch-1787
————————————————
Iter-0; loss: 0.0222;time per batch:0.0787s
Epoch-1788
————————————————
Iter-0; loss: 0.0346;time per batch:0.0749s
Epoch-1789
————————————————
Iter-0; loss: 0.0232;time per batch:0.0745s
Epoch-1790
————————————————
Iter-0; loss: 0.0523;time per batch:0.0728s
Epoch-1791
————————————————
Iter-0; loss: 0.0376;time per batch:0.0749s
Epoch-1792
————————————————
Iter-0; loss: 0.0383;time per batch:0.0763s
Epoch-1793
————————————————
Iter-0; loss: 0.0488;time per batch:0.0771s
Epoch-1794
————————————————
Iter-0; loss: 0.0406;time per batch:0.0744s
Epoch-1795
————————————————
Iter-0; loss: 0.0184;time per batch:0.0754s
Epoch-1796
————————————————
Iter-0; loss: 0.0174;time per batch:0.0744s
Epoch-1797
————————————————
Iter-0; loss: 0.0642;time per batch:0.0822s
Epoch-1798
————————————————
Iter-0; loss: 0.0104;time per batch:0.0757s
Epoch-1799
————————————————
Iter-0; loss: 0.0433;time per batch:0.0760s
Epoch-1800
————————————————
Iter-0; loss: 0.0377;time per batch:0.0759s
Epoch-1801
————————————————
Iter-0; loss: 0.0446;time per batch:0.0744s
Epoch-1802
————————————————
Iter-0; loss: 0.0201;time per batch:0.0770s
Epoch-1803
————————————————
Iter-0; loss: 0.0232;time per batch:0.0798s
Epoch-1804
————————————————
Iter-0; loss: 0.0278;time per batch:0.0735s
Epoch-1805
————————————————
Iter-0; loss: 0.0264;time per batch:0.0771s
Epoch-1806
————————————————
Iter-0; loss: 0.0386;time per batch:0.0748s
Epoch-1807
————————————————
Iter-0; loss: 0.0191;time per batch:0.0789s
Epoch-1808
————————————————
Iter-0; loss: 0.0199;time per batch:0.0768s
Epoch-1809
————————————————
Iter-0; loss: 0.0226;time per batch:0.0810s
Epoch-1810
————————————————
Iter-0; loss: 0.0304;time per batch:0.0824s
Epoch-1811
————————————————
Iter-0; loss: 0.0344;time per batch:0.0794s
Epoch-1812
————————————————
Iter-0; loss: 0.0462;time per batch:0.0743s
Epoch-1813
————————————————
Iter-0; loss: 0.0491;time per batch:0.0827s
Epoch-1814
————————————————
Iter-0; loss: 0.0488;time per batch:0.0781s
Epoch-1815
————————————————
Iter-0; loss: 0.0250;time per batch:0.0818s
Epoch-1816
————————————————
Iter-0; loss: 0.0396;time per batch:0.0789s
Epoch-1817
————————————————
Iter-0; loss: 0.0430;time per batch:0.0788s
Epoch-1818
————————————————
Iter-0; loss: 0.0306;time per batch:0.0798s
Epoch-1819
————————————————
Iter-0; loss: 0.0216;time per batch:0.0797s
Epoch-1820
————————————————
Iter-0; loss: 0.0532;time per batch:0.0803s
Epoch-1821
————————————————
Iter-0; loss: 0.0708;time per batch:0.0772s
Epoch-1822
————————————————
Iter-0; loss: 0.0319;time per batch:0.0772s
Epoch-1823
————————————————
Iter-0; loss: 0.0370;time per batch:0.0783s
Epoch-1824
————————————————
Iter-0; loss: 0.0253;time per batch:0.0762s
Epoch-1825
————————————————
Iter-0; loss: 0.0290;time per batch:0.0787s
Epoch-1826
————————————————
Iter-0; loss: 0.0354;time per batch:0.0792s
Epoch-1827
————————————————
Iter-0; loss: 0.0600;time per batch:0.0778s
Epoch-1828
————————————————
Iter-0; loss: 0.0146;time per batch:0.0775s
Epoch-1829
————————————————
Iter-0; loss: 0.0139;time per batch:0.0775s
Epoch-1830
————————————————
Iter-0; loss: 0.0070;time per batch:0.0808s
Epoch-1831
————————————————
Iter-0; loss: 0.0548;time per batch:0.0835s
Epoch-1832
————————————————
Iter-0; loss: 0.0537;time per batch:0.0760s
Epoch-1833
————————————————
Iter-0; loss: 0.0542;time per batch:0.0781s
Epoch-1834
————————————————
Iter-0; loss: 0.0613;time per batch:0.0774s
Epoch-1835
————————————————
Iter-0; loss: 0.0301;time per batch:0.0778s
Epoch-1836
————————————————
Iter-0; loss: 0.0249;time per batch:0.0767s
Epoch-1837
————————————————
Iter-0; loss: 0.0230;time per batch:0.0783s
Epoch-1838
————————————————
Iter-0; loss: 0.0318;time per batch:0.0781s
Epoch-1839
————————————————
Iter-0; loss: 0.0427;time per batch:0.0767s
Epoch-1840
————————————————
Iter-0; loss: 0.0150;time per batch:0.0770s
Epoch-1841
————————————————
Iter-0; loss: 0.0143;time per batch:0.0775s
Epoch-1842
————————————————
Iter-0; loss: 0.0421;time per batch:0.0779s
Epoch-1843
————————————————
Iter-0; loss: 0.0106;time per batch:0.0752s
Epoch-1844
————————————————
Iter-0; loss: 0.0497;time per batch:0.0749s
Epoch-1845
————————————————
Iter-0; loss: 0.0511;time per batch:0.0737s
Epoch-1846
————————————————
Iter-0; loss: 0.0103;time per batch:0.0776s
Epoch-1847
————————————————
Iter-0; loss: 0.0384;time per batch:0.0765s
Epoch-1848
————————————————
Iter-0; loss: 0.0428;time per batch:0.0741s
Epoch-1849
————————————————
Iter-0; loss: 0.0446;time per batch:0.0743s
Epoch-1850
————————————————
Iter-0; loss: 0.0282;time per batch:0.0771s
Epoch-1851
————————————————
Iter-0; loss: 0.0271;time per batch:0.0745s
Epoch-1852
————————————————
Iter-0; loss: 0.0320;time per batch:0.0748s
Epoch-1853
————————————————
Iter-0; loss: 0.0400;time per batch:0.0759s
Epoch-1854
————————————————
Iter-0; loss: 0.0407;time per batch:0.0812s
Epoch-1855
————————————————
Iter-0; loss: 0.0102;time per batch:0.0800s
Epoch-1856
————————————————
Iter-0; loss: 0.0158;time per batch:0.0766s
Epoch-1857
————————————————
Iter-0; loss: 0.0367;time per batch:0.0754s
Epoch-1858
————————————————
Iter-0; loss: 0.0305;time per batch:0.0749s
Epoch-1859
————————————————
Iter-0; loss: 0.0581;time per batch:0.0745s
Epoch-1860
————————————————
Iter-0; loss: 0.0365;time per batch:0.0786s
Epoch-1861
————————————————
Iter-0; loss: 0.0447;time per batch:0.0817s
Epoch-1862
————————————————
Iter-0; loss: 0.0601;time per batch:0.0773s
Epoch-1863
————————————————
Iter-0; loss: 0.0377;time per batch:0.0742s
Epoch-1864
————————————————
Iter-0; loss: 0.0215;time per batch:0.0721s
Epoch-1865
————————————————
Iter-0; loss: 0.0140;time per batch:0.0758s
Epoch-1866
————————————————
Iter-0; loss: 0.0491;time per batch:0.0751s
Epoch-1867
————————————————
Iter-0; loss: 0.0630;time per batch:0.0745s
Epoch-1868
————————————————
Iter-0; loss: 0.0603;time per batch:0.0754s
Epoch-1869
————————————————
Iter-0; loss: 0.0211;time per batch:0.0738s
Epoch-1870
————————————————
Iter-0; loss: 0.0760;time per batch:0.0771s
Epoch-1871
————————————————
Iter-0; loss: 0.0156;time per batch:0.0736s
Epoch-1872
————————————————
Iter-0; loss: 0.0281;time per batch:0.0754s
Epoch-1873
————————————————
Iter-0; loss: 0.0351;time per batch:0.0759s
Epoch-1874
————————————————
Iter-0; loss: 0.0231;time per batch:0.0752s
Epoch-1875
————————————————
Iter-0; loss: 0.0234;time per batch:0.0749s
Epoch-1876
————————————————
Iter-0; loss: 0.0469;time per batch:0.0750s
Epoch-1877
————————————————
Iter-0; loss: 0.0365;time per batch:0.0746s
Epoch-1878
————————————————
Iter-0; loss: 0.0330;time per batch:0.0733s
Epoch-1879
————————————————
Iter-0; loss: 0.0298;time per batch:0.0726s
Epoch-1880
————————————————
Iter-0; loss: 0.0378;time per batch:0.0770s
Epoch-1881
————————————————
Iter-0; loss: 0.0377;time per batch:0.0745s
Epoch-1882
————————————————
Iter-0; loss: 0.0353;time per batch:0.0810s
Epoch-1883
————————————————
Iter-0; loss: 0.0366;time per batch:0.0755s
Epoch-1884
————————————————
Iter-0; loss: 0.0343;time per batch:0.0775s
Epoch-1885
————————————————
Iter-0; loss: 0.0213;time per batch:0.0761s
Epoch-1886
————————————————
Iter-0; loss: 0.0296;time per batch:0.0759s
Epoch-1887
————————————————
Iter-0; loss: 0.0191;time per batch:0.0730s
Epoch-1888
————————————————
Iter-0; loss: 0.0432;time per batch:0.0775s
Epoch-1889
————————————————
Iter-0; loss: 0.0841;time per batch:0.0805s
Epoch-1890
————————————————
Iter-0; loss: 0.0288;time per batch:0.0806s
Epoch-1891
————————————————
Iter-0; loss: 0.0494;time per batch:0.0795s
Epoch-1892
————————————————
Iter-0; loss: 0.0283;time per batch:0.0784s
Epoch-1893
————————————————
Iter-0; loss: 0.0352;time per batch:0.0771s
Epoch-1894
————————————————
Iter-0; loss: 0.0246;time per batch:0.0802s
Epoch-1895
————————————————
Iter-0; loss: 0.0281;time per batch:0.0741s
Epoch-1896
————————————————
Iter-0; loss: 0.0171;time per batch:0.0766s
Epoch-1897
————————————————
Iter-0; loss: 0.0444;time per batch:0.0795s
Epoch-1898
————————————————
Iter-0; loss: 0.0408;time per batch:0.0755s
Epoch-1899
————————————————
Iter-0; loss: 0.0459;time per batch:0.0806s
Epoch-1900
————————————————
Iter-0; loss: 0.0471;time per batch:0.0765s
Epoch-1901
————————————————
Iter-0; loss: 0.0482;time per batch:0.0785s
Epoch-1902
————————————————
Iter-0; loss: 0.0458;time per batch:0.0742s
Epoch-1903
————————————————
Iter-0; loss: 0.0269;time per batch:0.0751s
Epoch-1904
————————————————
Iter-0; loss: 0.0510;time per batch:0.0807s
Epoch-1905
————————————————
Iter-0; loss: 0.0389;time per batch:0.0755s
Epoch-1906
————————————————
Iter-0; loss: 0.0423;time per batch:0.0770s
Epoch-1907
————————————————
Iter-0; loss: 0.0274;time per batch:0.0781s
Epoch-1908
————————————————
Iter-0; loss: 0.0551;time per batch:0.0772s
Epoch-1909
————————————————
Iter-0; loss: 0.0380;time per batch:0.0769s
Epoch-1910
————————————————
Iter-0; loss: 0.0440;time per batch:0.0745s
Epoch-1911
————————————————
Iter-0; loss: 0.0559;time per batch:0.0750s
Epoch-1912
————————————————
Iter-0; loss: 0.0256;time per batch:0.0763s
Epoch-1913
————————————————
Iter-0; loss: 0.0207;time per batch:0.0757s
Epoch-1914
————————————————
Iter-0; loss: 0.0285;time per batch:0.0735s
Epoch-1915
————————————————
Iter-0; loss: 0.0429;time per batch:0.0726s
Epoch-1916
————————————————
Iter-0; loss: 0.0540;time per batch:0.0745s
Epoch-1917
————————————————
Iter-0; loss: 0.0468;time per batch:0.0767s
Epoch-1918
————————————————
Iter-0; loss: 0.0415;time per batch:0.0724s
Epoch-1919
————————————————
Iter-0; loss: 0.0542;time per batch:0.0782s
Epoch-1920
————————————————
Iter-0; loss: 0.0242;time per batch:0.0777s
Epoch-1921
————————————————
Iter-0; loss: 0.0030;time per batch:0.0728s
Epoch-1922
————————————————
Iter-0; loss: 0.0069;time per batch:0.0788s
Epoch-1923
————————————————
Iter-0; loss: 0.0202;time per batch:0.0762s
Epoch-1924
————————————————
Iter-0; loss: 0.0032;time per batch:0.0738s
Epoch-1925
————————————————
Iter-0; loss: 0.0495;time per batch:0.0759s
Epoch-1926
————————————————
Iter-0; loss: 0.0602;time per batch:0.0774s
Epoch-1927
————————————————
Iter-0; loss: 0.0465;time per batch:0.0767s
Epoch-1928
————————————————
Iter-0; loss: 0.0587;time per batch:0.0762s
Epoch-1929
————————————————
Iter-0; loss: 0.0207;time per batch:0.0774s
Epoch-1930
————————————————
Iter-0; loss: 0.0122;time per batch:0.0752s
Epoch-1931
————————————————
Iter-0; loss: 0.0393;time per batch:0.0834s
Epoch-1932
————————————————
Iter-0; loss: 0.0213;time per batch:0.0762s
Epoch-1933
————————————————
Iter-0; loss: 0.0395;time per batch:0.0754s
Epoch-1934
————————————————
Iter-0; loss: 0.0290;time per batch:0.0734s
Epoch-1935
————————————————
Iter-0; loss: 0.0530;time per batch:0.0828s
Epoch-1936
————————————————
Iter-0; loss: 0.0233;time per batch:0.0778s
Epoch-1937
————————————————
Iter-0; loss: 0.0331;time per batch:0.0818s
Epoch-1938
————————————————
Iter-0; loss: 0.0261;time per batch:0.0797s
Epoch-1939
————————————————
Iter-0; loss: 0.0317;time per batch:0.0802s
Epoch-1940
————————————————
Iter-0; loss: 0.0205;time per batch:0.0743s
Epoch-1941
————————————————
Iter-0; loss: 0.0497;time per batch:0.0775s
Epoch-1942
————————————————
Iter-0; loss: 0.0217;time per batch:0.0756s
Epoch-1943
————————————————
Iter-0; loss: 0.0345;time per batch:0.0773s
Epoch-1944
————————————————
Iter-0; loss: 0.0222;time per batch:0.0798s
Epoch-1945
————————————————
Iter-0; loss: 0.0372;time per batch:0.0758s
Epoch-1946
————————————————
Iter-0; loss: 0.0262;time per batch:0.0752s
Epoch-1947
————————————————
Iter-0; loss: 0.0715;time per batch:0.0778s
Epoch-1948
————————————————
Iter-0; loss: 0.0227;time per batch:0.0795s
Epoch-1949
————————————————
Iter-0; loss: 0.0212;time per batch:0.0767s
Epoch-1950
————————————————
Iter-0; loss: 0.0195;time per batch:0.0780s
Epoch-1951
————————————————
Iter-0; loss: 0.0443;time per batch:0.0747s
Epoch-1952
————————————————
Iter-0; loss: 0.0287;time per batch:0.0760s
Epoch-1953
————————————————
Iter-0; loss: 0.0649;time per batch:0.0756s
Epoch-1954
————————————————
Iter-0; loss: 0.0280;time per batch:0.0779s
Epoch-1955
————————————————
Iter-0; loss: 0.0527;time per batch:0.0779s
Epoch-1956
————————————————
Iter-0; loss: 0.0151;time per batch:0.0772s
Epoch-1957
————————————————
Iter-0; loss: 0.0459;time per batch:0.0854s
Epoch-1958
————————————————
Iter-0; loss: 0.0301;time per batch:0.0780s
Epoch-1959
————————————————
Iter-0; loss: 0.0343;time per batch:0.0779s
Epoch-1960
————————————————
Iter-0; loss: 0.0222;time per batch:0.0769s
Epoch-1961
————————————————
Iter-0; loss: 0.0273;time per batch:0.0766s
Epoch-1962
————————————————
Iter-0; loss: 0.0481;time per batch:0.0773s
Epoch-1963
————————————————
Iter-0; loss: 0.0220;time per batch:0.0785s
Epoch-1964
————————————————
Iter-0; loss: 0.0513;time per batch:0.0802s
Epoch-1965
————————————————
Iter-0; loss: 0.0514;time per batch:0.0794s
Epoch-1966
————————————————
Iter-0; loss: 0.0559;time per batch:0.0789s
Epoch-1967
————————————————
Iter-0; loss: 0.0261;time per batch:0.0771s
Epoch-1968
————————————————
Iter-0; loss: 0.0488;time per batch:0.0854s
Epoch-1969
————————————————
Iter-0; loss: 0.0361;time per batch:0.0743s
Epoch-1970
————————————————
Iter-0; loss: 0.0431;time per batch:0.0783s
Epoch-1971
————————————————
Iter-0; loss: 0.0629;time per batch:0.0746s
Epoch-1972
————————————————
Iter-0; loss: 0.0246;time per batch:0.0766s
Epoch-1973
————————————————
Iter-0; loss: 0.0525;time per batch:0.0803s
Epoch-1974
————————————————
Iter-0; loss: 0.0505;time per batch:0.0782s
Epoch-1975
————————————————
Iter-0; loss: 0.0568;time per batch:0.0763s
Epoch-1976
————————————————
Iter-0; loss: 0.0448;time per batch:0.0764s
Epoch-1977
————————————————
Iter-0; loss: 0.0513;time per batch:0.0752s
Epoch-1978
————————————————
Iter-0; loss: 0.0295;time per batch:0.0767s
Epoch-1979
————————————————
Iter-0; loss: 0.0314;time per batch:0.0749s
Epoch-1980
————————————————
Iter-0; loss: 0.0638;time per batch:0.0793s
Epoch-1981
————————————————
Iter-0; loss: 0.0162;time per batch:0.0734s
Epoch-1982
————————————————
Iter-0; loss: 0.0188;time per batch:0.0758s
Epoch-1983
————————————————
Iter-0; loss: 0.0789;time per batch:0.0755s
Epoch-1984
————————————————
Iter-0; loss: 0.0250;time per batch:0.0760s
Epoch-1985
————————————————
Iter-0; loss: 0.0367;time per batch:0.0730s
Epoch-1986
————————————————
Iter-0; loss: 0.0288;time per batch:0.0753s
Epoch-1987
————————————————
Iter-0; loss: 0.0124;time per batch:0.0753s
Epoch-1988
————————————————
Iter-0; loss: 0.0359;time per batch:0.0770s
Epoch-1989
————————————————
Iter-0; loss: 0.0289;time per batch:0.0844s
Epoch-1990
————————————————
Iter-0; loss: 0.0284;time per batch:0.0818s
Epoch-1991
————————————————
Iter-0; loss: 0.0407;time per batch:0.0837s
Epoch-1992
————————————————
Iter-0; loss: 0.0287;time per batch:0.0787s
Epoch-1993
————————————————
Iter-0; loss: 0.0095;time per batch:0.0768s
Epoch-1994
————————————————
Iter-0; loss: 0.0044;time per batch:0.0765s
Epoch-1995
————————————————
Iter-0; loss: 0.0449;time per batch:0.0808s
Epoch-1996
————————————————
Iter-0; loss: 0.0433;time per batch:0.0792s
Epoch-1997
————————————————
Iter-0; loss: 0.0147;time per batch:0.0813s
Epoch-1998
————————————————
Iter-0; loss: 0.0184;time per batch:0.0769s
Epoch-1999
————————————————
Iter-0; loss: 0.0624;time per batch:0.0774s
Epoch-2000
————————————————
Iter-0; loss: 0.0608;time per batch:0.0777s
validation results:
Mean Rank: 283
Mean RR: 0.0700
Hit@1: 0.0216
Hit@3: 0.0616
Hit@5: 0.0968
Hit@10: 0.1728
Epoch-2001
————————————————
Iter-0; loss: 0.0129;time per batch:0.0738s
Epoch-2002
————————————————
Iter-0; loss: 0.0310;time per batch:0.0752s
Epoch-2003
————————————————
Iter-0; loss: 0.0375;time per batch:0.0753s
Epoch-2004
————————————————
Iter-0; loss: 0.0297;time per batch:0.0800s
Epoch-2005
————————————————
Iter-0; loss: 0.0214;time per batch:0.0742s
Epoch-2006
————————————————
Iter-0; loss: 0.0476;time per batch:0.0780s
Epoch-2007
————————————————
Iter-0; loss: 0.0223;time per batch:0.0759s
Epoch-2008
————————————————
Iter-0; loss: 0.0461;time per batch:0.0749s
Epoch-2009
————————————————
Iter-0; loss: 0.0531;time per batch:0.0735s
Epoch-2010
————————————————
Iter-0; loss: 0.0239;time per batch:0.0727s
Epoch-2011
————————————————
Iter-0; loss: 0.0564;time per batch:0.0774s
Epoch-2012
————————————————
Iter-0; loss: 0.0480;time per batch:0.0762s
Epoch-2013
————————————————
Iter-0; loss: 0.0252;time per batch:0.0774s
Epoch-2014
————————————————
Iter-0; loss: 0.0704;time per batch:0.0771s
Epoch-2015
————————————————
Iter-0; loss: 0.0359;time per batch:0.0753s
Epoch-2016
————————————————
Iter-0; loss: 0.0517;time per batch:0.0779s
Epoch-2017
————————————————
Iter-0; loss: 0.0401;time per batch:0.0753s
Epoch-2018
————————————————
Iter-0; loss: 0.0103;time per batch:0.0772s
Epoch-2019
————————————————
Iter-0; loss: 0.0705;time per batch:0.0767s
Epoch-2020
————————————————
Iter-0; loss: 0.0618;time per batch:0.0742s
Epoch-2021
————————————————
Iter-0; loss: 0.0532;time per batch:0.0750s
Epoch-2022
————————————————
Iter-0; loss: 0.0155;time per batch:0.0754s
Epoch-2023
————————————————
Iter-0; loss: 0.0715;time per batch:0.0751s
Epoch-2024
————————————————
Iter-0; loss: 0.0188;time per batch:0.0795s
Epoch-2025
————————————————
Iter-0; loss: 0.0196;time per batch:0.0783s
Epoch-2026
————————————————
Iter-0; loss: 0.0489;time per batch:0.0751s
Epoch-2027
————————————————
Iter-0; loss: 0.0177;time per batch:0.0776s
Epoch-2028
————————————————
Iter-0; loss: 0.0464;time per batch:0.0754s
Epoch-2029
————————————————
Iter-0; loss: 0.0288;time per batch:0.0777s
Epoch-2030
————————————————
Iter-0; loss: 0.0245;time per batch:0.0766s
Epoch-2031
————————————————
Iter-0; loss: 0.0531;time per batch:0.0769s
Epoch-2032
————————————————
Iter-0; loss: 0.0181;time per batch:0.0775s
Epoch-2033
————————————————
Iter-0; loss: 0.0919;time per batch:0.0765s
Epoch-2034
————————————————
Iter-0; loss: 0.0322;time per batch:0.0762s
Epoch-2035
————————————————
Iter-0; loss: 0.0194;time per batch:0.0780s
Epoch-2036
————————————————
Iter-0; loss: 0.0358;time per batch:0.0764s
Epoch-2037
————————————————
Iter-0; loss: 0.0529;time per batch:0.0732s
Epoch-2038
————————————————
Iter-0; loss: 0.0476;time per batch:0.0761s
Epoch-2039
————————————————
Iter-0; loss: 0.0144;time per batch:0.0783s
Epoch-2040
————————————————
Iter-0; loss: 0.0213;time per batch:0.0790s
Epoch-2041
————————————————
Iter-0; loss: 0.0350;time per batch:0.0780s
Epoch-2042
————————————————
Iter-0; loss: 0.0402;time per batch:0.0798s
Epoch-2043
————————————————
Iter-0; loss: 0.0238;time per batch:0.0756s
Epoch-2044
————————————————
Iter-0; loss: 0.0258;time per batch:0.0758s
Epoch-2045
————————————————
Iter-0; loss: 0.0245;time per batch:0.0760s
Epoch-2046
————————————————
Iter-0; loss: 0.0552;time per batch:0.0765s
Epoch-2047
————————————————
Iter-0; loss: 0.0439;time per batch:0.0790s
Epoch-2048
————————————————
Iter-0; loss: 0.0228;time per batch:0.0747s
Epoch-2049
————————————————
Iter-0; loss: 0.0388;time per batch:0.0773s
Epoch-2050
————————————————
Iter-0; loss: 0.0236;time per batch:0.0789s
Epoch-2051
————————————————
Iter-0; loss: 0.0393;time per batch:0.0796s
Epoch-2052
————————————————
Iter-0; loss: 0.0575;time per batch:0.0799s
Epoch-2053
————————————————
Iter-0; loss: 0.0164;time per batch:0.0767s
Epoch-2054
————————————————
Iter-0; loss: 0.0430;time per batch:0.0764s
Epoch-2055
————————————————
Iter-0; loss: 0.0513;time per batch:0.0771s
Epoch-2056
————————————————
Iter-0; loss: 0.0197;time per batch:0.0757s
Epoch-2057
————————————————
Iter-0; loss: 0.0550;time per batch:0.0774s
Epoch-2058
————————————————
Iter-0; loss: 0.0425;time per batch:0.0765s
Epoch-2059
————————————————
Iter-0; loss: 0.0497;time per batch:0.0792s
Epoch-2060
————————————————
Iter-0; loss: 0.0143;time per batch:0.0784s
Epoch-2061
————————————————
Iter-0; loss: 0.0435;time per batch:0.0788s
Epoch-2062
————————————————
Iter-0; loss: 0.0253;time per batch:0.0793s
Epoch-2063
————————————————
Iter-0; loss: 0.0133;time per batch:0.0801s
Epoch-2064
————————————————
Iter-0; loss: 0.0207;time per batch:0.0797s
Epoch-2065
————————————————
Iter-0; loss: 0.0245;time per batch:0.0800s
Epoch-2066
————————————————
Iter-0; loss: 0.0127;time per batch:0.0732s
Epoch-2067
————————————————
Iter-0; loss: 0.0472;time per batch:0.0803s
Epoch-2068
————————————————
Iter-0; loss: 0.0267;time per batch:0.0748s
Epoch-2069
————————————————
Iter-0; loss: 0.0159;time per batch:0.0766s
Epoch-2070
————————————————
Iter-0; loss: 0.0608;time per batch:0.0810s
Epoch-2071
————————————————
Iter-0; loss: 0.0621;time per batch:0.0782s
Epoch-2072
————————————————
Iter-0; loss: 0.0211;time per batch:0.0782s
Epoch-2073
————————————————
Iter-0; loss: 0.0388;time per batch:0.0799s
Epoch-2074
————————————————
Iter-0; loss: 0.0165;time per batch:0.0783s
Epoch-2075
————————————————
Iter-0; loss: 0.0093;time per batch:0.0736s
Epoch-2076
————————————————
Iter-0; loss: 0.0141;time per batch:0.0762s
Epoch-2077
————————————————
Iter-0; loss: 0.0435;time per batch:0.0775s
Epoch-2078
————————————————
Iter-0; loss: 0.0257;time per batch:0.0742s
Epoch-2079
————————————————
Iter-0; loss: 0.0207;time per batch:0.0716s
Epoch-2080
————————————————
Iter-0; loss: 0.0273;time per batch:0.0760s
Epoch-2081
————————————————
Iter-0; loss: 0.0401;time per batch:0.0756s
Epoch-2082
————————————————
Iter-0; loss: 0.0378;time per batch:0.0731s
Epoch-2083
————————————————
Iter-0; loss: 0.0199;time per batch:0.0758s
Epoch-2084
————————————————
Iter-0; loss: 0.0294;time per batch:0.0735s
Epoch-2085
————————————————
Iter-0; loss: 0.0373;time per batch:0.0770s
Epoch-2086
————————————————
Iter-0; loss: 0.0172;time per batch:0.0792s
Epoch-2087
————————————————
Iter-0; loss: 0.0157;time per batch:0.0753s
Epoch-2088
————————————————
Iter-0; loss: 0.0682;time per batch:0.0758s
Epoch-2089
————————————————
Iter-0; loss: 0.0217;time per batch:0.0742s
Epoch-2090
————————————————
Iter-0; loss: 0.0288;time per batch:0.0797s
Epoch-2091
————————————————
Iter-0; loss: 0.0381;time per batch:0.0723s
Epoch-2092
————————————————
Iter-0; loss: 0.0269;time per batch:0.0742s
Epoch-2093
————————————————
Iter-0; loss: 0.0215;time per batch:0.0734s
Epoch-2094
————————————————
Iter-0; loss: 0.0306;time per batch:0.0742s
Epoch-2095
————————————————
Iter-0; loss: 0.0541;time per batch:0.0726s
Epoch-2096
————————————————
Iter-0; loss: 0.0216;time per batch:0.0769s
Epoch-2097
————————————————
Iter-0; loss: 0.0426;time per batch:0.0739s
Epoch-2098
————————————————
Iter-0; loss: 0.0613;time per batch:0.0734s
Epoch-2099
————————————————
Iter-0; loss: 0.0498;time per batch:0.0776s
Epoch-2100
————————————————
Iter-0; loss: 0.0387;time per batch:0.0734s
Epoch-2101
————————————————
Iter-0; loss: 0.0488;time per batch:0.0722s
Epoch-2102
————————————————
Iter-0; loss: 0.0607;time per batch:0.0705s
Epoch-2103
————————————————
Iter-0; loss: 0.0348;time per batch:0.0705s
Epoch-2104
————————————————
Iter-0; loss: 0.0357;time per batch:0.0734s
Epoch-2105
————————————————
Iter-0; loss: 0.0301;time per batch:0.0724s
Epoch-2106
————————————————
Iter-0; loss: 0.0139;time per batch:0.0742s
Epoch-2107
————————————————
Iter-0; loss: 0.0398;time per batch:0.0728s
Epoch-2108
————————————————
Iter-0; loss: 0.0534;time per batch:0.0741s
Epoch-2109
————————————————
Iter-0; loss: 0.0538;time per batch:0.0735s
Epoch-2110
————————————————
Iter-0; loss: 0.0481;time per batch:0.0757s
Epoch-2111
————————————————
Iter-0; loss: 0.0412;time per batch:0.0736s
Epoch-2112
————————————————
Iter-0; loss: 0.0166;time per batch:0.0722s
Epoch-2113
————————————————
Iter-0; loss: 0.0077;time per batch:0.0720s
Epoch-2114
————————————————
Iter-0; loss: 0.0431;time per batch:0.0762s
Epoch-2115
————————————————
Iter-0; loss: 0.0293;time per batch:0.0738s
Epoch-2116
————————————————
Iter-0; loss: 0.0143;time per batch:0.0738s
Epoch-2117
————————————————
Iter-0; loss: 0.0247;time per batch:0.0741s
Epoch-2118
————————————————
Iter-0; loss: 0.0398;time per batch:0.0717s
Epoch-2119
————————————————
Iter-0; loss: 0.0147;time per batch:0.0786s
Epoch-2120
————————————————
Iter-0; loss: 0.0209;time per batch:0.0765s
Epoch-2121
————————————————
Iter-0; loss: 0.0461;time per batch:0.0727s
Epoch-2122
————————————————
Iter-0; loss: 0.0449;time per batch:0.0725s
Epoch-2123
————————————————
Iter-0; loss: 0.0438;time per batch:0.0730s
Epoch-2124
————————————————
Iter-0; loss: 0.0323;time per batch:0.0737s
Epoch-2125
————————————————
Iter-0; loss: 0.0368;time per batch:0.0768s
Epoch-2126
————————————————
Iter-0; loss: 0.0680;time per batch:0.0764s
Epoch-2127
————————————————
Iter-0; loss: 0.0313;time per batch:0.0713s
Epoch-2128
————————————————
Iter-0; loss: 0.0336;time per batch:0.0729s
Epoch-2129
————————————————
Iter-0; loss: 0.0429;time per batch:0.0751s
Epoch-2130
————————————————
Iter-0; loss: 0.0366;time per batch:0.0762s
Epoch-2131
————————————————
Iter-0; loss: 0.0334;time per batch:0.0794s
Epoch-2132
————————————————
Iter-0; loss: 0.0377;time per batch:0.0773s
Epoch-2133
————————————————
Iter-0; loss: 0.0325;time per batch:0.0758s
Epoch-2134
————————————————
Iter-0; loss: 0.0099;time per batch:0.0757s
Epoch-2135
————————————————
Iter-0; loss: 0.0455;time per batch:0.0753s
Epoch-2136
————————————————
Iter-0; loss: 0.0263;time per batch:0.0751s
Epoch-2137
————————————————
Iter-0; loss: 0.0512;time per batch:0.0771s
Epoch-2138
————————————————
Iter-0; loss: 0.0572;time per batch:0.0730s
Epoch-2139
————————————————
Iter-0; loss: 0.0655;time per batch:0.0730s
Epoch-2140
————————————————
Iter-0; loss: 0.0277;time per batch:0.0771s
Epoch-2141
————————————————
Iter-0; loss: 0.0326;time per batch:0.0776s
Epoch-2142
————————————————
Iter-0; loss: 0.0176;time per batch:0.0764s
Epoch-2143
————————————————
Iter-0; loss: 0.0423;time per batch:0.0757s
Epoch-2144
————————————————
Iter-0; loss: 0.0545;time per batch:0.0778s
Epoch-2145
————————————————
Iter-0; loss: 0.0113;time per batch:0.0806s
Epoch-2146
————————————————
Iter-0; loss: 0.0516;time per batch:0.0763s
Epoch-2147
————————————————
Iter-0; loss: 0.0320;time per batch:0.0785s
Epoch-2148
————————————————
Iter-0; loss: 0.0217;time per batch:0.0766s
Epoch-2149
————————————————
Iter-0; loss: 0.0714;time per batch:0.0767s
Epoch-2150
————————————————
Iter-0; loss: 0.0378;time per batch:0.0734s
Epoch-2151
————————————————
Iter-0; loss: 0.0846;time per batch:0.0752s
Epoch-2152
————————————————
Iter-0; loss: 0.0099;time per batch:0.0751s
Epoch-2153
————————————————
Iter-0; loss: 0.0258;time per batch:0.0756s
Epoch-2154
————————————————
Iter-0; loss: 0.0283;time per batch:0.0753s
Epoch-2155
————————————————
Iter-0; loss: 0.0481;time per batch:0.0785s
Epoch-2156
————————————————
Iter-0; loss: 0.0353;time per batch:0.0739s
Epoch-2157
————————————————
Iter-0; loss: 0.0182;time per batch:0.0762s
Epoch-2158
————————————————
Iter-0; loss: 0.0474;time per batch:0.0788s
Epoch-2159
————————————————
Iter-0; loss: 0.0295;time per batch:0.0790s
Epoch-2160
————————————————
Iter-0; loss: 0.0554;time per batch:0.0741s
Epoch-2161
————————————————
Iter-0; loss: 0.0459;time per batch:0.0745s
Epoch-2162
————————————————
Iter-0; loss: 0.0172;time per batch:0.0791s
Epoch-2163
————————————————
Iter-0; loss: 0.0264;time per batch:0.0751s
Epoch-2164
————————————————
Iter-0; loss: 0.0413;time per batch:0.0756s
Epoch-2165
————————————————
Iter-0; loss: 0.0410;time per batch:0.0736s
Epoch-2166
————————————————
Iter-0; loss: 0.0480;time per batch:0.0750s
Epoch-2167
————————————————
Iter-0; loss: 0.0347;time per batch:0.0775s
Epoch-2168
————————————————
Iter-0; loss: 0.0490;time per batch:0.0752s
Epoch-2169
————————————————
Iter-0; loss: 0.0625;time per batch:0.0707s
Epoch-2170
————————————————
Iter-0; loss: 0.0074;time per batch:0.0762s
Epoch-2171
————————————————
Iter-0; loss: 0.0412;time per batch:0.0729s
Epoch-2172
————————————————
Iter-0; loss: 0.0510;time per batch:0.0745s
Epoch-2173
————————————————
Iter-0; loss: 0.0385;time per batch:0.0758s
Epoch-2174
————————————————
Iter-0; loss: 0.0223;time per batch:0.0747s
Epoch-2175
————————————————
Iter-0; loss: 0.0505;time per batch:0.0726s
Epoch-2176
————————————————
Iter-0; loss: 0.0534;time per batch:0.0730s
Epoch-2177
————————————————
Iter-0; loss: 0.0403;time per batch:0.0737s
Epoch-2178
————————————————
Iter-0; loss: 0.0249;time per batch:0.0744s
Epoch-2179
————————————————
Iter-0; loss: 0.0312;time per batch:0.0726s
Epoch-2180
————————————————
Iter-0; loss: 0.0775;time per batch:0.0746s
Epoch-2181
————————————————
Iter-0; loss: 0.0178;time per batch:0.0755s
Epoch-2182
————————————————
Iter-0; loss: 0.0225;time per batch:0.0742s
Epoch-2183
————————————————
Iter-0; loss: 0.0293;time per batch:0.0776s
Epoch-2184
————————————————
Iter-0; loss: 0.0176;time per batch:0.0741s
Epoch-2185
————————————————
Iter-0; loss: 0.0352;time per batch:0.0743s
Epoch-2186
————————————————
Iter-0; loss: 0.0284;time per batch:0.0767s
Epoch-2187
————————————————
Iter-0; loss: 0.0673;time per batch:0.0842s
Epoch-2188
————————————————
Iter-0; loss: 0.0255;time per batch:0.0775s
Epoch-2189
————————————————
Iter-0; loss: 0.0150;time per batch:0.0800s
Epoch-2190
————————————————
Iter-0; loss: 0.0706;time per batch:0.0795s
Epoch-2191
————————————————
Iter-0; loss: 0.1199;time per batch:0.0754s
Epoch-2192
————————————————
Iter-0; loss: 0.0676;time per batch:0.0746s
Epoch-2193
————————————————
Iter-0; loss: 0.0410;time per batch:0.0783s
Epoch-2194
————————————————
Iter-0; loss: 0.0486;time per batch:0.0785s
Epoch-2195
————————————————
Iter-0; loss: 0.0354;time per batch:0.0768s
Epoch-2196
————————————————
Iter-0; loss: 0.0638;time per batch:0.0780s
Epoch-2197
————————————————
Iter-0; loss: 0.0195;time per batch:0.0764s
Epoch-2198
————————————————
Iter-0; loss: 0.0257;time per batch:0.0796s
Epoch-2199
————————————————
Iter-0; loss: 0.0326;time per batch:0.0760s
Epoch-2200
————————————————
Iter-0; loss: 0.0188;time per batch:0.0814s
Epoch-2201
————————————————
Iter-0; loss: 0.0209;time per batch:0.0804s
Epoch-2202
————————————————
Iter-0; loss: 0.0149;time per batch:0.0748s
Epoch-2203
————————————————
Iter-0; loss: 0.0363;time per batch:0.0785s
Epoch-2204
————————————————
Iter-0; loss: 0.0198;time per batch:0.0765s
Epoch-2205
————————————————
Iter-0; loss: 0.0198;time per batch:0.0768s
Epoch-2206
————————————————
Iter-0; loss: 0.0645;time per batch:0.0785s
Epoch-2207
————————————————
Iter-0; loss: 0.0463;time per batch:0.0749s
Epoch-2208
————————————————
Iter-0; loss: 0.0472;time per batch:0.0757s
Epoch-2209
————————————————
Iter-0; loss: 0.0054;time per batch:0.0753s
Epoch-2210
————————————————
Iter-0; loss: 0.0241;time per batch:0.0812s
Epoch-2211
————————————————
Iter-0; loss: 0.0250;time per batch:0.0756s
Epoch-2212
————————————————
Iter-0; loss: 0.0461;time per batch:0.0723s
Epoch-2213
————————————————
Iter-0; loss: 0.0360;time per batch:0.0832s
Epoch-2214
————————————————
Iter-0; loss: 0.0097;time per batch:0.0807s
Epoch-2215
————————————————
Iter-0; loss: 0.0392;time per batch:0.0829s
Epoch-2216
————————————————
Iter-0; loss: 0.0346;time per batch:0.0756s
Epoch-2217
————————————————
Iter-0; loss: 0.0647;time per batch:0.0735s
Epoch-2218
————————————————
Iter-0; loss: 0.0243;time per batch:0.0735s
Epoch-2219
————————————————
Iter-0; loss: 0.0691;time per batch:0.0807s
Epoch-2220
————————————————
Iter-0; loss: 0.0155;time per batch:0.0764s
Epoch-2221
————————————————
Iter-0; loss: 0.0542;time per batch:0.0815s
Epoch-2222
————————————————
Iter-0; loss: 0.0246;time per batch:0.0752s
Epoch-2223
————————————————
Iter-0; loss: 0.0187;time per batch:0.0775s
Epoch-2224
————————————————
Iter-0; loss: 0.0372;time per batch:0.0735s
Epoch-2225
————————————————
Iter-0; loss: 0.0337;time per batch:0.0733s
Epoch-2226
————————————————
Iter-0; loss: 0.0521;time per batch:0.0744s
Epoch-2227
————————————————
Iter-0; loss: 0.0215;time per batch:0.0792s
Epoch-2228
————————————————
Iter-0; loss: 0.0441;time per batch:0.0828s
Epoch-2229
————————————————
Iter-0; loss: 0.0278;time per batch:0.0828s
Epoch-2230
————————————————
Iter-0; loss: 0.0417;time per batch:0.0830s
Epoch-2231
————————————————
Iter-0; loss: 0.0252;time per batch:0.0755s
Epoch-2232
————————————————
Iter-0; loss: 0.0202;time per batch:0.0759s
Epoch-2233
————————————————
Iter-0; loss: 0.0287;time per batch:0.0739s
Epoch-2234
————————————————
Iter-0; loss: 0.0449;time per batch:0.0786s
Epoch-2235
————————————————
Iter-0; loss: 0.0721;time per batch:0.0768s
Epoch-2236
————————————————
Iter-0; loss: 0.0139;time per batch:0.0764s
Epoch-2237
————————————————
Iter-0; loss: 0.0151;time per batch:0.0756s
Epoch-2238
————————————————
Iter-0; loss: 0.0317;time per batch:0.0746s
Epoch-2239
————————————————
Iter-0; loss: 0.0189;time per batch:0.0724s
Epoch-2240
————————————————
Iter-0; loss: 0.0185;time per batch:0.0727s
Epoch-2241
————————————————
Iter-0; loss: 0.0106;time per batch:0.0757s
Epoch-2242
————————————————
Iter-0; loss: 0.0334;time per batch:0.0736s
Epoch-2243
————————————————
Iter-0; loss: 0.0236;time per batch:0.0804s
Epoch-2244
————————————————
Iter-0; loss: 0.0482;time per batch:0.0733s
Epoch-2245
————————————————
Iter-0; loss: 0.0306;time per batch:0.0749s
Epoch-2246
————————————————
Iter-0; loss: 0.0496;time per batch:0.0752s
Epoch-2247
————————————————
Iter-0; loss: 0.0294;time per batch:0.0736s
Epoch-2248
————————————————
Iter-0; loss: 0.0527;time per batch:0.0773s
Epoch-2249
————————————————
Iter-0; loss: 0.0372;time per batch:0.0725s
Epoch-2250
————————————————
Iter-0; loss: 0.0491;time per batch:0.0815s
validation results:
Mean Rank: 282
Mean RR: 0.0706
Hit@1: 0.0240
Hit@3: 0.0656
Hit@5: 0.0960
Hit@10: 0.1632
Epoch-2251
————————————————
Iter-0; loss: 0.0316;time per batch:0.0739s
Epoch-2252
————————————————
Iter-0; loss: 0.0567;time per batch:0.0798s
Epoch-2253
————————————————
Iter-0; loss: 0.0476;time per batch:0.0732s
Epoch-2254
————————————————
Iter-0; loss: 0.0311;time per batch:0.0799s
Epoch-2255
————————————————
Iter-0; loss: 0.0224;time per batch:0.0727s
Epoch-2256
————————————————
Iter-0; loss: 0.0198;time per batch:0.0716s
Epoch-2257
————————————————
Iter-0; loss: 0.0169;time per batch:0.0726s
Epoch-2258
————————————————
Iter-0; loss: 0.0418;time per batch:0.0726s
Epoch-2259
————————————————
Iter-0; loss: 0.0270;time per batch:0.0741s
Epoch-2260
————————————————
Iter-0; loss: 0.0062;time per batch:0.0740s
Epoch-2261
————————————————
Iter-0; loss: 0.0164;time per batch:0.0722s
Epoch-2262
————————————————
Iter-0; loss: 0.0416;time per batch:0.0760s
Epoch-2263
————————————————
Iter-0; loss: 0.0271;time per batch:0.0737s
Epoch-2264
————————————————
Iter-0; loss: 0.0443;time per batch:0.0757s
Epoch-2265
————————————————
Iter-0; loss: 0.0236;time per batch:0.0722s
Epoch-2266
————————————————
Iter-0; loss: 0.0422;time per batch:0.0724s
Epoch-2267
————————————————
Iter-0; loss: 0.0111;time per batch:0.0730s
Epoch-2268
————————————————
Iter-0; loss: 0.0230;time per batch:0.0725s
Epoch-2269
————————————————
Iter-0; loss: 0.0372;time per batch:0.0722s
Epoch-2270
————————————————
Iter-0; loss: 0.0617;time per batch:0.0721s
Epoch-2271
————————————————
Iter-0; loss: 0.0274;time per batch:0.0724s
Epoch-2272
————————————————
Iter-0; loss: 0.0237;time per batch:0.0714s
Epoch-2273
————————————————
Iter-0; loss: 0.0329;time per batch:0.0737s
Epoch-2274
————————————————
Iter-0; loss: 0.0143;time per batch:0.0740s
Epoch-2275
————————————————
Iter-0; loss: 0.0312;time per batch:0.0735s
Epoch-2276
————————————————
Iter-0; loss: 0.0288;time per batch:0.0755s
Epoch-2277
————————————————
Iter-0; loss: 0.0202;time per batch:0.0754s
Epoch-2278
————————————————
Iter-0; loss: 0.0303;time per batch:0.0733s
Epoch-2279
————————————————
Iter-0; loss: 0.0731;time per batch:0.0723s
Epoch-2280
————————————————
Iter-0; loss: 0.0466;time per batch:0.0721s
Epoch-2281
————————————————
Iter-0; loss: 0.0617;time per batch:0.0775s
Epoch-2282
————————————————
Iter-0; loss: 0.0133;time per batch:0.0732s
Epoch-2283
————————————————
Iter-0; loss: 0.0262;time per batch:0.0747s
Epoch-2284
————————————————
Iter-0; loss: 0.0221;time per batch:0.0725s
Epoch-2285
————————————————
Iter-0; loss: 0.0365;time per batch:0.0752s
Epoch-2286
————————————————
Iter-0; loss: 0.0181;time per batch:0.0731s
Epoch-2287
————————————————
Iter-0; loss: 0.0493;time per batch:0.0713s
Epoch-2288
————————————————
Iter-0; loss: 0.0447;time per batch:0.0735s
Epoch-2289
————————————————
Iter-0; loss: 0.0338;time per batch:0.0766s
Epoch-2290
————————————————
Iter-0; loss: 0.0191;time per batch:0.0705s
Epoch-2291
————————————————
Iter-0; loss: 0.0304;time per batch:0.0734s
Epoch-2292
————————————————
Iter-0; loss: 0.0388;time per batch:0.0728s
Epoch-2293
————————————————
Iter-0; loss: 0.0362;time per batch:0.0746s
Epoch-2294
————————————————
Iter-0; loss: 0.0700;time per batch:0.0740s
Epoch-2295
————————————————
Iter-0; loss: 0.0243;time per batch:0.0715s
Epoch-2296
————————————————
Iter-0; loss: 0.0312;time per batch:0.0728s
Epoch-2297
————————————————
Iter-0; loss: 0.0548;time per batch:0.0737s
Epoch-2298
————————————————
Iter-0; loss: 0.0221;time per batch:0.0725s
Epoch-2299
————————————————
Iter-0; loss: 0.0403;time per batch:0.0735s
Epoch-2300
————————————————
Iter-0; loss: 0.0287;time per batch:0.0730s
Epoch-2301
————————————————
Iter-0; loss: 0.0627;time per batch:0.0735s
Epoch-2302
————————————————
Iter-0; loss: 0.0312;time per batch:0.0718s
Epoch-2303
————————————————
Iter-0; loss: 0.0147;time per batch:0.0757s
Epoch-2304
————————————————
Iter-0; loss: 0.0336;time per batch:0.0750s
Epoch-2305
————————————————
Iter-0; loss: 0.0527;time per batch:0.0720s
Epoch-2306
————————————————
Iter-0; loss: 0.0159;time per batch:0.0735s
Epoch-2307
————————————————
Iter-0; loss: 0.0307;time per batch:0.0718s
Epoch-2308
————————————————
Iter-0; loss: 0.0462;time per batch:0.0718s
Epoch-2309
————————————————
Iter-0; loss: 0.0179;time per batch:0.0714s
Epoch-2310
————————————————
Iter-0; loss: 0.0186;time per batch:0.0762s
Epoch-2311
————————————————
Iter-0; loss: 0.0290;time per batch:0.0727s
Epoch-2312
————————————————
Iter-0; loss: 0.0132;time per batch:0.0724s
Epoch-2313
————————————————
Iter-0; loss: 0.0288;time per batch:0.0727s
Epoch-2314
————————————————
Iter-0; loss: 0.0228;time per batch:0.0741s
Epoch-2315
————————————————
Iter-0; loss: 0.0579;time per batch:0.0714s
Epoch-2316
————————————————
Iter-0; loss: 0.0194;time per batch:0.0756s
Epoch-2317
————————————————
Iter-0; loss: 0.0203;time per batch:0.0745s
Epoch-2318
————————————————
Iter-0; loss: 0.0313;time per batch:0.0747s
Epoch-2319
————————————————
Iter-0; loss: 0.0383;time per batch:0.0716s
Epoch-2320
————————————————
Iter-0; loss: 0.0614;time per batch:0.0769s
Epoch-2321
————————————————
Iter-0; loss: 0.0400;time per batch:0.0747s
Epoch-2322
————————————————
Iter-0; loss: 0.0307;time per batch:0.0726s
Epoch-2323
————————————————
Iter-0; loss: 0.0420;time per batch:0.0779s
Epoch-2324
————————————————
Iter-0; loss: 0.0206;time per batch:0.0752s
Epoch-2325
————————————————
Iter-0; loss: 0.0272;time per batch:0.0736s
Epoch-2326
————————————————
Iter-0; loss: 0.0401;time per batch:0.0737s
Epoch-2327
————————————————
Iter-0; loss: 0.0427;time per batch:0.0752s
Epoch-2328
————————————————
Iter-0; loss: 0.0265;time per batch:0.0736s
Epoch-2329
————————————————
Iter-0; loss: 0.0200;time per batch:0.0739s
Epoch-2330
————————————————
Iter-0; loss: 0.0261;time per batch:0.0776s
Epoch-2331
————————————————
Iter-0; loss: 0.0633;time per batch:0.0780s
Epoch-2332
————————————————
Iter-0; loss: 0.0488;time per batch:0.0713s
Epoch-2333
————————————————
Iter-0; loss: 0.0581;time per batch:0.0769s
Epoch-2334
————————————————
Iter-0; loss: 0.0114;time per batch:0.0725s
Epoch-2335
————————————————
Iter-0; loss: 0.0798;time per batch:0.0732s
Epoch-2336
————————————————
Iter-0; loss: 0.0328;time per batch:0.0748s
Epoch-2337
————————————————
Iter-0; loss: 0.0483;time per batch:0.0751s
Epoch-2338
————————————————
Iter-0; loss: 0.0284;time per batch:0.0724s
Epoch-2339
————————————————
Iter-0; loss: 0.0760;time per batch:0.0742s
Epoch-2340
————————————————
Iter-0; loss: 0.0236;time per batch:0.0731s
Epoch-2341
————————————————
Iter-0; loss: 0.0253;time per batch:0.0724s
Epoch-2342
————————————————
Iter-0; loss: 0.0316;time per batch:0.0775s
Epoch-2343
————————————————
Iter-0; loss: 0.0531;time per batch:0.0711s
Epoch-2344
————————————————
Iter-0; loss: 0.0534;time per batch:0.0745s
Epoch-2345
————————————————
Iter-0; loss: 0.0574;time per batch:0.0754s
Epoch-2346
————————————————
Iter-0; loss: 0.0265;time per batch:0.0717s
Epoch-2347
————————————————
Iter-0; loss: 0.0680;time per batch:0.0724s
Epoch-2348
————————————————
Iter-0; loss: 0.0420;time per batch:0.0726s
Epoch-2349
————————————————
Iter-0; loss: 0.0351;time per batch:0.0722s
Epoch-2350
————————————————
Iter-0; loss: 0.0275;time per batch:0.0768s
Epoch-2351
————————————————
Iter-0; loss: 0.0186;time per batch:0.0729s
Epoch-2352
————————————————
Iter-0; loss: 0.0429;time per batch:0.0732s
Epoch-2353
————————————————
Iter-0; loss: 0.0735;time per batch:0.0701s
Epoch-2354
————————————————
Iter-0; loss: 0.0208;time per batch:0.0728s
Epoch-2355
————————————————
Iter-0; loss: 0.0465;time per batch:0.0736s
Epoch-2356
————————————————
Iter-0; loss: 0.0642;time per batch:0.0715s
Epoch-2357
————————————————
Iter-0; loss: 0.0385;time per batch:0.0715s
Epoch-2358
————————————————
Iter-0; loss: 0.0257;time per batch:0.0739s
Epoch-2359
————————————————
Iter-0; loss: 0.0605;time per batch:0.0737s
Epoch-2360
————————————————
Iter-0; loss: 0.0367;time per batch:0.0739s
Epoch-2361
————————————————
Iter-0; loss: 0.0251;time per batch:0.0768s
Epoch-2362
————————————————
Iter-0; loss: 0.0573;time per batch:0.0772s
Epoch-2363
————————————————
Iter-0; loss: 0.0288;time per batch:0.0729s
Epoch-2364
————————————————
Iter-0; loss: 0.0343;time per batch:0.0726s
Epoch-2365
————————————————
Iter-0; loss: 0.0408;time per batch:0.0737s
Epoch-2366
————————————————
Iter-0; loss: 0.0590;time per batch:0.0748s
Epoch-2367
————————————————
Iter-0; loss: 0.0236;time per batch:0.0739s
Epoch-2368
————————————————
Iter-0; loss: 0.0621;time per batch:0.0742s
Epoch-2369
————————————————
Iter-0; loss: 0.0469;time per batch:0.0755s
Epoch-2370
————————————————
Iter-0; loss: 0.0773;time per batch:0.0721s
Epoch-2371
————————————————
Iter-0; loss: 0.0410;time per batch:0.0752s
Epoch-2372
————————————————
Iter-0; loss: 0.0526;time per batch:0.0766s
Epoch-2373
————————————————
Iter-0; loss: 0.0143;time per batch:0.0767s
Epoch-2374
————————————————
Iter-0; loss: 0.0195;time per batch:0.0731s
Epoch-2375
————————————————
Iter-0; loss: 0.0621;time per batch:0.0733s
Epoch-2376
————————————————
Iter-0; loss: 0.0381;time per batch:0.0727s
Epoch-2377
————————————————
Iter-0; loss: 0.0363;time per batch:0.0730s
Epoch-2378
————————————————
Iter-0; loss: 0.0280;time per batch:0.0778s
Epoch-2379
————————————————
Iter-0; loss: 0.0075;time per batch:0.0736s
Epoch-2380
————————————————
Iter-0; loss: 0.0129;time per batch:0.0733s
Epoch-2381
————————————————
Iter-0; loss: 0.0084;time per batch:0.0734s
Epoch-2382
————————————————
Iter-0; loss: 0.0585;time per batch:0.0751s
Epoch-2383
————————————————
Iter-0; loss: 0.0292;time per batch:0.0715s
Epoch-2384
————————————————
Iter-0; loss: 0.0089;time per batch:0.0736s
Epoch-2385
————————————————
Iter-0; loss: 0.0068;time per batch:0.0777s
Epoch-2386
————————————————
Iter-0; loss: 0.0170;time per batch:0.0803s
Epoch-2387
————————————————
Iter-0; loss: 0.0395;time per batch:0.0742s
Epoch-2388
————————————————
Iter-0; loss: 0.0249;time per batch:0.0746s
Epoch-2389
————————————————
Iter-0; loss: 0.0504;time per batch:0.0742s
Epoch-2390
————————————————
Iter-0; loss: 0.0242;time per batch:0.0789s
Epoch-2391
————————————————
Iter-0; loss: 0.0056;time per batch:0.0717s
Epoch-2392
————————————————
Iter-0; loss: 0.0398;time per batch:0.0723s
Epoch-2393
————————————————
Iter-0; loss: 0.0288;time per batch:0.0733s
Epoch-2394
————————————————
Iter-0; loss: 0.0258;time per batch:0.0810s
Epoch-2395
————————————————
Iter-0; loss: 0.0177;time per batch:0.0787s
Epoch-2396
————————————————
Iter-0; loss: 0.0166;time per batch:0.0739s
Epoch-2397
————————————————
Iter-0; loss: 0.0180;time per batch:0.0789s
Epoch-2398
————————————————
Iter-0; loss: 0.0312;time per batch:0.0746s
Epoch-2399
————————————————
Iter-0; loss: 0.0270;time per batch:0.0747s
Epoch-2400
————————————————
Iter-0; loss: 0.0313;time per batch:0.0737s
Epoch-2401
————————————————
Iter-0; loss: 0.0375;time per batch:0.0755s
Epoch-2402
————————————————
Iter-0; loss: 0.0227;time per batch:0.0707s
Epoch-2403
————————————————
Iter-0; loss: 0.0522;time per batch:0.0771s
Epoch-2404
————————————————
Iter-0; loss: 0.0144;time per batch:0.0703s
Epoch-2405
————————————————
Iter-0; loss: 0.0227;time per batch:0.0728s
Epoch-2406
————————————————
Iter-0; loss: 0.0124;time per batch:0.0747s
Epoch-2407
————————————————
Iter-0; loss: 0.0409;time per batch:0.0731s
Epoch-2408
————————————————
Iter-0; loss: 0.0259;time per batch:0.0763s
Epoch-2409
————————————————
Iter-0; loss: 0.0704;time per batch:0.0736s
Epoch-2410
————————————————
Iter-0; loss: 0.0257;time per batch:0.0721s
Epoch-2411
————————————————
Iter-0; loss: 0.0278;time per batch:0.0723s
Epoch-2412
————————————————
Iter-0; loss: 0.0304;time per batch:0.0712s
Epoch-2413
————————————————
Iter-0; loss: 0.0039;time per batch:0.0738s
Epoch-2414
————————————————
Iter-0; loss: 0.0366;time per batch:0.0750s
Epoch-2415
————————————————
Iter-0; loss: 0.0334;time per batch:0.0730s
Epoch-2416
————————————————
Iter-0; loss: 0.0359;time per batch:0.0737s
Epoch-2417
————————————————
Iter-0; loss: 0.0235;time per batch:0.0725s
Epoch-2418
————————————————
Iter-0; loss: 0.0162;time per batch:0.0761s
Epoch-2419
————————————————
Iter-0; loss: 0.0487;time per batch:0.0720s
Epoch-2420
————————————————
Iter-0; loss: 0.0523;time per batch:0.0740s
Epoch-2421
————————————————
Iter-0; loss: 0.0119;time per batch:0.0726s
Epoch-2422
————————————————
Iter-0; loss: 0.0370;time per batch:0.0709s
Epoch-2423
————————————————
Iter-0; loss: 0.0228;time per batch:0.0731s
Epoch-2424
————————————————
Iter-0; loss: 0.0630;time per batch:0.0707s
Epoch-2425
————————————————
Iter-0; loss: 0.0632;time per batch:0.0762s
Epoch-2426
————————————————
Iter-0; loss: 0.0208;time per batch:0.0739s
Epoch-2427
————————————————
Iter-0; loss: 0.0231;time per batch:0.0773s
Epoch-2428
————————————————
Iter-0; loss: 0.0329;time per batch:0.0753s
Epoch-2429
————————————————
Iter-0; loss: 0.0192;time per batch:0.0722s
Epoch-2430
————————————————
Iter-0; loss: 0.0473;time per batch:0.0731s
Epoch-2431
————————————————
Iter-0; loss: 0.0256;time per batch:0.0765s
Epoch-2432
————————————————
Iter-0; loss: 0.0463;time per batch:0.0794s
Epoch-2433
————————————————
Iter-0; loss: 0.0185;time per batch:0.0743s
Epoch-2434
————————————————
Iter-0; loss: 0.0150;time per batch:0.0733s
Epoch-2435
————————————————
Iter-0; loss: 0.0287;time per batch:0.0796s
Epoch-2436
————————————————
Iter-0; loss: 0.0238;time per batch:0.0768s
Epoch-2437
————————————————
Iter-0; loss: 0.0333;time per batch:0.0732s
Epoch-2438
————————————————
Iter-0; loss: 0.0167;time per batch:0.0737s
Epoch-2439
————————————————
Iter-0; loss: 0.0177;time per batch:0.0753s
Epoch-2440
————————————————
Iter-0; loss: 0.0394;time per batch:0.0759s
Epoch-2441
————————————————
Iter-0; loss: 0.0294;time per batch:0.0768s
Epoch-2442
————————————————
Iter-0; loss: 0.0288;time per batch:0.0756s
Epoch-2443
————————————————
Iter-0; loss: 0.0309;time per batch:0.0743s
Epoch-2444
————————————————
Iter-0; loss: 0.0089;time per batch:0.0756s
Epoch-2445
————————————————
Iter-0; loss: 0.0488;time per batch:0.0732s
Epoch-2446
————————————————
Iter-0; loss: 0.0172;time per batch:0.0777s
Epoch-2447
————————————————
Iter-0; loss: 0.0357;time per batch:0.0744s
Epoch-2448
————————————————
Iter-0; loss: 0.0339;time per batch:0.0724s
Epoch-2449
————————————————
Iter-0; loss: 0.0512;time per batch:0.0785s
Epoch-2450
————————————————
Iter-0; loss: 0.0293;time per batch:0.0734s
Epoch-2451
————————————————
Iter-0; loss: 0.0398;time per batch:0.0721s
Epoch-2452
————————————————
Iter-0; loss: 0.0600;time per batch:0.0740s
Epoch-2453
————————————————
Iter-0; loss: 0.0385;time per batch:0.0745s
Epoch-2454
————————————————
Iter-0; loss: 0.0569;time per batch:0.0791s
Epoch-2455
————————————————
Iter-0; loss: 0.0421;time per batch:0.0774s
Epoch-2456
————————————————
Iter-0; loss: 0.0506;time per batch:0.0765s
Epoch-2457
————————————————
Iter-0; loss: 0.0615;time per batch:0.0744s
Epoch-2458
————————————————
Iter-0; loss: 0.0227;time per batch:0.0764s
Epoch-2459
————————————————
Iter-0; loss: 0.0211;time per batch:0.0758s
Epoch-2460
————————————————
Iter-0; loss: 0.0268;time per batch:0.0742s
Epoch-2461
————————————————
Iter-0; loss: 0.0503;time per batch:0.0775s
Epoch-2462
————————————————
Iter-0; loss: 0.0095;time per batch:0.0753s
Epoch-2463
————————————————
Iter-0; loss: 0.0228;time per batch:0.0772s
Epoch-2464
————————————————
Iter-0; loss: 0.0356;time per batch:0.0758s
Epoch-2465
————————————————
Iter-0; loss: 0.0244;time per batch:0.0761s
Epoch-2466
————————————————
Iter-0; loss: 0.0362;time per batch:0.0759s
Epoch-2467
————————————————
Iter-0; loss: 0.0188;time per batch:0.0771s
Epoch-2468
————————————————
Iter-0; loss: 0.0273;time per batch:0.0762s
Epoch-2469
————————————————
Iter-0; loss: 0.0162;time per batch:0.0762s
Epoch-2470
————————————————
Iter-0; loss: 0.0205;time per batch:0.0810s
Epoch-2471
————————————————
Iter-0; loss: 0.0473;time per batch:0.0823s
Epoch-2472
————————————————
Iter-0; loss: 0.0070;time per batch:0.0790s
Epoch-2473
————————————————
Iter-0; loss: 0.0199;time per batch:0.0771s
Epoch-2474
————————————————
Iter-0; loss: 0.0036;time per batch:0.0812s
Epoch-2475
————————————————
Iter-0; loss: 0.0304;time per batch:0.0766s
Epoch-2476
————————————————
Iter-0; loss: 0.0307;time per batch:0.0758s
Epoch-2477
————————————————
Iter-0; loss: 0.0529;time per batch:0.0803s
Epoch-2478
————————————————
Iter-0; loss: 0.0225;time per batch:0.0793s
Epoch-2479
————————————————
Iter-0; loss: 0.0561;time per batch:0.0820s
Epoch-2480
————————————————
Iter-0; loss: 0.0381;time per batch:0.0776s
Epoch-2481
————————————————
Iter-0; loss: 0.0163;time per batch:0.0785s
Epoch-2482
————————————————
Iter-0; loss: 0.0404;time per batch:0.0749s
Epoch-2483
————————————————
Iter-0; loss: 0.0292;time per batch:0.0730s
Epoch-2484
————————————————
Iter-0; loss: 0.0336;time per batch:0.0767s
Epoch-2485
————————————————
Iter-0; loss: 0.0292;time per batch:0.0734s
Epoch-2486
————————————————
Iter-0; loss: 0.0339;time per batch:0.0771s
Epoch-2487
————————————————
Iter-0; loss: 0.0356;time per batch:0.0827s
Epoch-2488
————————————————
Iter-0; loss: 0.0509;time per batch:0.0736s
Epoch-2489
————————————————
Iter-0; loss: 0.0203;time per batch:0.0755s
Epoch-2490
————————————————
Iter-0; loss: 0.0496;time per batch:0.0735s
Epoch-2491
————————————————
Iter-0; loss: 0.0447;time per batch:0.0741s
Epoch-2492
————————————————
Iter-0; loss: 0.0556;time per batch:0.0737s
Epoch-2493
————————————————
Iter-0; loss: 0.0235;time per batch:0.0755s
Epoch-2494
————————————————
Iter-0; loss: 0.0254;time per batch:0.0840s
Epoch-2495
————————————————
Iter-0; loss: 0.0285;time per batch:0.0773s
Epoch-2496
————————————————
Iter-0; loss: 0.0391;time per batch:0.0828s
Epoch-2497
————————————————
Iter-0; loss: 0.0339;time per batch:0.0744s
Epoch-2498
————————————————
Iter-0; loss: 0.0127;time per batch:0.0781s
Epoch-2499
————————————————
Iter-0; loss: 0.0494;time per batch:0.0817s
Epoch-2500
————————————————
Iter-0; loss: 0.0018;time per batch:0.0760s
validation results:
Mean Rank: 283
Mean RR: 0.0703
Hit@1: 0.0232
Hit@3: 0.0632
Hit@5: 0.0928
Hit@10: 0.1704
Epoch-2501
————————————————
Iter-0; loss: 0.0490;time per batch:0.0775s
Epoch-2502
————————————————
Iter-0; loss: 0.0334;time per batch:0.0770s
Epoch-2503
————————————————
Iter-0; loss: 0.0241;time per batch:0.0776s
Epoch-2504
————————————————
Iter-0; loss: 0.0384;time per batch:0.0780s
Epoch-2505
————————————————
Iter-0; loss: 0.0264;time per batch:0.0745s
Epoch-2506
————————————————
Iter-0; loss: 0.0447;time per batch:0.0755s
Epoch-2507
————————————————
Iter-0; loss: 0.0388;time per batch:0.0771s
Epoch-2508
————————————————
Iter-0; loss: 0.0488;time per batch:0.0786s
Epoch-2509
————————————————
Iter-0; loss: 0.0265;time per batch:0.0754s
Epoch-2510
————————————————
Iter-0; loss: 0.0396;time per batch:0.0744s
Epoch-2511
————————————————
Iter-0; loss: 0.0237;time per batch:0.0765s
Epoch-2512
————————————————
Iter-0; loss: 0.0408;time per batch:0.0755s
Epoch-2513
————————————————
Iter-0; loss: 0.0284;time per batch:0.0769s
Epoch-2514
————————————————
Iter-0; loss: 0.0261;time per batch:0.0747s
Epoch-2515
————————————————
Iter-0; loss: 0.0236;time per batch:0.0781s
Epoch-2516
————————————————
Iter-0; loss: 0.0554;time per batch:0.0778s
Epoch-2517
————————————————
Iter-0; loss: 0.0324;time per batch:0.0779s
Epoch-2518
————————————————
Iter-0; loss: 0.0065;time per batch:0.0764s
Epoch-2519
————————————————
Iter-0; loss: 0.0371;time per batch:0.0770s
Epoch-2520
————————————————
Iter-0; loss: 0.0095;time per batch:0.0790s
Epoch-2521
————————————————
Iter-0; loss: 0.0102;time per batch:0.0780s
Epoch-2522
————————————————
Iter-0; loss: 0.0167;time per batch:0.0789s
Epoch-2523
————————————————
Iter-0; loss: 0.0222;time per batch:0.0760s
Epoch-2524
————————————————
Iter-0; loss: 0.0452;time per batch:0.0856s
Epoch-2525
————————————————
Iter-0; loss: 0.0455;time per batch:0.0798s
Epoch-2526
————————————————
Iter-0; loss: 0.0048;time per batch:0.0777s
Epoch-2527
————————————————
Iter-0; loss: 0.0251;time per batch:0.0771s
Epoch-2528
————————————————
Iter-0; loss: 0.0461;time per batch:0.0765s
Epoch-2529
————————————————
Iter-0; loss: 0.0408;time per batch:0.0753s
Epoch-2530
————————————————
Iter-0; loss: 0.0395;time per batch:0.0762s
Epoch-2531
————————————————
Iter-0; loss: 0.0255;time per batch:0.0748s
Epoch-2532
————————————————
Iter-0; loss: 0.0627;time per batch:0.0787s
Epoch-2533
————————————————
Iter-0; loss: 0.0202;time per batch:0.0753s
Epoch-2534
————————————————
Iter-0; loss: 0.0291;time per batch:0.0769s
Epoch-2535
————————————————
Iter-0; loss: 0.0368;time per batch:0.0768s
Epoch-2536
————————————————
Iter-0; loss: 0.0315;time per batch:0.0811s
Epoch-2537
————————————————
Iter-0; loss: 0.0261;time per batch:0.0730s
Epoch-2538
————————————————
Iter-0; loss: 0.0192;time per batch:0.0743s
Epoch-2539
————————————————
Iter-0; loss: 0.0213;time per batch:0.0787s
Epoch-2540
————————————————
Iter-0; loss: 0.0605;time per batch:0.0748s
Epoch-2541
————————————————
Iter-0; loss: 0.0179;time per batch:0.0751s
Epoch-2542
————————————————
Iter-0; loss: 0.0267;time per batch:0.0753s
Epoch-2543
————————————————
Iter-0; loss: 0.0090;time per batch:0.0803s
Epoch-2544
————————————————
Iter-0; loss: 0.0098;time per batch:0.0751s
Epoch-2545
————————————————
Iter-0; loss: 0.0599;time per batch:0.0737s
Epoch-2546
————————————————
Iter-0; loss: 0.0150;time per batch:0.0758s
Epoch-2547
————————————————
Iter-0; loss: 0.0250;time per batch:0.0761s
Epoch-2548
————————————————
Iter-0; loss: 0.0194;time per batch:0.0851s
Epoch-2549
————————————————
Iter-0; loss: 0.0387;time per batch:0.0775s
Epoch-2550
————————————————
Iter-0; loss: 0.0222;time per batch:0.0823s
Epoch-2551
————————————————
Iter-0; loss: 0.0559;time per batch:0.0815s
Epoch-2552
————————————————
Iter-0; loss: 0.0129;time per batch:0.0762s
Epoch-2553
————————————————
Iter-0; loss: 0.0412;time per batch:0.0768s
Epoch-2554
————————————————
Iter-0; loss: 0.0495;time per batch:0.0760s
Epoch-2555
————————————————
Iter-0; loss: 0.0160;time per batch:0.0735s
Epoch-2556
————————————————
Iter-0; loss: 0.0285;time per batch:0.0755s
Epoch-2557
————————————————
Iter-0; loss: 0.0185;time per batch:0.0770s
Epoch-2558
————————————————
Iter-0; loss: 0.0338;time per batch:0.0758s
Epoch-2559
————————————————
Iter-0; loss: 0.0241;time per batch:0.0756s
Epoch-2560
————————————————
Iter-0; loss: 0.0291;time per batch:0.0736s
Epoch-2561
————————————————
Iter-0; loss: 0.0404;time per batch:0.0744s
Epoch-2562
————————————————
Iter-0; loss: 0.0369;time per batch:0.0772s
Epoch-2563
————————————————
Iter-0; loss: 0.0137;time per batch:0.0775s
Epoch-2564
————————————————
Iter-0; loss: 0.0386;time per batch:0.0764s
Epoch-2565
————————————————
Iter-0; loss: 0.0308;time per batch:0.0798s
Epoch-2566
————————————————
Iter-0; loss: 0.0482;time per batch:0.0782s
Epoch-2567
————————————————
Iter-0; loss: 0.0411;time per batch:0.0762s
Epoch-2568
————————————————
Iter-0; loss: 0.0294;time per batch:0.0761s
Epoch-2569
————————————————
Iter-0; loss: 0.0217;time per batch:0.0758s
Epoch-2570
————————————————
Iter-0; loss: 0.0186;time per batch:0.0744s
Epoch-2571
————————————————
Iter-0; loss: 0.0348;time per batch:0.0827s
Epoch-2572
————————————————
Iter-0; loss: 0.0293;time per batch:0.0784s
Epoch-2573
————————————————
Iter-0; loss: 0.0464;time per batch:0.0774s
Epoch-2574
————————————————
Iter-0; loss: 0.0328;time per batch:0.0762s
Epoch-2575
————————————————
Iter-0; loss: 0.0218;time per batch:0.0768s
Epoch-2576
————————————————
Iter-0; loss: 0.0359;time per batch:0.0750s
Epoch-2577
————————————————
Iter-0; loss: 0.0843;time per batch:0.0780s
Epoch-2578
————————————————
Iter-0; loss: 0.0263;time per batch:0.0782s
Epoch-2579
————————————————
Iter-0; loss: 0.0236;time per batch:0.0779s
Epoch-2580
————————————————
Iter-0; loss: 0.0232;time per batch:0.0754s
Epoch-2581
————————————————
Iter-0; loss: 0.0218;time per batch:0.0746s
Epoch-2582
————————————————
Iter-0; loss: 0.0083;time per batch:0.0781s
Epoch-2583
————————————————
Iter-0; loss: 0.0275;time per batch:0.0766s
Epoch-2584
————————————————
Iter-0; loss: 0.0403;time per batch:0.0794s
Epoch-2585
————————————————
Iter-0; loss: 0.0419;time per batch:0.0756s
Epoch-2586
————————————————
Iter-0; loss: 0.0124;time per batch:0.0765s
Epoch-2587
————————————————
Iter-0; loss: 0.0622;time per batch:0.0772s
Epoch-2588
————————————————
Iter-0; loss: 0.0369;time per batch:0.0774s
Epoch-2589
————————————————
Iter-0; loss: 0.0249;time per batch:0.0777s
Epoch-2590
————————————————
Iter-0; loss: 0.0317;time per batch:0.0769s
Epoch-2591
————————————————
Iter-0; loss: 0.0380;time per batch:0.0817s
Epoch-2592
————————————————
Iter-0; loss: 0.0270;time per batch:0.0772s
Epoch-2593
————————————————
Iter-0; loss: 0.0406;time per batch:0.0791s
Epoch-2594
————————————————
Iter-0; loss: 0.0274;time per batch:0.0783s
Epoch-2595
————————————————
Iter-0; loss: 0.0351;time per batch:0.0788s
Epoch-2596
————————————————
Iter-0; loss: 0.0200;time per batch:0.0815s
Epoch-2597
————————————————
Iter-0; loss: 0.0341;time per batch:0.0788s
Epoch-2598
————————————————
Iter-0; loss: 0.0463;time per batch:0.0822s
Epoch-2599
————————————————
Iter-0; loss: 0.0311;time per batch:0.0764s
Epoch-2600
————————————————
Iter-0; loss: 0.0416;time per batch:0.0781s
Epoch-2601
————————————————
Iter-0; loss: 0.0422;time per batch:0.0779s
Epoch-2602
————————————————
Iter-0; loss: 0.0339;time per batch:0.0784s
Epoch-2603
————————————————
Iter-0; loss: 0.0297;time per batch:0.0777s
Epoch-2604
————————————————
Iter-0; loss: 0.0395;time per batch:0.0792s
Epoch-2605
————————————————
Iter-0; loss: 0.0408;time per batch:0.0791s
Epoch-2606
————————————————
Iter-0; loss: 0.0362;time per batch:0.0754s
Epoch-2607
————————————————
Iter-0; loss: 0.0286;time per batch:0.0804s
Epoch-2608
————————————————
Iter-0; loss: 0.0483;time per batch:0.0789s
Epoch-2609
————————————————
Iter-0; loss: 0.0231;time per batch:0.0770s
Epoch-2610
————————————————
Iter-0; loss: 0.0329;time per batch:0.0789s
Epoch-2611
————————————————
Iter-0; loss: 0.0321;time per batch:0.0776s
Epoch-2612
————————————————
Iter-0; loss: 0.0530;time per batch:0.0783s
Epoch-2613
————————————————
Iter-0; loss: 0.0423;time per batch:0.0784s
Epoch-2614
————————————————
Iter-0; loss: 0.0260;time per batch:0.0743s
Epoch-2615
————————————————
Iter-0; loss: 0.0446;time per batch:0.0760s
Epoch-2616
————————————————
Iter-0; loss: 0.0523;time per batch:0.0800s
Epoch-2617
————————————————
Iter-0; loss: 0.0080;time per batch:0.0866s
Epoch-2618
————————————————
Iter-0; loss: 0.0198;time per batch:0.0797s
Epoch-2619
————————————————
Iter-0; loss: 0.0416;time per batch:0.0753s
Epoch-2620
————————————————
Iter-0; loss: 0.0253;time per batch:0.0777s
Epoch-2621
————————————————
Iter-0; loss: 0.0308;time per batch:0.0761s
Epoch-2622
————————————————
Iter-0; loss: 0.0308;time per batch:0.0758s
Epoch-2623
————————————————
Iter-0; loss: 0.0401;time per batch:0.0789s
Epoch-2624
————————————————
Iter-0; loss: 0.0286;time per batch:0.0754s
Epoch-2625
————————————————
Iter-0; loss: 0.0165;time per batch:0.0771s
Epoch-2626
————————————————
Iter-0; loss: 0.0395;time per batch:0.0806s
Epoch-2627
————————————————
Iter-0; loss: 0.0170;time per batch:0.0789s
Epoch-2628
————————————————
Iter-0; loss: 0.0709;time per batch:0.0765s
Epoch-2629
————————————————
Iter-0; loss: 0.0249;time per batch:0.0751s
Epoch-2630
————————————————
Iter-0; loss: 0.0248;time per batch:0.0766s
Epoch-2631
————————————————
Iter-0; loss: 0.0258;time per batch:0.0817s
Epoch-2632
————————————————
Iter-0; loss: 0.0432;time per batch:0.0767s
Epoch-2633
————————————————
Iter-0; loss: 0.0128;time per batch:0.0793s
Epoch-2634
————————————————
Iter-0; loss: 0.0373;time per batch:0.0791s
Epoch-2635
————————————————
Iter-0; loss: 0.0354;time per batch:0.0774s
Epoch-2636
————————————————
Iter-0; loss: 0.0346;time per batch:0.0746s
Epoch-2637
————————————————
Iter-0; loss: 0.0273;time per batch:0.0789s
Epoch-2638
————————————————
Iter-0; loss: 0.0430;time per batch:0.0792s
Epoch-2639
————————————————
Iter-0; loss: 0.0491;time per batch:0.0777s
Epoch-2640
————————————————
Iter-0; loss: 0.0573;time per batch:0.0798s
Epoch-2641
————————————————
Iter-0; loss: 0.0604;time per batch:0.0770s
Epoch-2642
————————————————
Iter-0; loss: 0.0430;time per batch:0.0753s
Epoch-2643
————————————————
Iter-0; loss: 0.0197;time per batch:0.0786s
Epoch-2644
————————————————
Iter-0; loss: 0.0118;time per batch:0.0765s
Epoch-2645
————————————————
Iter-0; loss: 0.0541;time per batch:0.0779s
Epoch-2646
————————————————
Iter-0; loss: 0.0536;time per batch:0.0763s
Epoch-2647
————————————————
Iter-0; loss: 0.0428;time per batch:0.0774s
Epoch-2648
————————————————
Iter-0; loss: 0.0244;time per batch:0.0788s
Epoch-2649
————————————————
Iter-0; loss: 0.0444;time per batch:0.0778s
Epoch-2650
————————————————
Iter-0; loss: 0.0317;time per batch:0.0846s
Epoch-2651
————————————————
Iter-0; loss: 0.0314;time per batch:0.0779s
Epoch-2652
————————————————
Iter-0; loss: 0.0020;time per batch:0.0727s
Epoch-2653
————————————————
Iter-0; loss: 0.0190;time per batch:0.0761s
Epoch-2654
————————————————
Iter-0; loss: 0.0418;time per batch:0.0830s
Epoch-2655
————————————————
Iter-0; loss: 0.0391;time per batch:0.0786s
Epoch-2656
————————————————
Iter-0; loss: 0.0414;time per batch:0.0765s
Epoch-2657
————————————————
Iter-0; loss: 0.0141;time per batch:0.0765s
Epoch-2658
————————————————
Iter-0; loss: 0.0176;time per batch:0.0773s
Epoch-2659
————————————————
Iter-0; loss: 0.0342;time per batch:0.0792s
Epoch-2660
————————————————
Iter-0; loss: 0.0269;time per batch:0.0767s
Epoch-2661
————————————————
Iter-0; loss: 0.0238;time per batch:0.0807s
Epoch-2662
————————————————
Iter-0; loss: 0.0283;time per batch:0.0750s
Epoch-2663
————————————————
Iter-0; loss: 0.0587;time per batch:0.0796s
Epoch-2664
————————————————
Iter-0; loss: 0.0104;time per batch:0.0794s
Epoch-2665
————————————————
Iter-0; loss: 0.0329;time per batch:0.0765s
Epoch-2666
————————————————
Iter-0; loss: 0.0355;time per batch:0.0766s
Epoch-2667
————————————————
Iter-0; loss: 0.0316;time per batch:0.0791s
Epoch-2668
————————————————
Iter-0; loss: 0.0136;time per batch:0.1030s
Epoch-2669
————————————————
Iter-0; loss: 0.0301;time per batch:0.0767s
Epoch-2670
————————————————
Iter-0; loss: 0.0265;time per batch:0.0751s
Epoch-2671
————————————————
Iter-0; loss: 0.0183;time per batch:0.0735s
Epoch-2672
————————————————
Iter-0; loss: 0.0395;time per batch:0.0741s
Epoch-2673
————————————————
Iter-0; loss: 0.0292;time per batch:0.0740s
Epoch-2674
————————————————
Iter-0; loss: 0.0177;time per batch:0.0766s
Epoch-2675
————————————————
Iter-0; loss: 0.0235;time per batch:0.0753s
Epoch-2676
————————————————
Iter-0; loss: 0.0527;time per batch:0.0765s
Epoch-2677
————————————————
Iter-0; loss: 0.0171;time per batch:0.0771s
Epoch-2678
————————————————
Iter-0; loss: 0.0468;time per batch:0.0753s
Epoch-2679
————————————————
Iter-0; loss: 0.0398;time per batch:0.0743s
Epoch-2680
————————————————
Iter-0; loss: 0.0290;time per batch:0.0760s
Epoch-2681
————————————————
Iter-0; loss: 0.0243;time per batch:0.0754s
Epoch-2682
————————————————
Iter-0; loss: 0.0413;time per batch:0.0762s
Epoch-2683
————————————————
Iter-0; loss: 0.0347;time per batch:0.0752s
Epoch-2684
————————————————
Iter-0; loss: 0.0235;time per batch:0.0751s
Epoch-2685
————————————————
Iter-0; loss: 0.0175;time per batch:0.0761s
Epoch-2686
————————————————
Iter-0; loss: 0.0425;time per batch:0.0758s
Epoch-2687
————————————————
Iter-0; loss: 0.0160;time per batch:0.0800s
Epoch-2688
————————————————
Iter-0; loss: 0.0314;time per batch:0.0762s
Epoch-2689
————————————————
Iter-0; loss: 0.0142;time per batch:0.0779s
Epoch-2690
————————————————
Iter-0; loss: 0.0293;time per batch:0.0760s
Epoch-2691
————————————————
Iter-0; loss: 0.0492;time per batch:0.0727s
Epoch-2692
————————————————
Iter-0; loss: 0.0490;time per batch:0.0736s
Epoch-2693
————————————————
Iter-0; loss: 0.0339;time per batch:0.0738s
Epoch-2694
————————————————
Iter-0; loss: 0.0330;time per batch:0.0762s
Epoch-2695
————————————————
Iter-0; loss: 0.0206;time per batch:0.0749s
Epoch-2696
————————————————
Iter-0; loss: 0.0180;time per batch:0.0760s
Epoch-2697
————————————————
Iter-0; loss: 0.0457;time per batch:0.0766s
Epoch-2698
————————————————
Iter-0; loss: 0.0130;time per batch:0.0744s
Epoch-2699
————————————————
Iter-0; loss: 0.0316;time per batch:0.0748s
Epoch-2700
————————————————
Iter-0; loss: 0.0431;time per batch:0.0748s
Epoch-2701
————————————————
Iter-0; loss: 0.0328;time per batch:0.0729s
Epoch-2702
————————————————
Iter-0; loss: 0.0317;time per batch:0.0769s
Epoch-2703
————————————————
Iter-0; loss: 0.0262;time per batch:0.0747s
Epoch-2704
————————————————
Iter-0; loss: 0.0419;time per batch:0.0812s
Epoch-2705
————————————————
Iter-0; loss: 0.0539;time per batch:0.0774s
Epoch-2706
————————————————
Iter-0; loss: 0.0356;time per batch:0.0814s
Epoch-2707
————————————————
Iter-0; loss: 0.0088;time per batch:0.0760s
Epoch-2708
————————————————
Iter-0; loss: 0.0238;time per batch:0.0741s
Epoch-2709
————————————————
Iter-0; loss: 0.0254;time per batch:0.0790s
Epoch-2710
————————————————
Iter-0; loss: 0.0638;time per batch:0.0751s
Epoch-2711
————————————————
Iter-0; loss: 0.0248;time per batch:0.0750s
Epoch-2712
————————————————
Iter-0; loss: 0.0284;time per batch:0.0787s
Epoch-2713
————————————————
Iter-0; loss: 0.0298;time per batch:0.0743s
Epoch-2714
————————————————
Iter-0; loss: 0.0275;time per batch:0.0738s
Epoch-2715
————————————————
Iter-0; loss: 0.0281;time per batch:0.0782s
Epoch-2716
————————————————
Iter-0; loss: 0.0376;time per batch:0.0720s
Epoch-2717
————————————————
Iter-0; loss: 0.0278;time per batch:0.0704s
Epoch-2718
————————————————
Iter-0; loss: 0.0064;time per batch:0.0744s
Epoch-2719
————————————————
Iter-0; loss: 0.0365;time per batch:0.0726s
Epoch-2720
————————————————
Iter-0; loss: 0.0212;time per batch:0.0735s
Epoch-2721
————————————————
Iter-0; loss: 0.0232;time per batch:0.1067s
Epoch-2722
————————————————
Iter-0; loss: 0.0351;time per batch:0.0757s
Epoch-2723
————————————————
Iter-0; loss: 0.0230;time per batch:0.0716s
Epoch-2724
————————————————
Iter-0; loss: 0.0026;time per batch:0.0753s
Epoch-2725
————————————————
Iter-0; loss: 0.0142;time per batch:0.0736s
Epoch-2726
————————————————
Iter-0; loss: 0.0295;time per batch:0.0716s
Epoch-2727
————————————————
Iter-0; loss: 0.0305;time per batch:0.0751s
Epoch-2728
————————————————
Iter-0; loss: 0.0246;time per batch:0.0742s
Epoch-2729
————————————————
Iter-0; loss: 0.0543;time per batch:0.0748s
Epoch-2730
————————————————
Iter-0; loss: 0.0309;time per batch:0.0763s
Epoch-2731
————————————————
Iter-0; loss: 0.0285;time per batch:0.0704s
Epoch-2732
————————————————
Iter-0; loss: 0.0271;time per batch:0.0727s
Epoch-2733
————————————————
Iter-0; loss: 0.0302;time per batch:0.0728s
Epoch-2734
————————————————
Iter-0; loss: 0.0240;time per batch:0.0777s
Epoch-2735
————————————————
Iter-0; loss: 0.0209;time per batch:0.0769s
Epoch-2736
————————————————
Iter-0; loss: 0.0275;time per batch:0.0737s
Epoch-2737
————————————————
Iter-0; loss: 0.0344;time per batch:0.0704s
Epoch-2738
————————————————
Iter-0; loss: 0.0508;time per batch:0.0726s
Epoch-2739
————————————————
Iter-0; loss: 0.0371;time per batch:0.0730s
Epoch-2740
————————————————
Iter-0; loss: 0.0648;time per batch:0.0741s
Epoch-2741
————————————————
Iter-0; loss: 0.0268;time per batch:0.0731s
Epoch-2742
————————————————
Iter-0; loss: 0.0525;time per batch:0.0728s
Epoch-2743
————————————————
Iter-0; loss: 0.0194;time per batch:0.0752s
Epoch-2744
————————————————
Iter-0; loss: 0.0420;time per batch:0.0724s
Epoch-2745
————————————————
Iter-0; loss: 0.0104;time per batch:0.0728s
Epoch-2746
————————————————
Iter-0; loss: 0.0208;time per batch:0.0734s
Epoch-2747
————————————————
Iter-0; loss: 0.0218;time per batch:0.0716s
Epoch-2748
————————————————
Iter-0; loss: 0.0241;time per batch:0.0712s
Epoch-2749
————————————————
Iter-0; loss: 0.0218;time per batch:0.0712s
Epoch-2750
————————————————
Iter-0; loss: 0.0302;time per batch:0.0727s
validation results:
Mean Rank: 283
Mean RR: 0.0692
Hit@1: 0.0208
Hit@3: 0.0616
Hit@5: 0.0984
Hit@10: 0.1688
test result:
Mean Rank: 313
Mean RR: 0.0744
Hit@1: 0.0296
Hit@3: 0.0680
Hit@5: 0.1000
Hit@10: 0.1672
