triplet_id	entity	entity_type	relationship	target	target_type	start_date	end_date	ticker	year	source_file	chunk_id
amzn_2020_page_66_chunk_3_triplet_5	amzn	ORG	produces	subscription service	PRODUCT	January 2020	December 2020	AMZN	2020	AMZN_10k_2020.pdf	chunk_3
amzn_2018_page_41_chunk_1_triplet_7	amzn	ORG	produces	advertising service	PRODUCT	January 2018	December 2018	AMZN	2018	AMZN_10k_2018.pdf	chunk_1
aapl_2018_page_29_chunk_3_triplet_4	aapl	ORG	produces	iphone	PRODUCT	January 2018	December 2018	AAPL	2018	AAPL_10k_2018.pdf	chunk_3
ctas_2014_page_16_chunk_2_triplet_3	ctas	ORG	produces	safety service	PRODUCT	January 2014	December 2014	CTAS	2014	CTAS_10k_2014.pdf	chunk_2
pm_2017_page_37_chunk_2_triplet_5	pm	ORG	produces	chesterfield	PRODUCT	January 2017	December 2017	PM	2017	PM_10k_2017.pdf	chunk_2
khc_2015_page_4_chunk_2_triplet_20	khc	ORG	produces	kraft mayo and miracle whip spoonable dressing	PRODUCT	January 2015	December 2015	KHC	2015	KHC_10k_2015.pdf	chunk_2
bf-b_2015_page_18_chunk_1_triplet_6	bf-b	ORG	produces	saw mill	PRODUCT	January 2015	December 2015	BF-B	2015	BF-B_10k_2015.pdf	chunk_1
rcl_2023_page_16_chunk_5_triplet_3	rcl	ORG	produces	trademark	PRODUCT	January 2023	December 2023	RCL	2023	RCL_10k_2023.pdf	chunk_5
cat_2022_page_131_chunk_1_triplet_38	construction industry	SEGMENT	produces	mini track excavator	PRODUCT	January 2022	December 2022	CAT	2022	CAT_10k_2022.pdf	chunk_1
vz_2018_page_20_chunk_5_triplet_2	vz	ORG	produces	cable	PRODUCT	January 2018	December 2018	VZ	2018	VZ_10k_2018.pdf	chunk_5
ctas_2014_page_15_chunk_1_triplet_10	ctas	ORG	produces	safety and fire protection product	PRODUCT	default_start_timestamp	default_end_timestamp	CTAS	2014	CTAS_10k_2014.pdf	chunk_1
cat_2024_page_4_chunk_1_triplet_7	cat	ORG	produces	off-highway diesel and natural gas engine	PRODUCT	January 2024	December 2024	CAT	2024	CAT_10k_2024.pdf	chunk_1
rcl_2020_page_16_chunk_2_triplet_18	rcl	SEGMENT	produces	tui cruise	PRODUCT	July 2024	September 2024	RCL	2020	RCL_10k_2020.pdf	chunk_2
bf-b_2016_page_4_chunk_2_triplet_22	bf-b	ORG	produces	korbel california brandy	PRODUCT	default_start_timestamp	default_end_timestamp	BF-B	2016	BF-B_10k_2016.pdf	chunk_2
tel_2020_page_5_chunk_1_triplet_7	tel	ORG	produces	wire and heat shrink tube	PRODUCT	January 2020	December 2020	TEL	2020	TEL_10k_2020.pdf	chunk_1
rcl_2017_page_57_chunk_1_triplet_4	rcl	ORG	produces	anthem of the sea	PRODUCT	January 2017	December 2017	RCL	2017	RCL_10k_2017.pdf	chunk_1
cnp_2018_page_15_chunk_3_triplet_29	cerc	SEGMENT	produces	residential appliance repair and maintenance	PRODUCT	January 2018	December 2018	CNP	2018	CNP_10k_2018.pdf	chunk_3
ctas_2014_page_38_chunk_1_triplet_10	ctas	ORG	produces	safety and fire protection product	PRODUCT	January 2014	December 2014	CTAS	2014	CTAS_10k_2014.pdf	chunk_1
pom_2015_page_329_chunk_1_triplet_5	ace	ORG	produces	basic generation service	PRODUCT	January 2015	December 2015	POM	2015	POM_10k_2015.pdf	chunk_1
cat_2015_page_93_chunk_2_triplet_4	cat	ORG	produces	machinery , energy & transportation	PRODUCT	January 2015	December 2015	CAT	2015	CAT_10k_2015.pdf	chunk_2
cat_2019_page_137_chunk_1_triplet_61	cat	ORG	produces	wheel dozer	PRODUCT	January 2019	December 2019	CAT	2019	CAT_10k_2019.pdf	chunk_1
cat_2018_page_5_chunk_3_triplet_4	cat	ORG	produces	heavy construction equipment	PRODUCT	January 2018	December 2018	CAT	2018	CAT_10k_2018.pdf	chunk_3
rcl_2019_page_17_chunk_1_triplet_4	rcl	ORG	produces	game	PRODUCT	January 2019	December 2019	RCL	2019	RCL_10k_2019.pdf	chunk_1
amzn_2018_page_67_chunk_3_triplet_13	amzn	ORG	produces	e-books	PRODUCT	January 2018	December 2018	AMZN	2018	AMZN_10k_2018.pdf	chunk_3
cat_2021_page_44_chunk_1_triplet_9	energy & transportation	SEGMENT	produces	diesel-electric locomotive	PRODUCT	January 2021	December 2021	CAT	2021	CAT_10k_2021.pdf	chunk_1
cmcsa_2015_page_174_chunk_3_triplet_20	cmcsa	ORG	produces	content	PRODUCT	January 2015	December 2015	CMCSA	2015	CMCSA_10k_2015.pdf	chunk_3
bf-b_2023_page_5_chunk_1_triplet_1	bf-b	ORG	produces	jack daniel 's rtd	PRODUCT	January 2023	December 2023	BF-B	2023	BF-B_10k_2023.pdf	chunk_1
ctas_2022_page_4_chunk_1_triplet_11	ctas	ORG	produces	test service	PRODUCT	January 2022	December 2022	CTAS	2022	CTAS_10k_2022.pdf	chunk_1
aap_2020_page_5_chunk_2_triplet_58	aap	ORG	produces	transmission fluid	PRODUCT	January 2020	December 2020	AAP	2020	AAP_10k_2020.pdf	chunk_2
tgna_2015_page_19_chunk_3_triplet_6	medium segment	SEGMENT	produces	other revenue	FIN_METRIC	January 2015	default_end_timestamp	TGNA	2015	TGNA_10k_2015.pdf	chunk_3
amzn_2022_page_53_chunk_7_triplet_27	amzn	ORG	produces	cloud service	PRODUCT	January 2022	December 2022	AMZN	2022	AMZN_10k_2022.pdf	chunk_7
cmcsa_2022_page_10_chunk_1_triplet_15	nbcuniversal	SEGMENT	produces	entertainment content	PRODUCT	January 2022	December 2022	CMCSA	2022	CMCSA_10k_2022.pdf	chunk_1
aapl_2014_page_32_chunk_7_triplet_6	aapl	ORG	produces	iphone 6 plus	PRODUCT	September 2014	September 2014	AAPL	2014	AAPL_10k_2014.pdf	chunk_7
ctas_2022_page_7_chunk_1_triplet_25	ctas	ORG	produces	hand sanitizer	PRODUCT	January 2022	December 2022	CTAS	2022	CTAS_10k_2022.pdf	chunk_1
cat_2024_page_66_chunk_1_triplet_7	cat	ORG	produces	mwm	PRODUCT	January 2024	December 2024	CAT	2024	CAT_10k_2024.pdf	chunk_1
cnp_2015_page_7_chunk_1_triplet_15	centerpoint houston	SEGMENT	produces	substation	PRODUCT	December 2015	December 2015	CNP	2015	CNP_10k_2015.pdf	chunk_1
cat_2016_page_145_chunk_1_triplet_61	energy & transportation	SEGMENT	produces	reciprocate engine	PRODUCT	January 2016	December 2016	CAT	2016	CAT_10k_2016.pdf	chunk_1
cat_2020_page_6_chunk_1_triplet_30	cat	ORG	produces	reciprocate engine	PRODUCT	January 2020	December 2020	CAT	2020	CAT_10k_2020.pdf	chunk_1
aap_2019_page_6_chunk_2_triplet_20	aap	ORG	produces	air freshener	PRODUCT	January 2019	December 2019	AAP	2019	AAP_10k_2019.pdf	chunk_2
cat_2017_page_139_chunk_1_triplet_56	cat	ORG	produces	oil and gas solution	PRODUCT	January 2017	December 2017	CAT	2017	CAT_10k_2017.pdf	chunk_1
bf-b_2016_page_5_chunk_1_triplet_6	bf-b	ORG	produces	sponsorship	CONCEPT	January 2016	December 2016	BF-B	2016	BF-B_10k_2016.pdf	chunk_1
panw_2024_page_6_chunk_1_triplet_12	panw	ORG	produces	cn-series	PRODUCT	January 2024	December 2024	PANW	2024	PANW_10k_2024.pdf	chunk_1
cat_2015_page_140_chunk_1_triplet_14	all other operating segment	SEGMENT	produces	undercarriage	PRODUCT	January 2015	December 2015	CAT	2015	CAT_10k_2015.pdf	chunk_1
gme_2014_page_10_chunk_1_triplet_6	gme	ORG	produces	dlc	PRODUCT	January 2014	December 2014	GME	2014	GME_10k_2014.pdf	chunk_1
cat_2015_page_51_chunk_1_triplet_31	resource industry	SEGMENT	produces	hardrock continuous mining system	PRODUCT	January 2015	December 2015	CAT	2015	CAT_10k_2015.pdf	chunk_1
aapl_2018_page_5_chunk_1_triplet_19	aapl	ORG	produces	app store	PRODUCT	January 2008	default	AAPL	2018	AAPL_10k_2018.pdf	chunk_1
pm_2021_page_34_chunk_3_triplet_3	pm	ORG	produces	official product name	PRODUCT	January 2021	December 2021	PM	2021	PM_10k_2021.pdf	chunk_3
cat_2015_page_4_chunk_1_triplet_6	cat	ORG	produces	construction and mining equipment	PRODUCT	January 2015	December 2015	CAT	2015	CAT_10k_2015.pdf	chunk_1
aap_2020_page_5_chunk_2_triplet_55	aap	ORG	produces	oil filter	PRODUCT	January 2020	December 2020	AAP	2020	AAP_10k_2020.pdf	chunk_2
rcl_2022_page_14_chunk_2_triplet_3	rcl	ORG	produces	spectrum of the sea	PRODUCT	January 2019	December 2019	RCL	2022	RCL_10k_2022.pdf	chunk_2
cat_2016_page_145_chunk_1_triplet_44	resource industry	SEGMENT	produces	off-highway truck	PRODUCT	January 2016	December 2016	CAT	2016	CAT_10k_2016.pdf	chunk_1
cmcsa_2024_page_7_chunk_1_triplet_3	cmcsa	ORG	produces	docsis 3.1	PRODUCT	January 2024	December 2024	CMCSA	2024	CMCSA_10k_2024.pdf	chunk_1
pm_2018_page_26_chunk_1_triplet_2	pm	ORG	produces	roll-your-own	PRODUCT	January 2018	December 2018	PM	2018	PM_10k_2018.pdf	chunk_1
pm_2017_page_77_chunk_2_triplet_6	pm	ORG	produces	delicados	PRODUCT	January 2017	December 2017	PM	2017	PM_10k_2017.pdf	chunk_2
ctas_2024_page_3_chunk_1_triplet_9	ctas	ORG	produces	safety product	PRODUCT	January 2024	December 2024	CTAS	2024	CTAS_10k_2024.pdf	chunk_1
tel_2019_page_98_chunk_2_triplet_4	tel	ORG	produces	industrial equipment	PRODUCT	January 2019	December 2019	TEL	2019	TEL_10k_2019.pdf	chunk_2
pm_2022_page_34_chunk_3_triplet_10	pm	ORG	produces	heets dimension	PRODUCT	January 2022	December 2022	PM	2022	PM_10k_2022.pdf	chunk_3
cmcsa_2024_page_44_chunk_1_triplet_11	cmcsa	ORG	produces	technology	PRODUCT	January 2024	December 2024	CMCSA	2024	CMCSA_10k_2024.pdf	chunk_1
cnp_2021_page_182_chunk_2_triplet_4	cnp	ORG	produces	retail gas sale	PRODUCT	January 2021	December 2021	CNP	2021	CNP_10k_2021.pdf	chunk_2
khc_2022_page_29_chunk_1_triplet_1	khc	ORG	produces	food and beverage product	PRODUCT	January 2022	December 2022	KHC	2022	KHC_10k_2022.pdf	chunk_1
amzn_2014_page_70_chunk_3_triplet_3	amzn	ORG	produces	co-branded card	PRODUCT	January 2014	December 2014	AMZN	2014	AMZN_10k_2014.pdf	chunk_3
cat_2016_page_5_chunk_2_triplet_20	cat	ORG	produces	prep tractor	PRODUCT	January 2016	December 2016	CAT	2016	CAT_10k_2016.pdf	chunk_2
cat_2016_page_145_chunk_1_triplet_19	construction industry	SEGMENT	produces	select work tool	PRODUCT	January 2016	December 2016	CAT	2016	CAT_10k_2016.pdf	chunk_1
tfc_2023_page_153_chunk_3_triplet_16	tfc	ORG	produces	estate planning	PRODUCT	January 2023	December 2023	TFC	2023	TFC_10k_2023.pdf	chunk_3
bf-b_2023_page_65_chunk_5_triplet_18	bf-b	ORG	produces	bottling service	SERVICE	January 2023	December 2023	BF-B	2023	BF-B_10k_2023.pdf	chunk_5
rcl_2017_page_15_chunk_1_triplet_7	meyer turku shipyard	COMP	produces	ship	PRODUCT	January 2017	December 2017	RCL	2017	RCL_10k_2017.pdf	chunk_1
tfc_2022_page_81_chunk_1_triplet_2	tfc	ORG	produces	trs business loan	FIN_INST	January 2022	December 2022	TFC	2022	TFC_10k_2022.pdf	chunk_1
cat_2017_page_50_chunk_1_triplet_31	energy & transportation	SEGMENT	produces	marine and oil and gas industry solution	PRODUCT	January 2017	December 2017	CAT	2017	CAT_10k_2017.pdf	chunk_1
amzn_2016_page_23_chunk_1_triplet_13	amzn	ORG	produces	advertising service	PRODUCT	January 2016	December 2016	AMZN	2016	AMZN_10k_2016.pdf	chunk_1
pm_2018_page_26_chunk_1_triplet_6	pm	ORG	produces	cigarillo	PRODUCT	January 2018	December 2018	PM	2018	PM_10k_2018.pdf	chunk_1
cat_2016_page_145_chunk_1_triplet_56	resource industry	SEGMENT	produces	electronics and control system	PRODUCT	January 2016	December 2016	CAT	2016	CAT_10k_2016.pdf	chunk_1
aap_2016_page_7_chunk_2_triplet_40	aap	ORG	produces	fuel additive	PRODUCT	January 2016	December 2016	AAP	2016	AAP_10k_2016.pdf	chunk_2
cat_2014_page_5_chunk_1_triplet_3	cat	ORG	produces	backhoe loader	PRODUCT	January 2014	December 2014	CAT	2014	CAT_10k_2014.pdf	chunk_1
vz_2020_page_68_chunk_3_triplet_10	vz	ORG	produces	interest on equipment financing	PRODUCT	January 2020	December 2020	VZ	2020	VZ_10k_2020.pdf	chunk_3
amzn_2019_page_24_chunk_1_triplet_15	amzn	ORG	produces	digital content subscription	PRODUCT	January 2019	December 2019	AMZN	2019	AMZN_10k_2019.pdf	chunk_1
aapl_2020_page_41_chunk_1_triplet_7	aapl	ORG	produces	product	PRODUCT	January 2020	December 2020	AAPL	2020	AAPL_10k_2020.pdf	chunk_1
ctas_2015_page_15_chunk_1_triplet_5	ctas	ORG	produces	uniform	PRODUCT	January 2015	default_end_timestamp	CTAS	2015	CTAS_10k_2015.pdf	chunk_1
rcl_2021_page_13_chunk_2_triplet_8	rcl	ORG	produces	quantum of the sea	PRODUCT	January 2014	December 2014	RCL	2021	RCL_10k_2021.pdf	chunk_2
rcl_2015_page_94_chunk_4_triplet_3	rcl	ORG	produces	new cruise ship	PRODUCT	January 2015	December 2015	RCL	2015	RCL_10k_2015.pdf	chunk_4
cmcsa_2014_page_122_chunk_4_triplet_60	cmcsa	ORG	produces	operate income	FIN_METRIC	January 2014	December 2014	CMCSA	2014	CMCSA_10k_2014.pdf	chunk_4
aapl_2018_page_5_chunk_1_triplet_1	aapl	ORG	produces	ipad	PRODUCT	April 2010	default_end_timestamp	AAPL	2018	AAPL_10k_2018.pdf	chunk_1
aapl_2015_page_26_chunk_3_triplet_12	aapl	ORG	produces	licensing	PRODUCT	January 2015	December 2015	AAPL	2015	AAPL_10k_2015.pdf	chunk_3
aapl_2017_page_3_chunk_1_triplet_2	aapl	ORG	produces	ipad	PRODUCT	January 2017	December 2017	AAPL	2017	AAPL_10k_2017.pdf	chunk_1
aap_2019_page_40_chunk_1_triplet_12	aap	ORG	produces	battery	PRODUCT	January 2019	December 2019	AAP	2019	AAP_10k_2019.pdf	chunk_1
cat_2019_page_5_chunk_3_triplet_32	cat	ORG	produces	on-highway vocational truck	PRODUCT	January 2019	December 2019	CAT	2019	CAT_10k_2019.pdf	chunk_3
aap_2021_page_6_chunk_2_triplet_2	aap	ORG	produces	battery accessory	PRODUCT	January 2021	December 2021	AAP	2021	AAP_10k_2021.pdf	chunk_2
aapl_2015_page_26_chunk_3_triplet_15	aapl	ORG	produces	apple watch	PRODUCT	January 2015	December 2015	AAPL	2015	AAPL_10k_2015.pdf	chunk_3
aapl_2016_page_5_chunk_1_triplet_13	aapl	ORG	produces	apple watch series 2	PRODUCT	September 2016	December 2016	AAPL	2016	AAPL_10k_2016.pdf	chunk_1
khc_2018_page_6_chunk_2_triplet_4	khc	ORG	produces	frozen and chill meal	PRODUCT	January 2018	December 2018	KHC	2018	KHC_10k_2018.pdf	chunk_2
cat_2015_page_5_chunk_1_triplet_32	cat	ORG	produces	hard rock vehicle	PRODUCT	January 2015	December 2015	CAT	2015	CAT_10k_2015.pdf	chunk_1
rcl_2023_page_11_chunk_2_triplet_5	rcl	ORG	produces	spectrum of the sea	PRODUCT	January 2023	December 2023	RCL	2023	RCL_10k_2023.pdf	chunk_2
vz_2018_page_4_chunk_1_triplet_2	vz	ORG	produces	hd voice	PRODUCT	January 2018	December 2018	VZ	2018	VZ_10k_2018.pdf	chunk_1
cat_2018_page_5_chunk_2_triplet_23	cat	ORG	produces	track-type loader	PRODUCT	January 2018	December 2018	CAT	2018	CAT_10k_2018.pdf	chunk_2
ctas_2017_page_15_chunk_1_triplet_19	ctas	ORG	produces	storage	PRODUCT	November 2014	December 2017	CTAS	2017	CTAS_10k_2017.pdf	chunk_1
bf-b_2016_page_32_chunk_2_triplet_7	bf-b	ORG	produces	finlandia	PRODUCT	January 2016	December 2016	BF-B	2016	BF-B_10k_2016.pdf	chunk_2
khc_2017_page_8_chunk_2_triplet_8	khc	ORG	produces	maxwell house	PRODUCT	January 2017	December 2017	KHC	2017	KHC_10k_2017.pdf	chunk_2
ctas_2017_page_16_chunk_2_triplet_3	ctas	ORG	produces	first aid service	PRODUCT	January 2017	December 2017	CTAS	2017	CTAS_10k_2017.pdf	chunk_2
cnp_2019_page_22_chunk_1_triplet_11	cnp	ORG	produces	produced water gathering	PRODUCT	January 2019	December 2019	CNP	2019	CNP_10k_2019.pdf	chunk_1
cmcsa_2023_page_4_chunk_1_triplet_17	cmcsa	ORG	produces	news content	PRODUCT	January 2023	December 2023	CMCSA	2023	CMCSA_10k_2023.pdf	chunk_1
aapl_2017_page_3_chunk_1_triplet_16	aapl	ORG	produces	applecare	PRODUCT	January 2017	December 2017	AAPL	2017	AAPL_10k_2017.pdf	chunk_1
bf-b_2016_page_32_chunk_3_triplet_10	bf-b	ORG	produces	jack daniel 's single barrel collection	PRODUCT	January 2016	December 2016	BF-B	2016	BF-B_10k_2016.pdf	chunk_3
tel_2015_page_9_chunk_1_triplet_50	tel	ORG	produces	industrial automation	PRODUCT	January 2015	December 2015	TEL	2015	TEL_10k_2015.pdf	chunk_1
panw_2024_page_45_chunk_1_triplet_2	panw	ORG	produces	cortex x sia m	PRODUCT	January 2024	December 2024	PANW	2024	PANW_10k_2024.pdf	chunk_1
tel_2020_page_5_chunk_1_triplet_20	tel	ORG	produces	interventional medical component	PRODUCT	January 2020	December 2020	TEL	2020	TEL_10k_2020.pdf	chunk_1
tfc_2024_page_7_chunk_2_triplet_29	tfc	ORG	produces	wealth management	PRODUCT	January 2024	December 2024	TFC	2024	TFC_10k_2024.pdf	chunk_2
tel_2022_page_5_chunk_3_triplet_10	transportation solution	SEGMENT	produces	advanced auto connectivity	PRODUCT	January 2022	December 2022	TEL	2022	TEL_10k_2022.pdf	chunk_3
cmcsa_2015_page_59_chunk_1_triplet_11	cmcsa	ORG	produces	program	PRODUCT	January 2015	December 2015	CMCSA	2015	CMCSA_10k_2015.pdf	chunk_1
cat_2018_page_142_chunk_1_triplet_33	energy & transportation	SEGMENT	produces	on-highway vocational truck	PRODUCT	January 2018	December 2018	CAT	2018	CAT_10k_2018.pdf	chunk_1
cat_2021_page_5_chunk_5_triplet_14	cat	SEGMENT	produces	diesel-electric locomotive	PRODUCT	January 2021	December 2021	CAT	2021	CAT_10k_2021.pdf	chunk_5
ctas_2019_page_3_chunk_1_triplet_11	ctas	ORG	produces	test service	PRODUCT	January 2019	December 2019	CTAS	2019	CTAS_10k_2019.pdf	chunk_1
cmcsa_2014_page_122_chunk_4_triplet_62	cmcsa	ORG	produces	asset	FIN_METRIC	January 2014	December 2014	CMCSA	2014	CMCSA_10k_2014.pdf	chunk_4
aapl_2020_page_24_chunk_3_triplet_5	aapl	ORG	produces	apple tv device	PRODUCT	January 2020	December 2020	AAPL	2020	AAPL_10k_2020.pdf	chunk_3
tfc_2020_page_40_chunk_1_triplet_2	tfc	ORG	produces	payment service	PRODUCT	January 2020	December 2020	TFC	2020	TFC_10k_2020.pdf	chunk_1
cat_2021_page_5_chunk_5_triplet_12	energy & transportation	SEGMENT	produces	remanufactured engine	PRODUCT	January 2021	December 2021	CAT	2021	CAT_10k_2021.pdf	chunk_5
cat_2020_page_5_chunk_4_triplet_17	cat	ORG	produces	machinery component	PRODUCT	January 2020	December 2020	CAT	2020	CAT_10k_2020.pdf	chunk_4
aapl_2018_page_6_chunk_1_triplet_14	aapl	ORG	produces	siri	PRODUCT	January 2018	December 2018	AAPL	2018	AAPL_10k_2018.pdf	chunk_1
aap_2021_page_45_chunk_2_triplet_4	aap	ORG	produces	miscellaneous product	PRODUCT	January 2022	January 2022	AAP	2021	AAP_10k_2021.pdf	chunk_2
khc_2017_page_6_chunk_2_triplet_5	khc	ORG	produces	meat and seafood	PRODUCT	January 2017	December 2017	KHC	2017	KHC_10k_2017.pdf	chunk_2
aapl_2023_page_26_chunk_2_triplet_5	aapl	ORG	produces	service	PRODUCT	January 2023	December 2023	AAPL	2023	AAPL_10k_2023.pdf	chunk_2
cat_2015_page_140_chunk_1_triplet_6	cat	ORG	produces	rail-related service	PRODUCT	January 2015	December 2015	CAT	2015	CAT_10k_2015.pdf	chunk_1
aapl_2017_page_70_chunk_2_triplet_5	aapl	ORG	produces	other product	PRODUCT	January 2017	December 2017	AAPL	2017	AAPL_10k_2017.pdf	chunk_2
ctas_2019_page_67_chunk_1_triplet_6	ctas	ORG	produces	mat	PRODUCT	January 2019	December 2019	CTAS	2019	CTAS_10k_2019.pdf	chunk_1
khc_2015_page_4_chunk_2_triplet_4	khc	ORG	produces	polly-o and athenos cheese	PRODUCT	January 2015	December 2015	KHC	2015	KHC_10k_2015.pdf	chunk_2
cat_2024_page_6_chunk_1_triplet_4	cat	ORG	produces	integrate system	PRODUCT	January 2024	December 2024	CAT	2024	CAT_10k_2024.pdf	chunk_1
vz_2020_page_23_chunk_1_triplet_34	vz	SEGMENT	produces	field service management	PRODUCT	January 2020	December 2020	VZ	2020	VZ_10k_2020.pdf	chunk_1
amzn_2016_page_68_chunk_3_triplet_22	amzn	ORG	produces	co-branded credit card agreement	PRODUCT	January 2016	December 2016	AMZN	2016	AMZN_10k_2016.pdf	chunk_3
ctas_2019_page_67_chunk_1_triplet_11	ctas	ORG	produces	catalog item	PRODUCT	January 2019	December 2019	CTAS	2019	CTAS_10k_2019.pdf	chunk_1
aap_2019_page_6_chunk_2_triplet_13	aap	ORG	produces	exhaust system	PRODUCT	January 2019	December 2019	AAP	2019	AAP_10k_2019.pdf	chunk_2
cat_2016_page_57_chunk_1_triplet_28	material handle & underground	SEGMENT	produces	large wheel loader	PRODUCT	January 2016	December 2016	CAT	2016	CAT_10k_2016.pdf	chunk_1
khc_2024_page_6_chunk_2_triplet_12	khc	ORG	produces	master sauce	PRODUCT	January 2024	December 2024	KHC	2024	KHC_10k_2024.pdf	chunk_2
tel_2015_page_7_chunk_1_triplet_11	tel	ORG	produces	specialized tool	PRODUCT	January 2015	December 2015	TEL	2015	TEL_10k_2015.pdf	chunk_1
cat_2021_page_5_chunk_1_triplet_1	cat	ORG	produces	excavator	PRODUCT	January 2021	December 2021	CAT	2021	CAT_10k_2021.pdf	chunk_1
khc_2022_page_27_chunk_1_triplet_11	khc	ORG	produces	product	PRODUCT	January 2022	December 2022	KHC	2022	KHC_10k_2022.pdf	chunk_1
amzn_2021_page_65_chunk_5_triplet_25	amzn	ORG	produces	display advertising	PRODUCT	January 2021	December 2021	AMZN	2021	AMZN_10k_2021.pdf	chunk_5
cmcsa_2015_page_7_chunk_1_triplet_4	cmcsa	ORG	produces	hd service	PRODUCT	January 2015	December 2015	CMCSA	2015	CMCSA_10k_2015.pdf	chunk_1
pom_2015_page_25_chunk_1_triplet_19	pepco energy service	SEGMENT	produces	energy saving performance contracting	PRODUCT	January 2015	December 2015	POM	2015	POM_10k_2015.pdf	chunk_1
khc_2021_page_27_chunk_1_triplet_12	khc	ORG	produces	product	PRODUCT	January 2021	December 2021	KHC	2021	KHC_10k_2021.pdf	chunk_1
gme_2014_page_39_chunk_3_triplet_4	gme	ORG	produces	license gaming merchandise	PRODUCT	January 2014	December 2014	GME	2014	GME_10k_2014.pdf	chunk_3
aapl_2017_page_26_chunk_3_triplet_6	aapl	ORG	produces	mac app store	PRODUCT	January 2017	December 2017	AAPL	2017	AAPL_10k_2017.pdf	chunk_3
cat_2020_page_5_chunk_2_triplet_9	cat	ORG	produces	skid steer loader	PRODUCT	January 2020	December 2020	CAT	2020	CAT_10k_2020.pdf	chunk_2
ctas_2021_page_20_chunk_3_triplet_5	uniform rental and facility service	SEGMENT	produces	flame resistant clothing	PRODUCT	January 2021	December 2021	CTAS	2021	CTAS_10k_2021.pdf	chunk_3
aapl_2019_page_54_chunk_5_triplet_18	aapl	ORG	produces	hardware product	PRODUCT	January 2019	December 2019	AAPL	2019	AAPL_10k_2019.pdf	chunk_5
ctas_2021_page_20_chunk_3_triplet_7	uniform rental and facility service	SEGMENT	produces	mop	PRODUCT	January 2021	December 2021	CTAS	2021	CTAS_10k_2021.pdf	chunk_3
aap_2020_page_5_chunk_2_triplet_41	aap	ORG	produces	tire repair accessory	PRODUCT	January 2020	December 2020	AAP	2020	AAP_10k_2020.pdf	chunk_2
cnp_2020_page_51_chunk_1_triplet_10	houston electric	SEGMENT	produces	service wire	PRODUCT	January 2020	December 2020	CNP	2020	CNP_10k_2020.pdf	chunk_1
cmcsa_2015_page_116_chunk_2_triplet_18	cable network	SEGMENT	produces	operate income	FIN_METRIC	January 2015	December 2015	CMCSA	2015	CMCSA_10k_2015.pdf	chunk_2
cat_2017_page_48_chunk_1_triplet_5	cat	ORG	produces	well stimulation pump	PRODUCT	January 2017	December 2017	CAT	2017	CAT_10k_2017.pdf	chunk_1
aapl_2017_page_4_chunk_1_triplet_15	aapl	ORG	produces	o x	PRODUCT	January 2017	default_end_timestamp	AAPL	2017	AAPL_10k_2017.pdf	chunk_1
panw_2024_page_11_chunk_1_triplet_5	panw	ORG	produces	copyright	PRODUCT	January 2024	December 2024	PANW	2024	PANW_10k_2024.pdf	chunk_1
rcl_2024_page_36_chunk_1_triplet_13	rcl	ORG	produces	passenger cruise ship	PRODUCT	January 2024	December 2024	RCL	2024	RCL_10k_2024.pdf	chunk_1
ctas_2021_page_46_chunk_2_triplet_2	ctas	ORG	produces	first aid service	PRODUCT	January 2021	December 2021	CTAS	2021	CTAS_10k_2021.pdf	chunk_2
cat_2016_page_145_chunk_1_triplet_63	energy & transportation	SEGMENT	produces	diesel-electric locomotive	PRODUCT	January 2016	December 2016	CAT	2016	CAT_10k_2016.pdf	chunk_1
ctas_2021_page_46_chunk_2_triplet_4	ctas	ORG	produces	uniform sale	PRODUCT	January 2021	December 2021	CTAS	2021	CTAS_10k_2021.pdf	chunk_2
panw_2024_page_6_chunk_1_triplet_15	panw	ORG	produces	sd-wan	PRODUCT	January 2024	December 2024	PANW	2024	PANW_10k_2024.pdf	chunk_1
pm_2018_page_26_chunk_1_triplet_5	pm	ORG	produces	cigar	PRODUCT	January 2018	December 2018	PM	2018	PM_10k_2018.pdf	chunk_1
rcl_2015_page_57_chunk_1_triplet_4	rcl	ORG	produces	anthem of the sea	PRODUCT	January 2015	December 2015	RCL	2015	RCL_10k_2015.pdf	chunk_1
cat_2023_page_5_chunk_1_triplet_21	cat	ORG	produces	high productivity equipment	PRODUCT	January 2023	December 2023	CAT	2023	CAT_10k_2023.pdf	chunk_1
aapl_2014_page_6_chunk_1_triplet_15	aapl	ORG	produces	audio software	PRODUCT	July 2014	December 2014	AAPL	2014	AAPL_10k_2014.pdf	chunk_1
cmcsa_2015_page_116_chunk_2_triplet_53	corporate and other	SEGMENT	produces	depreciation and amortization	FIN_METRIC	January 2015	December 2015	CMCSA	2015	CMCSA_10k_2015.pdf	chunk_2
pm_2021_page_34_chunk_3_triplet_13	pm	ORG	produces	terea	PRODUCT	January 2021	December 2021	PM	2021	PM_10k_2021.pdf	chunk_3
cat_2022_page_5_chunk_1_triplet_72	cat	ORG	produces	solution	PRODUCT	January 2022	December 2022	CAT	2022	CAT_10k_2022.pdf	chunk_1
ctas_2020_page_3_chunk_1_triplet_19	ctas	ORG	produces	fire extinguisher and test	PRODUCT	January 2020	December 2020	CTAS	2020	CTAS_10k_2020.pdf	chunk_1
cmcsa_2014_page_14_chunk_1_triplet_4	telemundo	SEGMENT	produces	independent television station	PRODUCT	December 2014	December 2014	CMCSA	2014	CMCSA_10k_2014.pdf	chunk_1
cmcsa_2014_page_5_chunk_1_triplet_11	time warner cable	COMP	produces	voice service	PRODUCT	January 2014	December 2014	CMCSA	2014	CMCSA_10k_2014.pdf	chunk_1
bf-b_2023_page_26_chunk_2_triplet_8	bf-b	ORG	produces	sonoma-cutrer	PRODUCT	January 2023	December 2023	BF-B	2023	BF-B_10k_2023.pdf	chunk_2
aapl_2017_page_70_chunk_2_triplet_4	aapl	ORG	produces	service	PRODUCT	January 2017	December 2017	AAPL	2017	AAPL_10k_2017.pdf	chunk_2
ctas_2020_page_16_chunk_1_triplet_10	ctas	ORG	produces	first aid product	PRODUCT	January 2020	December 2020	CTAS	2020	CTAS_10k_2020.pdf	chunk_1
tel_2021_page_102_chunk_2_triplet_12	communication solution	SEGMENT	produces	appliance	PRODUCT	January 2021	December 2021	TEL	2021	TEL_10k_2021.pdf	chunk_2
ctas_2020_page_16_chunk_1_triplet_12	ctas	ORG	produces	fire extinguisher	PRODUCT	January 2020	December 2020	CTAS	2020	CTAS_10k_2020.pdf	chunk_1
ctas_2020_page_48_chunk_3_triplet_4	ctas	ORG	produces	uniform rental	PRODUCT	January 2020	December 2020	CTAS	2020	CTAS_10k_2020.pdf	chunk_3
cat_2018_page_142_chunk_1_triplet_13	resource industry	SEGMENT	produces	large wheel loader	PRODUCT	January 2018	December 2018	CAT	2018	CAT_10k_2018.pdf	chunk_1
aap_2018_page_6_chunk_2_triplet_19	aap	ORG	produces	cooling part	PRODUCT	default	default	AAP	2018	AAP_10k_2018.pdf	chunk_2
rcl_2015_page_19_chunk_1_triplet_13	rcl	ORG	produces	aep system	PRODUCT	January 2015	December 2015	RCL	2015	RCL_10k_2015.pdf	chunk_1
aapl_2017_page_3_chunk_1_triplet_12	aapl	ORG	produces	icloud	PRODUCT	January 2017	December 2017	AAPL	2017	AAPL_10k_2017.pdf	chunk_1
cat_2020_page_5_chunk_2_triplet_16	cat	ORG	produces	utility vehicle	PRODUCT	January 2020	December 2020	CAT	2020	CAT_10k_2020.pdf	chunk_2
aap_2016_page_7_chunk_2_triplet_39	aap	ORG	produces	air filter	PRODUCT	January 2016	December 2016	AAP	2016	AAP_10k_2016.pdf	chunk_2
cat_2017_page_4_chunk_1_triplet_2	cat	ORG	produces	construction and mining equipment	PRODUCT	January 2017	December 2017	CAT	2017	CAT_10k_2017.pdf	chunk_1
amzn_2017_page_67_chunk_1_triplet_28	amzn	ORG	produces	compute service	PRODUCT	January 2017	December 2017	AMZN	2017	AMZN_10k_2017.pdf	chunk_1
bf-b_2015_page_4_chunk_2_triplet_3	bf-b	ORG	produces	jack daniel 's rtds	PRODUCT	January 2015	December 2015	BF-B	2015	BF-B_10k_2015.pdf	chunk_2
pm_2020_page_21_chunk_1_triplet_8	pm	ORG	produces	mid-price brand	PRODUCT	January 2020	December 2020	PM	2020	PM_10k_2020.pdf	chunk_1
vz_2020_page_18_chunk_3_triplet_6	vz	ORG	produces	network software	PRODUCT	January 2020	December 2020	VZ	2020	VZ_10k_2020.pdf	chunk_3
tel_2017_page_92_chunk_1_triplet_3	sensor business	COMP	produces	sensor	PRODUCT	January 2017	December 2017	TEL	2017	TEL_10k_2017.pdf	chunk_1
tfc_2024_page_7_chunk_2_triplet_25	tfc	ORG	produces	merchant service	PRODUCT	January 2024	December 2024	TFC	2024	TFC_10k_2024.pdf	chunk_2
cat_2024_page_39_chunk_1_triplet_36	resource industry	SEGMENT	produces	mining performance solution	PRODUCT	January 2024	December 2024	CAT	2024	CAT_10k_2024.pdf	chunk_1
cat_2020_page_46_chunk_1_triplet_29	cat	ORG	produces	fleet management technology	PRODUCT	January 2020	December 2020	CAT	2020	CAT_10k_2020.pdf	chunk_1
cat_2019_page_5_chunk_2_triplet_8	cat	ORG	produces	harvester	PRODUCT	January 2019	December 2019	CAT	2019	CAT_10k_2019.pdf	chunk_2
pm_2014_page_35_chunk_1_triplet_55	pm	ORG	produces	otp	PRODUCT	January 2014	December 2014	PM	2014	PM_10k_2014.pdf	chunk_1
pm_2014_page_28_chunk_1_triplet_12	pm	ORG	produces	nicotine-containing product	PRODUCT	January 2014	December 2014	PM	2014	PM_10k_2014.pdf	chunk_1
cmcsa_2014_page_122_chunk_4_triplet_45	nbcuniversal	SEGMENT	produces	revenue	FIN_METRIC	January 2014	December 2014	CMCSA	2014	CMCSA_10k_2014.pdf	chunk_4
pm_2020_page_31_chunk_1_triplet_4	pm	ORG	produces	marlboro heatsticks	PRODUCT	January 2020	December 2020	PM	2020	PM_10k_2020.pdf	chunk_1
amzn_2021_page_65_chunk_5_triplet_2	amzn	ORG	produces	digital medium content	PRODUCT	January 2021	December 2021	AMZN	2021	AMZN_10k_2021.pdf	chunk_5
panw_2023_page_5_chunk_1_triplet_21	panw	ORG	produces	cortex xsiam	PRODUCT	January 2023	December 2023	PANW	2023	PANW_10k_2023.pdf	chunk_1
cmcsa_2014_page_50_chunk_1_triplet_3	cmcsa	ORG	produces	xfinity online portal	PRODUCT	January 2014	December 2014	CMCSA	2014	CMCSA_10k_2014.pdf	chunk_1
pm_2021_page_36_chunk_2_triplet_4	pm	ORG	produces	default	default	January 2021	December 2021	PM	2021	PM_10k_2021.pdf	chunk_2
pm_2022_page_35_chunk_1_triplet_17	pm	ORG	produces	cigarette	PRODUCT	January 2021	December 2021	PM	2022	PM_10k_2022.pdf	chunk_1
aap_2016_page_7_chunk_2_triplet_4	aap	ORG	produces	hose	PRODUCT	January 2016	December 2016	AAP	2016	AAP_10k_2016.pdf	chunk_2
cat_2017_page_4_chunk_1_triplet_4	cat	ORG	produces	industrial gas turbine	PRODUCT	January 2017	December 2017	CAT	2017	CAT_10k_2017.pdf	chunk_1
tfc_2019_page_51_chunk_1_triplet_19	tfc	ORG	produces	pci loan	PRODUCT	January 2019	December 2019	TFC	2019	TFC_10k_2019.pdf	chunk_1
ctas_2016_page_3_chunk_1_triplet_10	ctas	ORG	produces	safety and compliance training	PRODUCT	default_start_timestamp	default_end_timestamp	CTAS	2016	CTAS_10k_2016.pdf	chunk_1
cnp_2022_page_15_chunk_1_triplet_5	houston electric	SEGMENT	produces	transmission and distribution system	PRODUCT	January 2022	December 2022	CNP	2022	CNP_10k_2022.pdf	chunk_1
cmcsa_2023_page_77_chunk_1_triplet_8	cmcsa	ORG	produces	universal studio brand	PRODUCT	January 2023	December 2023	CMCSA	2023	CMCSA_10k_2023.pdf	chunk_1
cat_2017_page_51_chunk_1_triplet_23	resource industry	SEGMENT	produces	hardrock continuous mining system	PRODUCT	January 2017	December 2017	CAT	2017	CAT_10k_2017.pdf	chunk_1
ctas_2016_page_14_chunk_1_triplet_8	ctas	ORG	produces	first aid and safety product	PRODUCT	January 2016	December 2016	CTAS	2016	CTAS_10k_2016.pdf	chunk_1
aapl_2021_page_5_chunk_1_triplet_37	aapl	ORG	produces	hardware	PRODUCT	January 2021	December 2021	AAPL	2021	AAPL_10k_2021.pdf	chunk_1
cat_2019_page_137_chunk_1_triplet_66	cat	ORG	produces	machinery component	PRODUCT	January 2019	December 2019	CAT	2019	CAT_10k_2019.pdf	chunk_1
cnp_2021_page_19_chunk_1_triplet_38	houston electric	COMP	produces	transmission and distribution system	LOGISTICS	January 2021	December 2021	CNP	2021	CNP_10k_2021.pdf	chunk_1
cnp_2018_page_122_chunk_1_triplet_5	esg	SEGMENT	produces	energy performance contracting	PRODUCT	January 2018	December 2018	CNP	2018	CNP_10k_2018.pdf	chunk_1
aap_2020_page_5_chunk_2_triplet_20	aap	ORG	produces	starter	PRODUCT	January 2020	December 2020	AAP	2020	AAP_10k_2020.pdf	chunk_2
cat_2014_page_5_chunk_1_triplet_6	cat	ORG	produces	skid steer loader	PRODUCT	January 2014	December 2014	CAT	2014	CAT_10k_2014.pdf	chunk_1
amzn_2019_page_68_chunk_3_triplet_9	amzn	ORG	produces	subscription service	PRODUCT	January 2019	December 2019	AMZN	2019	AMZN_10k_2019.pdf	chunk_3
tfc_2024_page_161_chunk_1_triplet_39	tfc	ORG	produces	strategic advisory service	PRODUCT	January 2024	December 2024	TFC	2024	TFC_10k_2024.pdf	chunk_1
cat_2015_page_5_chunk_1_triplet_4	cat	ORG	produces	compact wheel loader	PRODUCT	January 2015	December 2015	CAT	2015	CAT_10k_2015.pdf	chunk_1
pm_2024_page_40_chunk_3_triplet_2	pm	ORG	produces	smoke-free product	PRODUCT	January 2024	December 2024	PM	2024	PM_10k_2024.pdf	chunk_3
cat_2014_page_5_chunk_1_triplet_44	cat	ORG	produces	off-highway truck	PRODUCT	January 2014	December 2014	CAT	2014	CAT_10k_2014.pdf	chunk_1
pm_2018_page_85_chunk_2_triplet_16	pm	ORG	produces	combustible product	PRODUCT	default_start_timestamp	default_end_timestamp	PM	2018	PM_10k_2018.pdf	chunk_2
tel_2015_page_9_chunk_1_triplet_29	tel	ORG	produces	lead lighting	PRODUCT	January 2015	December 2015	TEL	2015	TEL_10k_2015.pdf	chunk_1
well_2022_page_47_chunk_2_triplet_3	well	ORG	produces	om	PRODUCT	January 2022	December 2022	WELL	2022	WELL_10k_2022.pdf	chunk_2
cat_2019_page_137_chunk_1_triplet_58	cat	ORG	produces	off-highway truck	PRODUCT	January 2019	December 2019	CAT	2019	CAT_10k_2019.pdf	chunk_1
amzn_2022_page_3_chunk_1_triplet_10	amzn	ORG	produces	fire tablet	PRODUCT	January 2022	December 2022	AMZN	2022	AMZN_10k_2022.pdf	chunk_1
cat_2021_page_45_chunk_1_triplet_5	resource industry	SEGMENT	produces	mining truck	PRODUCT	January 2021	December 2021	CAT	2021	CAT_10k_2021.pdf	chunk_1
bf-b_2016_page_4_chunk_2_triplet_14	bf-b	ORG	produces	sonoma-cutrer california wine	PRODUCT	default_start_timestamp	default_end_timestamp	BF-B	2016	BF-B_10k_2016.pdf	chunk_2
cat_2016_page_50_chunk_1_triplet_42	cat	ORG	produces	medium track-type tractor	PRODUCT	January 2016	December 2016	CAT	2016	CAT_10k_2016.pdf	chunk_1
cat_2021_page_43_chunk_1_triplet_15	construction industry segment	SEGMENT	produces	asphalt pavers	PRODUCT	January 2021	December 2021	CAT	2021	CAT_10k_2021.pdf	chunk_1
aapl_2015_page_5_chunk_1_triplet_17	aapl	ORG	produces	apple music	PRODUCT	January 2015	December 2015	AAPL	2015	AAPL_10k_2015.pdf	chunk_1
cat_2021_page_43_chunk_1_triplet_17	construction industry segment	SEGMENT	produces	compactors	PRODUCT	January 2021	December 2021	CAT	2021	CAT_10k_2021.pdf	chunk_1
tel_2019_page_4_chunk_3_triplet_13	transportation solution	SEGMENT	produces	convenience feature	PRODUCT	January 2019	December 2019	TEL	2019	TEL_10k_2019.pdf	chunk_3
tel_2020_page_6_chunk_1_triplet_5	communication solution	SEGMENT	produces	antenna	PRODUCT	January 2020	default_end_timestamp	TEL	2020	TEL_10k_2020.pdf	chunk_1
cat_2021_page_128_chunk_1_triplet_12	resource industry	SEGMENT	produces	rotary drill	PRODUCT	January 2021	December 2021	CAT	2021	CAT_10k_2021.pdf	chunk_1
cat_2024_page_5_chunk_3_triplet_15	cat	ORG	produces	large mining truck	PRODUCT	January 2024	December 2024	CAT	2024	CAT_10k_2024.pdf	chunk_3
aap_2017_page_67_chunk_1_triplet_3	aap	ORG	produces	non-competes	FIN_METRIC	January 2014	December 2017	AAP	2017	AAP_10k_2017.pdf	chunk_1
well_2023_page_52_chunk_2_triplet_1	well	ORG	produces	sho	PRODUCT	January 2023	December 2023	WELL	2023	WELL_10k_2023.pdf	chunk_2
amzn_2021_page_65_chunk_5_triplet_27	amzn	ORG	produces	aws	PRODUCT	January 2021	December 2021	AMZN	2021	AMZN_10k_2021.pdf	chunk_5
cat_2016_page_6_chunk_1_triplet_27	cat	ORG	produces	integrate system	PRODUCT	January 2016	December 2016	CAT	2016	CAT_10k_2016.pdf	chunk_1
khc_2023_page_32_chunk_1_triplet_1	khc	ORG	produces	pringles chip	PRODUCT	January 2023	December 2023	KHC	2023	KHC_10k_2023.pdf	chunk_1
cat_2022_page_6_chunk_1_triplet_34	cat	ORG	produces	reciprocate engine and integrated system for marine and oil and gas	PRODUCT	January 2022	December 2022	CAT	2022	CAT_10k_2022.pdf	chunk_1
well_2023_page_59_chunk_1_triplet_3	well	ORG	produces	interest income	PRODUCT	January 2023	December 2023	WELL	2023	WELL_10k_2023.pdf	chunk_1
aapl_2016_page_3_chunk_1_triplet_5	aapl	ORG	produces	apple watch	PRODUCT	default_start_timestamp	default_end_timestamp	AAPL	2016	AAPL_10k_2016.pdf	chunk_1
pm_2014_page_4_chunk_1_triplet_3	pm	ORG	produces	nicotine gum	PRODUCT	January 2014	December 2014	PM	2014	PM_10k_2014.pdf	chunk_1
cnp_2018_page_15_chunk_3_triplet_14	cerc	SEGMENT	produces	natural gas transportation and storage	PRODUCT	January 2018	December 2018	CNP	2018	CNP_10k_2018.pdf	chunk_3
cat_2016_page_145_chunk_1_triplet_82	all other operating segment	SEGMENT	produces	tire and rim	PRODUCT	January 2016	December 2016	CAT	2016	CAT_10k_2016.pdf	chunk_1
amzn_2019_page_73_chunk_1_triplet_2	amzn	ORG	produces	consumer product	PRODUCT	January 2012	December 2019	AMZN	2019	AMZN_10k_2019.pdf	chunk_1
tel_2021_page_5_chunk_1_triplet_6	tel	ORG	produces	heat shrink tube	PRODUCT	January 2021	December 2021	TEL	2021	TEL_10k_2021.pdf	chunk_1
panw_2023_page_5_chunk_1_triplet_14	panw	ORG	produces	saas security	PRODUCT	January 2023	December 2023	PANW	2023	PANW_10k_2023.pdf	chunk_1
well_2019_page_42_chunk_2_triplet_3	well	ORG	produces	outpatient med	PRODUCT	January 2019	December 2019	WELL	2019	WELL_10k_2019.pdf	chunk_2
cat_2024_page_5_chunk_3_triplet_3	cat	ORG	produces	large wheel loader	PRODUCT	January 2024	December 2024	CAT	2024	CAT_10k_2024.pdf	chunk_3
khc_2024_page_119_chunk_1_triplet_33	meat	SEGMENT	produces	hot dog	PRODUCT	January 2024	December 2024	KHC	2024	KHC_10k_2024.pdf	chunk_1
cat_2017_page_5_chunk_1_triplet_59	cat	ORG	produces	gas turbine	PRODUCT	January 2017	December 2017	CAT	2017	CAT_10k_2017.pdf	chunk_1
rcl_2014_page_12_chunk_1_triplet_7	rcl	ORG	produces	air transportation	SERVICE	January 2014	December 2014	RCL	2014	RCL_10k_2014.pdf	chunk_1
well_2019_page_91_chunk_5_triplet_16	well	ORG	produces	independent support living	PRODUCT	January 2019	December 2019	WELL	2019	WELL_10k_2019.pdf	chunk_5
aapl_2016_page_11_chunk_1_triplet_1	aapl	ORG	produces	io device	PRODUCT	January 2016	December 2016	AAPL	2016	AAPL_10k_2016.pdf	chunk_1
well_2019_page_91_chunk_5_triplet_18	well	ORG	produces	long-term/postacute care facility	PRODUCT	January 2019	December 2019	WELL	2019	WELL_10k_2019.pdf	chunk_5
cat_2014_page_5_chunk_1_triplet_16	cat	ORG	produces	pipelayers	PRODUCT	January 2014	December 2014	CAT	2014	CAT_10k_2014.pdf	chunk_1
pom_2015_page_67_chunk_5_triplet_7	phi	ORG	produces	transmission service	PRODUCT	January 2015	December 2015	POM	2015	POM_10k_2015.pdf	chunk_5
pm_2022_page_36_chunk_2_triplet_6	pm	ORG	produces	sampoerna a	PRODUCT	January 2022	December 2022	PM	2022	PM_10k_2022.pdf	chunk_2
well_2021_page_47_chunk_2_triplet_1	well	ORG	produces	sho	PRODUCT	January 2021	December 2021	WELL	2021	WELL_10k_2021.pdf	chunk_2
cat_2018_page_78_chunk_1_triplet_11	cat	ORG	produces	sem	PRODUCT	January 2018	December 2018	CAT	2018	CAT_10k_2018.pdf	chunk_1
gme_2014_page_39_chunk_3_triplet_5	gme	ORG	produces	game strategy guide	PRODUCT	January 2014	December 2014	GME	2014	GME_10k_2014.pdf	chunk_3
bf-b_2023_page_65_chunk_3_triplet_14	bf-b	ORG	produces	non-branded bulk wine	PRODUCT	January 2023	December 2023	BF-B	2023	BF-B_10k_2023.pdf	chunk_3
well_2021_page_71_chunk_1_triplet_9	well	ORG	produces	senior housing property	PRODUCT	January 2021	December 2021	WELL	2021	WELL_10k_2021.pdf	chunk_1
aapl_2015_page_47_chunk_1_triplet_3	aapl	ORG	produces	product	PRODUCT	January 2015	December 2015	AAPL	2015	AAPL_10k_2015.pdf	chunk_1
amzn_2021_page_64_chunk_1_triplet_24	aws segment	SEGMENT	produces	compute service	PRODUCT	January 2021	December 2021	AMZN	2021	AMZN_10k_2021.pdf	chunk_1
rcl_2023_page_11_chunk_2_triplet_7	rcl	ORG	produces	harmony of the sea	PRODUCT	January 2023	December 2023	RCL	2023	RCL_10k_2023.pdf	chunk_2
pm_2020_page_46_chunk_1_triplet_7	kt & g	COMP	produces	lil vapor	PRODUCT	January 2020	December 2020	PM	2020	PM_10k_2020.pdf	chunk_1
vz_2020_page_23_chunk_1_triplet_30	vz	SEGMENT	produces	network access	PRODUCT	January 2020	December 2020	VZ	2020	VZ_10k_2020.pdf	chunk_1
pm_2022_page_34_chunk_3_triplet_11	pm	ORG	produces	heets marlboro	PRODUCT	January 2022	December 2022	PM	2022	PM_10k_2022.pdf	chunk_3
vz_2020_page_5_chunk_1_triplet_18	vz	ORG	produces	local and long distance voice service	PRODUCT	January 2020	December 2020	VZ	2020	VZ_10k_2020.pdf	chunk_1
cnp_2021_page_148_chunk_3_triplet_1	cnp	ORG	produces	natural gas	PRODUCT	January 2021	December 2021	CNP	2021	CNP_10k_2021.pdf	chunk_3
cat_2024_page_39_chunk_1_triplet_7	cat	ORG	produces	rail-related product	PRODUCT	January 2024	December 2024	CAT	2024	CAT_10k_2024.pdf	chunk_1
cnp_2015_page_7_chunk_1_triplet_14	centerpoint houston	SEGMENT	produces	underground transmission line	PRODUCT	December 2015	December 2015	CNP	2015	CNP_10k_2015.pdf	chunk_1
pm_2015_page_8_chunk_1_triplet_25	pm	ORG	produces	next generation e-vapor technology	PRODUCT	January 2015	December 2015	PM	2015	PM_10k_2015.pdf	chunk_1
well_2020_page_15_chunk_1_triplet_7	well	ORG	produces	dividend	FIN_METRIC	January 2020	December 2020	WELL	2020	WELL_10k_2020.pdf	chunk_1
cat_2015_page_50_chunk_1_triplet_14	construction industry	SEGMENT	produces	small tractor	PRODUCT	January 2015	December 2015	CAT	2015	CAT_10k_2015.pdf	chunk_1
well_2020_page_46_chunk_2_triplet_1	well	ORG	produces	sho	PRODUCT	January 2020	December 2020	WELL	2020	WELL_10k_2020.pdf	chunk_2
well_2020_page_46_chunk_2_triplet_2	well	ORG	produces	tn	PRODUCT	January 2020	December 2020	WELL	2020	WELL_10k_2020.pdf	chunk_2
rcl_2021_page_13_chunk_2_triplet_18	rcl	ORG	produces	brilliance of the sea	PRODUCT	January 2002	November 2002	RCL	2021	RCL_10k_2021.pdf	chunk_2
aapl_2022_page_25_chunk_3_triplet_7	aapl	ORG	produces	iphone	PRODUCT	January 2022	December 2022	AAPL	2022	AAPL_10k_2022.pdf	chunk_3
cat_2020_page_46_chunk_1_triplet_28	cat	ORG	produces	electronics and control system	PRODUCT	January 2020	December 2020	CAT	2020	CAT_10k_2020.pdf	chunk_1
bf-b_2023_page_65_chunk_5_triplet_13	bf-b	ORG	produces	new mix rtd	PRODUCT	January 2023	December 2023	BF-B	2023	BF-B_10k_2023.pdf	chunk_5
cnp_2017_page_7_chunk_1_triplet_11	cnp	SEGMENT	produces	transmission line	PRODUCT	January 2017	December 2017	CNP	2017	CNP_10k_2017.pdf	chunk_1
khc_2017_page_8_chunk_2_triplet_3	khc	ORG	produces	heinz	PRODUCT	January 2017	December 2017	KHC	2017	KHC_10k_2017.pdf	chunk_2
khc_2017_page_8_chunk_3_triplet_1	khc	ORG	produces	capri sun	PRODUCT	January 2017	default_end_timestamp	KHC	2017	KHC_10k_2017.pdf	chunk_3
cat_2017_page_50_chunk_1_triplet_17	construction industry	SEGMENT	produces	medium track-type tractor	PRODUCT	January 2017	December 2017	CAT	2017	CAT_10k_2017.pdf	chunk_1
amzn_2014_page_18_chunk_1_triplet_26	amzn	ORG	produces	publishing service	PRODUCT	January 2014	December 2014	AMZN	2014	AMZN_10k_2014.pdf	chunk_1
amzn_2014_page_28_chunk_5_triplet_5	amzn	ORG	produces	digital content subscription	PRODUCT	January 2014	December 2014	AMZN	2014	AMZN_10k_2014.pdf	chunk_5
cat_2017_page_140_chunk_1_triplet_18	all other operating segment	SEGMENT	produces	undercarriage	PRODUCT	January 2017	December 2017	CAT	2017	CAT_10k_2017.pdf	chunk_1
bf-b_2016_page_30_chunk_3_triplet_11	bf-b	ORG	produces	jack daniel 's family of brand	PRODUCT	January 2016	December 2016	BF-B	2016	BF-B_10k_2016.pdf	chunk_3
rcl_2020_page_14_chunk_2_triplet_18	rcl	ORG	produces	adventure of the sea	PRODUCT	January 2001	December 2001	RCL	2020	RCL_10k_2020.pdf	chunk_2
vz_2014_page_3_chunk_1_triplet_6	vz	ORG	produces	data service	PRODUCT	January 2014	December 2014	VZ	2014	VZ_10k_2014.pdf	chunk_1
aap_2020_page_7_chunk_1_triplet_36	aap	ORG	produces	recyclable item	PRODUCT	January 2020	December 2020	AAP	2020	AAP_10k_2020.pdf	chunk_1
aap_2016_page_7_chunk_2_triplet_34	aap	ORG	produces	rear spoiler	PRODUCT	January 2016	December 2016	AAP	2016	AAP_10k_2016.pdf	chunk_2
cat_2018_page_5_chunk_2_triplet_8	cat	ORG	produces	small excavator	PRODUCT	January 2018	December 2018	CAT	2018	CAT_10k_2018.pdf	chunk_2
panw_2022_page_7_chunk_1_triplet_30	panw	ORG	produces	licensing and update	PRODUCT	January 2022	December 2022	PANW	2022	PANW_10k_2022.pdf	chunk_1
aap_2021_page_6_chunk_2_triplet_46	aap	ORG	produces	wax	PRODUCT	January 2021	December 2021	AAP	2021	AAP_10k_2021.pdf	chunk_2
cnp_2022_page_51_chunk_1_triplet_25	cnp	ORG	produces	ham	SERVICE	January 2022	December 2022	CNP	2022	CNP_10k_2022.pdf	chunk_1
cmcsa_2014_page_122_chunk_4_triplet_15	cable network	SEGMENT	produces	revenue	FIN_METRIC	January 2014	December 2014	CMCSA	2014	CMCSA_10k_2014.pdf	chunk_4
vz_2014_page_3_chunk_2_triplet_11	vz	ORG	produces	security service	PRODUCT	January 2014	December 2014	VZ	2014	VZ_10k_2014.pdf	chunk_2
amzn_2024_page_67_chunk_3_triplet_15	amzn	ORG	produces	third-party seller service	PRODUCT	January 2024	December 2024	AMZN	2024	AMZN_10k_2024.pdf	chunk_3
cat_2015_page_51_chunk_1_triplet_22	resource industry	SEGMENT	produces	rotary drill	PRODUCT	January 2015	December 2015	CAT	2015	CAT_10k_2015.pdf	chunk_1
cat_2018_page_86_chunk_1_triplet_1	cat	ORG	produces	remanufactured engine	PRODUCT	January 2018	December 2018	CAT	2018	CAT_10k_2018.pdf	chunk_1
panw_2022_page_7_chunk_1_triplet_33	panw	ORG	produces	security control module	PRODUCT	January 2022	December 2022	PANW	2022	PANW_10k_2022.pdf	chunk_1
bf-b_2023_page_32_chunk_1_triplet_16	bf-b	ORG	produces	jack daniel 's fire	PRODUCT	January 2023	December 2023	BF-B	2023	BF-B_10k_2023.pdf	chunk_1
cat_2015_page_5_chunk_1_triplet_34	cat	ORG	produces	large mining truck	PRODUCT	January 2015	December 2015	CAT	2015	CAT_10k_2015.pdf	chunk_1
cnp_2023_page_53_chunk_2_triplet_8	indiana electric	SEGMENT	produces	transformer capacity	FIN_METRIC	January 2023	default_end_timestamp	CNP	2023	CNP_10k_2023.pdf	chunk_2
aapl_2014_page_6_chunk_1_triplet_8	aapl	ORG	produces	number	PRODUCT	January 2014	December 2014	AAPL	2014	AAPL_10k_2014.pdf	chunk_1
aapl_2014_page_5_chunk_1_triplet_6	aapl	ORG	produces	itunes u	PRODUCT	January 2014	December 2014	AAPL	2014	AAPL_10k_2014.pdf	chunk_1
tel_2024_page_6_chunk_1_triplet_4	communication solution	SEGMENT	produces	heat shrink tube	PRODUCT	January 2024	December 2024	TEL	2024	TEL_10k_2024.pdf	chunk_1
cat_2015_page_50_chunk_1_triplet_25	energy & transportation	SEGMENT	produces	gas turbine	PRODUCT	January 2015	December 2015	CAT	2015	CAT_10k_2015.pdf	chunk_1
cat_2017_page_5_chunk_1_triplet_57	cat	ORG	produces	generator set	PRODUCT	January 2017	December 2017	CAT	2017	CAT_10k_2017.pdf	chunk_1
vz_2014_page_13_chunk_1_triplet_7	vz	ORG	produces	live assistance service	PRODUCT	January 2014	December 2014	VZ	2014	VZ_10k_2014.pdf	chunk_1
cnp_2016_page_13_chunk_1_triplet_24	enable	COMP	produces	ngl fractionation	PRODUCT	January 2016	December 2016	CNP	2016	CNP_10k_2016.pdf	chunk_1
rcl_2021_page_13_chunk_2_triplet_4	rcl	ORG	produces	symphony of the sea	PRODUCT	January 2018	December 2018	RCL	2021	RCL_10k_2021.pdf	chunk_2
aap_2021_page_6_chunk_2_triplet_52	aap	ORG	produces	fuel filter	PRODUCT	January 2021	December 2021	AAP	2021	AAP_10k_2021.pdf	chunk_2
aapl_2016_page_3_chunk_1_triplet_3	aapl	ORG	produces	mac	PRODUCT	default_start_timestamp	default_end_timestamp	AAPL	2016	AAPL_10k_2016.pdf	chunk_1
panw_2022_page_45_chunk_1_triplet_12	panw	ORG	produces	enterprise dlp	PRODUCT	January 2022	December 2022	PANW	2022	PANW_10k_2022.pdf	chunk_1
aap_2020_page_5_chunk_2_triplet_50	aap	ORG	produces	oil additive	PRODUCT	January 2020	December 2020	AAP	2020	AAP_10k_2020.pdf	chunk_2
cat_2017_page_139_chunk_1_triplet_37	cat	ORG	produces	rotary drill	PRODUCT	January 2017	December 2017	CAT	2017	CAT_10k_2017.pdf	chunk_1
cat_2015_page_5_chunk_1_triplet_22	cat	ORG	produces	mid-tier soil compactors	PRODUCT	January 2015	December 2015	CAT	2015	CAT_10k_2015.pdf	chunk_1
tel_2016_page_7_chunk_1_triplet_1	tel	ORG	produces	subsea communication system	PRODUCT	January 2016	December 2016	TEL	2016	TEL_10k_2016.pdf	chunk_1
vz_2024_page_5_chunk_1_triplet_8	vz	ORG	produces	residential fix connectivity solution	PRODUCT	January 2024	December 2024	VZ	2024	VZ_10k_2024.pdf	chunk_1
khc_2024_page_119_chunk_1_triplet_15	easy ready meal	SEGMENT	produces	frozen potato product	PRODUCT	January 2024	December 2024	KHC	2024	KHC_10k_2024.pdf	chunk_1
cat_2018_page_5_chunk_2_triplet_10	cat	ORG	produces	large excavator	PRODUCT	January 2018	December 2018	CAT	2018	CAT_10k_2018.pdf	chunk_2
vz_2024_page_5_chunk_1_triplet_11	vz	ORG	produces	5g home internet	PRODUCT	January 2024	December 2024	VZ	2024	VZ_10k_2024.pdf	chunk_1
cmcsa_2014_page_8_chunk_1_triplet_3	cmcsa	ORG	produces	hd service	PRODUCT	January 2014	December 2014	CMCSA	2014	CMCSA_10k_2014.pdf	chunk_1
aapl_2014_page_3_chunk_1_triplet_8	aapl	ORG	produces	itunes store	PRODUCT	January 2014	December 2014	AAPL	2014	AAPL_10k_2014.pdf	chunk_1
cnp_2018_page_124_chunk_1_triplet_11	cnp	ORG	produces	natural gas	PRODUCT	January 2018	December 2018	CNP	2018	CNP_10k_2018.pdf	chunk_1
cat_2016_page_145_chunk_1_triplet_84	all other operating segment	SEGMENT	produces	fluid transfer	PRODUCT	January 2016	December 2016	CAT	2016	CAT_10k_2016.pdf	chunk_1
tel_2024_page_5_chunk_1_triplet_5	tel	ORG	produces	antenna	PRODUCT	January 2024	December 2024	TEL	2024	TEL_10k_2024.pdf	chunk_1
amzn_2024_page_67_chunk_3_triplet_1	amzn	ORG	produces	digital medium content	PRODUCT	January 2024	December 2024	AMZN	2024	AMZN_10k_2024.pdf	chunk_3
bf-b_2015_page_4_chunk_2_triplet_17	bf-b	ORG	produces	jack daniel 's no . 27 gold tennessee whiskey	PRODUCT	January 2015	December 2015	BF-B	2015	BF-B_10k_2015.pdf	chunk_2
pm_2015_page_37_chunk_2_triplet_9	pm	ORG	produces	totalpmi	PRODUCT	January 2015	December 2015	PM	2015	PM_10k_2015.pdf	chunk_2
cat_2018_page_142_chunk_1_triplet_7	resource industry	SEGMENT	produces	hard rock vehicle	PRODUCT	January 2018	December 2018	CAT	2018	CAT_10k_2018.pdf	chunk_1
vz_2024_page_15_chunk_1_triplet_4	vz	ORG	produces	security solution	PRODUCT	January 2024	December 2024	VZ	2024	VZ_10k_2024.pdf	chunk_1
rcl_2023_page_13_chunk_1_triplet_16	rcl	PRODUCT	produces	berth	FIN_METRIC	January 2019	December 2023	RCL	2023	RCL_10k_2023.pdf	chunk_1
tfc_2023_page_61_chunk_1_triplet_20	tfc	ORG	produces	private student loan	PRODUCT	January 2023	January 2023	TFC	2023	TFC_10k_2023.pdf	chunk_1
tel_2015_page_9_chunk_1_triplet_23	tel	ORG	produces	signal system	PRODUCT	January 2015	December 2015	TEL	2015	TEL_10k_2015.pdf	chunk_1
khc_2016_page_3_chunk_1_triplet_8	khc	ORG	produces	coffee	PRODUCT	January 2016	December 2016	KHC	2016	KHC_10k_2016.pdf	chunk_1
aap_2021_page_8_chunk_1_triplet_7	aap	ORG	produces	driverside	PRODUCT	January 2021	December 2021	AAP	2021	AAP_10k_2021.pdf	chunk_1
rcl_2019_page_11_chunk_1_triplet_2	rcl	ORG	produces	ship	PRODUCT	January 2019	December 2019	RCL	2019	RCL_10k_2019.pdf	chunk_1
gme_2014_page_3_chunk_1_triplet_10	gme	ORG	produces	video game software	PRODUCT	January 2014	December 2014	GME	2014	GME_10k_2014.pdf	chunk_1
cat_2017_page_5_chunk_1_triplet_33	cat	ORG	produces	continuous miner	PRODUCT	January 2017	December 2017	CAT	2017	CAT_10k_2017.pdf	chunk_1
tel_2016_page_75_chunk_1_triplet_12	tel	ORG	produces	iphone 14	PRODUCT	January 2016	December 2016	TEL	2016	TEL_10k_2016.pdf	chunk_1
aap_2017_page_10_chunk_1_triplet_14	aap	ORG	produces	reputable brand name part	PRODUCT	January 2017	December 2017	AAP	2017	AAP_10k_2017.pdf	chunk_1
aap_2021_page_6_chunk_2_triplet_6	aap	ORG	produces	brake pad	PRODUCT	January 2021	December 2021	AAP	2021	AAP_10k_2021.pdf	chunk_2
tfc_2019_page_8_chunk_2_triplet_19	tfc	ORG	produces	association service	PRODUCT	January 2019	December 2019	TFC	2019	TFC_10k_2019.pdf	chunk_2
cat_2017_page_51_chunk_1_triplet_8	resource industry	SEGMENT	produces	longwall miner	PRODUCT	January 2017	December 2017	CAT	2017	CAT_10k_2017.pdf	chunk_1
vz_2020_page_59_chunk_1_triplet_17	vz	ORG	produces	long distance voice service	PRODUCT	January 2020	December 2020	VZ	2020	VZ_10k_2020.pdf	chunk_1
cat_2021_page_43_chunk_1_triplet_16	construction industry segment	SEGMENT	produces	backhoe loader	PRODUCT	January 2021	December 2021	CAT	2021	CAT_10k_2021.pdf	chunk_1
vz_2024_page_21_chunk_3_triplet_14	vz	ORG	produces	administrative building	ASSET	January 2024	December 2024	VZ	2024	VZ_10k_2024.pdf	chunk_3
aap_2018_page_6_chunk_2_triplet_23	aap	ORG	produces	antifreeze	PRODUCT	default	default	AAP	2018	AAP_10k_2018.pdf	chunk_2
amzn_2024_page_67_chunk_3_triplet_5	amzn	ORG	produces	game	PRODUCT	January 2024	December 2024	AMZN	2024	AMZN_10k_2024.pdf	chunk_3
cat_2016_page_145_chunk_1_triplet_24	construction industry	SEGMENT	produces	medium wheel loader	PRODUCT	January 2016	December 2016	CAT	2016	CAT_10k_2016.pdf	chunk_1
cat_2023_page_5_chunk_2_triplet_3	cat	ORG	produces	soil compactors	PRODUCT	January 2023	December 2023	CAT	2023	CAT_10k_2023.pdf	chunk_2
cat_2018_page_8_chunk_1_triplet_24	cat	ORG	produces	contractual liability insurance	PRODUCT	January 2018	December 2018	CAT	2018	CAT_10k_2018.pdf	chunk_1
vz_2024_page_21_chunk_3_triplet_20	vz	ORG	produces	construction in process	PRODUCT	January 2024	December 2024	VZ	2024	VZ_10k_2024.pdf	chunk_3
vz_2024_page_21_chunk_3_triplet_21	vz	ORG	produces	leasehold improvement	PRODUCT	January 2024	December 2024	VZ	2024	VZ_10k_2024.pdf	chunk_3
tfc_2020_page_152_chunk_1_triplet_11	dealer retail service	SEGMENT	produces	auto loan	PRODUCT	January 2020	December 2020	TFC	2020	TFC_10k_2020.pdf	chunk_1
pom_2015_page_76_chunk_1_triplet_2	pom	ORG	produces	work and service	PRODUCT	January 2015	December 2015	POM	2015	POM_10k_2015.pdf	chunk_1
cat_2024_page_117_chunk_1_triplet_16	construction industry	SEGMENT	produces	skid steer loader	PRODUCT	January 2024	December 2024	CAT	2024	CAT_10k_2024.pdf	chunk_1
aap_2021_page_45_chunk_2_triplet_2	aap	ORG	produces	clean solution and maintenance accessory	PRODUCT	January 2022	January 2022	AAP	2021	AAP_10k_2021.pdf	chunk_2
rcl_2016_page_15_chunk_3_triplet_1	rcl	ORG	produces	mein schiff 1	PRODUCT	January 2018	January 2018	RCL	2016	RCL_10k_2016.pdf	chunk_3
cat_2015_page_140_chunk_1_triplet_21	all other operating segment	SEGMENT	produces	waste product	PRODUCT	January 2015	December 2015	CAT	2015	CAT_10k_2015.pdf	chunk_1
vz_2024_page_24_chunk_1_triplet_7	consumer segment	SEGMENT	produces	wireline service	PRODUCT	January 2024	December 2024	VZ	2024	VZ_10k_2024.pdf	chunk_1
bf-b_2016_page_18_chunk_2_triplet_16	bf-b	ORG	produces	canadian mist	PRODUCT	January 2016	December 2016	BF-B	2016	BF-B_10k_2016.pdf	chunk_2
aapl_2022_page_5_chunk_1_triplet_6	aapl	ORG	produces	apple arcade	PRODUCT	January 2022	December 2022	AAPL	2022	AAPL_10k_2022.pdf	chunk_1
aapl_2016_page_70_chunk_7_triplet_4	aapl	ORG	produces	itunes store	PRODUCT	January 2016	December 2016	AAPL	2016	AAPL_10k_2016.pdf	chunk_7
cat_2024_page_117_chunk_1_triplet_29	resource industry	SEGMENT	produces	rotary drill	PRODUCT	January 2024	December 2024	CAT	2024	CAT_10k_2024.pdf	chunk_1
aap_2019_page_6_chunk_2_triplet_29	aap	ORG	produces	hand tool	PRODUCT	January 2019	December 2019	AAP	2019	AAP_10k_2019.pdf	chunk_2
vz_2024_page_24_chunk_1_triplet_16	business segment	SEGMENT	produces	fwa broadband	PRODUCT	January 2024	December 2024	VZ	2024	VZ_10k_2024.pdf	chunk_1
dxc_2020_page_5_chunk_1_triplet_12	dxc	ORG	produces	application	PRODUCT	January 2020	December 2020	DXC	2020	DXC_10k_2020.pdf	chunk_1
aapl_2015_page_26_chunk_3_triplet_19	aapl	ORG	produces	third-party access .	PRODUCT	January 2015	December 2015	AAPL	2015	AAPL_10k_2015.pdf	chunk_3
aap_2019_page_6_chunk_2_triplet_14	aap	ORG	produces	muffler	PRODUCT	January 2019	December 2019	AAP	2019	AAP_10k_2019.pdf	chunk_2
khc_2024_page_6_chunk_3_triplet_3	khc	ORG	produces	capri sun	PRODUCT	January 2024	December 2024	KHC	2024	KHC_10k_2024.pdf	chunk_3
cat_2014_page_5_chunk_1_triplet_5	cat	ORG	produces	small wheel loader	PRODUCT	January 2014	December 2014	CAT	2014	CAT_10k_2014.pdf	chunk_1
vz_2020_page_4_chunk_1_triplet_16	vz	ORG	produces	network access	PRODUCT	January 2020	December 2020	VZ	2020	VZ_10k_2020.pdf	chunk_1
panw_2024_page_6_chunk_1_triplet_7	panw	ORG	produces	site-to-site vpn	PRODUCT	January 2024	December 2024	PANW	2024	PANW_10k_2024.pdf	chunk_1
amzn_2021_page_65_chunk_5_triplet_19	amzn	ORG	produces	audiobooks	PRODUCT	January 2021	December 2021	AMZN	2021	AMZN_10k_2021.pdf	chunk_5
pm_2021_page_59_chunk_1_triplet_3	pm	ORG	produces	marlboro	PRODUCT	January 2021	default_end_timestamp	PM	2021	PM_10k_2021.pdf	chunk_1
gme_2015_page_6_chunk_1_triplet_3	gme	ORG	produces	website	CONCEPT	January 2015	December 2015	GME	2015	GME_10k_2015.pdf	chunk_1
cnp_2024_page_27_chunk_1_triplet_16	cnp	ORG	produces	hazardous substance	RAW_MATERIAL	January 2024	December 2024	CNP	2024	CNP_10k_2024.pdf	chunk_1
vz_2024_page_33_chunk_3_triplet_4	verizon business group	SEGMENT	produces	fwa broadband	PRODUCT	January 2024	December 2024	VZ	2024	VZ_10k_2024.pdf	chunk_3
khc_2015_page_4_chunk_4_triplet_1	khc	ORG	produces	cheese & dairy	PRODUCT	January 2015	December 2015	KHC	2015	KHC_10k_2015.pdf	chunk_4
cat_2024_page_66_chunk_1_triplet_5	cat	ORG	produces	emd	PRODUCT	January 2024	December 2024	CAT	2024	CAT_10k_2024.pdf	chunk_1
cat_2023_page_4_chunk_1_triplet_10	cat	ORG	produces	diesel-electric locomotive	PRODUCT	January 2023	December 2023	CAT	2023	CAT_10k_2023.pdf	chunk_1
vz_2024_page_33_chunk_3_triplet_8	verizon business group	SEGMENT	produces	corporate networking solution	PRODUCT	January 2024	December 2024	VZ	2024	VZ_10k_2024.pdf	chunk_3
khc_2020_page_7_chunk_2_triplet_5	khc	ORG	produces	velveeta	PRODUCT	January 2020	December 2020	KHC	2020	KHC_10k_2020.pdf	chunk_2
cat_2024_page_117_chunk_1_triplet_18	construction industry	SEGMENT	produces	track-type loader	PRODUCT	January 2024	December 2024	CAT	2024	CAT_10k_2024.pdf	chunk_1
aap_2017_page_67_chunk_1_triplet_4	aap	ORG	produces	favorable lease	FIN_METRIC	January 2014	December 2017	AAP	2017	AAP_10k_2017.pdf	chunk_1
vz_2024_page_33_chunk_3_triplet_12	verizon business group	SEGMENT	produces	long distance voice service	PRODUCT	January 2024	December 2024	VZ	2024	VZ_10k_2024.pdf	chunk_3
vz_2020_page_5_chunk_1_triplet_12	vz	ORG	produces	fiber-optic network	PRODUCT	January 2020	December 2020	VZ	2020	VZ_10k_2020.pdf	chunk_1
vz_2024_page_33_chunk_3_triplet_14	verizon business group	SEGMENT	produces	iot service	PRODUCT	January 2024	December 2024	VZ	2024	VZ_10k_2024.pdf	chunk_3
vz_2020_page_19_chunk_3_triplet_11	vz	ORG	produces	control solution	PRODUCT	January 2020	default_end_timestamp	VZ	2020	VZ_10k_2020.pdf	chunk_3
tel_2024_page_101_chunk_4_triplet_6	tel	ORG	produces	comm . solution	PRODUCT	January 2024	December 2024	TEL	2024	TEL_10k_2024.pdf	chunk_4
rcl_2024_page_11_chunk_2_triplet_13	rcl	ORG	produces	oasis of the sea	PRODUCT	January 2009	December 2009	RCL	2024	RCL_10k_2024.pdf	chunk_2
khc_2017_page_8_chunk_3_triplet_6	khc	ORG	produces	taco bell home original	PRODUCT	January 2017	default_end_timestamp	KHC	2017	KHC_10k_2017.pdf	chunk_3
cat_2018_page_8_chunk_1_triplet_31	cat	ORG	produces	retiree medical stop loss insurance	PRODUCT	January 2018	December 2018	CAT	2018	CAT_10k_2018.pdf	chunk_1
aapl_2024_page_38_chunk_1_triplet_2	aapl	ORG	produces	product	PRODUCT	January 2024	December 2024	AAPL	2024	AAPL_10k_2024.pdf	chunk_1
tfc_2019_page_51_chunk_1_triplet_1	tfc	ORG	produces	indirect auto loan	PRODUCT	January 2019	December 2019	TFC	2019	TFC_10k_2019.pdf	chunk_1
panw_2022_page_8_chunk_1_triplet_15	panw	ORG	produces	globalprotect	PRODUCT	January 2022	December 2022	PANW	2022	PANW_10k_2022.pdf	chunk_1
cat_2021_page_43_chunk_1_triplet_23	construction industry segment	SEGMENT	produces	road reclaimers	PRODUCT	January 2021	December 2021	CAT	2021	CAT_10k_2021.pdf	chunk_1
cnp_2023_page_53_chunk_3_triplet_2	cnp	ORG	produces	electricity distribution	PRODUCT	January 2023	December 2023	CNP	2023	CNP_10k_2023.pdf	chunk_3
panw_2024_page_8_chunk_1_triplet_4	panw	ORG	produces	ai runtime security	PRODUCT	January 2024	December 2024	PANW	2024	PANW_10k_2024.pdf	chunk_1
cat_2021_page_5_chunk_2_triplet_7	cat	ORG	produces	motorgraders	PRODUCT	January 2021	December 2021	CAT	2021	CAT_10k_2021.pdf	chunk_2
amzn_2014_page_3_chunk_1_triplet_15	amzn	ORG	produces	echo device	PRODUCT	January 2014	December 2014	AMZN	2014	AMZN_10k_2014.pdf	chunk_1
pm_2016_page_29_chunk_1_triplet_8	pm	ORG	produces	rrps	PRODUCT	January 2016	December 2016	PM	2016	PM_10k_2016.pdf	chunk_1
vz_2018_page_20_chunk_5_triplet_17	vz	ORG	produces	office furniture	FIN_INST	January 2018	December 2018	VZ	2018	VZ_10k_2018.pdf	chunk_5
tgna_2015_page_10_chunk_3_triplet_8	tgna	ORG	produces	news watch on channel 15	PRODUCT	January 2015	December 2015	TGNA	2015	TGNA_10k_2015.pdf	chunk_3
vz_2018_page_6_chunk_1_triplet_12	vz	ORG	produces	fios internet	PRODUCT	January 2018	December 2018	VZ	2018	VZ_10k_2018.pdf	chunk_1
tfc_2019_page_143_chunk_5_triplet_23	tfc	ORG	produces	inst inv solution	PRODUCT	January 2019	December 2019	TFC	2019	TFC_10k_2019.pdf	chunk_5
cnp_2023_page_76_chunk_1_triplet_8	cnp	ORG	produces	construction of turbine	PRODUCT	December 2022	December 2023	CNP	2023	CNP_10k_2023.pdf	chunk_1
cmcsa_2022_page_18_chunk_1_triplet_17	cmcsa	ORG	produces	xclass tv	PRODUCT	January 2022	December 2022	CMCSA	2022	CMCSA_10k_2022.pdf	chunk_1
panw_2022_page_7_chunk_1_triplet_12	panw	ORG	produces	site-to-site vpn	PRODUCT	January 2022	December 2022	PANW	2022	PANW_10k_2022.pdf	chunk_1
vz_2023_page_4_chunk_1_triplet_12	vz	ORG	produces	fios video	PRODUCT	January 2023	December 2023	VZ	2023	VZ_10k_2023.pdf	chunk_1
cat_2015_page_5_chunk_1_triplet_30	cat	ORG	produces	track and rotary drill	PRODUCT	January 2015	December 2015	CAT	2015	CAT_10k_2015.pdf	chunk_1
cat_2018_page_5_chunk_2_triplet_15	cat	ORG	produces	motorgraders	PRODUCT	January 2018	December 2018	CAT	2018	CAT_10k_2018.pdf	chunk_2
cat_2017_page_80_chunk_3_triplet_27	cat	ORG	produces	remanufactured prod	PRODUCT	January 2017	December 2017	CAT	2017	CAT_10k_2017.pdf	chunk_3
tgna_2016_page_10_chunk_3_triplet_8	tgna	ORG	produces	24/7 newschannel	PRODUCT	January 2016	December 2016	TGNA	2016	TGNA_10k_2016.pdf	chunk_3
aap_2016_page_10_chunk_1_triplet_8	aap	ORG	produces	tough one	PRODUCT	January 2016	December 2016	AAP	2016	AAP_10k_2016.pdf	chunk_1
vz_2023_page_6_chunk_1_triplet_6	vz	ORG	produces	messaging service	PRODUCT	January 2023	December 2023	VZ	2023	VZ_10k_2023.pdf	chunk_1
pm_2015_page_65_chunk_4_triplet_5	pm	ORG	produces	philip morris	PRODUCT	January 2015	December 2015	PM	2015	PM_10k_2015.pdf	chunk_4
aapl_2017_page_3_chunk_1_triplet_7	aapl	ORG	produces	consumer software	PRODUCT	January 2017	December 2017	AAPL	2017	AAPL_10k_2017.pdf	chunk_1
cat_2015_page_140_chunk_1_triplet_4	cat	ORG	produces	locomotive component	PRODUCT	January 2015	December 2015	CAT	2015	CAT_10k_2015.pdf	chunk_1
cat_2015_page_50_chunk_1_triplet_21	construction industry	SEGMENT	produces	grader	PRODUCT	January 2015	December 2015	CAT	2015	CAT_10k_2015.pdf	chunk_1
cnp_2022_page_51_chunk_1_triplet_24	cnp	ORG	produces	natural gas distribution service	SERVICE	January 2022	December 2022	CNP	2022	CNP_10k_2022.pdf	chunk_1
cat_2015_page_5_chunk_1_triplet_11	cat	ORG	produces	mini excavator	PRODUCT	January 2015	December 2015	CAT	2015	CAT_10k_2015.pdf	chunk_1
cat_2021_page_128_chunk_1_triplet_5	resource industry	SEGMENT	produces	large track-type tractor	PRODUCT	January 2021	December 2021	CAT	2021	CAT_10k_2021.pdf	chunk_1
cat_2022_page_131_chunk_1_triplet_32	construction industry	SEGMENT	produces	asphalt pavers	PRODUCT	January 2022	December 2022	CAT	2022	CAT_10k_2022.pdf	chunk_1
cat_2018_page_142_chunk_1_triplet_14	resource industry	SEGMENT	produces	off-highway truck	PRODUCT	January 2018	December 2018	CAT	2018	CAT_10k_2018.pdf	chunk_1
aapl_2018_page_46_chunk_1_triplet_8	aapl	ORG	produces	consumer software	PRODUCT	January 2018	December 2018	AAPL	2018	AAPL_10k_2018.pdf	chunk_1
cat_2017_page_18_chunk_1_triplet_15	cat	ORG	produces	engine	PRODUCT	January 2017	December 2017	CAT	2017	CAT_10k_2017.pdf	chunk_1
aap_2017_page_83_chunk_2_triplet_5	aap	ORG	produces	miscellaneous product	PRODUCT	January 2017	December 2017	AAP	2017	AAP_10k_2017.pdf	chunk_2
cat_2015_page_140_chunk_1_triplet_16	all other operating segment	SEGMENT	produces	harden bar stock component	PRODUCT	January 2015	December 2015	CAT	2015	CAT_10k_2015.pdf	chunk_1
cat_2020_page_79_chunk_1_triplet_12	cat	ORG	produces	solar turbine	PRODUCT	January 2020	December 2020	CAT	2020	CAT_10k_2020.pdf	chunk_1
aap_2016_page_7_chunk_2_triplet_41	aap	ORG	produces	oil additive	PRODUCT	January 2016	December 2016	AAP	2016	AAP_10k_2016.pdf	chunk_2
tel_2019_page_98_chunk_2_triplet_6	tel	ORG	produces	energy	PRODUCT	January 2019	December 2019	TEL	2019	TEL_10k_2019.pdf	chunk_2
tfc_2021_page_140_chunk_1_triplet_30	tfc	ORG	produces	product a	PRODUCT	January 2021	December 2021	TFC	2021	TFC_10k_2021.pdf	chunk_1
tel_2017_page_7_chunk_1_triplet_7	tel	ORG	produces	high-voltage relay	PRODUCT	January 2017	December 2017	TEL	2017	TEL_10k_2017.pdf	chunk_1
bf-b_2023_page_26_chunk_1_triplet_4	bf-b	ORG	produces	rtd canning plant	LOGISTICS	January 2023	December 2023	BF-B	2023	BF-B_10k_2023.pdf	chunk_1
vz_2023_page_23_chunk_1_triplet_10	vz	ORG	produces	prepaid service	PRODUCT	January 2023	December 2023	VZ	2023	VZ_10k_2023.pdf	chunk_1
cat_2021_page_43_chunk_1_triplet_20	construction industry segment	SEGMENT	produces	mini , small , medium and large track excavator	PRODUCT	January 2021	December 2021	CAT	2021	CAT_10k_2021.pdf	chunk_1
cat_2020_page_5_chunk_4_triplet_12	cat	ORG	produces	articulate truck	PRODUCT	January 2020	December 2020	CAT	2020	CAT_10k_2020.pdf	chunk_4
bf-b_2015_page_18_chunk_2_triplet_8	bf-b	ORG	produces	sonoma-cutrer	PRODUCT	January 2015	December 2015	BF-B	2015	BF-B_10k_2015.pdf	chunk_2
tgna_2016_page_68_chunk_4_triplet_28	kmov	COMP	produces	tv station	PRODUCT	January 2016	December 2016	TGNA	2016	TGNA_10k_2016.pdf	chunk_4
cat_2019_page_78_chunk_1_triplet_4	cat	ORG	produces	cat 3406 engine	PRODUCT	January 2019	December 2019	CAT	2019	CAT_10k_2019.pdf	chunk_1
cat_2023_page_5_chunk_2_triplet_5	cat	ORG	produces	off-highway truck	PRODUCT	January 2023	December 2023	CAT	2023	CAT_10k_2023.pdf	chunk_2
dxc_2020_page_11_chunk_1_triplet_36	intuit	COMP	produces	payroll software solution	PRODUCT	January 2020	December 2020	DXC	2020	DXC_10k_2020.pdf	chunk_1
tgna_2016_page_30_chunk_1_triplet_13	tgna	ORG	produces	human capital saas	PRODUCT	January 2016	December 2016	TGNA	2016	TGNA_10k_2016.pdf	chunk_1
bf-b_2016_page_37_chunk_3_triplet_18	bf-b	ORG	produces	tuaca	PRODUCT	January 2016	December 2016	BF-B	2016	BF-B_10k_2016.pdf	chunk_3
cat_2017_page_56_chunk_1_triplet_63	material handle & underground	SEGMENT	produces	highwall miner	PRODUCT	January 2017	December 2017	CAT	2017	CAT_10k_2017.pdf	chunk_1
tfc_2020_page_143_chunk_1_triplet_22	tfc	ORG	produces	corporate bond	FIN_INST	January 2020	December 2020	TFC	2020	TFC_10k_2020.pdf	chunk_1
tgna_2016_page_68_chunk_4_triplet_27	pointroll	COMP	produces	ad tech	PRODUCT	January 2016	December 2016	TGNA	2016	TGNA_10k_2016.pdf	chunk_4
cat_2014_page_5_chunk_1_triplet_21	cat	ORG	produces	telehandlers	PRODUCT	January 2014	December 2014	CAT	2014	CAT_10k_2014.pdf	chunk_1
cat_2019_page_140_chunk_2_triplet_10	financial product segment	SEGMENT	produces	financial service	PRODUCT	January 2019	December 2019	CAT	2019	CAT_10k_2019.pdf	chunk_2
rcl_2024_page_11_chunk_2_triplet_21	rcl	ORG	produces	brilliance of the sea	PRODUCT	January 2002	December 2002	RCL	2024	RCL_10k_2024.pdf	chunk_2
pm_2021_page_34_chunk_3_triplet_6	pm	ORG	produces	heets creation	PRODUCT	January 2021	December 2021	PM	2021	PM_10k_2021.pdf	chunk_3
cat_2017_page_56_chunk_1_triplet_68	material handle & underground	SEGMENT	produces	continuous miner	PRODUCT	January 2017	December 2017	CAT	2017	CAT_10k_2017.pdf	chunk_1
vz_2018_page_12_chunk_1_triplet_6	vz	ORG	produces	digital medium service	PRODUCT	January 2018	December 2018	VZ	2018	VZ_10k_2018.pdf	chunk_1
vz_2023_page_58_chunk_1_triplet_8	vz	ORG	produces	4g lte network	PRODUCT	January 2023	December 2023	VZ	2023	VZ_10k_2023.pdf	chunk_1
vz_2023_page_66_chunk_3_triplet_1	vz	ORG	produces	telecommunication service	PRODUCT	January 2023	December 2023	VZ	2023	VZ_10k_2023.pdf	chunk_3
pm_2015_page_15_chunk_3_triplet_1	pm	ORG	produces	cigarette	PRODUCT	January 2015	December 2015	PM	2015	PM_10k_2015.pdf	chunk_3
pm_2021_page_96_chunk_3_triplet_2	pm	ORG	produces	reduced-risk product	PRODUCT	January 2021	December 2021	PM	2021	PM_10k_2021.pdf	chunk_3
cmcsa_2022_page_6_chunk_1_triplet_5	cmcsa	ORG	produces	wireless service	PRODUCT	January 2022	December 2022	CMCSA	2022	CMCSA_10k_2022.pdf	chunk_1
cat_2019_page_5_chunk_3_triplet_26	cat	ORG	produces	reciprocate engine	PRODUCT	January 2019	December 2019	CAT	2019	CAT_10k_2019.pdf	chunk_3
aap_2020_page_5_chunk_2_triplet_5	aap	ORG	produces	brake	PRODUCT	January 2020	December 2020	AAP	2020	AAP_10k_2020.pdf	chunk_2
tfc_2022_page_140_chunk_1_triplet_7	ih segment	SEGMENT	produces	worker compensation	PRODUCT	January 2022	December 2022	TFC	2022	TFC_10k_2022.pdf	chunk_1
aap_2020_page_5_chunk_2_triplet_34	aap	ORG	produces	hand tool	PRODUCT	January 2020	December 2020	AAP	2020	AAP_10k_2020.pdf	chunk_2
aapl_2023_page_4_chunk_1_triplet_18	aapl	ORG	produces	apple watch se	PRODUCT	January 2023	December 2023	AAPL	2023	AAPL_10k_2023.pdf	chunk_1
cnp_2022_page_184_chunk_2_triplet_6	cnp	ORG	produces	solar panel	PRODUCT	January 2021	December 2021	CNP	2022	CNP_10k_2022.pdf	chunk_2
vz_2018_page_12_chunk_1_triplet_19	vz	ORG	produces	driver behavior analysis solution	PRODUCT	January 2018	December 2018	VZ	2018	VZ_10k_2018.pdf	chunk_1
tfc_2022_page_7_chunk_2_triplet_27	tfc	ORG	produces	investment banking and capital market service	SERVICE	January 2022	December 2022	TFC	2022	TFC_10k_2022.pdf	chunk_2
cat_2015_page_51_chunk_1_triplet_15	resource industry	SEGMENT	produces	large mining truck	PRODUCT	January 2015	December 2015	CAT	2015	CAT_10k_2015.pdf	chunk_1
cnp_2020_page_16_chunk_1_triplet_29	natural gas segment	SEGMENT	produces	home repair protection plan	PRODUCT	January 2020	December 2020	CNP	2020	CNP_10k_2020.pdf	chunk_1
tel_2019_page_6_chunk_1_triplet_2	tel	ORG	produces	semiconductor equipment	PRODUCT	January 2019	December 2019	TEL	2019	TEL_10k_2019.pdf	chunk_1
tfc_2023_page_7_chunk_2_triplet_14	tfc	ORG	produces	retail and small business deposit product	PRODUCT	January 2023	December 2023	TFC	2023	TFC_10k_2023.pdf	chunk_2
vz_2015_page_3_chunk_4_triplet_3	vz	ORG	produces	wireless data service	PRODUCT	January 2015	December 2015	VZ	2015	VZ_10k_2015.pdf	chunk_4
aapl_2023_page_4_chunk_1_triplet_12	aapl	ORG	produces	ipad pro	PRODUCT	January 2023	December 2023	AAPL	2023	AAPL_10k_2023.pdf	chunk_1
cat_2022_page_5_chunk_1_triplet_85	cat	ORG	produces	integrate system	PRODUCT	January 2022	December 2022	CAT	2022	CAT_10k_2022.pdf	chunk_1
vz_2015_page_3_chunk_4_triplet_9	vz	ORG	produces	data center service	PRODUCT	January 2015	December 2015	VZ	2015	VZ_10k_2015.pdf	chunk_4
aapl_2014_page_3_chunk_1_triplet_5	aapl	ORG	produces	apple tv	PRODUCT	January 2014	December 2014	AAPL	2014	AAPL_10k_2014.pdf	chunk_1
aap_2020_page_6_chunk_1_triplet_7	aap	ORG	produces	private label product	PRODUCT	January 2020	December 2020	AAP	2020	AAP_10k_2020.pdf	chunk_1
rcl_2024_page_9_chunk_1_triplet_24	rcl	ORG	produces	ship	PRODUCT	January 2024	December 2024	RCL	2024	RCL_10k_2024.pdf	chunk_1
tel_2016_page_74_chunk_1_triplet_5	tel	ORG	produces	sensor solution	PRODUCT	January 2016	December 2016	TEL	2016	TEL_10k_2016.pdf	chunk_1
vz_2015_page_3_chunk_4_triplet_14	vz	ORG	produces	long distance voice service	PRODUCT	January 2015	December 2015	VZ	2015	VZ_10k_2015.pdf	chunk_4
aapl_2021_page_24_chunk_3_triplet_15	aapl	ORG	produces	payment service	SERVICE	January 2021	December 2021	AAPL	2021	AAPL_10k_2021.pdf	chunk_3
cmcsa_2015_page_162_chunk_3_triplet_5	buzzfeed	COMP	produces	news	PRODUCT	January 2015	default_end_timestamp	CMCSA	2015	CMCSA_10k_2015.pdf	chunk_3
tel_2020_page_5_chunk_1_triplet_2	tel	ORG	produces	terminal and connector system	PRODUCT	January 2020	December 2020	TEL	2020	TEL_10k_2020.pdf	chunk_1
khc_2020_page_36_chunk_1_triplet_14	khc	ORG	produces	miracle whip	PRODUCT	December 2020	December 2020	KHC	2020	KHC_10k_2020.pdf	chunk_1
amzn_2017_page_67_chunk_1_triplet_30	amzn	ORG	produces	database service	PRODUCT	January 2017	December 2017	AMZN	2017	AMZN_10k_2017.pdf	chunk_1
cat_2022_page_5_chunk_1_triplet_65	cat	ORG	produces	articulate truck	PRODUCT	January 2022	December 2022	CAT	2022	CAT_10k_2022.pdf	chunk_1
cat_2015_page_79_chunk_1_triplet_9	cat	ORG	produces	perkins	PRODUCT	January 2015	December 2015	CAT	2015	CAT_10k_2015.pdf	chunk_1
cmcsa_2015_page_55_chunk_1_triplet_9	cmcsa	ORG	produces	wireless gateway	PRODUCT	January 2015	December 2015	CMCSA	2015	CMCSA_10k_2015.pdf	chunk_1
vz_2015_page_4_chunk_1_triplet_1	vz	ORG	produces	wireless service	PRODUCT	January 2015	December 2015	VZ	2015	VZ_10k_2015.pdf	chunk_1
cat_2017_page_5_chunk_1_triplet_7	cat	ORG	produces	multi-terrain loader	PRODUCT	January 2017	December 2017	CAT	2017	CAT_10k_2017.pdf	chunk_1
cat_2020_page_5_chunk_2_triplet_2	cat	ORG	produces	forestry equipment	PRODUCT	January 2020	December 2020	CAT	2020	CAT_10k_2020.pdf	chunk_2
pm_2020_page_33_chunk_1_triplet_33	pm	ORG	produces	philip morris cigarette	PRODUCT	January 2020	December 2020	PM	2020	PM_10k_2020.pdf	chunk_1
cmcsa_2023_page_5_chunk_1_triplet_3	cmcsa	ORG	produces	fiber-to-the-cabinet	PRODUCT	January 2023	December 2023	CMCSA	2023	CMCSA_10k_2023.pdf	chunk_1
vz_2015_page_27_chunk_3_triplet_36	vz	ORG	produces	software solution	PRODUCT	January 2015	December 2015	VZ	2015	VZ_10k_2015.pdf	chunk_3
tfc_2024_page_161_chunk_1_triplet_29	tfc	ORG	produces	national indirect lending service	PRODUCT	January 2024	December 2024	TFC	2024	TFC_10k_2024.pdf	chunk_1
cat_2021_page_43_chunk_1_triplet_30	construction industry segment	SEGMENT	produces	compact , small and medium wheel loader	PRODUCT	January 2021	December 2021	CAT	2021	CAT_10k_2021.pdf	chunk_1
tel_2020_page_4_chunk_1_triplet_6	tel	ORG	produces	sensor solution	PRODUCT	January 2020	December 2020	TEL	2020	TEL_10k_2020.pdf	chunk_1
pom_2015_page_11_chunk_2_triplet_13	atl city electric	COMP	produces	electricity	PRODUCT	January 2015	December 2015	POM	2015	POM_10k_2015.pdf	chunk_2
aapl_2018_page_6_chunk_1_triplet_4	aapl	ORG	produces	apple tv	PRODUCT	January 2018	December 2018	AAPL	2018	AAPL_10k_2018.pdf	chunk_1
cmcsa_2024_page_11_chunk_1_triplet_6	cmcsa	ORG	produces	sport program	PRODUCT	January 2024	December 2024	CMCSA	2024	CMCSA_10k_2024.pdf	chunk_1
cat_2015_page_5_chunk_1_triplet_15	cat	ORG	produces	wheel excavator	PRODUCT	January 2015	December 2015	CAT	2015	CAT_10k_2015.pdf	chunk_1
aapl_2016_page_46_chunk_1_triplet_4	aapl	ORG	produces	personal computer	PRODUCT	January 2016	December 2016	AAPL	2016	AAPL_10k_2016.pdf	chunk_1
cmcsa_2024_page_73_chunk_5_triplet_7	cmcsa	ORG	produces	residential video service	PRODUCT	January 2024	December 2024	CMCSA	2024	CMCSA_10k_2024.pdf	chunk_5
cat_2019_page_137_chunk_1_triplet_57	cat	ORG	produces	large wheel loader	PRODUCT	January 2019	December 2019	CAT	2019	CAT_10k_2019.pdf	chunk_1
aapl_2017_page_26_chunk_3_triplet_13	aapl	ORG	produces	apple music , apple pay , icloud	PRODUCT	January 2017	December 2017	AAPL	2017	AAPL_10k_2017.pdf	chunk_3
cat_2024_page_117_chunk_1_triplet_38	resource industry	SEGMENT	produces	select work tool	PRODUCT	January 2024	December 2024	CAT	2024	CAT_10k_2024.pdf	chunk_1
cat_2015_page_79_chunk_1_triplet_10	cat	ORG	produces	progress rail	PRODUCT	January 2015	December 2015	CAT	2015	CAT_10k_2015.pdf	chunk_1
cat_2016_page_145_chunk_1_triplet_45	resource industry	SEGMENT	produces	articulate truck	PRODUCT	January 2016	December 2016	CAT	2016	CAT_10k_2016.pdf	chunk_1
aapl_2016_page_3_chunk_1_triplet_14	aapl	ORG	produces	apple music	PRODUCT	default_start_timestamp	default_end_timestamp	AAPL	2016	AAPL_10k_2016.pdf	chunk_1
vz_2020_page_18_chunk_3_triplet_11	vz	ORG	produces	hvac system	PRODUCT	January 2020	December 2020	VZ	2020	VZ_10k_2020.pdf	chunk_3
cat_2018_page_142_chunk_1_triplet_56	all other operating segment	SEGMENT	produces	undercarriage	PRODUCT	January 2018	December 2018	CAT	2018	CAT_10k_2018.pdf	chunk_1
tfc_2023_page_7_chunk_1_triplet_15	tfc	SEGMENT	produces	trust service	PRODUCT	January 2023	December 2023	TFC	2023	TFC_10k_2023.pdf	chunk_1
cmcsa_2024_page_73_chunk_5_triplet_8	cmcsa	ORG	produces	business video service	PRODUCT	January 2024	December 2024	CMCSA	2024	CMCSA_10k_2024.pdf	chunk_5
cat_2021_page_45_chunk_1_triplet_7	resource industry	SEGMENT	produces	fleet management solution	PRODUCT	January 2021	December 2021	CAT	2021	CAT_10k_2021.pdf	chunk_1
tfc_2020_page_143_chunk_1_triplet_7	tfc	ORG	produces	u.s. treasury security	FIN_INST	January 2020	December 2020	TFC	2020	TFC_10k_2020.pdf	chunk_1
cmcsa_2015_page_116_chunk_2_triplet_17	cable network	SEGMENT	produces	depreciation and amortization	FIN_METRIC	January 2015	December 2015	CMCSA	2015	CMCSA_10k_2015.pdf	chunk_2
vz_2017_page_4_chunk_1_triplet_1	vz	ORG	produces	wireless service	PRODUCT	January 2017	December 2017	VZ	2017	VZ_10k_2017.pdf	chunk_1
cat_2016_page_6_chunk_1_triplet_28	cat	ORG	produces	turbine	PRODUCT	January 2016	December 2016	CAT	2016	CAT_10k_2016.pdf	chunk_1
cat_2018_page_5_chunk_2_triplet_11	cat	ORG	produces	forestry excavator	PRODUCT	January 2018	December 2018	CAT	2018	CAT_10k_2018.pdf	chunk_2
aap_2020_page_5_chunk_2_triplet_11	aap	ORG	produces	engine	PRODUCT	January 2020	December 2020	AAP	2020	AAP_10k_2020.pdf	chunk_2
tel_2019_page_4_chunk_3_triplet_4	transportation solution	SEGMENT	produces	sensor	PRODUCT	January 2019	December 2019	TEL	2019	TEL_10k_2019.pdf	chunk_3
cat_2022_page_2_chunk_1_triplet_39	cat	ORG	produces	generator	PRODUCT	January 2022	December 2022	CAT	2022	CAT_10k_2022.pdf	chunk_1
aapl_2023_page_4_chunk_1_triplet_23	aapl	ORG	produces	apple vision pro	PRODUCT	January 2023	December 2023	AAPL	2023	AAPL_10k_2023.pdf	chunk_1
vz_2017_page_9_chunk_1_triplet_10	vz	ORG	produces	private ip service	PRODUCT	January 2017	December 2017	VZ	2017	VZ_10k_2017.pdf	chunk_1
rcl_2021_page_45_chunk_1_triplet_2	rcl	ORG	produces	guest experience	SERVICE	June 2021	December 2021	RCL	2021	RCL_10k_2021.pdf	chunk_1
dxc_2020_page_84_chunk_4_triplet_3	dxc	ORG	produces	furniture and other equipment	PRODUCT	January 2020	December 2020	DXC	2020	DXC_10k_2020.pdf	chunk_4
cat_2024_page_117_chunk_1_triplet_50	energy & transportation	SEGMENT	produces	reciprocate engine	PRODUCT	January 2024	December 2024	CAT	2024	CAT_10k_2024.pdf	chunk_1
cmcsa_2024_page_73_chunk_5_triplet_6	cmcsa	ORG	produces	wireless connectivity service	PRODUCT	January 2024	December 2024	CMCSA	2024	CMCSA_10k_2024.pdf	chunk_5
pm_2023_page_40_chunk_3_triplet_4	pm	ORG	produces	next generation product line	PRODUCT	January 2023	December 2023	PM	2023	PM_10k_2023.pdf	chunk_3
cat_2016_page_5_chunk_3_triplet_8	cat	ORG	produces	autonomous machine capability	PRODUCT	January 2016	December 2016	CAT	2016	CAT_10k_2016.pdf	chunk_3
cmcsa_2014_page_122_chunk_4_triplet_53	corporate and other	SEGMENT	produces	depreciation and amortization	FIN_METRIC	January 2014	December 2014	CMCSA	2014	CMCSA_10k_2014.pdf	chunk_4
aap_2020_page_5_chunk_2_triplet_37	aap	ORG	produces	performance part	PRODUCT	January 2020	December 2020	AAP	2020	AAP_10k_2020.pdf	chunk_2
khc_2024_page_6_chunk_2_triplet_5	khc	ORG	produces	lunchables	PRODUCT	January 2024	December 2024	KHC	2024	KHC_10k_2024.pdf	chunk_2
aap_2016_page_7_chunk_2_triplet_37	aap	ORG	produces	car wash soap	PRODUCT	January 2016	December 2016	AAP	2016	AAP_10k_2016.pdf	chunk_2
cnp_2021_page_182_chunk_2_triplet_6	cnp	ORG	produces	energy product and service	PRODUCT	January 2021	December 2021	CNP	2021	CNP_10k_2021.pdf	chunk_2
aapl_2017_page_26_chunk_2_triplet_10	aapl	ORG	produces	other product	PRODUCT	January 2017	December 2017	AAPL	2017	AAPL_10k_2017.pdf	chunk_2
tgna_2016_page_68_chunk_4_triplet_26	tgna	COMP	produces	reward platform	PRODUCT	January 2016	December 2016	TGNA	2016	TGNA_10k_2016.pdf	chunk_4
cmcsa_2023_page_11_chunk_1_triplet_17	cmcsa	ORG	produces	investigative reporting	PRODUCT	January 2023	December 2023	CMCSA	2023	CMCSA_10k_2023.pdf	chunk_1
aap_2016_page_7_chunk_2_triplet_51	aap	ORG	produces	exhaust part	PRODUCT	January 2016	December 2016	AAP	2016	AAP_10k_2016.pdf	chunk_2
cat_2014_page_10_chunk_1_triplet_4	cat	ORG	produces	fg wilson	PRODUCT	January 2014	December 2014	CAT	2014	CAT_10k_2014.pdf	chunk_1
vz_2017_page_5_chunk_1_triplet_8	vz	ORG	produces	netbooks	PRODUCT	January 2017	December 2017	VZ	2017	VZ_10k_2017.pdf	chunk_1
khc_2015_page_4_chunk_2_triplet_9	khc	ORG	produces	boca meat alternative	PRODUCT	January 2015	December 2015	KHC	2015	KHC_10k_2015.pdf	chunk_2
aap_2021_page_6_chunk_2_triplet_19	aap	ORG	produces	cooling part	PRODUCT	January 2021	December 2021	AAP	2021	AAP_10k_2021.pdf	chunk_2
cat_2020_page_135_chunk_1_triplet_10	cat	ORG	produces	good	PRODUCT	January 2016	December 2025	CAT	2020	CAT_10k_2020.pdf	chunk_1
aapl_2018_page_6_chunk_1_triplet_7	aapl	ORG	produces	beat	PRODUCT	January 2018	December 2018	AAPL	2018	AAPL_10k_2018.pdf	chunk_1
khc_2020_page_36_chunk_1_triplet_13	khc	ORG	produces	velveeta	PRODUCT	December 2020	December 2020	KHC	2020	KHC_10k_2020.pdf	chunk_1
cmcsa_2015_page_155_chunk_1_triplet_6	cmcsa	ORG	produces	third-party film distribution	PRODUCT	January 2015	December 2015	CMCSA	2015	CMCSA_10k_2015.pdf	chunk_1
aapl_2018_page_5_chunk_1_triplet_18	aapl	ORG	produces	itunes store	PRODUCT	January 2003	default_end_timestamp	AAPL	2018	AAPL_10k_2018.pdf	chunk_1
pm_2015_page_15_chunk_2_triplet_5	pm	ORG	produces	integrate	PRODUCT	January 2015	December 2015	PM	2015	PM_10k_2015.pdf	chunk_2
tfc_2019_page_8_chunk_2_triplet_11	tfc	ORG	produces	mobile/online banking	SERVICE	January 2019	December 2019	TFC	2019	TFC_10k_2019.pdf	chunk_2
aap_2021_page_6_chunk_2_triplet_57	aap	ORG	produces	part cleaner	PRODUCT	January 2021	December 2021	AAP	2021	AAP_10k_2021.pdf	chunk_2
dxc_2021_page_89_chunk_3_triplet_10	luxoft	COMP	produces	digital engineering capability	PRODUCT	June 2019	December 2021	DXC	2021	DXC_10k_2021.pdf	chunk_3
vz_2017_page_20_chunk_5_triplet_13	vz	ORG	produces	telephone equipment	PRODUCT	January 2017	December 2017	VZ	2017	VZ_10k_2017.pdf	chunk_5
cat_2021_page_5_chunk_4_triplet_5	cat	ORG	produces	large wheel loader	PRODUCT	January 2021	December 2021	CAT	2021	CAT_10k_2021.pdf	chunk_4
amzn_2017_page_67_chunk_1_triplet_12	amzn	ORG	produces	consumer product	PRODUCT	January 2017	December 2017	AMZN	2017	AMZN_10k_2017.pdf	chunk_1
pm_2020_page_29_chunk_3_triplet_3	pm	ORG	produces	pipe tobacco	PRODUCT	January 2020	December 2020	PM	2020	PM_10k_2020.pdf	chunk_3
cat_2021_page_72_chunk_1_triplet_9	cat	ORG	produces	perkins	PRODUCT	January 2021	December 2021	CAT	2021	CAT_10k_2021.pdf	chunk_1
rcl_2021_page_74_chunk_2_triplet_20	rcl	ORG	produces	icon 2	PRODUCT	January 2021	December 2021	RCL	2021	RCL_10k_2021.pdf	chunk_2
aapl_2014_page_32_chunk_5_triplet_13	aapl	ORG	produces	macbook air	PRODUCT	January 2014	December 2014	AAPL	2014	AAPL_10k_2014.pdf	chunk_5
vz_2018_page_20_chunk_5_triplet_11	vz	ORG	produces	customer care real estate	FIN_INST	January 2018	December 2018	VZ	2018	VZ_10k_2018.pdf	chunk_5
gme_2014_page_10_chunk_1_triplet_8	gme	ORG	produces	consumer electronics	PRODUCT	January 2014	December 2014	GME	2014	GME_10k_2014.pdf	chunk_1
gme_2015_page_33_chunk_5_triplet_4	gme	ORG	produces	pc entertainment software	PRODUCT	January 2015	December 2015	GME	2015	GME_10k_2015.pdf	chunk_5
cmcsa_2014_page_11_chunk_2_triplet_2	cmcsa	ORG	produces	syfy	PRODUCT	January 2014	December 2014	CMCSA	2014	CMCSA_10k_2014.pdf	chunk_2
tfc_2023_page_61_chunk_1_triplet_7	tfc	ORG	produces	secure indirect installment loan	PRODUCT	January 2023	December 2023	TFC	2023	TFC_10k_2023.pdf	chunk_1
dxc_2020_page_71_chunk_1_triplet_5	dxc	ORG	produces	scalability solution	PRODUCT	January 2020	December 2020	DXC	2020	DXC_10k_2020.pdf	chunk_1
pm_2016_page_4_chunk_1_triplet_3	pm	ORG	produces	nicotine-containing product	PRODUCT	January 2016	December 2016	PM	2016	PM_10k_2016.pdf	chunk_1
aap_2020_page_5_chunk_2_triplet_22	aap	ORG	produces	steer part	PRODUCT	January 2020	December 2020	AAP	2020	AAP_10k_2020.pdf	chunk_2
rcl_2021_page_13_chunk_2_triplet_19	rcl	ORG	produces	adventure of the sea	PRODUCT	January 2001	December 2001	RCL	2021	RCL_10k_2021.pdf	chunk_2
cat_2018_page_78_chunk_1_triplet_3	cat	ORG	produces	caterpillar d10 bulldozer	PRODUCT	January 2018	December 2018	CAT	2018	CAT_10k_2018.pdf	chunk_1
gme_2015_page_3_chunk_1_triplet_13	gme	ORG	produces	downloadable content	PRODUCT	January 2015	December 2015	GME	2015	GME_10k_2015.pdf	chunk_1
pm_2022_page_34_chunk_3_triplet_9	pm	ORG	produces	heets creation	PRODUCT	January 2022	December 2022	PM	2022	PM_10k_2022.pdf	chunk_3
cat_2020_page_9_chunk_1_triplet_22	cat	ORG	produces	steel casting	RAW_MATERIAL	January 2020	December 2020	CAT	2020	CAT_10k_2020.pdf	chunk_1
vz_2018_page_20_chunk_5_triplet_15	vz	ORG	produces	cell site real estate	FIN_INST	January 2018	December 2018	VZ	2018	VZ_10k_2018.pdf	chunk_5
cat_2018_page_5_chunk_3_triplet_3	cat	ORG	produces	quarry and aggregate equipment	PRODUCT	January 2018	December 2018	CAT	2018	CAT_10k_2018.pdf	chunk_3
cmcsa_2014_page_150_chunk_3_triplet_19	cmcsa	ORG	produces	cable tv service	PRODUCT	January 2014	December 2014	CMCSA	2014	CMCSA_10k_2014.pdf	chunk_3
aap_2021_page_6_chunk_2_triplet_13	aap	ORG	produces	exhaust system	PRODUCT	January 2021	December 2021	AAP	2021	AAP_10k_2021.pdf	chunk_2
amzn_2021_page_64_chunk_1_triplet_20	north america segment	SEGMENT	produces	retail sale	PRODUCT	January 2021	December 2021	AMZN	2021	AMZN_10k_2021.pdf	chunk_1
vz_2021_page_6_chunk_1_triplet_12	vz	ORG	produces	wireline connectivity	PRODUCT	January 2021	December 2021	VZ	2021	VZ_10k_2021.pdf	chunk_1
cat_2021_page_128_chunk_1_triplet_32	resource industry	SEGMENT	produces	research and development	PRODUCT	January 2021	December 2021	CAT	2021	CAT_10k_2021.pdf	chunk_1
tel_2019_page_98_chunk_4_triplet_4	tel	ORG	produces	communication device	PRODUCT	January 2019	December 2019	TEL	2019	TEL_10k_2019.pdf	chunk_4
cnp_2023_page_53_chunk_4_triplet_10	cnp	ORG	produces	land	RAW_MATERIAL	January 2023	December 2023	CNP	2023	CNP_10k_2023.pdf	chunk_4
cnp_2022_page_156_chunk_1_triplet_2	enable	COMP	produces	natural gas	RAW_MATERIAL	January 2022	December 2022	CNP	2022	CNP_10k_2022.pdf	chunk_1
cat_2019_page_137_chunk_1_triplet_87	cat	ORG	produces	diesel-electric locomotive component	PRODUCT	January 2019	December 2019	CAT	2019	CAT_10k_2019.pdf	chunk_1
amzn_2024_page_3_chunk_1_triplet_10	amzn	ORG	produces	fire tablet	PRODUCT	January 2024	December 2024	AMZN	2024	AMZN_10k_2024.pdf	chunk_1
tfc_2024_page_7_chunk_2_triplet_9	tfc	ORG	produces	investment brokerage service	PRODUCT	January 2024	December 2024	TFC	2024	TFC_10k_2024.pdf	chunk_2
bf-b_2016_page_4_chunk_2_triplet_11	bf-b	ORG	produces	el jimador new mix rtds	PRODUCT	default_start_timestamp	default_end_timestamp	BF-B	2016	BF-B_10k_2016.pdf	chunk_2
cat_2015_page_5_chunk_1_triplet_7	cat	ORG	produces	multi-terrain loader	PRODUCT	January 2015	December 2015	CAT	2015	CAT_10k_2015.pdf	chunk_1
rcl_2017_page_97_chunk_3_triplet_29	rcl	ORG	produces	cruise service	PRODUCT	January 2017	December 2017	RCL	2017	RCL_10k_2017.pdf	chunk_3
cat_2021_page_72_chunk_1_triplet_5	cat	ORG	produces	emd	PRODUCT	January 2021	December 2021	CAT	2021	CAT_10k_2021.pdf	chunk_1
dxc_2021_page_9_chunk_1_triplet_4	dxc	ORG	produces	copyright	PRODUCT	January 2021	December 2021	DXC	2021	DXC_10k_2021.pdf	chunk_1
cat_2022_page_131_chunk_1_triplet_51	construction industry	SEGMENT	produces	wheel excavator	PRODUCT	January 2022	December 2022	CAT	2022	CAT_10k_2022.pdf	chunk_1
vz_2021_page_5_chunk_1_triplet_16	vz	ORG	produces	residential fix connectivity solution	PRODUCT	January 2021	December 2021	VZ	2021	VZ_10k_2021.pdf	chunk_1
cat_2015_page_51_chunk_1_triplet_26	resource industry	SEGMENT	produces	articulate truck	PRODUCT	January 2015	December 2015	CAT	2015	CAT_10k_2015.pdf	chunk_1
cnp_2020_page_81_chunk_1_triplet_15	cnp	ORG	produces	natural gas combine cycle generate facility	PRODUCT	January 2020	December 2020	CNP	2020	CNP_10k_2020.pdf	chunk_1
rcl_2017_page_16_chunk_1_triplet_10	rcl	ORG	produces	pre- and post-cruise hotel package	PRODUCT	January 2017	December 2017	RCL	2017	RCL_10k_2017.pdf	chunk_1
aap_2019_page_6_chunk_2_triplet_4	aap	ORG	produces	fuel hose	PRODUCT	January 2019	December 2019	AAP	2019	AAP_10k_2019.pdf	chunk_2
pm_2018_page_15_chunk_2_triplet_7	pm	ORG	produces	integrate solution suite	PRODUCT	January 2018	December 2018	PM	2018	PM_10k_2018.pdf	chunk_2
cat_2021_page_128_chunk_1_triplet_28	resource industry	SEGMENT	produces	autonomous machine capability	PRODUCT	January 2021	December 2021	CAT	2021	CAT_10k_2021.pdf	chunk_1
cat_2019_page_5_chunk_2_triplet_17	cat	ORG	produces	track-type tractor	PRODUCT	January 2019	December 2019	CAT	2019	CAT_10k_2019.pdf	chunk_2
tfc_2022_page_7_chunk_2_triplet_21	tfc	ORG	produces	commercial lending	PRODUCT	January 2022	December 2022	TFC	2022	TFC_10k_2022.pdf	chunk_2
cat_2019_page_137_chunk_1_triplet_24	cat	ORG	produces	multi-terrain loader	PRODUCT	January 2019	December 2019	CAT	2019	CAT_10k_2019.pdf	chunk_1
cat_2017_page_50_chunk_1_triplet_26	energy & transportation	SEGMENT	produces	diesel-electric locomotive	PRODUCT	January 2017	December 2017	CAT	2017	CAT_10k_2017.pdf	chunk_1
vz_2021_page_5_chunk_1_triplet_34	vz	ORG	produces	fios service	PRODUCT	January 2021	December 2021	VZ	2021	VZ_10k_2021.pdf	chunk_1
aap_2020_page_4_chunk_1_triplet_7	aap	ORG	produces	private label part	PRODUCT	January 2020	December 2020	AAP	2020	AAP_10k_2020.pdf	chunk_1
pm_2020_page_5_chunk_1_triplet_14	pm	ORG	produces	iqos	PRODUCT	January 2020	December 2020	PM	2020	PM_10k_2020.pdf	chunk_1
rcl_2021_page_13_chunk_2_triplet_2	rcl	ORG	produces	odyssey of the sea	PRODUCT	January 2021	December 2021	RCL	2021	RCL_10k_2021.pdf	chunk_2
cat_2022_page_131_chunk_1_triplet_39	construction industry	SEGMENT	produces	small track excavator	PRODUCT	January 2022	December 2022	CAT	2022	CAT_10k_2022.pdf	chunk_1
cmcsa_2014_page_122_chunk_4_triplet_50	nbcuniversal	SEGMENT	produces	asset	FIN_METRIC	January 2014	December 2014	CMCSA	2014	CMCSA_10k_2014.pdf	chunk_4
vz_2021_page_19_chunk_3_triplet_10	vz	ORG	produces	control solution	PRODUCT	January 2021	December 2021	VZ	2021	VZ_10k_2021.pdf	chunk_3
cnp_2020_page_52_chunk_2_triplet_5	cnp	ORG	produces	coal	RAW_MATERIAL	January 2020	December 2020	CNP	2020	CNP_10k_2020.pdf	chunk_2
vz_2021_page_18_chunk_3_triplet_2	vz	ORG	produces	cable	PRODUCT	January 2021	December 2021	VZ	2021	VZ_10k_2021.pdf	chunk_3
rcl_2023_page_13_chunk_1_triplet_13	mein schiff 4	PRODUCT	produces	berth	FIN_METRIC	January 2015	December 2023	RCL	2023	RCL_10k_2023.pdf	chunk_1
tfc_2024_page_7_chunk_2_triplet_27	tfc	ORG	produces	real estate lending	PRODUCT	January 2024	December 2024	TFC	2024	TFC_10k_2024.pdf	chunk_2
cat_2019_page_137_chunk_1_triplet_27	cat	ORG	produces	medium track excavator	PRODUCT	January 2019	December 2019	CAT	2019	CAT_10k_2019.pdf	chunk_1
cat_2017_page_51_chunk_1_triplet_12	resource industry	SEGMENT	produces	track drill	PRODUCT	January 2017	December 2017	CAT	2017	CAT_10k_2017.pdf	chunk_1
cmcsa_2014_page_122_chunk_4_triplet_59	cmcsa	ORG	produces	depreciation and amortization	FIN_METRIC	January 2014	December 2014	CMCSA	2014	CMCSA_10k_2014.pdf	chunk_4
pm_2020_page_86_chunk_3_triplet_9	pm	ORG	produces	nicotine-containing product	PRODUCT	January 2020	December 2020	PM	2020	PM_10k_2020.pdf	chunk_3
vz_2020_page_99_chunk_2_triplet_17	vz	ORG	produces	iot service	PRODUCT	January 2020	December 2020	VZ	2020	VZ_10k_2020.pdf	chunk_2
cmcsa_2024_page_6_chunk_1_triplet_32	cmcsa	ORG	produces	movie programming	PRODUCT	January 2024	December 2024	CMCSA	2024	CMCSA_10k_2024.pdf	chunk_1
vz_2021_page_18_chunk_3_triplet_15	vz	ORG	produces	office equipment	PRODUCT	January 2021	December 2021	VZ	2021	VZ_10k_2021.pdf	chunk_3
tel_2015_page_8_chunk_3_triplet_4	tel	ORG	produces	convenience apps	PRODUCT	January 2015	December 2015	TEL	2015	TEL_10k_2015.pdf	chunk_3
tfc_2019_page_8_chunk_2_triplet_20	tfc	ORG	produces	capital market service	PRODUCT	January 2019	December 2019	TFC	2019	TFC_10k_2019.pdf	chunk_2
cat_2024_page_117_chunk_1_triplet_8	construction industry	SEGMENT	produces	cold planer	PRODUCT	January 2024	December 2024	CAT	2024	CAT_10k_2024.pdf	chunk_1
vz_2021_page_21_chunk_1_triplet_8	vz	ORG	produces	fixed wireless access broadband	PRODUCT	January 2021	December 2021	VZ	2021	VZ_10k_2021.pdf	chunk_1
panw_2022_page_15_chunk_1_triplet_14	panw	ORG	produces	cybersecurity curriculum	PRODUCT	January 2022	December 2022	PANW	2022	PANW_10k_2022.pdf	chunk_1
cnp_2023_page_14_chunk_3_triplet_13	cnp	ORG	produces	transmission and distribution system	PRODUCT	January 2023	December 2023	CNP	2023	CNP_10k_2023.pdf	chunk_3
rcl_2016_page_116_chunk_3_triplet_7	rcl	ORG	produces	cruise terminal	PRODUCT	July 2016	December 2016	RCL	2016	RCL_10k_2016.pdf	chunk_3
cat_2022_page_2_chunk_1_triplet_37	cat	ORG	produces	excavator	PRODUCT	January 2022	December 2022	CAT	2022	CAT_10k_2022.pdf	chunk_1
cat_2017_page_50_chunk_1_triplet_4	construction industry	SEGMENT	produces	small track-type tractor	PRODUCT	January 2017	December 2017	CAT	2017	CAT_10k_2017.pdf	chunk_1
tel_2017_page_8_chunk_1_triplet_7	tel	ORG	produces	heat tube	PRODUCT	January 2017	December 2017	TEL	2017	TEL_10k_2017.pdf	chunk_1
bf-b_2016_page_4_chunk_2_triplet_24	bf-b	ORG	produces	pepe lopez tequila	PRODUCT	default_start_timestamp	default_end_timestamp	BF-B	2016	BF-B_10k_2016.pdf	chunk_2
cat_2024_page_117_chunk_1_triplet_79	all other segment	SEGMENT	produces	brand management and marketing strategy	PRODUCT	January 2024	December 2024	CAT	2024	CAT_10k_2024.pdf	chunk_1
aapl_2018_page_6_chunk_1_triplet_24	aapl	ORG	produces	testflight	PRODUCT	January 2018	December 2018	AAPL	2018	AAPL_10k_2018.pdf	chunk_1
cat_2019_page_137_chunk_1_triplet_83	cat	ORG	produces	oil and gas industry solution	PRODUCT	January 2019	December 2019	CAT	2019	CAT_10k_2019.pdf	chunk_1
vz_2021_page_21_chunk_1_triplet_30	vz	ORG	produces	field service	PRODUCT	January 2021	December 2021	VZ	2021	VZ_10k_2021.pdf	chunk_1
aapl_2018_page_36_chunk_1_triplet_3	aapl	ORG	produces	product	PRODUCT	January 2018	December 2018	AAPL	2018	AAPL_10k_2018.pdf	chunk_1
rcl_2023_page_11_chunk_2_triplet_8	rcl	ORG	produces	ovation of the sea	PRODUCT	January 2023	December 2023	RCL	2023	RCL_10k_2023.pdf	chunk_2
amzn_2016_page_59_chunk_2_triplet_19	amzn	ORG	produces	amazon mobile ad network	PRODUCT	January 2016	default_end_timestamp	AMZN	2016	AMZN_10k_2016.pdf	chunk_2
aapl_2016_page_4_chunk_1_triplet_22	aapl	ORG	produces	tvos	PRODUCT	January 2016	December 2016	AAPL	2016	AAPL_10k_2016.pdf	chunk_1
aapl_2014_page_5_chunk_1_triplet_9	aapl	ORG	produces	icloud	PRODUCT	January 2014	December 2014	AAPL	2014	AAPL_10k_2014.pdf	chunk_1
aapl_2017_page_3_chunk_1_triplet_13	aapl	ORG	produces	apple pay	PRODUCT	January 2017	December 2017	AAPL	2017	AAPL_10k_2017.pdf	chunk_1
aapl_2017_page_5_chunk_1_triplet_5	aapl	ORG	produces	final cut pro	PRODUCT	January 2017	default_end_timestamp	AAPL	2017	AAPL_10k_2017.pdf	chunk_1
vz_2020_page_23_chunk_1_triplet_21	vz	SEGMENT	produces	wireline service	PRODUCT	January 2020	December 2020	VZ	2020	VZ_10k_2020.pdf	chunk_1
panw_2022_page_52_chunk_5_triplet_15	panw	ORG	produces	virtual firewall product	PRODUCT	January 2022	December 2022	PANW	2022	PANW_10k_2022.pdf	chunk_5
amzn_2017_page_27_chunk_1_triplet_5	amzn	ORG	produces	product and service	PRODUCT	January 2017	December 2017	AMZN	2017	AMZN_10k_2017.pdf	chunk_1
cat_2024_page_6_chunk_1_triplet_3	cat	ORG	produces	generator set	PRODUCT	January 2024	December 2024	CAT	2024	CAT_10k_2024.pdf	chunk_1
cat_2020_page_6_chunk_1_triplet_31	cat	ORG	produces	integrate system	PRODUCT	January 2020	December 2020	CAT	2020	CAT_10k_2020.pdf	chunk_1
panw_2024_page_7_chunk_1_triplet_3	panw	ORG	produces	iot/ot security	PRODUCT	January 2024	December 2024	PANW	2024	PANW_10k_2024.pdf	chunk_1
rcl_2021_page_13_chunk_2_triplet_20	rcl	ORG	produces	radiance of the sea	PRODUCT	January 2001	November 2001	RCL	2021	RCL_10k_2021.pdf	chunk_2
cmcsa_2024_page_7_chunk_1_triplet_19	cmcsa	ORG	produces	advanced security technology	PRODUCT	January 2024	December 2024	CMCSA	2024	CMCSA_10k_2024.pdf	chunk_1
amzn_2019_page_68_chunk_3_triplet_16	amzn	ORG	produces	digital video	PRODUCT	January 2019	December 2019	AMZN	2019	AMZN_10k_2019.pdf	chunk_3
gme_2015_page_3_chunk_1_triplet_18	gme	ORG	produces	mobile and consumer electronics product	PRODUCT	January 2015	December 2015	GME	2015	GME_10k_2015.pdf	chunk_1
cmcsa_2023_page_4_chunk_1_triplet_12	cmcsa	ORG	produces	wireless service	PRODUCT	January 2023	December 2023	CMCSA	2023	CMCSA_10k_2023.pdf	chunk_1
panw_2022_page_10_chunk_1_triplet_14	panw	ORG	produces	security solution	PRODUCT	January 2022	December 2022	PANW	2022	PANW_10k_2022.pdf	chunk_1
tfc_2024_page_7_chunk_2_triplet_23	tfc	ORG	produces	investment banking and capital market service	PRODUCT	January 2024	December 2024	TFC	2024	TFC_10k_2024.pdf	chunk_2
cmcsa_2014_page_92_chunk_1_triplet_6	cmcsa	ORG	produces	cable system	PRODUCT	January 2014	December 2014	CMCSA	2014	CMCSA_10k_2014.pdf	chunk_1
vz_2021_page_97_chunk_4_triplet_15	vz	SEGMENT	produces	corporate networking solution	PRODUCT	January 2021	December 2021	VZ	2021	VZ_10k_2021.pdf	chunk_4
pm_2014_page_6_chunk_3_triplet_33	pm	ORG	produces	marlboro	PRODUCT	January 2014	December 2014	PM	2014	PM_10k_2014.pdf	chunk_3
cnp_2019_page_19_chunk_2_triplet_1	cnp	ORG	produces	natural gas	RAW_MATERIAL	January 2019	December 2019	CNP	2019	CNP_10k_2019.pdf	chunk_2
aapl_2017_page_5_chunk_1_triplet_14	aapl	ORG	produces	app store	PRODUCT	January 2017	default_end_timestamp	AAPL	2017	AAPL_10k_2017.pdf	chunk_1
tgna_2016_page_41_chunk_1_triplet_4	tgna	ORG	produces	television programming	PRODUCT	January 2016	default_end_timestamp	TGNA	2016	TGNA_10k_2016.pdf	chunk_1
cat_2018_page_4_chunk_1_triplet_6	cat	ORG	produces	construction and mining equipment	PRODUCT	January 2018	December 2018	CAT	2018	CAT_10k_2018.pdf	chunk_1
cmcsa_2022_page_13_chunk_1_triplet_8	cmcsa	ORG	produces	stream content	PRODUCT	January 2022	December 2022	CMCSA	2022	CMCSA_10k_2022.pdf	chunk_1
vz_2018_page_11_chunk_1_triplet_5	vz	ORG	operates_in	5g network	PRODUCT	January 2018	December 2018	VZ	2018	VZ_10k_2018.pdf	chunk_1
rcl_2016_page_13_chunk_2_triplet_7	rcl	ORG	operates_in	southern caribbean	GPE	January 2016	December 2016	RCL	2016	RCL_10k_2016.pdf	chunk_2
vz_2023_page_4_chunk_1_triplet_4	vz	ORG	operates_in	east coast	GPE	January 2023	December 2023	VZ	2023	VZ_10k_2023.pdf	chunk_1
well_2024_page_138_chunk_1_triplet_60	well	ORG	operates_in	glen cove , ny	GPE	January 2024	December 2024	WELL	2024	WELL_10k_2024.pdf	chunk_1
well_2024_page_153_chunk_1_triplet_27	well	ORG	operates_in	glendale , ca	GPE	January 2024	December 2024	WELL	2024	WELL_10k_2024.pdf	chunk_1
gme_2014_page_90_chunk_2_triplet_15	gme	ORG	operates_in	europe	GPE	January 2014	January 2014	GME	2014	GME_10k_2014.pdf	chunk_2
well_2023_page_130_chunk_1_triplet_4	well	ORG	operates_in	flowood , m	GPE	January 2023	December 2023	WELL	2023	WELL_10k_2023.pdf	chunk_1
dxc_2018_page_30_chunk_2_triplet_12	dxc	ORG	operates_in	rest of world	GPE	January 2018	December 2018	DXC	2018	DXC_10k_2018.pdf	chunk_2
rcl_2022_page_15_chunk_2_triplet_21	rcl	ORG	operates_in	mein schiff 2	PRODUCT	January 2022	December 2022	RCL	2022	RCL_10k_2022.pdf	chunk_2
well_2020_page_132_chunk_2_triplet_7	well	ORG	operates_in	frederick , md	GPE	January 2020	December 2020	WELL	2020	WELL_10k_2020.pdf	chunk_2
well_2021_page_129_chunk_2_triplet_6	well	ORG	operates_in	droitwich	GPE	January 2021	December 2021	WELL	2021	WELL_10k_2021.pdf	chunk_2
well_2021_page_125_chunk_4_triplet_4	well	ORG	operates_in	porterville , ca	GPE	January 2021	December 2021	WELL	2021	WELL_10k_2021.pdf	chunk_4
amzn_2015_page_50_chunk_1_triplet_2	amzn	ORG	operates_in	brazil	GPE	January 2015	December 2015	AMZN	2015	AMZN_10k_2015.pdf	chunk_1
well_2022_page_138_chunk_4_triplet_17	well	ORG	operates_in	santa clarita , ca	GPE	January 2022	December 2022	WELL	2022	WELL_10k_2022.pdf	chunk_4
well_2021_page_130_chunk_1_triplet_12	well	ORG	operates_in	gardner , ks	GPE	January 2021	December 2021	WELL	2021	WELL_10k_2021.pdf	chunk_1
ctas_2014_page_10_chunk_3_triplet_12	ctas	ORG	operates_in	cincinnati , ohio	GPE	default_start_timestamp	default_end_timestamp	CTAS	2014	CTAS_10k_2014.pdf	chunk_3
rcl_2022_page_15_chunk_2_triplet_17	rcl	ORG	operates_in	silver shadow	PRODUCT	January 2022	December 2022	RCL	2022	RCL_10k_2022.pdf	chunk_2
well_2020_page_119_chunk_2_triplet_22	well	ORG	operates_in	houston , tx	GPE	January 2020	default_end_timestamp	WELL	2020	WELL_10k_2020.pdf	chunk_2
ctas_2014_page_28_chunk_1_triplet_7	ctas	ORG	operates_in	canada	GPE	January 2014	December 2014	CTAS	2014	CTAS_10k_2014.pdf	chunk_1
well_2024_page_137_chunk_1_triplet_21	well	ORG	operates_in	colorado spring , co	GPE	January 2024	December 2024	WELL	2024	WELL_10k_2024.pdf	chunk_1
well_2021_page_57_chunk_2_triplet_18	well	ORG	operates_in	temple , tx	GPE	January 2021	December 2021	WELL	2021	WELL_10k_2021.pdf	chunk_2
well_2021_page_122_chunk_4_triplet_16	well	ORG	operates_in	granbury , tx	GPE	January 2021	default_end_timestamp	WELL	2021	WELL_10k_2021.pdf	chunk_4
cnp_2024_page_22_chunk_1_triplet_29	centerpoint energy	ORG	operates_in	natural gas distribution	SEGMENT	January 2024	December 2024	CNP	2024	CNP_10k_2024.pdf	chunk_1
well_2022_page_137_chunk_2_triplet_26	well	ORG	operates_in	haymarket , va	GPE	January 2022	default_end_timestamp	WELL	2022	WELL_10k_2022.pdf	chunk_2
ctas_2014_page_47_chunk_3_triplet_8	ctas	ORG	operates_in	europe	GPE	January 2014	December 2014	CTAS	2014	CTAS_10k_2014.pdf	chunk_3
well_2023_page_128_chunk_4_triplet_51	well	ORG	operates_in	burleson , tx	GPE	January 2012	December 2023	WELL	2023	WELL_10k_2023.pdf	chunk_4
ctas_2014_page_43_chunk_3_triplet_6	ctas	ORG	operates_in	united state	GPE	February 2014	November 2014	CTAS	2014	CTAS_10k_2014.pdf	chunk_3
rcl_2018_page_13_chunk_2_triplet_12	rcl	ORG	operates_in	cuba	GPE	January 2018	December 2018	RCL	2018	RCL_10k_2018.pdf	chunk_2
ctas_2014_page_43_chunk_3_triplet_8	ctas	ORG	operates_in	europe	GPE	February 2014	November 2014	CTAS	2014	CTAS_10k_2014.pdf	chunk_3
ctas_2014_page_51_chunk_3_triplet_4	ctas	ORG	operates_in	north america	GPE	January 2014	December 2014	CTAS	2014	CTAS_10k_2014.pdf	chunk_3
well_2024_page_57_chunk_2_triplet_13	well	ORG	operates_in	canada	GPE	January 2024	December 2024	WELL	2024	WELL_10k_2024.pdf	chunk_2
well_2021_page_128_chunk_2_triplet_5	well	ORG	operates_in	alhambra , ca	GPE	January 2021	default_end_timestamp	WELL	2021	WELL_10k_2021.pdf	chunk_2
rcl_2024_page_18_chunk_1_triplet_30	rcl	ORG	operates_in	u.s. virgin island	GPE	January 2024	December 2024	RCL	2024	RCL_10k_2024.pdf	chunk_1
rcl_2022_page_110_chunk_3_triplet_8	rcl	ORG	operates_in	oceania	GPE	January 2022	December 2022	RCL	2022	RCL_10k_2022.pdf	chunk_3
rcl_2014_page_89_chunk_2_triplet_2	rcl	ORG	operates_in	international market	GPE	January 2014	December 2014	RCL	2014	RCL_10k_2014.pdf	chunk_2
well_2020_page_120_chunk_2_triplet_27	well	ORG	operates_in	mississauga , on	GPE	January 2020	December 2020	WELL	2020	WELL_10k_2020.pdf	chunk_2
tgna_2015_page_65_chunk_2_triplet_27	belo corp .	COMP	operates_in	idaho	GPE	January 2015	December 2015	TGNA	2015	TGNA_10k_2015.pdf	chunk_2
well_2019_page_110_chunk_1_triplet_15	well	ORG	operates_in	burleson	GPE	January 2019	December 2019	WELL	2019	WELL_10k_2019.pdf	chunk_1
vz_2023_page_97_chunk_6_triplet_26	vz	ORG	operates_in	international market	GPE	January 2023	December 2023	VZ	2023	VZ_10k_2023.pdf	chunk_6
well_2020_page_128_chunk_3_triplet_4	well	ORG	operates_in	overland park , ks	GPE	January 2020	December 2020	WELL	2020	WELL_10k_2020.pdf	chunk_3
cnp_2023_page_118_chunk_1_triplet_12	sigeco	SEGMENT	operates_in	southwestern indiana	GPE	January 2023	default_end_timestamp	CNP	2023	CNP_10k_2023.pdf	chunk_1
well_2020_page_127_chunk_1_triplet_2	well	ORG	operates_in	kenwood , oh	GPE	January 2020	December 2020	WELL	2020	WELL_10k_2020.pdf	chunk_1
well_2019_page_126_chunk_3_triplet_36	well	ORG	operates_in	pittsburgh , pa	GPE	January 2019	December 2019	WELL	2019	WELL_10k_2019.pdf	chunk_3
vz_2014_page_8_chunk_1_triplet_5	vz	ORG	operates_in	global enterprise	SEGMENT	January 2014	December 2014	VZ	2014	VZ_10k_2014.pdf	chunk_1
well_2020_page_132_chunk_4_triplet_29	well	ORG	operates_in	mission hill , ca	GPE	January 2020	December 2020	WELL	2020	WELL_10k_2020.pdf	chunk_4
ctas_2022_page_41_chunk_1_triplet_3	ctas	ORG	operates_in	brazil	GPE	January 2022	December 2022	CTAS	2022	CTAS_10k_2022.pdf	chunk_1
well_2020_page_124_chunk_4_triplet_22	well	ORG	operates_in	burlington , nc	GPE	January 2020	December 2020	WELL	2020	WELL_10k_2020.pdf	chunk_4
ctas_2022_page_53_chunk_1_triplet_6	ctas	ORG	operates_in	commercial paper program	FIN_INST	January 2022	December 2022	CTAS	2022	CTAS_10k_2022.pdf	chunk_1
well_2020_page_124_chunk_2_triplet_21	well	ORG	operates_in	bad axe , mi	GPE	January 2020	default_end_timestamp	WELL	2020	WELL_10k_2020.pdf	chunk_2
ctas_2024_page_3_chunk_1_triplet_1	ctas	ORG	operates_in	united state	GPE	January 2024	December 2024	CTAS	2024	CTAS_10k_2024.pdf	chunk_1
cnp_2021_page_48_chunk_3_triplet_14	houston electric	COMP	operates_in	service center	LOGISTICS	December 2021	December 2021	CNP	2021	CNP_10k_2021.pdf	chunk_3
rcl_2020_page_25_chunk_1_triplet_1	rcl	ORG	operates_in	united kingdom	GPE	January 2020	December 2020	RCL	2020	RCL_10k_2020.pdf	chunk_1
cnp_2022_page_49_chunk_2_triplet_1	cnp	ORG	operates_in	posey county	GPE	January 1979	December 2022	CNP	2022	CNP_10k_2022.pdf	chunk_2
amzn_2023_page_8_chunk_1_triplet_2	amzn	ORG	operates_in	china	GPE	January 2023	December 2023	AMZN	2023	AMZN_10k_2023.pdf	chunk_1
vz_2021_page_41_chunk_1_triplet_18	vz	ORG	operates_in	ohio	GPE	January 2021	December 2021	VZ	2021	VZ_10k_2021.pdf	chunk_1
well_2019_page_132_chunk_1_triplet_2	well	ORG	operates_in	default	default	January 2019	December 2019	WELL	2019	WELL_10k_2019.pdf	chunk_1
well_2024_page_153_chunk_1_triplet_51	well	ORG	operates_in	la jolla , ca	GPE	January 2024	December 2024	WELL	2024	WELL_10k_2024.pdf	chunk_1
well_2019_page_114_chunk_3_triplet_13	well	ORG	operates_in	pembroke , on	GPE	January 2019	December 2019	WELL	2019	WELL_10k_2019.pdf	chunk_3
well_2020_page_134_chunk_2_triplet_7	well	ORG	operates_in	woodbridge , va	GPE	January 2020	December 2020	WELL	2020	WELL_10k_2020.pdf	chunk_2
cnp_2022_page_49_chunk_2_triplet_2	cnp	ORG	operates_in	warrick county	GPE	January 1966	December 2022	CNP	2022	CNP_10k_2022.pdf	chunk_2
cat_2023_page_26_chunk_2_triplet_62	cat	ORG	operates_in	schertz	GPE	January 2023	December 2023	CAT	2023	CAT_10k_2023.pdf	chunk_2
well_2022_page_136_chunk_4_triplet_23	well	ORG	operates_in	dunkirk , md	GPE	January 2022	December 2022	WELL	2022	WELL_10k_2022.pdf	chunk_4
well_2024_page_148_chunk_1_triplet_63	well	ORG	operates_in	lutherville , md	GPE	January 2024	December 2024	WELL	2024	WELL_10k_2024.pdf	chunk_1
well_2024_page_142_chunk_1_triplet_18	well	ORG	operates_in	port perry , on	GPE	January 2024	December 2024	WELL	2024	WELL_10k_2024.pdf	chunk_1
well_2019_page_117_chunk_3_triplet_13	well	ORG	operates_in	webster grove	GPE	January 2019	December 2019	WELL	2019	WELL_10k_2019.pdf	chunk_3
well_2021_page_123_chunk_2_triplet_17	well	ORG	operates_in	jackson , tn	GPE	January 2021	default_end_timestamp	WELL	2021	WELL_10k_2021.pdf	chunk_2
amzn_2018_page_3_chunk_1_triplet_29	amzn	ORG	operates_in	customer service center	LOGISTICS	January 2018	December 2018	AMZN	2018	AMZN_10k_2018.pdf	chunk_1
cnp_2020_page_18_chunk_4_triplet_3	cnp	ORG	operates_in	propane plant	LOGISTICS	January 2020	December 2020	CNP	2020	CNP_10k_2020.pdf	chunk_4
cat_2023_page_76_chunk_5_triplet_3	cat	ORG	operates_in	financial product	SEGMENT	January 2023	December 2023	CAT	2023	CAT_10k_2023.pdf	chunk_5
dxc_2020_page_5_chunk_1_triplet_20	dxc	ORG	operates_in	public sector	SECTOR	January 2020	December 2020	DXC	2020	DXC_10k_2020.pdf	chunk_1
cnp_2015_page_121_chunk_5_triplet_8	cnp	ORG	operates_in	europe	GPE	January 2015	December 2015	CNP	2015	CNP_10k_2015.pdf	chunk_5
ctas_2024_page_29_chunk_1_triplet_16	ctas	ORG	operates_in	foreign market	GPE	January 2024	default_end_timestamp	CTAS	2024	CTAS_10k_2024.pdf	chunk_1
well_2020_page_125_chunk_1_triplet_12	well	ORG	operates_in	chambersburg , pa	GPE	January 2020	December 2020	WELL	2020	WELL_10k_2020.pdf	chunk_1
gme_2014_page_12_chunk_2_triplet_17	gme	ORG	operates_in	iowa	GPE	January 2014	December 2014	GME	2014	GME_10k_2014.pdf	chunk_2
cnp_2022_page_71_chunk_2_triplet_28	cnp	ORG	operates_in	warrick county	GPE	January 2022	December 2022	CNP	2022	CNP_10k_2022.pdf	chunk_2
ctas_2024_page_54_chunk_1_triplet_5	ctas	ORG	operates_in	north america	SEGMENT	January 2024	December 2024	CTAS	2024	CTAS_10k_2024.pdf	chunk_1
well_2020_page_41_chunk_1_triplet_12	well	ORG	operates_in	idaho	GPE	January 2020	December 2020	WELL	2020	WELL_10k_2020.pdf	chunk_1
well_2019_page_127_chunk_3_triplet_5	well	ORG	operates_in	silvis , il	GPE	January 2019	December 2019	WELL	2019	WELL_10k_2019.pdf	chunk_3
well_2021_page_125_chunk_4_triplet_2	well	ORG	operates_in	port st. lucie , fl	GPE	January 2021	December 2021	WELL	2021	WELL_10k_2021.pdf	chunk_4
vz_2019_page_6_chunk_1_triplet_19	vz	ORG	operates_in	federal government	ORG_GOV	January 2019	December 2019	VZ	2019	VZ_10k_2019.pdf	chunk_1
ctas_2023_page_3_chunk_1_triplet_3	ctas	ORG	operates_in	brazil	GPE	January 2023	December 2023	CTAS	2023	CTAS_10k_2023.pdf	chunk_1
well_2024_page_137_chunk_1_triplet_37	well	ORG	operates_in	dana point , ca	GPE	January 2024	December 2024	WELL	2024	WELL_10k_2024.pdf	chunk_1
well_2024_page_142_chunk_1_triplet_16	well	ORG	operates_in	pleasanton , ca	GPE	January 2024	December 2024	WELL	2024	WELL_10k_2024.pdf	chunk_1
cnp_2024_page_19_chunk_1_triplet_5	cnp	ORG	operates_in	oklahoma	GPE	January 2024	default_end_timestamp	CNP	2024	CNP_10k_2024.pdf	chunk_1
tgna_2016_page_4_chunk_1_triplet_3	tgna	ORG	operates_in	digital medium segment	SEGMENT	January 2016	December 2016	TGNA	2016	TGNA_10k_2016.pdf	chunk_1
rcl_2014_page_6_chunk_1_triplet_5	skysea cruise	SEGMENT	operates_in	china	GPE	January 2014	December 2014	RCL	2014	RCL_10k_2014.pdf	chunk_1
dxc_2020_page_5_chunk_1_triplet_18	dxc	ORG	operates_in	global	GPE	January 2020	December 2020	DXC	2020	DXC_10k_2020.pdf	chunk_1
rcl_2016_page_9_chunk_1_triplet_27	rcl	ORG	operates_in	united kingdom	GPE	January 2016	December 2016	RCL	2016	RCL_10k_2016.pdf	chunk_1
well_2022_page_136_chunk_2_triplet_5	well	ORG	operates_in	ann arbor , mi	GPE	January 2022	default_end_timestamp	WELL	2022	WELL_10k_2022.pdf	chunk_2
well_2019_page_120_chunk_1_triplet_17	well	ORG	operates_in	burlington , nc	GPE	January 2019	December 2019	WELL	2019	WELL_10k_2019.pdf	chunk_1
well_2024_page_138_chunk_1_triplet_57	well	ORG	operates_in	georgetown , tx	GPE	January 2024	December 2024	WELL	2024	WELL_10k_2024.pdf	chunk_1
well_2020_page_126_chunk_1_triplet_33	well	ORG	operates_in	grapevine , tx	GPE	January 2020	December 2020	WELL	2020	WELL_10k_2020.pdf	chunk_1
amzn_2015_page_69_chunk_2_triplet_5	amzn	ORG	operates_in	china	GPE	January 2015	December 2015	AMZN	2015	AMZN_10k_2015.pdf	chunk_2
well_2021_page_126_chunk_4_triplet_18	well	ORG	operates_in	ontario	GPE	January 2021	December 2021	WELL	2021	WELL_10k_2021.pdf	chunk_4
well_2023_page_142_chunk_1_triplet_31	well	ORG	operates_in	tacoma , wa	GPE	January 2023	December 2023	WELL	2023	WELL_10k_2023.pdf	chunk_1
tgna_2016_page_48_chunk_3_triplet_6	broadbean	COMP	operates_in	france	GPE	April 2014	December 2016	TGNA	2016	TGNA_10k_2016.pdf	chunk_3
tgna_2016_page_8_chunk_1_triplet_7	tgna	ORG	operates_in	australia	GPE	January 2016	December 2016	TGNA	2016	TGNA_10k_2016.pdf	chunk_1
well_2021_page_125_chunk_2_triplet_24	well	ORG	operates_in	pittsburgh , pa	GPE	January 2021	default_end_timestamp	WELL	2021	WELL_10k_2021.pdf	chunk_2
well_2021_page_121_chunk_2_triplet_28	well	ORG	operates_in	charleston , sc	GPE	January 2021	default_end_timestamp	WELL	2021	WELL_10k_2021.pdf	chunk_2
ctas_2015_page_4_chunk_3_triplet_3	ctas	ORG	operates_in	local market	GPE	January 2015	December 2015	CTAS	2015	CTAS_10k_2015.pdf	chunk_3
amzn_2023_page_1_chunk_1_triplet_4	amzn	ORG	operates_in	united state	GPE	January 2023	default_end_timestamp	AMZN	2023	AMZN_10k_2023.pdf	chunk_1
well_2020_page_117_chunk_2_triplet_21	well	ORG	operates_in	basingstoke , uk	GPE	January 2020	December 2020	WELL	2020	WELL_10k_2020.pdf	chunk_2
well_2024_page_152_chunk_4_triplet_11	well	ORG	operates_in	cedar park , tx	GPE	January 2024	December 2024	WELL	2024	WELL_10k_2024.pdf	chunk_4
gme_2014_page_13_chunk_4_triplet_12	gme	ORG	operates_in	sweden	GPE	January 2014	December 2014	GME	2014	GME_10k_2014.pdf	chunk_4
well_2020_page_121_chunk_4_triplet_5	well	ORG	operates_in	sabre spring , ca	GPE	January 2020	default_end_timestamp	WELL	2020	WELL_10k_2020.pdf	chunk_4
well_2024_page_149_chunk_1_triplet_64	well	ORG	operates_in	newport , ok	GPE	January 2024	December 2024	WELL	2024	WELL_10k_2024.pdf	chunk_1
well_2020_page_122_chunk_2_triplet_20	well	ORG	operates_in	suffield , ct	GPE	January 2020	default_end_timestamp	WELL	2020	WELL_10k_2020.pdf	chunk_2
cnp_2016_page_10_chunk_3_triplet_9	cnp	ORG	operates_in	industrial	SECTOR	January 2016	December 2016	CNP	2016	CNP_10k_2016.pdf	chunk_3
cnp_2023_page_79_chunk_2_triplet_14	cnp	ORG	operates_in	beaumont	GPE	January 2023	December 2023	CNP	2023	CNP_10k_2023.pdf	chunk_2
well_2019_page_37_chunk_2_triplet_8	well	ORG	operates_in	d.c .	GPE	January 2019	December 2019	WELL	2019	WELL_10k_2019.pdf	chunk_2
rcl_2023_page_32_chunk_1_triplet_15	rcl	ORG	operates_in	south america	GPE	January 2023	December 2023	RCL	2023	RCL_10k_2023.pdf	chunk_1
ctas_2015_page_10_chunk_2_triplet_3	ctas	ORG	operates_in	safety service	SEGMENT	January 2015	December 2015	CTAS	2015	CTAS_10k_2015.pdf	chunk_2
pom_2015_page_124_chunk_2_triplet_1	pom	ORG	operates_in	delaware	GPE	January 2015	default_end_timestamp	POM	2015	POM_10k_2015.pdf	chunk_2
ctas_2015_page_10_chunk_2_triplet_5	ctas	ORG	operates_in	manufacturing	SEGMENT	January 2015	December 2015	CTAS	2015	CTAS_10k_2015.pdf	chunk_2
well_2022_page_137_chunk_4_triplet_21	well	ORG	operates_in	lowell , ma	GPE	January 2022	December 2022	WELL	2022	WELL_10k_2022.pdf	chunk_4
well_2021_page_136_chunk_4_triplet_7	well	ORG	operates_in	jacksonville	GPE	January 2021	December 2021	WELL	2021	WELL_10k_2021.pdf	chunk_4
rcl_2024_page_14_chunk_1_triplet_3	rcl	ORG	operates_in	australia	GPE	January 2024	December 2024	RCL	2024	RCL_10k_2024.pdf	chunk_1
cnp_2022_page_6_chunk_2_triplet_12	cnp	ORG	operates_in	louisiana	GPE	January 2022	December 2022	CNP	2022	CNP_10k_2022.pdf	chunk_2
rcl_2020_page_15_chunk_2_triplet_26	rcl	ORG	operates_in	mein schiff herz	PRODUCT	January 2011	December 2020	RCL	2020	RCL_10k_2020.pdf	chunk_2
well_2024_page_135_chunk_2_triplet_7	well	ORG	operates_in	albuquerque , nm	GPE	January 2024	December 2024	WELL	2024	WELL_10k_2024.pdf	chunk_2
vz_2016_page_23_chunk_5_triplet_18	vz	ORG	operates_in	data center	INFRASTRUCTURE	January 2016	December 2016	VZ	2016	VZ_10k_2016.pdf	chunk_5
ctas_2015_page_45_chunk_4_triplet_8	ctas	ORG	operates_in	europe	GPE	January 2015	December 2015	CTAS	2015	CTAS_10k_2015.pdf	chunk_4
ctas_2015_page_45_chunk_4_triplet_9	ctas	ORG	operates_in	asia-pacific	GPE	January 2015	December 2015	CTAS	2015	CTAS_10k_2015.pdf	chunk_4
gme_2014_page_12_chunk_2_triplet_8	gme	ORG	operates_in	delaware	GPE	January 2014	December 2014	GME	2014	GME_10k_2014.pdf	chunk_2
well_2023_page_137_chunk_1_triplet_75	well	ORG	operates_in	mishawaka , in	GPE	January 2023	December 2023	WELL	2023	WELL_10k_2023.pdf	chunk_1
vz_2023_page_6_chunk_1_triplet_34	vz	ORG	operates_in	system integrator	SEGMENT	January 2023	December 2023	VZ	2023	VZ_10k_2023.pdf	chunk_1
ctas_2017_page_3_chunk_1_triplet_4	ctas	ORG	operates_in	asia	GPE	January 2017	December 2017	CTAS	2017	CTAS_10k_2017.pdf	chunk_1
well_2023_page_131_chunk_1_triplet_16	well	ORG	operates_in	londonderry	GPE	January 2023	December 2023	WELL	2023	WELL_10k_2023.pdf	chunk_1
cnp_2021_page_16_chunk_3_triplet_1	cnp	ORG	operates_in	houston	GPE	default_start_timestamp	default_end_timestamp	CNP	2021	CNP_10k_2021.pdf	chunk_3
cnp_2016_page_49_chunk_1_triplet_7	cnp	ORG	operates_in	multiple state ( include texas , california , and new york )	GPE	January 2016	December 2016	CNP	2016	CNP_10k_2016.pdf	chunk_1
well_2022_page_137_chunk_2_triplet_18	well	ORG	operates_in	gig harbor , wa	GPE	January 2022	default_end_timestamp	WELL	2022	WELL_10k_2022.pdf	chunk_2
well_2019_page_117_chunk_3_triplet_3	well	ORG	operates_in	vero beach	GPE	January 2019	December 2019	WELL	2019	WELL_10k_2019.pdf	chunk_3
rcl_2023_page_6_chunk_3_triplet_16	rcl	ORG	operates_in	singapore	GPE	January 2023	December 2023	RCL	2023	RCL_10k_2023.pdf	chunk_3
well_2021_page_105_chunk_3_triplet_2	well	ORG	operates_in	united kingdom	GPE	January 2021	default_end_timestamp	WELL	2021	WELL_10k_2021.pdf	chunk_3
cnp_2014_page_60_chunk_1_triplet_3	cnp	ORG	operates_in	distribution operation	SEGMENT	January 2014	December 2014	CNP	2014	CNP_10k_2014.pdf	chunk_1
well_2020_page_131_chunk_2_triplet_14	well	ORG	operates_in	baltimore , md	GPE	January 2020	December 2020	WELL	2020	WELL_10k_2020.pdf	chunk_2
well_2021_page_121_chunk_4_triplet_6	well	ORG	operates_in	chula vista , ca	GPE	January 2021	default_end_timestamp	WELL	2021	WELL_10k_2021.pdf	chunk_4
well_2019_page_127_chunk_1_triplet_7	well	ORG	operates_in	richmond , in	GPE	January 2019	December 2019	WELL	2019	WELL_10k_2019.pdf	chunk_1
rcl_2024_page_4_chunk_1_triplet_12	rcl	ORG	operates_in	contemporary family market	SECTOR	January 2024	December 2024	RCL	2024	RCL_10k_2024.pdf	chunk_1
rcl_2017_page_6_chunk_2_triplet_5	rcl	ORG	operates_in	europe	GPE	January 2017	default_end_timestamp	RCL	2017	RCL_10k_2017.pdf	chunk_2
well_2019_page_127_chunk_1_triplet_10	well	ORG	operates_in	rockville centre , ny	GPE	January 2019	December 2019	WELL	2019	WELL_10k_2019.pdf	chunk_1
well_2024_page_142_chunk_1_triplet_82	well	ORG	operates_in	sale , uk	GPE	January 2024	December 2024	WELL	2024	WELL_10k_2024.pdf	chunk_1
well_2023_page_131_chunk_1_triplet_21	well	ORG	operates_in	louisville , ky	GPE	January 2023	December 2023	WELL	2023	WELL_10k_2023.pdf	chunk_1
well_2024_page_138_chunk_1_triplet_71	well	ORG	operates_in	granger , in	GPE	January 2024	December 2024	WELL	2024	WELL_10k_2024.pdf	chunk_1
ctas_2017_page_10_chunk_1_triplet_8	ctas	ORG	operates_in	safety and fire protection office	PROPERTY	January 2017	December 2017	CTAS	2017	CTAS_10k_2017.pdf	chunk_1
tgna_2016_page_10_chunk_3_triplet_6	tgna	ORG	operates_in	new orleans , la	GPE	January 2016	December 2016	TGNA	2016	TGNA_10k_2016.pdf	chunk_3
well_2021_page_136_chunk_4_triplet_11	well	ORG	operates_in	kalamazoo	GPE	January 2021	December 2021	WELL	2021	WELL_10k_2021.pdf	chunk_4
well_2024_page_147_chunk_1_triplet_13	well	ORG	operates_in	chevy chase , md	GPE	January 2024	December 2024	WELL	2024	WELL_10k_2024.pdf	chunk_1
well_2019_page_110_chunk_1_triplet_4	well	ORG	operates_in	brick	GPE	January 2019	December 2019	WELL	2019	WELL_10k_2019.pdf	chunk_1
rcl_2016_page_6_chunk_1_triplet_5	rcl	ORG	operates_in	asia/pacific	GPE	January 2016	December 2016	RCL	2016	RCL_10k_2016.pdf	chunk_1
rcl_2018_page_5_chunk_1_triplet_30	celebrity cruise	SEGMENT	operates_in	caribbean	GPE	January 2018	December 2018	RCL	2018	RCL_10k_2018.pdf	chunk_1
well_2023_page_130_chunk_1_triplet_62	well	ORG	operates_in	hoover , al	GPE	January 2023	December 2023	WELL	2023	WELL_10k_2023.pdf	chunk_1
well_2020_page_130_chunk_1_triplet_30	well	ORG	operates_in	westerville , oh	GPE	January 2020	December 2020	WELL	2020	WELL_10k_2020.pdf	chunk_1
cat_2022_page_28_chunk_2_triplet_6	cat	ORG	operates_in	china	GPE	January 2022	December 2022	CAT	2022	CAT_10k_2022.pdf	chunk_2
well_2023_page_138_chunk_1_triplet_32	well	ORG	operates_in	reidsville	GPE	January 2023	December 2023	WELL	2023	WELL_10k_2023.pdf	chunk_1
tgna_2015_page_10_chunk_2_triplet_10	tgna	ORG	operates_in	denver	GPE	January 2015	December 2015	TGNA	2015	TGNA_10k_2015.pdf	chunk_2
rcl_2022_page_110_chunk_2_triplet_3	rcl	ORG	operates_in	north america	GPE	December 2021	December 2022	RCL	2022	RCL_10k_2022.pdf	chunk_2
ctas_2017_page_45_chunk_4_triplet_8	ctas	ORG	operates_in	mexico	GPE	January 2017	December 2017	CTAS	2017	CTAS_10k_2017.pdf	chunk_4
rcl_2017_page_7_chunk_3_triplet_10	rcl	ORG	operates_in	germany	GPE	January 2017	December 2017	RCL	2017	RCL_10k_2017.pdf	chunk_3
well_2021_page_126_chunk_2_triplet_12	well	ORG	operates_in	san francisco , ca	GPE	January 2021	default_end_timestamp	WELL	2021	WELL_10k_2021.pdf	chunk_2
well_2023_page_139_chunk_1_triplet_1	well	ORG	operates_in	three river , mi	GPE	January 2023	December 2023	WELL	2023	WELL_10k_2023.pdf	chunk_1
tgna_2015_page_8_chunk_1_triplet_8	careerbuilder	SEGMENT	operates_in	europe	GPE	January 2015	December 2015	TGNA	2015	TGNA_10k_2015.pdf	chunk_1
cat_2023_page_26_chunk_2_triplet_41	cat	ORG	operates_in	reynosa	GPE	January 2023	December 2023	CAT	2023	CAT_10k_2023.pdf	chunk_2
well_2021_page_128_chunk_4_triplet_2	well	ORG	operates_in	beverly hill	GPE	January 2021	December 2021	WELL	2021	WELL_10k_2021.pdf	chunk_4
well_2021_page_131_chunk_1_triplet_18	well	ORG	operates_in	lititz , pa	GPE	January 2021	default_end_timestamp	WELL	2021	WELL_10k_2021.pdf	chunk_1
well_2021_page_134_chunk_1_triplet_14	well	ORG	operates_in	west reading , pa	GPE	January 2021	December 2021	WELL	2021	WELL_10k_2021.pdf	chunk_1
ctas_2019_page_3_chunk_3_triplet_1	ctas	ORG	operates_in	new york city	GPE	January 2019	December 2019	CTAS	2019	CTAS_10k_2019.pdf	chunk_3
well_2024_page_142_chunk_1_triplet_4	well	ORG	operates_in	pensacola , fl	GPE	January 2024	December 2024	WELL	2024	WELL_10k_2024.pdf	chunk_1
cnp_2015_page_46_chunk_1_triplet_14	cnp	ORG	operates_in	texas gulf coast area	GPE	January 2015	December 2015	CNP	2015	CNP_10k_2015.pdf	chunk_1
cnp_2021_page_179_chunk_2_triplet_14	cnp	ORG	operates_in	ohio	GPE	December 2021	December 2021	CNP	2021	CNP_10k_2021.pdf	chunk_2
ctas_2019_page_10_chunk_2_triplet_5	ctas	ORG	operates_in	logistics segment	SEGMENT	January 2019	December 2019	CTAS	2019	CTAS_10k_2019.pdf	chunk_2
well_2023_page_130_chunk_1_triplet_68	well	ORG	operates_in	hutchinson , ks	GPE	January 2023	December 2023	WELL	2023	WELL_10k_2023.pdf	chunk_1
well_2019_page_109_chunk_2_triplet_23	well	ORG	operates_in	baton rouge , la	GPE	January 2019	December 2019	WELL	2019	WELL_10k_2019.pdf	chunk_2
rcl_2024_page_113_chunk_1_triplet_3	rcl	ORG	operates_in	port of costa maya	LOGISTICS	September 2024	June 2025	RCL	2024	RCL_10k_2024.pdf	chunk_1
ctas_2019_page_12_chunk_1_triplet_4	ctas	ORG	operates_in	business service industry	SECTOR	default_start_timestamp	default_end_timestamp	CTAS	2019	CTAS_10k_2019.pdf	chunk_1
tgna_2015_page_10_chunk_2_triplet_59	tgna	ORG	operates_in	hampton road	GPE	January 2015	December 2015	TGNA	2015	TGNA_10k_2015.pdf	chunk_2
ctas_2019_page_50_chunk_3_triplet_6	ctas	ORG	operates_in	united state	GPE	default	default	CTAS	2019	CTAS_10k_2019.pdf	chunk_3
gme_2015_page_73_chunk_6_triplet_4	gme	ORG	operates_in	australia	GPE	February 2014	January 2016	GME	2015	GME_10k_2015.pdf	chunk_6
cat_2024_page_25_chunk_1_triplet_9	cat	ORG	operates_in	australia	GPE	January 2024	December 2024	CAT	2024	CAT_10k_2024.pdf	chunk_1
well_2021_page_137_chunk_2_triplet_25	well	ORG	operates_in	north easton , ma	GPE	January 2021	default_end_timestamp	WELL	2021	WELL_10k_2021.pdf	chunk_2
rcl_2017_page_22_chunk_1_triplet_18	rcl	ORG	operates_in	e	GPE	January 2017	December 2017	RCL	2017	RCL_10k_2017.pdf	chunk_1
well_2019_page_117_chunk_3_triplet_28	well	ORG	operates_in	whitesboro	GPE	January 2019	December 2019	WELL	2019	WELL_10k_2019.pdf	chunk_3
ctas_2021_page_1_chunk_1_triplet_2	ctas	ORG	operates_in	united state	GPE	January 2021	December 2021	CTAS	2021	CTAS_10k_2021.pdf	chunk_1
well_2020_page_130_chunk_1_triplet_4	well	ORG	operates_in	union , ky	GPE	January 2020	December 2020	WELL	2020	WELL_10k_2020.pdf	chunk_1
ctas_2021_page_3_chunk_1_triplet_2	ctas	ORG	operates_in	canada	GPE	January 2021	default_end_timestamp	CTAS	2021	CTAS_10k_2021.pdf	chunk_1
well_2019_page_129_chunk_3_triplet_24	well	ORG	operates_in	york , pa	GPE	January 2018	default_end_timestamp	WELL	2019	WELL_10k_2019.pdf	chunk_3
well_2023_page_137_chunk_1_triplet_61	well	ORG	operates_in	martinsville , va	GPE	January 2023	December 2023	WELL	2023	WELL_10k_2023.pdf	chunk_1
ctas_2021_page_6_chunk_1_triplet_2	ctas	ORG	operates_in	international operation	SEGMENT	May 2021	May 2021	CTAS	2021	CTAS_10k_2021.pdf	chunk_1
well_2024_page_147_chunk_1_triplet_28	well	ORG	operates_in	connor , uk	GPE	January 2024	December 2024	WELL	2024	WELL_10k_2024.pdf	chunk_1
well_2024_page_137_chunk_1_triplet_5	well	ORG	operates_in	chesterfield , va	GPE	January 2024	December 2024	WELL	2024	WELL_10k_2024.pdf	chunk_1
rcl_2016_page_4_chunk_1_triplet_27	celebrity cruise	SEGMENT	operates_in	asia	GPE	January 2016	December 2016	RCL	2016	RCL_10k_2016.pdf	chunk_1
well_2024_page_140_chunk_1_triplet_48	well	ORG	operates_in	maid moreton , uk	GPE	January 2024	December 2024	WELL	2024	WELL_10k_2024.pdf	chunk_1
well_2019_page_119_chunk_2_triplet_24	well	ORG	operates_in	bartlesville	GPE	January 2019	December 2019	WELL	2019	WELL_10k_2019.pdf	chunk_2
cat_2022_page_27_chunk_1_triplet_42	cat	ORG	operates_in	boonville , missouri	GPE	January 2022	December 2022	CAT	2022	CAT_10k_2022.pdf	chunk_1
rcl_2017_page_4_chunk_1_triplet_2	rcl	ORG	operates_in	premium segment	SEGMENT	January 2017	default	RCL	2017	RCL_10k_2017.pdf	chunk_1
well_2021_page_123_chunk_2_triplet_34	well	ORG	operates_in	lackawanna , ny	GPE	January 2021	default_end_timestamp	WELL	2021	WELL_10k_2021.pdf	chunk_2
amzn_2015_page_50_chunk_1_triplet_5	amzn	ORG	operates_in	france	GPE	January 2015	December 2015	AMZN	2015	AMZN_10k_2015.pdf	chunk_1
ctas_2021_page_14_chunk_2_triplet_6	ctas	ORG	operates_in	manufacturing facility	SEGMENT	January 2021	December 2021	CTAS	2021	CTAS_10k_2021.pdf	chunk_2
pom_2015_page_101_chunk_2_triplet_6	pom	ORG	operates_in	delaware	GPE	May 2014	December 2015	POM	2015	POM_10k_2015.pdf	chunk_2
well_2019_page_117_chunk_3_triplet_25	well	ORG	operates_in	weybridge	GPE	January 2019	December 2019	WELL	2019	WELL_10k_2019.pdf	chunk_3
well_2024_page_152_chunk_2_triplet_7	well	ORG	operates_in	addison , il	GPE	January 2024	December 2024	WELL	2024	WELL_10k_2024.pdf	chunk_2
rcl_2023_page_4_chunk_1_triplet_6	rcl	ORG	operates_in	global market	GPE	January 2023	December 2023	RCL	2023	RCL_10k_2023.pdf	chunk_1
rcl_2020_page_6_chunk_1_triplet_4	rcl	COMP	operates_in	expedition cruise	SECTOR	January 2020	December 2020	RCL	2020	RCL_10k_2020.pdf	chunk_1
cnp_2024_page_18_chunk_1_triplet_18	centerpoint energy	COMP	operates_in	mississippi	GPE	January 2024	December 2024	CNP	2024	CNP_10k_2024.pdf	chunk_1
cat_2024_page_6_chunk_1_triplet_41	cat financial	FIN_INST	operates_in	north america	GPE	January 2024	December 2024	CAT	2024	CAT_10k_2024.pdf	chunk_1
ctas_2021_page_14_chunk_1_triplet_13	ctas	ORG	operates_in	computer system development and support	SEGMENT	January 2021	December 2021	CTAS	2021	CTAS_10k_2021.pdf	chunk_1
well_2022_page_136_chunk_2_triplet_22	well	ORG	operates_in	canton , mi	GPE	January 2022	default_end_timestamp	WELL	2022	WELL_10k_2022.pdf	chunk_2
cnp_2014_page_34_chunk_1_triplet_17	cnp	ORG	operates_in	tennessee	GPE	January 2014	December 2014	CNP	2014	CNP_10k_2014.pdf	chunk_1
well_2021_page_135_chunk_2_triplet_8	well	ORG	operates_in	arlington , tx	GPE	January 2021	default_end_timestamp	WELL	2021	WELL_10k_2021.pdf	chunk_2
cnp_2017_page_11_chunk_1_triplet_2	cnp	ORG	operates_in	united state	GPE	January 2017	December 2017	CNP	2017	CNP_10k_2017.pdf	chunk_1
rcl_2021_page_75_chunk_2_triplet_12	rcl	ORG	operates_in	celebrity apex - hull k34	PRODUCT	December 2021	December 2021	RCL	2021	RCL_10k_2021.pdf	chunk_2
cnp_2015_page_6_chunk_1_triplet_3	cnp	ORG	operates_in	houston/galveston metropolitan area	GPE	January 2015	December 2015	CNP	2015	CNP_10k_2015.pdf	chunk_1
well_2024_page_136_chunk_1_triplet_26	well	ORG	operates_in	camberley , uk	GPE	January 2024	December 2024	WELL	2024	WELL_10k_2024.pdf	chunk_1
well_2021_page_126_chunk_2_triplet_25	well	ORG	operates_in	scottsdale , az	GPE	January 2021	default_end_timestamp	WELL	2021	WELL_10k_2021.pdf	chunk_2
well_2023_page_139_chunk_1_triplet_17	well	ORG	operates_in	virginia beach , va	GPE	January 2023	December 2023	WELL	2023	WELL_10k_2023.pdf	chunk_1
well_2019_page_128_chunk_1_triplet_14	well	ORG	operates_in	terre haute , in	GPE	January 2019	December 2019	WELL	2019	WELL_10k_2019.pdf	chunk_1
cat_2024_page_8_chunk_1_triplet_10	caterpillar life insurance company	ORG	operates_in	united state	GPE	January 2024	December 2024	CAT	2024	CAT_10k_2024.pdf	chunk_1
rcl_2021_page_4_chunk_1_triplet_9	rcl	ORG	operates_in	premium segment	SECTOR	January 2021	December 2021	RCL	2021	RCL_10k_2021.pdf	chunk_1
well_2023_page_132_chunk_1_triplet_19	well	ORG	operates_in	paso roble	GPE	January 2023	December 2023	WELL	2023	WELL_10k_2023.pdf	chunk_1
well_2021_page_121_chunk_2_triplet_11	well	ORG	operates_in	calgary , ab	GPE	January 2021	default_end_timestamp	WELL	2021	WELL_10k_2021.pdf	chunk_2
well_2019_page_133_chunk_3_triplet_23	well	ORG	operates_in	knoxville , tn	GPE	January 2019	default_end_timestamp	WELL	2019	WELL_10k_2019.pdf	chunk_3
cat_2022_page_28_chunk_2_triplet_5	cat	ORG	operates_in	brazil	GPE	January 2022	December 2022	CAT	2022	CAT_10k_2022.pdf	chunk_2
cat_2022_page_27_chunk_1_triplet_49	cat	ORG	operates_in	bazzano , italy	GPE	January 2022	December 2022	CAT	2022	CAT_10k_2022.pdf	chunk_1
amzn_2016_page_65_chunk_3_triplet_15	amzn	ORG	operates_in	germany	GPE	January 2016	January 2016	AMZN	2016	AMZN_10k_2016.pdf	chunk_3
vz_2017_page_8_chunk_1_triplet_25	vz	ORG	operates_in	mass market	SEGMENT	January 2017	December 2017	VZ	2017	VZ_10k_2017.pdf	chunk_1
ctas_2020_page_1_chunk_1_triplet_7	ctas	ORG	operates_in	united state	GPE	January 2020	default_end_timestamp	CTAS	2020	CTAS_10k_2020.pdf	chunk_1
well_2023_page_137_chunk_1_triplet_16	well	ORG	operates_in	kissimmee , fl	GPE	January 2023	December 2023	WELL	2023	WELL_10k_2023.pdf	chunk_1
cnp_2018_page_16_chunk_2_triplet_2	cnp	ORG	operates_in	louisiana	GPE	January 2018	December 2018	CNP	2018	CNP_10k_2018.pdf	chunk_2
well_2022_page_139_chunk_2_triplet_1	well	ORG	operates_in	suffolk , va	GPE	January 2022	December 2022	WELL	2022	WELL_10k_2022.pdf	chunk_2
cnp_2015_page_113_chunk_3_triplet_9	cnp	COMP	operates_in	oklahoma	GPE	January 2015	December 2015	CNP	2015	CNP_10k_2015.pdf	chunk_3
well_2023_page_134_chunk_1_triplet_17	well	ORG	operates_in	waukee , ia	GPE	January 2023	December 2023	WELL	2023	WELL_10k_2023.pdf	chunk_1
well_2021_page_129_chunk_1_triplet_22	well	ORG	operates_in	clifton , nj	GPE	January 2021	December 2021	WELL	2021	WELL_10k_2021.pdf	chunk_1
cat_2023_page_26_chunk_2_triplet_52	cat	ORG	operates_in	muncie	GPE	January 2023	December 2023	CAT	2023	CAT_10k_2023.pdf	chunk_2
well_2023_page_134_chunk_1_triplet_25	well	ORG	operates_in	west bloomfield , mi	GPE	January 2023	December 2023	WELL	2023	WELL_10k_2023.pdf	chunk_1
well_2023_page_131_chunk_1_triplet_5	well	ORG	operates_in	leatherhead	GPE	January 2023	December 2023	WELL	2023	WELL_10k_2023.pdf	chunk_1
cat_2023_page_26_chunk_2_triplet_83	cat	ORG	operates_in	peterborough	GPE	January 2023	December 2023	CAT	2023	CAT_10k_2023.pdf	chunk_2
well_2020_page_117_chunk_2_triplet_8	well	ORG	operates_in	amherst , ny	GPE	January 2020	December 2020	WELL	2020	WELL_10k_2020.pdf	chunk_2
amzn_2021_page_3_chunk_1_triplet_19	amzn	ORG	operates_in	physical store	LOGISTICS	January 2021	December 2021	AMZN	2021	AMZN_10k_2021.pdf	chunk_1
rcl_2019_page_36_chunk_1_triplet_3	rcl	ORG	operates_in	u.s .	GPE	January 2019	December 2019	RCL	2019	RCL_10k_2019.pdf	chunk_1
well_2019_page_136_chunk_1_triplet_3	well	ORG	operates_in	sherman oak , ca	GPE	January 2019	default_end_timestamp	WELL	2019	WELL_10k_2019.pdf	chunk_1
well_2021_page_126_chunk_2_triplet_29	well	ORG	operates_in	selbyville , de	GPE	January 2021	default_end_timestamp	WELL	2021	WELL_10k_2021.pdf	chunk_2
amzn_2014_page_8_chunk_1_triplet_3	amzn	ORG	operates_in	india	GPE	January 2014	December 2014	AMZN	2014	AMZN_10k_2014.pdf	chunk_1
well_2019_page_126_chunk_3_triplet_10	well	ORG	operates_in	palestine , tx	GPE	January 2019	December 2019	WELL	2019	WELL_10k_2019.pdf	chunk_3
ctas_2020_page_11_chunk_3_triplet_1	ctas	ORG	operates_in	cincinnati	GPE	January 2020	December 2020	CTAS	2020	CTAS_10k_2020.pdf	chunk_3
well_2024_page_150_chunk_1_triplet_35	well	ORG	operates_in	smithfield	GPE	January 2024	December 2024	WELL	2024	WELL_10k_2024.pdf	chunk_1
well_2023_page_137_chunk_1_triplet_93	well	ORG	operates_in	newark , de	GPE	January 2023	December 2023	WELL	2023	WELL_10k_2023.pdf	chunk_1
well_2019_page_122_chunk_1_triplet_2	well	ORG	operates_in	virginia	GPE	January 2019	December 2019	WELL	2019	WELL_10k_2019.pdf	chunk_1
well_2024_page_145_chunk_1_triplet_36	well	ORG	operates_in	willoughby , oh	GPE	January 2024	December 2024	WELL	2024	WELL_10k_2024.pdf	chunk_1
well_2024_page_149_chunk_1_triplet_31	well	ORG	operates_in	naples , fl	GPE	January 2024	December 2024	WELL	2024	WELL_10k_2024.pdf	chunk_1
well_2019_page_119_chunk_2_triplet_10	well	ORG	operates_in	ann arbor	GPE	January 2019	December 2019	WELL	2019	WELL_10k_2019.pdf	chunk_2
well_2021_page_130_chunk_3_triplet_27	well	ORG	operates_in	kenwood , oh	GPE	January 2021	default_end_timestamp	WELL	2021	WELL_10k_2021.pdf	chunk_3
ctas_2020_page_58_chunk_3_triplet_1	ctas	ORG	operates_in	north america	GPE	January 2020	default_end_timestamp	CTAS	2020	CTAS_10k_2020.pdf	chunk_3
well_2020_page_126_chunk_1_triplet_16	well	ORG	operates_in	fort ashby , wv	GPE	January 2020	December 2020	WELL	2020	WELL_10k_2020.pdf	chunk_1
well_2021_page_132_chunk_3_triplet_6	well	ORG	operates_in	plano , tx	GPE	January 2021	December 2021	WELL	2021	WELL_10k_2021.pdf	chunk_3
well_2021_page_125_chunk_2_triplet_13	well	ORG	operates_in	paramus , nj	GPE	January 2021	default_end_timestamp	WELL	2021	WELL_10k_2021.pdf	chunk_2
amzn_2018_page_48_chunk_3_triplet_8	amzn	ORG	operates_in	asia-pacific	GPE	January 2018	December 2018	AMZN	2018	AMZN_10k_2018.pdf	chunk_3
cat_2022_page_6_chunk_1_triplet_46	cat financial	FIN_INST	operates_in	africa	GPE	January 2022	December 2022	CAT	2022	CAT_10k_2022.pdf	chunk_1
well_2023_page_132_chunk_1_triplet_76	well	ORG	operates_in	saint-lambert	GPE	January 2023	December 2023	WELL	2023	WELL_10k_2023.pdf	chunk_1
well_2023_page_130_chunk_1_triplet_59	well	ORG	operates_in	hingham , ma	GPE	January 2023	December 2023	WELL	2023	WELL_10k_2023.pdf	chunk_1
amzn_2017_page_69_chunk_2_triplet_17	amzn	ORG	operates_in	china	GPE	January 2013	December 2013	AMZN	2017	AMZN_10k_2017.pdf	chunk_2
rcl_2022_page_110_chunk_3_triplet_6	rcl	ORG	operates_in	east asia	GPE	January 2022	December 2022	RCL	2022	RCL_10k_2022.pdf	chunk_3
well_2019_page_113_chunk_2_triplet_7	well	ORG	operates_in	europe	GPE	March 2019	December 2019	WELL	2019	WELL_10k_2019.pdf	chunk_2
rcl_2019_page_26_chunk_1_triplet_23	rcl	ORG	operates_in	european union	GPE	January 2019	December 2019	RCL	2019	RCL_10k_2019.pdf	chunk_1
ctas_2018_page_10_chunk_1_triplet_1	ctas	ORG	operates_in	cincinnati , ohio	GPE	January 2018	December 2018	CTAS	2018	CTAS_10k_2018.pdf	chunk_1
amzn_2022_page_53_chunk_7_triplet_6	amzn	ORG	operates_in	united state	GPE	January 2022	December 2022	AMZN	2022	AMZN_10k_2022.pdf	chunk_7
cat_2023_page_26_chunk_2_triplet_86	cat	ORG	operates_in	springvale	GPE	January 2023	December 2023	CAT	2023	CAT_10k_2023.pdf	chunk_2
vz_2020_page_9_chunk_1_triplet_2	vz	ORG	operates_in	global	GPE	January 2020	December 2020	VZ	2020	VZ_10k_2020.pdf	chunk_1
well_2021_page_42_chunk_2_triplet_11	well	ORG	operates_in	arkansas	GPE	January 2021	December 2021	WELL	2021	WELL_10k_2021.pdf	chunk_2
well_2024_page_135_chunk_4_triplet_21	well	ORG	operates_in	baton rouge , la	GPE	January 2024	December 2024	WELL	2024	WELL_10k_2024.pdf	chunk_4
cat_2023_page_25_chunk_1_triplet_22	cat	ORG	operates_in	australia	GPE	January 2023	December 2023	CAT	2023	CAT_10k_2023.pdf	chunk_1
well_2021_page_130_chunk_3_triplet_14	well	ORG	operates_in	howard , wi	GPE	January 2021	default_end_timestamp	WELL	2021	WELL_10k_2021.pdf	chunk_3
dxc_2019_page_86_chunk_3_triplet_8	dxc	ORG	operates_in	asia-pacific	GPE	January 2019	December 2019	DXC	2019	DXC_10k_2019.pdf	chunk_3
ctas_2018_page_56_chunk_1_triplet_5	ctas	ORG	operates_in	environmental remediation site	RISK_FACTOR	January 2018	December 2018	CTAS	2018	CTAS_10k_2018.pdf	chunk_1
well_2021_page_129_chunk_2_triplet_25	well	ORG	operates_in	fairhope , al	GPE	January 2021	December 2021	WELL	2021	WELL_10k_2021.pdf	chunk_2
gme_2014_page_13_chunk_2_triplet_3	gme	ORG	operates_in	vermont	GPE	January 2014	default_end_timestamp	GME	2014	GME_10k_2014.pdf	chunk_2
vz_2024_page_79_chunk_1_triplet_7	vz	ORG	operates_in	europe	GPE	January 2024	December 2024	VZ	2024	VZ_10k_2024.pdf	chunk_1
well_2023_page_130_chunk_1_triplet_33	well	ORG	operates_in	greeley , co	GPE	January 2023	December 2023	WELL	2023	WELL_10k_2023.pdf	chunk_1
well_2019_page_125_chunk_3_triplet_36	well	ORG	operates_in	oneonta , ny	GPE	January 2019	December 2019	WELL	2019	WELL_10k_2019.pdf	chunk_3
ctas_2016_page_9_chunk_2_triplet_5	ctas	ORG	operates_in	logistics	SEGMENT	January 2016	December 2016	CTAS	2016	CTAS_10k_2016.pdf	chunk_2
well_2023_page_134_chunk_1_triplet_10	well	ORG	operates_in	warner robin , ga	GPE	January 2023	December 2023	WELL	2023	WELL_10k_2023.pdf	chunk_1
well_2024_page_147_chunk_1_triplet_14	well	ORG	operates_in	chickasha , ok	GPE	January 2024	December 2024	WELL	2024	WELL_10k_2024.pdf	chunk_1
well_2024_page_149_chunk_1_triplet_47	well	ORG	operates_in	newport , ct	GPE	January 2024	December 2024	WELL	2024	WELL_10k_2024.pdf	chunk_1
well_2019_page_122_chunk_3_triplet_3	well	ORG	operates_in	fayetteville , pa	GPE	January 2019	December 2019	WELL	2019	WELL_10k_2019.pdf	chunk_3
gme_2015_page_44_chunk_1_triplet_2	gme	ORG	operates_in	technology brand	SEGMENT	January 2015	December 2015	GME	2015	GME_10k_2015.pdf	chunk_1
well_2021_page_133_chunk_3_triplet_4	well	ORG	operates_in	texarkana , tx	GPE	January 2021	December 2021	WELL	2021	WELL_10k_2021.pdf	chunk_3
well_2023_page_135_chunk_2_triplet_2	well	ORG	operates_in	agawam , ma	GPE	January 2023	December 2023	WELL	2023	WELL_10k_2023.pdf	chunk_2
ctas_2016_page_3_chunk_1_triplet_3	ctas	ORG	operates_in	europe	GPE	default_start_timestamp	default_end_timestamp	CTAS	2016	CTAS_10k_2016.pdf	chunk_1
cnp_2023_page_175_chunk_1_triplet_3	cnp	ORG	operates_in	southwestern indiana	GPE	January 2023	December 2023	CNP	2023	CNP_10k_2023.pdf	chunk_1
ctas_2016_page_9_chunk_3_triplet_12	ctas	ORG	operates_in	cincinnati , ohio	GPE	January 2016	December 2016	CTAS	2016	CTAS_10k_2016.pdf	chunk_3
rcl_2021_page_5_chunk_1_triplet_9	rcl	ORG	operates_in	caribbean	GPE	January 2021	December 2021	RCL	2021	RCL_10k_2021.pdf	chunk_1
ctas_2016_page_14_chunk_1_triplet_1	ctas	ORG	operates_in	north america	GPE	January 2016	December 2016	CTAS	2016	CTAS_10k_2016.pdf	chunk_1
amzn_2017_page_15_chunk_1_triplet_1	amzn	ORG	operates_in	united state	GPE	December 2015	December 2015	AMZN	2017	AMZN_10k_2017.pdf	chunk_1
cat_2015_page_79_chunk_1_triplet_22	mak	PRODUCT	operates_in	130 country	GPE	January 2015	December 2015	CAT	2015	CAT_10k_2015.pdf	chunk_1
cnp_2018_page_10_chunk_1_triplet_8	ngd	SEGMENT	operates_in	texas , california , new york , florida , illinois , pennsylvania	GPE	January 2018	December 2018	CNP	2018	CNP_10k_2018.pdf	chunk_1
ctas_2016_page_20_chunk_3_triplet_4	ctas	ORG	operates_in	international operation	SEGMENT	May 2016	December 2016	CTAS	2016	CTAS_10k_2016.pdf	chunk_3
rcl_2019_page_7_chunk_3_triplet_27	rcl	ORG	operates_in	oceania	GPE	January 2019	December 2019	RCL	2019	RCL_10k_2019.pdf	chunk_3
ctas_2016_page_26_chunk_1_triplet_14	ctas	ORG	operates_in	foreign operation	SEGMENT	January 2016	December 2016	CTAS	2016	CTAS_10k_2016.pdf	chunk_1
cnp_2018_page_121_chunk_3_triplet_17	vedo	SEGMENT	operates_in	west-central ohio	GPE	February 2019	February 2019	CNP	2018	CNP_10k_2018.pdf	chunk_3
well_2019_page_124_chunk_2_triplet_6	well	ORG	operates_in	lynchburg , va	GPE	January 2019	December 2019	WELL	2019	WELL_10k_2019.pdf	chunk_2
well_2019_page_120_chunk_1_triplet_25	well	ORG	operates_in	canton , mi	GPE	January 2019	December 2019	WELL	2019	WELL_10k_2019.pdf	chunk_1
well_2020_page_129_chunk_1_triplet_21	well	ORG	operates_in	san angelo , tx	GPE	January 2020	December 2020	WELL	2020	WELL_10k_2020.pdf	chunk_1
well_2019_page_131_chunk_2_triplet_20	well	ORG	operates_in	beverly hill , ca	GPE	January 2019	December 2023	WELL	2019	WELL_10k_2019.pdf	chunk_2
cnp_2014_page_134_chunk_1_triplet_3	cnp	ORG	operates_in	houston , texas	GPE	February 2015	February 2015	CNP	2014	CNP_10k_2014.pdf	chunk_1
cnp_2014_page_60_chunk_1_triplet_4	cnp	ORG	operates_in	natural gas distribution	SEGMENT	January 2014	December 2014	CNP	2014	CNP_10k_2014.pdf	chunk_1
ctas_2016_page_47_chunk_2_triplet_5	ctas	ORG	operates_in	europe , asia , latin america	GPE	January 2016	December 2016	CTAS	2016	CTAS_10k_2016.pdf	chunk_2
rcl_2022_page_6_chunk_1_triplet_11	rcl	ORG	operates_in	panama canal	GPE	January 2022	December 2022	RCL	2022	RCL_10k_2022.pdf	chunk_1
amzn_2019_page_3_chunk_1_triplet_11	amzn	ORG	operates_in	international	GPE	January 2019	December 2019	AMZN	2019	AMZN_10k_2019.pdf	chunk_1
well_2023_page_131_chunk_1_triplet_6	well	ORG	operates_in	lenexa , ks	GPE	January 2023	December 2023	WELL	2023	WELL_10k_2023.pdf	chunk_1
well_2023_page_129_chunk_1_triplet_97	well	ORG	operates_in	fairfield , nj	GPE	January 2023	December 2023	WELL	2023	WELL_10k_2023.pdf	chunk_1
dxc_2018_page_36_chunk_1_triplet_4	dxc	ORG	operates_in	north america	GPE	January 2018	December 2018	DXC	2018	DXC_10k_2018.pdf	chunk_1
rcl_2022_page_6_chunk_1_triplet_20	rcl	ORG	operates_in	antarctica	GPE	January 2022	December 2022	RCL	2022	RCL_10k_2022.pdf	chunk_1
cnp_2018_page_17_chunk_1_triplet_35	cnp	ORG	operates_in	commercial and industrial customer	SEGMENT	January 2018	December 2018	CNP	2018	CNP_10k_2018.pdf	chunk_1
well_2023_page_129_chunk_1_triplet_77	well	ORG	operates_in	east setauket , ny	GPE	January 2023	December 2023	WELL	2023	WELL_10k_2023.pdf	chunk_1
well_2024_page_146_chunk_2_triplet_22	well	ORG	operates_in	banbridge , united kingdom	GPE	January 2024	December 2024	WELL	2024	WELL_10k_2024.pdf	chunk_2
well_2023_page_131_chunk_1_triplet_39	well	ORG	operates_in	menomonee fall , wi	GPE	January 2023	December 2023	WELL	2023	WELL_10k_2023.pdf	chunk_1
well_2022_page_4_chunk_1_triplet_2	well	ORG	operates_in	senior housing	SEGMENT	December 2021	December 2021	WELL	2022	WELL_10k_2022.pdf	chunk_1
well_2023_page_138_chunk_1_triplet_26	well	ORG	operates_in	powell	GPE	January 2023	December 2023	WELL	2023	WELL_10k_2023.pdf	chunk_1
well_2021_page_134_chunk_1_triplet_6	well	ORG	operates_in	warren , nj	GPE	January 2021	December 2021	WELL	2021	WELL_10k_2021.pdf	chunk_1
well_2023_page_129_chunk_1_triplet_45	well	ORG	operates_in	colleyville , tx	GPE	January 2023	December 2023	WELL	2023	WELL_10k_2023.pdf	chunk_1
well_2020_page_131_chunk_4_triplet_10	well	ORG	operates_in	columbia , md	GPE	January 2020	December 2020	WELL	2020	WELL_10k_2020.pdf	chunk_4
well_2022_page_9_chunk_3_triplet_3	well	ORG	operates_in	united kingdom	GPE	December 2021	December 2022	WELL	2022	WELL_10k_2022.pdf	chunk_3
cnp_2018_page_15_chunk_3_triplet_21	cerc	SEGMENT	operates_in	texas	GPE	January 2018	December 2018	CNP	2018	CNP_10k_2018.pdf	chunk_3
cnp_2019_page_18_chunk_1_triplet_5	cnp	ORG	operates_in	mississippi	GPE	January 2019	December 2019	CNP	2019	CNP_10k_2019.pdf	chunk_1
rcl_2016_page_14_chunk_2_triplet_11	rcl	ORG	operates_in	brazil	GPE	January 2016	December 2016	RCL	2016	RCL_10k_2016.pdf	chunk_2
rcl_2021_page_24_chunk_1_triplet_8	rcl	ORG	operates_in	crew movement team	LOGISTICS	February 2022	February 2022	RCL	2021	RCL_10k_2021.pdf	chunk_1
well_2024_page_143_chunk_1_triplet_38	well	ORG	operates_in	sonning , uk	GPE	January 2024	December 2024	WELL	2024	WELL_10k_2024.pdf	chunk_1
well_2020_page_128_chunk_1_triplet_12	well	ORG	operates_in	needham	GPE	January 2020	December 2020	WELL	2020	WELL_10k_2020.pdf	chunk_1
well_2020_page_124_chunk_4_triplet_27	well	ORG	operates_in	canton , oh	GPE	January 2020	December 2020	WELL	2020	WELL_10k_2020.pdf	chunk_4
well_2019_page_122_chunk_3_triplet_26	well	ORG	operates_in	geneva , il	GPE	January 2019	December 2019	WELL	2019	WELL_10k_2019.pdf	chunk_3
well_2024_page_150_chunk_1_triplet_48	well	ORG	operates_in	stoneygate	GPE	January 2024	December 2024	WELL	2024	WELL_10k_2024.pdf	chunk_1
well_2021_page_127_chunk_6_triplet_8	well	ORG	operates_in	yorkton , sk	GPE	January 2021	December 2021	WELL	2021	WELL_10k_2021.pdf	chunk_6
well_2020_page_127_chunk_3_triplet_31	well	ORG	operates_in	mishawaka in	GPE	January 2020	December 2020	WELL	2020	WELL_10k_2020.pdf	chunk_3
well_2020_page_124_chunk_4_triplet_13	well	ORG	operates_in	braintree , ma	GPE	January 2020	December 2020	WELL	2020	WELL_10k_2020.pdf	chunk_4
gme_2015_page_8_chunk_1_triplet_3	gme	ORG	operates_in	high-traffic center	LOGISTICS	January 2015	December 2015	GME	2015	GME_10k_2015.pdf	chunk_1
cnp_2019_page_18_chunk_3_triplet_4	cnp	ORG	operates_in	shreveport	GPE	January 2019	December 2019	CNP	2019	CNP_10k_2019.pdf	chunk_3
well_2019_page_116_chunk_3_triplet_11	well	ORG	operates_in	the woodland , tx	GPE	January 2019	December 2019	WELL	2019	WELL_10k_2019.pdf	chunk_3
well_2022_page_42_chunk_2_triplet_10	well	ORG	operates_in	georgia	GPE	January 2022	December 2022	WELL	2022	WELL_10k_2022.pdf	chunk_2
well_2024_page_96_chunk_5_triplet_14	well	ORG	operates_in	triple-net segment	SEGMENT	December 2024	December 2024	WELL	2024	WELL_10k_2024.pdf	chunk_5
well_2023_page_130_chunk_1_triplet_100	well	ORG	operates_in	lakeland , fl	GPE	January 2023	December 2023	WELL	2023	WELL_10k_2023.pdf	chunk_1
cat_2022_page_27_chunk_1_triplet_47	cat	ORG	operates_in	xuzhou , china	GPE	January 2022	December 2022	CAT	2022	CAT_10k_2022.pdf	chunk_1
well_2021_page_42_chunk_2_triplet_27	well	ORG	operates_in	louisiana	GPE	January 2021	December 2021	WELL	2021	WELL_10k_2021.pdf	chunk_2
well_2022_page_42_chunk_2_triplet_15	well	ORG	operates_in	indiana	GPE	January 2022	December 2022	WELL	2022	WELL_10k_2022.pdf	chunk_2
well_2020_page_127_chunk_1_triplet_1	well	ORG	operates_in	kensington , md	GPE	January 2020	December 2020	WELL	2020	WELL_10k_2020.pdf	chunk_1
well_2023_page_132_chunk_1_triplet_2	well	ORG	operates_in	olney	GPE	January 2023	December 2023	WELL	2023	WELL_10k_2023.pdf	chunk_1
cat_2022_page_27_chunk_1_triplet_24	cat	ORG	operates_in	piracicaba , brazil	GPE	January 2022	December 2022	CAT	2022	CAT_10k_2022.pdf	chunk_1
cnp_2021_page_17_chunk_3_triplet_7	cnp	ORG	operates_in	canada	GPE	January 2021	December 2021	CNP	2021	CNP_10k_2021.pdf	chunk_3
vz_2021_page_41_chunk_1_triplet_21	vz	ORG	operates_in	west virginia	GPE	January 2021	December 2021	VZ	2021	VZ_10k_2021.pdf	chunk_1
cat_2022_page_43_chunk_1_triplet_9	cat	ORG	operates_in	north america	GPE	October 2021	December 2021	CAT	2022	CAT_10k_2022.pdf	chunk_1
well_2019_page_127_chunk_3_triplet_12	well	ORG	operates_in	southbury , ct	GPE	January 2019	December 2019	WELL	2019	WELL_10k_2019.pdf	chunk_3
well_2021_page_133_chunk_3_triplet_18	well	ORG	operates_in	tustin , ca	GPE	January 2021	December 2021	WELL	2021	WELL_10k_2021.pdf	chunk_3
well_2020_page_127_chunk_3_triplet_40	well	ORG	operates_in	morehead city nc	GPE	January 2020	December 2020	WELL	2020	WELL_10k_2020.pdf	chunk_3
cnp_2023_page_12_chunk_1_triplet_5	cnp	ORG	operates_in	louisiana	GPE	January 2023	December 2023	CNP	2023	CNP_10k_2023.pdf	chunk_1
rcl_2015_page_6_chunk_1_triplet_1	rcl	ORG	operates_in	north america	GPE	January 2015	December 2015	RCL	2015	RCL_10k_2015.pdf	chunk_1
rcl_2018_page_36_chunk_1_triplet_1	rcl	ORG	operates_in	port of miami , florida	LOGISTICS	January 2018	December 2018	RCL	2018	RCL_10k_2018.pdf	chunk_1
well_2022_page_42_chunk_2_triplet_28	well	ORG	operates_in	north dakota	GPE	January 2022	December 2022	WELL	2022	WELL_10k_2022.pdf	chunk_2
well_2020_page_132_chunk_2_triplet_19	well	ORG	operates_in	harrisburg , nc	GPE	January 2020	December 2020	WELL	2020	WELL_10k_2020.pdf	chunk_2
well_2024_page_140_chunk_1_triplet_13	well	ORG	operates_in	leander , tx	GPE	January 2024	December 2024	WELL	2024	WELL_10k_2024.pdf	chunk_1
well_2022_page_42_chunk_2_triplet_31	well	ORG	operates_in	new jersey	GPE	January 2022	December 2022	WELL	2022	WELL_10k_2022.pdf	chunk_2
gme_2015_page_8_chunk_2_triplet_11	gme	ORG	operates_in	georgia	GPE	January 2015	December 2015	GME	2015	GME_10k_2015.pdf	chunk_2
well_2020_page_125_chunk_1_triplet_42	well	ORG	operates_in	crawfordsville , in	GPE	January 2020	December 2020	WELL	2020	WELL_10k_2020.pdf	chunk_1
well_2021_page_122_chunk_4_triplet_17	well	ORG	operates_in	grand fork , nd	GPE	January 2021	default_end_timestamp	WELL	2021	WELL_10k_2021.pdf	chunk_4
cnp_2023_page_12_chunk_1_triplet_9	cnp	ORG	operates_in	ohio	GPE	January 2023	December 2023	CNP	2023	CNP_10k_2023.pdf	chunk_1
well_2019_page_135_chunk_3_triplet_7	well	ORG	operates_in	santa clarita , ca	GPE	January 2019	December 2019	WELL	2019	WELL_10k_2019.pdf	chunk_3
well_2022_page_42_chunk_2_triplet_37	well	ORG	operates_in	pennsylvania	GPE	January 2022	December 2022	WELL	2022	WELL_10k_2022.pdf	chunk_2
cnp_2019_page_18_chunk_3_triplet_6	cnp	ORG	operates_in	lawton	GPE	January 2019	December 2019	CNP	2019	CNP_10k_2019.pdf	chunk_3
well_2021_page_132_chunk_1_triplet_5	well	ORG	operates_in	nuthall	GPE	January 2021	December 2021	WELL	2021	WELL_10k_2021.pdf	chunk_1
well_2019_page_129_chunk_3_triplet_22	well	ORG	operates_in	yardley , pa	GPE	January 2018	default_end_timestamp	WELL	2019	WELL_10k_2019.pdf	chunk_3
well_2024_page_137_chunk_1_triplet_54	well	ORG	operates_in	east setauket	GPE	January 2024	December 2024	WELL	2024	WELL_10k_2024.pdf	chunk_1
well_2023_page_142_chunk_1_triplet_32	well	ORG	operates_in	tampa , fl	GPE	January 2023	December 2023	WELL	2023	WELL_10k_2023.pdf	chunk_1
cnp_2023_page_52_chunk_4_triplet_1	cnp	ORG	operates_in	warrick county	GPE	January 2023	December 2023	CNP	2023	CNP_10k_2023.pdf	chunk_4
well_2024_page_147_chunk_1_triplet_18	well	ORG	operates_in	clayton , nc	GPE	January 2024	December 2024	WELL	2024	WELL_10k_2024.pdf	chunk_1
well_2022_page_42_chunk_2_triplet_45	well	ORG	operates_in	west virginia	GPE	January 2022	December 2022	WELL	2022	WELL_10k_2022.pdf	chunk_2
amzn_2015_page_64_chunk_5_triplet_6	amzn	ORG	operates_in	european operation	SEGMENT	January 2015	December 2015	AMZN	2015	AMZN_10k_2015.pdf	chunk_5
cnp_2022_page_17_chunk_1_triplet_9	centerpoint energy	COMP	operates_in	arkansas	GPE	January 2022	December 2022	CNP	2022	CNP_10k_2022.pdf	chunk_1
well_2021_page_136_chunk_4_triplet_27	well	ORG	operates_in	marietta	GPE	January 2021	December 2021	WELL	2021	WELL_10k_2021.pdf	chunk_4
cat_2023_page_26_chunk_2_triplet_5	cat	ORG	operates_in	wamego	GPE	January 2023	December 2023	CAT	2023	CAT_10k_2023.pdf	chunk_2
cnp_2021_page_70_chunk_3_triplet_21	cnp	ORG	operates_in	posey county , indiana	GPE	January 2021	December 2021	CNP	2021	CNP_10k_2021.pdf	chunk_3
cat_2015_page_24_chunk_1_triplet_6	cat	ORG	operates_in	belgium	GPE	January 2015	December 2015	CAT	2015	CAT_10k_2015.pdf	chunk_1
rcl_2024_page_14_chunk_3_triplet_13	rcl	ORG	operates_in	global market	GPE	January 2024	December 2024	RCL	2024	RCL_10k_2024.pdf	chunk_3
well_2022_page_57_chunk_2_triplet_4	well	ORG	operates_in	new rochelle , ny	GPE	January 2022	December 2022	WELL	2022	WELL_10k_2022.pdf	chunk_2
rcl_2017_page_6_chunk_3_triplet_17	rcl	ORG	operates_in	fiji	GPE	January 2017	December 2017	RCL	2017	RCL_10k_2017.pdf	chunk_3
rcl_2022_page_5_chunk_1_triplet_6	rcl	ORG	operates_in	global cruise itinerary	SECTOR	January 2022	December 2022	RCL	2022	RCL_10k_2022.pdf	chunk_1
well_2023_page_137_chunk_1_triplet_43	well	ORG	operates_in	livonia , mi	GPE	January 2023	December 2023	WELL	2023	WELL_10k_2023.pdf	chunk_1
well_2022_page_57_chunk_2_triplet_8	well	ORG	operates_in	denton , tx	GPE	January 2022	December 2022	WELL	2022	WELL_10k_2022.pdf	chunk_2
well_2020_page_122_chunk_2_triplet_12	well	ORG	operates_in	st. albert , ab	GPE	January 2020	default_end_timestamp	WELL	2020	WELL_10k_2020.pdf	chunk_2
well_2022_page_57_chunk_2_triplet_10	well	ORG	operates_in	painesville , oh	GPE	January 2022	December 2022	WELL	2022	WELL_10k_2022.pdf	chunk_2
well_2022_page_57_chunk_2_triplet_11	well	ORG	operates_in	beaver , pa	GPE	January 2022	December 2022	WELL	2022	WELL_10k_2022.pdf	chunk_2
well_2023_page_139_chunk_1_triplet_25	well	ORG	operates_in	wayne , nj	GPE	January 2023	December 2023	WELL	2023	WELL_10k_2023.pdf	chunk_1
cat_2024_page_85_chunk_4_triplet_6	cat	ORG	operates_in	mining	SEGMENT	January 2024	December 2024	CAT	2024	CAT_10k_2024.pdf	chunk_4
well_2023_page_96_chunk_5_triplet_4	well	ORG	operates_in	triple-net portfolio	PRODUCT	January 2023	December 2023	WELL	2023	WELL_10k_2023.pdf	chunk_5
vz_2020_page_23_chunk_1_triplet_11	verizon consumer group	SEGMENT	operates_in	mid-atlantic u.s .	GPE	January 2020	December 2020	VZ	2020	VZ_10k_2020.pdf	chunk_1
well_2024_page_144_chunk_1_triplet_53	well	ORG	operates_in	ware , uk	GPE	January 2024	December 2024	WELL	2024	WELL_10k_2024.pdf	chunk_1
well_2020_page_3_chunk_1_triplet_4	well	ORG	operates_in	united kingdom	GPE	January 2020	December 2020	WELL	2020	WELL_10k_2020.pdf	chunk_1
rcl_2024_page_12_chunk_1_triplet_34	rcl	ORG	operates_in	silver wind	PRODUCT	January 1995	December 2024	RCL	2024	RCL_10k_2024.pdf	chunk_1
well_2021_page_129_chunk_2_triplet_7	well	ORG	operates_in	dublin , oh	GPE	January 2021	December 2021	WELL	2021	WELL_10k_2021.pdf	chunk_2
well_2020_page_33_chunk_1_triplet_20	well	ORG	operates_in	u.k .	GPE	January 2020	December 2020	WELL	2020	WELL_10k_2020.pdf	chunk_1
well_2021_page_91_chunk_3_triplet_5	hc-one group	COMP	operates_in	u.k .	GPE	January 2021	December 2021	WELL	2021	WELL_10k_2021.pdf	chunk_3
well_2020_page_120_chunk_2_triplet_29	well	ORG	operates_in	mobberley	GPE	January 2020	December 2020	WELL	2020	WELL_10k_2020.pdf	chunk_2
well_2020_page_3_chunk_1_triplet_2	well	ORG	operates_in	united state	GPE	January 2020	December 2020	WELL	2020	WELL_10k_2020.pdf	chunk_1
cnp_2024_page_19_chunk_2_triplet_21	centerpoint energy	SEGMENT	operates_in	minnesota	GPE	January 2024	December 2024	CNP	2024	CNP_10k_2024.pdf	chunk_2
amzn_2023_page_33_chunk_1_triplet_1	amzn	ORG	operates_in	international segment	SEGMENT	January 2023	December 2023	AMZN	2023	AMZN_10k_2023.pdf	chunk_1
amzn_2023_page_56_chunk_1_triplet_12	amzn	ORG	operates_in	north america segment	SEGMENT	February 2023	February 2023	AMZN	2023	AMZN_10k_2023.pdf	chunk_1
gme_2015_page_8_chunk_2_triplet_34	gme	ORG	operates_in	new york	GPE	January 2015	December 2015	GME	2015	GME_10k_2015.pdf	chunk_2
amzn_2024_page_9_chunk_1_triplet_4	amzn	ORG	operates_in	international market	GPE	January 2024	December 2024	AMZN	2024	AMZN_10k_2024.pdf	chunk_1
rcl_2015_page_47_chunk_1_triplet_17	rcl	ORG	operates_in	latin america	GPE	January 2015	December 2015	RCL	2015	RCL_10k_2015.pdf	chunk_1
well_2023_page_132_chunk_1_triplet_35	well	ORG	operates_in	plattsmouth	GPE	January 2023	December 2023	WELL	2023	WELL_10k_2023.pdf	chunk_1
rcl_2022_page_7_chunk_3_triplet_22	rcl	ORG	operates_in	india	GPE	January 2022	December 2022	RCL	2022	RCL_10k_2022.pdf	chunk_3
well_2024_page_140_chunk_1_triplet_55	well	ORG	operates_in	manteca , ca	GPE	January 2024	December 2024	WELL	2024	WELL_10k_2024.pdf	chunk_1
cnp_2023_page_18_chunk_3_triplet_7	cnp	ORG	operates_in	biloxi	GPE	default_start_timestamp	default_end_timestamp	CNP	2023	CNP_10k_2023.pdf	chunk_3
cnp_2022_page_15_chunk_2_triplet_1	cnp	ORG	operates_in	southwestern indiana	GPE	January 2022	default_end_timestamp	CNP	2022	CNP_10k_2022.pdf	chunk_2
well_2020_page_59_chunk_2_triplet_2	well	ORG	operates_in	kalamazoo , mi	GPE	January 2020	December 2020	WELL	2020	WELL_10k_2020.pdf	chunk_2
well_2019_page_111_chunk_1_triplet_4	well	ORG	operates_in	dix hill , ny	GPE	January 2019	default_end_timestamp	WELL	2019	WELL_10k_2019.pdf	chunk_1
well_2020_page_117_chunk_4_triplet_28	well	ORG	operates_in	burlingame , ca	GPE	January 2020	default_end_timestamp	WELL	2020	WELL_10k_2020.pdf	chunk_4
amzn_2021_page_3_chunk_1_triplet_23	amzn	ORG	operates_in	customer service center	LOGISTICS	January 2021	December 2021	AMZN	2021	AMZN_10k_2021.pdf	chunk_1
cat_2015_page_8_chunk_1_triplet_12	caterpillar insurance co. ltd .	ORG	operates_in	bermuda	GPE	January 2015	December 2015	CAT	2015	CAT_10k_2015.pdf	chunk_1
rcl_2024_page_12_chunk_1_triplet_20	rcl	ORG	operates_in	celebrity constellation	PRODUCT	January 2002	December 2024	RCL	2024	RCL_10k_2024.pdf	chunk_1
well_2020_page_124_chunk_4_triplet_31	well	ORG	operates_in	carlisle , pa	GPE	January 2020	December 2020	WELL	2020	WELL_10k_2020.pdf	chunk_4
well_2022_page_91_chunk_3_triplet_6	hc-one group	COMP	operates_in	u.k .	GPE	January 2022	December 2022	WELL	2022	WELL_10k_2022.pdf	chunk_3
well_2024_page_135_chunk_4_triplet_15	well	ORG	operates_in	barnum , mn	GPE	January 2024	December 2024	WELL	2024	WELL_10k_2024.pdf	chunk_4
well_2022_page_105_chunk_3_triplet_2	well	ORG	operates_in	united kingdom	GPE	January 2022	December 2022	WELL	2022	WELL_10k_2022.pdf	chunk_3
cat_2015_page_4_chunk_1_triplet_4	cat	ORG	operates_in	energy & transportation	SEGMENT	January 2015	December 2015	CAT	2015	CAT_10k_2015.pdf	chunk_1
well_2023_page_129_chunk_1_triplet_89	well	ORG	operates_in	encino , ca	GPE	January 2023	December 2023	WELL	2023	WELL_10k_2023.pdf	chunk_1
well_2022_page_105_chunk_7_triplet_2	well	ORG	operates_in	united kingdom	GPE	January 2022	default_end_timestamp	WELL	2022	WELL_10k_2022.pdf	chunk_7
well_2023_page_134_chunk_1_triplet_51	well	ORG	operates_in	wooster , oh	GPE	January 2023	December 2023	WELL	2023	WELL_10k_2023.pdf	chunk_1
tgna_2015_page_6_chunk_1_triplet_3	tgna	ORG	operates_in	united state	GPE	January 2015	December 2015	TGNA	2015	TGNA_10k_2015.pdf	chunk_1
rcl_2023_page_6_chunk_1_triplet_5	rcl	ORG	operates_in	na	GPE	January 2023	December 2023	RCL	2023	RCL_10k_2023.pdf	chunk_1
gme_2014_page_9_chunk_1_triplet_12	gme	ORG	operates_in	online gaming	SEGMENT	January 2014	December 2014	GME	2014	GME_10k_2014.pdf	chunk_1
well_2022_page_108_chunk_1_triplet_2	well	ORG	operates_in	senior housing	SECTOR	January 2022	December 2022	WELL	2022	WELL_10k_2022.pdf	chunk_1
well_2024_page_153_chunk_1_triplet_4	well	ORG	operates_in	de peres , mo	GPE	January 2024	December 2024	WELL	2024	WELL_10k_2024.pdf	chunk_1
well_2022_page_137_chunk_4_triplet_8	well	ORG	operates_in	jefferson city , tn	GPE	January 2022	December 2022	WELL	2022	WELL_10k_2022.pdf	chunk_4
dxc_2021_page_2_chunk_1_triplet_4	dxc	ORG	operates_in	united state	GPE	January 2021	December 2021	DXC	2021	DXC_10k_2021.pdf	chunk_1
well_2021_page_123_chunk_2_triplet_3	well	ORG	operates_in	high point , nc	GPE	January 2021	default_end_timestamp	WELL	2021	WELL_10k_2021.pdf	chunk_2
well_2022_page_140_chunk_2_triplet_2	well	ORG	operates_in	concord , nh	GPE	January 2022	December 2022	WELL	2022	WELL_10k_2022.pdf	chunk_2
well_2023_page_129_chunk_1_triplet_64	well	ORG	operates_in	denton , tx	GPE	January 2023	December 2023	WELL	2023	WELL_10k_2023.pdf	chunk_1
pom_2015_page_162_chunk_2_triplet_1	pom	ORG	operates_in	t & d	SEGMENT	January 2015	December 2015	POM	2015	POM_10k_2015.pdf	chunk_2
well_2022_page_140_chunk_2_triplet_6	well	ORG	operates_in	gig harbor , wa	GPE	January 2022	December 2022	WELL	2022	WELL_10k_2022.pdf	chunk_2
well_2024_page_147_chunk_1_triplet_76	well	ORG	operates_in	florence , nj	GPE	January 2024	December 2024	WELL	2024	WELL_10k_2024.pdf	chunk_1
rcl_2019_page_5_chunk_1_triplet_8	rcl	ORG	operates_in	hawaii	GPE	January 2019	December 2019	RCL	2019	RCL_10k_2019.pdf	chunk_1
cnp_2017_page_104_chunk_5_triplet_7	cnp	ORG	operates_in	end user	SECTOR	January 2017	December 2017	CNP	2017	CNP_10k_2017.pdf	chunk_5
rcl_2017_page_5_chunk_1_triplet_20	tui cruise	SEGMENT	operates_in	germany	GPE	January 2017	default_end_timestamp	RCL	2017	RCL_10k_2017.pdf	chunk_1
amzn_2021_page_16_chunk_3_triplet_4	amzn	ORG	operates_in	international	GPE	December 2021	default_end_timestamp	AMZN	2021	AMZN_10k_2021.pdf	chunk_3
well_2022_page_120_chunk_2_triplet_13	well	ORG	operates_in	arlington , va	GPE	January 2022	December 2022	WELL	2022	WELL_10k_2022.pdf	chunk_2
well_2021_page_138_chunk_2_triplet_6	well	ORG	operates_in	tarzana , ca	GPE	January 2021	December 2021	WELL	2021	WELL_10k_2021.pdf	chunk_2
pom_2015_page_22_chunk_5_triplet_2	ace	COMP	operates_in	new jersey	GPE	January 2015	December 2015	POM	2015	POM_10k_2015.pdf	chunk_5
well_2020_page_124_chunk_2_triplet_1	well	ORG	operates_in	abilene , tx	GPE	January 2020	default_end_timestamp	WELL	2020	WELL_10k_2020.pdf	chunk_2
dxc_2019_page_123_chunk_4_triplet_5	dxc	ORG	operates_in	india	GPE	April 2018	March 2019	DXC	2019	DXC_10k_2019.pdf	chunk_4
well_2021_page_128_chunk_2_triplet_3	well	ORG	operates_in	akron , oh	GPE	January 2021	default_end_timestamp	WELL	2021	WELL_10k_2021.pdf	chunk_2
well_2020_page_117_chunk_4_triplet_14	well	ORG	operates_in	bremerton , wa	GPE	January 2020	default_end_timestamp	WELL	2020	WELL_10k_2020.pdf	chunk_4
cnp_2021_page_47_chunk_3_triplet_5	cnp	ORG	operates_in	sebree	GPE	January 2021	December 2021	CNP	2021	CNP_10k_2021.pdf	chunk_3
well_2024_page_141_chunk_1_triplet_38	well	ORG	operates_in	north canton , oh	GPE	January 2024	December 2024	WELL	2024	WELL_10k_2024.pdf	chunk_1
well_2021_page_124_chunk_2_triplet_8	well	ORG	operates_in	mansfield , tx	GPE	January 2021	December 2021	WELL	2021	WELL_10k_2021.pdf	chunk_2
well_2024_page_141_chunk_1_triplet_36	well	ORG	operates_in	newtown square , pa	GPE	January 2024	December 2024	WELL	2024	WELL_10k_2024.pdf	chunk_1
cnp_2014_page_5_chunk_1_triplet_7	ercot	ORG	operates_in	texas	GPE	January 2014	December 2014	CNP	2014	CNP_10k_2014.pdf	chunk_1
well_2024_page_145_chunk_1_triplet_13	well	ORG	operates_in	west bend , wi	GPE	January 2024	December 2024	WELL	2024	WELL_10k_2024.pdf	chunk_1
well_2021_page_122_chunk_4_triplet_4	well	ORG	operates_in	frome , uk	GPE	January 2021	default_end_timestamp	WELL	2021	WELL_10k_2021.pdf	chunk_4
well_2023_page_132_chunk_1_triplet_64	well	ORG	operates_in	rockwall	GPE	January 2023	December 2023	WELL	2023	WELL_10k_2023.pdf	chunk_1
rcl_2024_page_12_chunk_1_triplet_31	rcl	ORG	operates_in	silver spirit	PRODUCT	January 2009	December 2024	RCL	2024	RCL_10k_2024.pdf	chunk_1
rcl_2019_page_36_chunk_1_triplet_1	rcl	ORG	operates_in	port of miami , florida	LOGISTICS	January 2019	December 2019	RCL	2019	RCL_10k_2019.pdf	chunk_1
well_2020_page_130_chunk_1_triplet_21	well	ORG	operates_in	warren , nj	GPE	January 2020	December 2020	WELL	2020	WELL_10k_2020.pdf	chunk_1
cat_2024_page_34_chunk_4_triplet_3	cat	ORG	operates_in	eame	GPE	January 2024	December 2024	CAT	2024	CAT_10k_2024.pdf	chunk_4
well_2021_page_134_chunk_3_triplet_3	well	ORG	operates_in	york , uk	GPE	January 2021	December 2021	WELL	2021	WELL_10k_2021.pdf	chunk_3
well_2019_page_114_chunk_3_triplet_4	well	ORG	operates_in	outremont , qc	GPE	January 2019	December 2019	WELL	2019	WELL_10k_2019.pdf	chunk_3
rcl_2020_page_1_chunk_1_triplet_3	rcl	ORG	operates_in	republic of liberia	GPE	January 2020	December 2020	RCL	2020	RCL_10k_2020.pdf	chunk_1
well_2020_page_121_chunk_4_triplet_13	well	ORG	operates_in	san diego , ca	GPE	January 2020	default_end_timestamp	WELL	2020	WELL_10k_2020.pdf	chunk_4
well_2023_page_131_chunk_1_triplet_49	well	ORG	operates_in	mobberley , uk	GPE	January 2023	December 2023	WELL	2023	WELL_10k_2023.pdf	chunk_1
well_2021_page_131_chunk_3_triplet_37	well	ORG	operates_in	north augusta , sc	GPE	January 2021	default_end_timestamp	WELL	2021	WELL_10k_2021.pdf	chunk_3
well_2023_page_129_chunk_1_triplet_5	well	ORG	operates_in	camillus , ny	GPE	January 2023	December 2023	WELL	2023	WELL_10k_2023.pdf	chunk_1
well_2023_page_129_chunk_1_triplet_80	well	ORG	operates_in	edgewater , nj	GPE	January 2023	December 2023	WELL	2023	WELL_10k_2023.pdf	chunk_1
well_2023_page_48_chunk_2_triplet_39	well	ORG	operates_in	sc	GPE	January 2023	December 2023	WELL	2023	WELL_10k_2023.pdf	chunk_2
well_2022_page_137_chunk_4_triplet_22	well	ORG	operates_in	loxahatchee , fl	GPE	January 2022	December 2022	WELL	2022	WELL_10k_2022.pdf	chunk_4
vz_2024_page_4_chunk_1_triplet_6	vz	ORG	operates_in	washington d.c .	GPE	January 2024	December 2024	VZ	2024	VZ_10k_2024.pdf	chunk_1
cnp_2015_page_10_chunk_1_triplet_12	ceip	COMP	operates_in	texas	GPE	January 2015	December 2015	CNP	2015	CNP_10k_2015.pdf	chunk_1
well_2021_page_130_chunk_3_triplet_12	well	ORG	operates_in	holton , ks	GPE	January 2021	default_end_timestamp	WELL	2021	WELL_10k_2021.pdf	chunk_3
cnp_2020_page_19_chunk_1_triplet_39	enable	COMP	operates_in	egt	FIN_INST	January 2020	December 2020	CNP	2020	CNP_10k_2020.pdf	chunk_1
well_2021_page_124_chunk_2_triplet_2	well	ORG	operates_in	louisville , co	GPE	January 2021	December 2021	WELL	2021	WELL_10k_2021.pdf	chunk_2
well_2021_page_136_chunk_2_triplet_6	well	ORG	operates_in	escondido , ca	GPE	January 2021	default_end_timestamp	WELL	2021	WELL_10k_2021.pdf	chunk_2
cnp_2022_page_181_chunk_2_triplet_23	cerc	COMP	operates_in	arkansas	GPE	January 2022	December 2022	CNP	2022	CNP_10k_2022.pdf	chunk_2
cnp_2019_page_209_chunk_6_triplet_5	cerc	SEGMENT	operates_in	cnp	ORG	January 2019	December 2019	CNP	2019	CNP_10k_2019.pdf	chunk_6
rcl_2018_page_7_chunk_3_triplet_9	rcl	ORG	operates_in	canada	GPE	January 2018	December 2018	RCL	2018	RCL_10k_2018.pdf	chunk_3
cnp_2015_page_68_chunk_1_triplet_14	cnp	ORG	operates_in	money pool	FIN_MARKET	January 2015	December 2015	CNP	2015	CNP_10k_2015.pdf	chunk_1
well_2020_page_118_chunk_2_triplet_29	well	ORG	operates_in	colt neck , nj	GPE	January 2020	December 2020	WELL	2020	WELL_10k_2020.pdf	chunk_2
well_2019_page_125_chunk_3_triplet_35	well	ORG	operates_in	ona , wv	GPE	January 2019	December 2019	WELL	2019	WELL_10k_2019.pdf	chunk_3
well_2023_page_131_chunk_1_triplet_57	well	ORG	operates_in	naperville , il	GPE	January 2023	December 2023	WELL	2023	WELL_10k_2023.pdf	chunk_1
cat_2015_page_24_chunk_1_triplet_16	cat	ORG	operates_in	united kingdom	GPE	January 2015	December 2015	CAT	2015	CAT_10k_2015.pdf	chunk_1
cat_2015_page_24_chunk_1_triplet_4	cat	ORG	operates_in	texas	GPE	January 2015	December 2015	CAT	2015	CAT_10k_2015.pdf	chunk_1
well_2021_page_50_chunk_6_triplet_9	well	ORG	operates_in	california	GPE	default_start_timestamp	default_end_timestamp	WELL	2021	WELL_10k_2021.pdf	chunk_6
rcl_2020_page_15_chunk_2_triplet_11	rcl	ORG	operates_in	silver origin	PRODUCT	January 2020	December 2020	RCL	2020	RCL_10k_2020.pdf	chunk_2
cnp_2016_page_8_chunk_1_triplet_1	cnp	ORG	operates_in	houston	GPE	January 2016	December 2016	CNP	2016	CNP_10k_2016.pdf	chunk_1
well_2024_page_142_chunk_1_triplet_25	well	ORG	operates_in	prior lake , mn	GPE	January 2024	December 2024	WELL	2024	WELL_10k_2024.pdf	chunk_1
gme_2014_page_12_chunk_2_triplet_39	gme	ORG	operates_in	oregon	GPE	January 2014	December 2014	GME	2014	GME_10k_2014.pdf	chunk_2
well_2021_page_125_chunk_4_triplet_15	well	ORG	operates_in	rantoul , il	GPE	January 2021	December 2021	WELL	2021	WELL_10k_2021.pdf	chunk_4
gme_2014_page_12_chunk_2_triplet_38	gme	ORG	operates_in	oklahoma	GPE	January 2014	December 2014	GME	2014	GME_10k_2014.pdf	chunk_2
dxc_2020_page_103_chunk_3_triplet_8	dxc	ORG	operates_in	asia-pacific	GPE	default_start_timestamp	default_end_timestamp	DXC	2020	DXC_10k_2020.pdf	chunk_3
rcl_2017_page_14_chunk_2_triplet_4	rcl	ORG	operates_in	eastern asia	GPE	January 2017	December 2017	RCL	2017	RCL_10k_2017.pdf	chunk_2
well_2024_page_144_chunk_1_triplet_55	well	ORG	operates_in	warsaw , ny	GPE	January 2024	December 2024	WELL	2024	WELL_10k_2024.pdf	chunk_1
well_2021_page_121_chunk_4_triplet_12	well	ORG	operates_in	clay , ny	GPE	January 2021	default_end_timestamp	WELL	2021	WELL_10k_2021.pdf	chunk_4
well_2022_page_124_chunk_2_triplet_6	well	ORG	operates_in	malvern , pa	GPE	January 2022	December 2022	WELL	2022	WELL_10k_2022.pdf	chunk_2
gme_2015_page_8_chunk_2_triplet_49	gme	ORG	operates_in	virginia	GPE	January 2015	December 2015	GME	2015	GME_10k_2015.pdf	chunk_2
well_2024_page_145_chunk_1_triplet_16	well	ORG	operates_in	west drayton , uk	GPE	January 2024	December 2024	WELL	2024	WELL_10k_2024.pdf	chunk_1
well_2021_page_132_chunk_1_triplet_23	well	ORG	operates_in	panama city	GPE	January 2021	December 2021	WELL	2021	WELL_10k_2021.pdf	chunk_1
well_2023_page_128_chunk_4_triplet_13	well	ORG	operates_in	bee cave , tx	GPE	January 2016	December 2023	WELL	2023	WELL_10k_2023.pdf	chunk_4
well_2023_page_142_chunk_1_triplet_3	well	ORG	operates_in	richmond , va	GPE	January 2023	December 2023	WELL	2023	WELL_10k_2023.pdf	chunk_1
well_2023_page_131_chunk_1_triplet_70	well	ORG	operates_in	north tustin , ca	GPE	January 2023	December 2023	WELL	2023	WELL_10k_2023.pdf	chunk_1
well_2022_page_124_chunk_2_triplet_13	well	ORG	operates_in	marlboro , nj	GPE	January 2022	December 2022	WELL	2022	WELL_10k_2022.pdf	chunk_2
well_2021_page_132_chunk_1_triplet_13	well	ORG	operates_in	orem , ut	GPE	January 2021	December 2021	WELL	2021	WELL_10k_2021.pdf	chunk_1
well_2021_page_125_chunk_2_triplet_25	well	ORG	operates_in	placentia , ca	GPE	January 2021	default_end_timestamp	WELL	2021	WELL_10k_2021.pdf	chunk_2
well_2024_page_156_chunk_2_triplet_11	well	ORG	operates_in	highland park , il	GPE	January 2024	December 2024	WELL	2024	WELL_10k_2024.pdf	chunk_2
rcl_2022_page_145_chunk_3_triplet_8	rcl	ORG	operates_in	asia	GPE	default	default	RCL	2022	RCL_10k_2022.pdf	chunk_3
well_2020_page_121_chunk_4_triplet_21	well	ORG	operates_in	santa rosa , ca	GPE	January 2020	default_end_timestamp	WELL	2020	WELL_10k_2020.pdf	chunk_4
well_2023_page_130_chunk_1_triplet_85	well	ORG	operates_in	kingwood , tx	GPE	January 2023	December 2023	WELL	2023	WELL_10k_2023.pdf	chunk_1
well_2021_page_125_chunk_4_triplet_35	well	ORG	operates_in	round rock , tx	GPE	January 2021	December 2021	WELL	2021	WELL_10k_2021.pdf	chunk_4
dxc_2020_page_97_chunk_3_triplet_8	dxc	ORG	operates_in	asia-pacific	GPE	January 2020	December 2020	DXC	2020	DXC_10k_2020.pdf	chunk_3
well_2019_page_136_chunk_1_triplet_12	well	ORG	operates_in	stockton , ca	GPE	January 2019	default_end_timestamp	WELL	2019	WELL_10k_2019.pdf	chunk_1
cat_2023_page_9_chunk_1_triplet_1	cat	ORG	operates_in	global market	GPE	January 2023	December 2023	CAT	2023	CAT_10k_2023.pdf	chunk_1
well_2020_page_127_chunk_3_triplet_36	well	ORG	operates_in	monroeville pa	GPE	January 2020	December 2020	WELL	2020	WELL_10k_2020.pdf	chunk_3
well_2024_page_149_chunk_1_triplet_44	well	ORG	operates_in	newport , ar	GPE	January 2024	December 2024	WELL	2024	WELL_10k_2024.pdf	chunk_1
cnp_2022_page_18_chunk_2_triplet_2	cnp	ORG	operates_in	united state	GPE	January 2022	December 2022	CNP	2022	CNP_10k_2022.pdf	chunk_2
tgna_2016_page_68_chunk_4_triplet_11	cofactor ( shoplocal )	COMP	operates_in	chicago , il	GPE	January 2016	December 2016	TGNA	2016	TGNA_10k_2016.pdf	chunk_4
gme_2015_page_9_chunk_2_triplet_10	gme	ORG	operates_in	italy	GPE	January 2015	December 2015	GME	2015	GME_10k_2015.pdf	chunk_2
well_2023_page_4_chunk_1_triplet_7	well	ORG	operates_in	triple-net segment	SEGMENT	January 2023	December 2023	WELL	2023	WELL_10k_2023.pdf	chunk_1
well_2022_page_124_chunk_2_triplet_30	well	ORG	operates_in	millbrook , ny	GPE	January 2022	December 2022	WELL	2022	WELL_10k_2022.pdf	chunk_2
well_2019_page_121_chunk_3_triplet_8	well	ORG	operates_in	dayton , oh	GPE	January 2019	December 2019	WELL	2019	WELL_10k_2019.pdf	chunk_3
well_2021_page_131_chunk_3_triplet_20	well	ORG	operates_in	montgomeryville , pa	GPE	January 2021	default_end_timestamp	WELL	2021	WELL_10k_2021.pdf	chunk_3
cnp_2018_page_141_chunk_6_triplet_6	cnp	ORG	operates_in	consumer good	SECTOR	January 2018	December 2018	CNP	2018	CNP_10k_2018.pdf	chunk_6
vz_2014_page_11_chunk_1_triplet_12	vz	ORG	operates_in	global wholesale market	SEGMENT	January 2014	December 2014	VZ	2014	VZ_10k_2014.pdf	chunk_1
rcl_2017_page_5_chunk_1_triplet_14	rcl	SEGMENT	operates_in	europe	GPE	January 2017	default_end_timestamp	RCL	2017	RCL_10k_2017.pdf	chunk_1
cat_2024_page_15_chunk_1_triplet_12	cat	ORG	operates_in	competitive environment	MACRO_CONDITION	January 2024	December 2024	CAT	2024	CAT_10k_2024.pdf	chunk_1
well_2023_page_141_chunk_1_triplet_39	well	ORG	operates_in	lawton , ok	GPE	January 2023	December 2023	WELL	2023	WELL_10k_2023.pdf	chunk_1
well_2021_page_124_chunk_4_triplet_7	well	ORG	operates_in	montgomery , al	GPE	January 2021	default_end_timestamp	WELL	2021	WELL_10k_2021.pdf	chunk_4
well_2023_page_129_chunk_1_triplet_32	well	ORG	operates_in	chesterfield , va	GPE	January 2023	December 2023	WELL	2023	WELL_10k_2023.pdf	chunk_1
well_2024_page_143_chunk_1_triplet_42	well	ORG	operates_in	south haven , mi	GPE	January 2024	December 2024	WELL	2024	WELL_10k_2024.pdf	chunk_1
amzn_2023_page_70_chunk_8_triplet_10	amzn	ORG	operates_in	international	GPE	January 2023	default_end_timestamp	AMZN	2023	AMZN_10k_2023.pdf	chunk_8
well_2023_page_128_chunk_4_triplet_6	well	ORG	operates_in	baton rouge , la	GPE	January 2013	December 2023	WELL	2023	WELL_10k_2023.pdf	chunk_4
well_2022_page_120_chunk_4_triplet_5	well	ORG	operates_in	bellingham , wa	GPE	January 2022	default_end_timestamp	WELL	2022	WELL_10k_2022.pdf	chunk_4
cat_2023_page_25_chunk_1_triplet_34	cat	ORG	operates_in	south korea	GPE	January 2023	December 2023	CAT	2023	CAT_10k_2023.pdf	chunk_1
cnp_2024_page_50_chunk_1_triplet_3	cnp	ORG	operates_in	natural gas	SEGMENT	January 2024	December 2024	CNP	2024	CNP_10k_2024.pdf	chunk_1
well_2020_page_125_chunk_3_triplet_17	well	ORG	operates_in	dublin , oh	GPE	January 2020	December 2020	WELL	2020	WELL_10k_2020.pdf	chunk_3
cnp_2015_page_35_chunk_1_triplet_9	enable	COMP	operates_in	louisiana	GPE	January 2015	December 2015	CNP	2015	CNP_10k_2015.pdf	chunk_1
cnp_2019_page_11_chunk_1_triplet_18	cnp	ORG	operates_in	central indiana	GPE	January 2019	December 2019	CNP	2019	CNP_10k_2019.pdf	chunk_1
well_2024_page_149_chunk_1_triplet_65	well	ORG	operates_in	newport , or	GPE	January 2024	December 2024	WELL	2024	WELL_10k_2024.pdf	chunk_1
well_2019_page_120_chunk_1_triplet_5	well	ORG	operates_in	bracknell , uk	GPE	January 2019	December 2019	WELL	2019	WELL_10k_2019.pdf	chunk_1
amzn_2022_page_67_chunk_2_triplet_1	amzn	ORG	operates_in	united state	GPE	January 2019	December 2021	AMZN	2022	AMZN_10k_2022.pdf	chunk_2
amzn_2017_page_50_chunk_1_triplet_8	amzn	ORG	operates_in	italy	GPE	January 2017	December 2017	AMZN	2017	AMZN_10k_2017.pdf	chunk_1
well_2024_page_138_chunk_1_triplet_41	well	ORG	operates_in	fort worth , tx	GPE	January 2024	December 2024	WELL	2024	WELL_10k_2024.pdf	chunk_1
well_2019_page_122_chunk_3_triplet_31	well	ORG	operates_in	granger , in	GPE	January 2019	December 2019	WELL	2019	WELL_10k_2019.pdf	chunk_3
pom_2015_page_162_chunk_3_triplet_13	pom	ORG	operates_in	new jersey	GPE	January 2010	December 2015	POM	2015	POM_10k_2015.pdf	chunk_3
rcl_2024_page_57_chunk_1_triplet_14	rcl	ORG	operates_in	international business operation	SEGMENT	January 2024	December 2024	RCL	2024	RCL_10k_2024.pdf	chunk_1
well_2019_page_115_chunk_4_triplet_8	well	ORG	operates_in	seattle , wa	GPE	January 2019	December 2019	WELL	2019	WELL_10k_2019.pdf	chunk_4
well_2021_page_133_chunk_3_triplet_28	well	ORG	operates_in	west palm beach , fl	GPE	January 2021	December 2021	WELL	2021	WELL_10k_2021.pdf	chunk_3
well_2019_page_124_chunk_1_triplet_4	well	ORG	operates_in	largo , fl	GPE	January 2019	December 2019	WELL	2019	WELL_10k_2019.pdf	chunk_1
cnp_2024_page_19_chunk_3_triplet_2	cnp	ORG	operates_in	minneapolis	GPE	January 2024	default_end_timestamp	CNP	2024	CNP_10k_2024.pdf	chunk_3
well_2020_page_126_chunk_3_triplet_2	well	ORG	operates_in	grosse pointe , mi	GPE	January 2020	December 2020	WELL	2020	WELL_10k_2020.pdf	chunk_3
well_2023_page_130_chunk_1_triplet_57	well	ORG	operates_in	highland park , il	GPE	January 2023	December 2023	WELL	2023	WELL_10k_2023.pdf	chunk_1
vz_2017_page_11_chunk_1_triplet_11	vz	ORG	operates_in	150 country	GPE	January 2017	December 2017	VZ	2017	VZ_10k_2017.pdf	chunk_1
amzn_2023_page_67_chunk_3_triplet_7	amzn	ORG	operates_in	germany	GPE	January 2023	December 2023	AMZN	2023	AMZN_10k_2023.pdf	chunk_3
cnp_2021_page_18_chunk_3_triplet_5	cnp	ORG	operates_in	indiana	GPE	January 2021	December 2021	CNP	2021	CNP_10k_2021.pdf	chunk_3
rcl_2016_page_13_chunk_1_triplet_3	rcl	ORG	operates_in	united state	GPE	January 2017	December 2017	RCL	2016	RCL_10k_2016.pdf	chunk_1
well_2024_page_136_chunk_1_triplet_33	well	ORG	operates_in	cary , nc	GPE	January 2024	December 2024	WELL	2024	WELL_10k_2024.pdf	chunk_1
well_2020_page_123_chunk_2_triplet_15	well	ORG	operates_in	weston	GPE	January 2020	December 2020	WELL	2020	WELL_10k_2020.pdf	chunk_2
well_2024_page_148_chunk_1_triplet_11	well	ORG	operates_in	harrow , great london , uk	GPE	January 2024	December 2024	WELL	2024	WELL_10k_2024.pdf	chunk_1
well_2021_page_120_chunk_4_triplet_16	well	ORG	operates_in	bothell , wa	GPE	January 2021	default_end_timestamp	WELL	2021	WELL_10k_2021.pdf	chunk_4
well_2023_page_141_chunk_1_triplet_63	well	ORG	operates_in	mount vernon	GPE	January 2023	December 2023	WELL	2023	WELL_10k_2023.pdf	chunk_1
rcl_2018_page_5_chunk_1_triplet_49	azamara club cruise	SEGMENT	operates_in	northern europe	GPE	January 2018	December 2018	RCL	2018	RCL_10k_2018.pdf	chunk_1
well_2020_page_131_chunk_2_triplet_5	well	ORG	operates_in	agawam , ma	GPE	January 2020	December 2020	WELL	2020	WELL_10k_2020.pdf	chunk_2
gme_2014_page_80_chunk_1_triplet_7	gme	ORG	operates_in	europe segment	SEGMENT	January 2014	December 2014	GME	2014	GME_10k_2014.pdf	chunk_1
rcl_2020_page_7_chunk_2_triplet_6	rcl	ORG	operates_in	asia/pacific	GPE	January 2020	default_end_timestamp	RCL	2020	RCL_10k_2020.pdf	chunk_2
well_2019_page_131_chunk_2_triplet_4	well	ORG	operates_in	alpharetta , ga	GPE	January 2019	December 2023	WELL	2019	WELL_10k_2019.pdf	chunk_2
well_2024_page_143_chunk_1_triplet_47	well	ORG	operates_in	southbourne , uk	GPE	January 2024	December 2024	WELL	2024	WELL_10k_2024.pdf	chunk_1
dxc_2020_page_108_chunk_3_triplet_14	dxc	ORG	operates_in	luxembourg	GPE	March 2020	December 2020	DXC	2020	DXC_10k_2020.pdf	chunk_3
well_2024_page_141_chunk_1_triplet_80	well	ORG	operates_in	paw paw , mi	GPE	January 2024	December 2024	WELL	2024	WELL_10k_2024.pdf	chunk_1
cnp_2021_page_17_chunk_3_triplet_8	cnp	ORG	operates_in	europe	GPE	January 2021	December 2021	CNP	2021	CNP_10k_2021.pdf	chunk_3
well_2020_page_126_chunk_3_triplet_20	well	ORG	operates_in	highland ranch , co	GPE	January 2020	December 2020	WELL	2020	WELL_10k_2020.pdf	chunk_3
well_2023_page_141_chunk_1_triplet_74	well	ORG	operates_in	niagara fall , ny	GPE	January 2023	December 2023	WELL	2023	WELL_10k_2023.pdf	chunk_1
well_2019_page_120_chunk_2_triplet_6	well	ORG	operates_in	cedar rapid , ia	GPE	default_start_timestamp	default_end_timestamp	WELL	2019	WELL_10k_2019.pdf	chunk_2
dxc_2018_page_130_chunk_6_triplet_12	dxc	ORG	operates_in	australia	GPE	April 2016	April 2016	DXC	2018	DXC_10k_2018.pdf	chunk_6
well_2019_page_115_chunk_2_triplet_9	well	ORG	operates_in	reno , nv	GPE	January 2019	December 2019	WELL	2019	WELL_10k_2019.pdf	chunk_2
gme_2015_page_8_chunk_1_triplet_5	gme	ORG	operates_in	shopping mall	LOGISTICS	January 2015	December 2015	GME	2015	GME_10k_2015.pdf	chunk_1
well_2020_page_124_chunk_2_triplet_5	well	ORG	operates_in	alexandria , va	GPE	January 2020	default_end_timestamp	WELL	2020	WELL_10k_2020.pdf	chunk_2
well_2022_page_121_chunk_4_triplet_18	well	ORG	operates_in	colt neck , nj	GPE	January 2022	default_end_timestamp	WELL	2022	WELL_10k_2022.pdf	chunk_4
well_2023_page_139_chunk_1_triplet_43	well	ORG	operates_in	windsor , va	GPE	January 2023	December 2023	WELL	2023	WELL_10k_2023.pdf	chunk_1
tgna_2015_page_65_chunk_2_triplet_34	belo corp .	COMP	operates_in	virginia	GPE	January 2015	December 2015	TGNA	2015	TGNA_10k_2015.pdf	chunk_2
amzn_2020_page_1_chunk_1_triplet_13	amzn	ORG	operates_in	delaware	GPE	January 2020	December 2020	AMZN	2020	AMZN_10k_2020.pdf	chunk_1
well_2024_page_150_chunk_1_triplet_33	well	ORG	operates_in	shepherdstown	GPE	January 2024	December 2024	WELL	2024	WELL_10k_2024.pdf	chunk_1
well_2021_page_137_chunk_4_triplet_24	well	ORG	operates_in	southlake , tx	GPE	January 2021	December 2021	WELL	2021	WELL_10k_2021.pdf	chunk_4
gme_2014_page_13_chunk_3_triplet_3	gme	ORG	operates_in	australia	GPE	January 2014	default_end_timestamp	GME	2014	GME_10k_2014.pdf	chunk_3
well_2024_page_143_chunk_1_triplet_58	well	ORG	operates_in	stephenville , tx	GPE	January 2024	December 2024	WELL	2024	WELL_10k_2024.pdf	chunk_1
pom_2015_page_68_chunk_3_triplet_8	pom	ORG	operates_in	maryland	GPE	July 2014	December 2015	POM	2015	POM_10k_2015.pdf	chunk_3
cnp_2020_page_16_chunk_1_triplet_37	centerpoint energy	COMP	operates_in	ohio	GPE	January 2020	December 2020	CNP	2020	CNP_10k_2020.pdf	chunk_1
well_2023_page_137_chunk_1_triplet_102	well	ORG	operates_in	nottingham , uk	GPE	January 2023	December 2023	WELL	2023	WELL_10k_2023.pdf	chunk_1
cnp_2019_page_11_chunk_1_triplet_14	cnp	ORG	operates_in	natural gas utility	SEGMENT	January 2019	December 2019	CNP	2019	CNP_10k_2019.pdf	chunk_1
cnp_2014_page_119_chunk_5_triplet_10	cnp	ORG	operates_in	other operation	SEGMENT	January 2014	December 2014	CNP	2014	CNP_10k_2014.pdf	chunk_5
well_2019_page_121_chunk_1_triplet_14	well	ORG	operates_in	concord , nh	GPE	January 2019	default_end_timestamp	WELL	2019	WELL_10k_2019.pdf	chunk_1
vz_2015_page_3_chunk_4_triplet_1	vz	ORG	operates_in	united state	GPE	default_start_timestamp	default_end_timestamp	VZ	2015	VZ_10k_2015.pdf	chunk_4
well_2022_page_123_chunk_4_triplet_1	well	ORG	operates_in	laguna wood , ca	GPE	January 2022	default_end_timestamp	WELL	2022	WELL_10k_2022.pdf	chunk_4
well_2020_page_124_chunk_2_triplet_31	well	ORG	operates_in	benbrook , tx	GPE	January 2020	default_end_timestamp	WELL	2020	WELL_10k_2020.pdf	chunk_2
well_2022_page_123_chunk_4_triplet_3	well	ORG	operates_in	lake zurich , il	GPE	January 2022	default_end_timestamp	WELL	2022	WELL_10k_2022.pdf	chunk_4
well_2024_page_147_chunk_1_triplet_35	well	ORG	operates_in	danbury , ct	GPE	January 2024	December 2024	WELL	2024	WELL_10k_2024.pdf	chunk_1
cat_2023_page_26_chunk_2_triplet_70	cat	ORG	operates_in	hortolandia	GPE	January 2023	December 2023	CAT	2023	CAT_10k_2023.pdf	chunk_2
well_2023_page_132_chunk_1_triplet_39	well	ORG	operates_in	port st. lucie	GPE	January 2023	December 2023	WELL	2023	WELL_10k_2023.pdf	chunk_1
rcl_2015_page_7_chunk_3_triplet_14	rcl	ORG	operates_in	thailand	GPE	January 2015	December 2015	RCL	2015	RCL_10k_2015.pdf	chunk_3
well_2020_page_125_chunk_3_triplet_41	well	ORG	operates_in	farnborough , united kingdom	GPE	January 2020	December 2020	WELL	2020	WELL_10k_2020.pdf	chunk_3
rcl_2016_page_22_chunk_1_triplet_13	rcl	ORG	operates_in	united kingdom	GPE	January 2016	December 2016	RCL	2016	RCL_10k_2016.pdf	chunk_1
rcl_2024_page_11_chunk_1_triplet_15	rcl	ORG	operates_in	120 country	GPE	January 2024	December 2024	RCL	2024	RCL_10k_2024.pdf	chunk_1
well_2021_page_129_chunk_2_triplet_24	well	ORG	operates_in	fairfax , va	GPE	January 2021	December 2021	WELL	2021	WELL_10k_2021.pdf	chunk_2
well_2023_page_129_chunk_1_triplet_87	well	ORG	operates_in	elkhorn , ne	GPE	January 2023	December 2023	WELL	2023	WELL_10k_2023.pdf	chunk_1
cnp_2016_page_103_chunk_1_triplet_2	cnp	ORG	operates_in	houston	GPE	January 2016	default_end_timestamp	CNP	2016	CNP_10k_2016.pdf	chunk_1
cat_2015_page_92_chunk_5_triplet_9	cat	ORG	operates_in	latin america	GPE	January 2013	December 2013	CAT	2015	CAT_10k_2015.pdf	chunk_5
well_2021_page_129_chunk_2_triplet_31	well	ORG	operates_in	fayetteville , ny	GPE	January 2021	December 2021	WELL	2021	WELL_10k_2021.pdf	chunk_2
well_2019_page_125_chunk_1_triplet_1	well	ORG	operates_in	mentor	GPE	January 2019	December 2019	WELL	2019	WELL_10k_2019.pdf	chunk_1
well_2019_page_127_chunk_3_triplet_18	well	ORG	operates_in	stamford , uk	GPE	January 2019	December 2019	WELL	2019	WELL_10k_2019.pdf	chunk_3
well_2020_page_124_chunk_4_triplet_6	well	ORG	operates_in	bloomington , in	GPE	January 2020	December 2020	WELL	2020	WELL_10k_2020.pdf	chunk_4
well_2021_page_123_chunk_4_triplet_13	well	ORG	operates_in	lenexa , ks	GPE	January 2021	default_end_timestamp	WELL	2021	WELL_10k_2021.pdf	chunk_4
cat_2024_page_85_chunk_7_triplet_2	cat	ORG	operates_in	latin america	GPE	default_start_timestamp	default_end_timestamp	CAT	2024	CAT_10k_2024.pdf	chunk_7
well_2020_page_117_chunk_4_triplet_22	well	ORG	operates_in	brossard , qc	GPE	January 2020	default_end_timestamp	WELL	2020	WELL_10k_2020.pdf	chunk_4
well_2020_page_55_chunk_2_triplet_11	well	ORG	operates_in	washington , dc	GPE	January 2020	December 2020	WELL	2020	WELL_10k_2020.pdf	chunk_2
well_2023_page_139_chunk_1_triplet_34	well	ORG	operates_in	westlake , oh	GPE	January 2023	December 2023	WELL	2023	WELL_10k_2023.pdf	chunk_1
cnp_2022_page_49_chunk_3_triplet_18	centerpoint energy	COMP	operates_in	indiana	GPE	December 2021	December 2022	CNP	2022	CNP_10k_2022.pdf	chunk_3
well_2020_page_129_chunk_1_triplet_10	well	ORG	operates_in	roanoke , va	GPE	January 2020	December 2020	WELL	2020	WELL_10k_2020.pdf	chunk_1
rcl_2019_page_5_chunk_1_triplet_39	rcl	ORG	operates_in	alaska	GPE	January 2019	December 2019	RCL	2019	RCL_10k_2019.pdf	chunk_1
well_2024_page_136_chunk_1_triplet_16	well	ORG	operates_in	broomfield , co	GPE	January 2024	December 2024	WELL	2024	WELL_10k_2024.pdf	chunk_1
well_2019_page_37_chunk_2_triplet_43	well	ORG	operates_in	wisconsin	GPE	January 2019	December 2019	WELL	2019	WELL_10k_2019.pdf	chunk_2
well_2024_page_151_chunk_1_triplet_33	well	ORG	operates_in	windsor , va	GPE	January 2024	December 2024	WELL	2024	WELL_10k_2024.pdf	chunk_1
vz_2021_page_1_chunk_1_triplet_2	vz	ORG	operates_in	united state	GPE	January 2021	December 2021	VZ	2021	VZ_10k_2021.pdf	chunk_1
well_2024_page_148_chunk_1_triplet_48	well	ORG	operates_in	lebanon , nh	GPE	January 2024	December 2024	WELL	2024	WELL_10k_2024.pdf	chunk_1
well_2022_page_125_chunk_4_triplet_3	well	ORG	operates_in	portage , mi	GPE	January 2022	December 2022	WELL	2022	WELL_10k_2022.pdf	chunk_4
well_2023_page_112_chunk_2_triplet_20	well	ORG	operates_in	outpatient medical	SEGMENT	January 2023	December 2023	WELL	2023	WELL_10k_2023.pdf	chunk_2
well_2020_page_129_chunk_1_triplet_8	well	ORG	operates_in	richmond , in	GPE	January 2020	December 2020	WELL	2020	WELL_10k_2020.pdf	chunk_1
well_2019_page_117_chunk_1_triplet_2	well	ORG	operates_in	torrance , ca	GPE	January 2019	December 2019	WELL	2019	WELL_10k_2019.pdf	chunk_1
well_2023_page_131_chunk_1_triplet_32	well	ORG	operates_in	marysville , wa	GPE	January 2023	December 2023	WELL	2023	WELL_10k_2023.pdf	chunk_1
well_2022_page_131_chunk_3_triplet_12	well	ORG	operates_in	holton	GPE	January 2022	December 2022	WELL	2022	WELL_10k_2022.pdf	chunk_3
well_2019_page_133_chunk_1_triplet_4	well	ORG	operates_in	franklin	GPE	January 2019	default_end_timestamp	WELL	2019	WELL_10k_2019.pdf	chunk_1
well_2020_page_129_chunk_3_triplet_14	well	ORG	operates_in	stafford , uk	GPE	January 2020	December 2020	WELL	2020	WELL_10k_2020.pdf	chunk_3
pom_2015_page_11_chunk_2_triplet_6	delmarva power	COMP	operates_in	delaware	GPE	January 2015	December 2015	POM	2015	POM_10k_2015.pdf	chunk_2
well_2023_page_128_chunk_4_triplet_26	well	ORG	operates_in	boise , id	GPE	January 2019	December 2023	WELL	2023	WELL_10k_2023.pdf	chunk_4
well_2023_page_138_chunk_1_triplet_25	well	ORG	operates_in	pottstown	GPE	January 2023	December 2023	WELL	2023	WELL_10k_2023.pdf	chunk_1
well_2019_page_121_chunk_3_triplet_28	well	ORG	operates_in	encinitas , ca	GPE	January 2019	December 2019	WELL	2019	WELL_10k_2019.pdf	chunk_3
rcl_2021_page_96_chunk_3_triplet_6	rcl	ORG	operates_in	east asia	GPE	January 2021	December 2021	RCL	2021	RCL_10k_2021.pdf	chunk_3
well_2020_page_128_chunk_1_triplet_32	well	ORG	operates_in	orange park	GPE	January 2020	December 2020	WELL	2020	WELL_10k_2020.pdf	chunk_1
well_2021_page_122_chunk_4_triplet_35	well	ORG	operates_in	helena , mt	GPE	January 2021	default_end_timestamp	WELL	2021	WELL_10k_2021.pdf	chunk_4
well_2022_page_125_chunk_4_triplet_20	well	ORG	operates_in	rehoboth beach , de	GPE	January 2022	December 2022	WELL	2022	WELL_10k_2022.pdf	chunk_4
cat_2015_page_98_chunk_3_triplet_3	cat	ORG	operates_in	luxembourg	GPE	January 2015	default_end_timestamp	CAT	2015	CAT_10k_2015.pdf	chunk_3
rcl_2016_page_9_chunk_1_triplet_34	rcl	ORG	operates_in	china	GPE	January 2016	December 2016	RCL	2016	RCL_10k_2016.pdf	chunk_1
vz_2020_page_43_chunk_3_triplet_23	vz	ORG	operates_in	pennsylvania	GPE	January 2020	December 2020	VZ	2020	VZ_10k_2020.pdf	chunk_3
well_2024_page_150_chunk_1_triplet_9	well	ORG	operates_in	richardson	GPE	January 2024	December 2024	WELL	2024	WELL_10k_2024.pdf	chunk_1
well_2023_page_135_chunk_2_triplet_22	well	ORG	operates_in	ballymena	GPE	January 2023	December 2023	WELL	2023	WELL_10k_2023.pdf	chunk_2
well_2020_page_119_chunk_4_triplet_3	well	ORG	operates_in	la palma , ca	GPE	January 2020	default_end_timestamp	WELL	2020	WELL_10k_2020.pdf	chunk_4
well_2021_page_133_chunk_3_triplet_2	well	ORG	operates_in	telford , uk	GPE	January 2021	December 2021	WELL	2021	WELL_10k_2021.pdf	chunk_3
well_2021_page_121_chunk_4_triplet_27	well	ORG	operates_in	danville , in	GPE	January 2021	default_end_timestamp	WELL	2021	WELL_10k_2021.pdf	chunk_4
vz_2016_page_4_chunk_1_triplet_3	vz	ORG	operates_in	united state	GPE	January 2016	December 2016	VZ	2016	VZ_10k_2016.pdf	chunk_1
well_2024_page_143_chunk_1_triplet_27	well	ORG	operates_in	shawnee , ks	GPE	January 2024	December 2024	WELL	2024	WELL_10k_2024.pdf	chunk_1
amzn_2023_page_18_chunk_1_triplet_1	amzn	ORG	operates_in	distribution center	LOGISTICS	January 2023	December 2023	AMZN	2023	AMZN_10k_2023.pdf	chunk_1
amzn_2022_page_23_chunk_3_triplet_3	amzn	ORG	operates_in	north america	GPE	January 2022	default_end_timestamp	AMZN	2022	AMZN_10k_2022.pdf	chunk_3
well_2023_page_142_chunk_1_triplet_24	well	ORG	operates_in	st. louis , mo	GPE	January 2023	December 2023	WELL	2023	WELL_10k_2023.pdf	chunk_1
well_2022_page_125_chunk_4_triplet_35	well	ORG	operates_in	round rock , tx	GPE	January 2022	December 2022	WELL	2022	WELL_10k_2022.pdf	chunk_4
well_2019_page_114_chunk_1_triplet_5	well	ORG	operates_in	newtown square , pennsylvania	GPE	January 2019	December 2019	WELL	2019	WELL_10k_2019.pdf	chunk_1
cat_2024_page_113_chunk_5_triplet_5	cat	COMP	operates_in	north america	GPE	January 2024	December 2024	CAT	2024	CAT_10k_2024.pdf	chunk_5
cnp_2023_page_52_chunk_2_triplet_3	cnp	ORG	operates_in	kentucky	GPE	January 2023	December 2023	CNP	2023	CNP_10k_2023.pdf	chunk_2
well_2022_page_126_chunk_2_triplet_4	well	ORG	operates_in	saginaw , mi	GPE	January 2022	December 2022	WELL	2022	WELL_10k_2022.pdf	chunk_2
well_2024_page_153_chunk_1_triplet_5	well	ORG	operates_in	dunkirk , md	GPE	January 2024	December 2024	WELL	2024	WELL_10k_2024.pdf	chunk_1
rcl_2014_page_12_chunk_1_triplet_26	rcl	ORG	operates_in	destination	GPE	January 2014	December 2014	RCL	2014	RCL_10k_2014.pdf	chunk_1
well_2019_page_129_chunk_1_triplet_8	well	ORG	operates_in	weatherford	GPE	January 2019	December 2019	WELL	2019	WELL_10k_2019.pdf	chunk_1
well_2022_page_126_chunk_2_triplet_8	well	ORG	operates_in	salisbury , united kingdom	GPE	January 2022	December 2022	WELL	2022	WELL_10k_2022.pdf	chunk_2
well_2021_page_138_chunk_2_triplet_21	well	ORG	operates_in	ypsilanti , mi	GPE	January 2021	December 2021	WELL	2021	WELL_10k_2021.pdf	chunk_2
well_2023_page_137_chunk_1_triplet_22	well	ORG	operates_in	lake mary , fl	GPE	January 2023	December 2023	WELL	2023	WELL_10k_2023.pdf	chunk_1
well_2023_page_138_chunk_1_triplet_41	well	ORG	operates_in	ruston	GPE	January 2023	December 2023	WELL	2023	WELL_10k_2023.pdf	chunk_1
cnp_2017_page_7_chunk_1_triplet_19	ngd	SEGMENT	operates_in	arkansas	GPE	January 2017	December 2017	CNP	2017	CNP_10k_2017.pdf	chunk_1
well_2022_page_126_chunk_2_triplet_13	well	ORG	operates_in	san gabriel , ca	GPE	January 2022	December 2022	WELL	2022	WELL_10k_2022.pdf	chunk_2
well_2022_page_126_chunk_2_triplet_14	well	ORG	operates_in	san jose , ca	GPE	January 2022	December 2022	WELL	2022	WELL_10k_2022.pdf	chunk_2
cnp_2020_page_17_chunk_2_triplet_12	cerc gas	SEGMENT	operates_in	louisiana	GPE	January 2020	December 2020	CNP	2020	CNP_10k_2020.pdf	chunk_2
cnp_2024_page_59_chunk_4_triplet_7	cnp	ORG	operates_in	cerc underground natural gas storage facility	LOGISTICS	December 2024	December 2024	CNP	2024	CNP_10k_2024.pdf	chunk_4
well_2024_page_141_chunk_1_triplet_72	well	ORG	operates_in	palm desert , ca	GPE	January 2024	December 2024	WELL	2024	WELL_10k_2024.pdf	chunk_1
well_2020_page_128_chunk_3_triplet_31	well	ORG	operates_in	pottstown , pa	GPE	January 2020	December 2020	WELL	2020	WELL_10k_2020.pdf	chunk_3
cat_2014_page_24_chunk_2_triplet_13	cat	ORG	operates_in	japan	GPE	January 2014	default_end_timestamp	CAT	2014	CAT_10k_2014.pdf	chunk_2
cnp_2020_page_1_chunk_1_triplet_3	cnp	ORG	operates_in	united state	GPE	January 2020	December 2020	CNP	2020	CNP_10k_2020.pdf	chunk_1
rcl_2015_page_22_chunk_1_triplet_24	cdf croisieres de france	COMP	operates_in	malta	GPE	January 2015	December 2015	RCL	2015	RCL_10k_2015.pdf	chunk_1
amzn_2016_page_65_chunk_3_triplet_18	amzn	ORG	operates_in	japan	GPE	January 2016	January 2016	AMZN	2016	AMZN_10k_2016.pdf	chunk_3
well_2024_page_138_chunk_1_triplet_73	well	ORG	operates_in	grapevine , tx	GPE	January 2024	December 2024	WELL	2024	WELL_10k_2024.pdf	chunk_1
well_2021_page_28_chunk_1_triplet_11	well	ORG	operates_in	outpatient medical segment	SEGMENT	January 2021	December 2021	WELL	2021	WELL_10k_2021.pdf	chunk_1
well_2023_page_138_chunk_1_triplet_45	well	ORG	operates_in	san angelo	GPE	January 2023	December 2023	WELL	2023	WELL_10k_2023.pdf	chunk_1
well_2024_page_150_chunk_1_triplet_36	well	ORG	operates_in	south bend	GPE	January 2024	December 2024	WELL	2024	WELL_10k_2024.pdf	chunk_1
well_2024_page_138_chunk_1_triplet_1	well	ORG	operates_in	edinburgh , uk	GPE	January 2024	December 2024	WELL	2024	WELL_10k_2024.pdf	chunk_1
well_2024_page_147_chunk_1_triplet_25	well	ORG	operates_in	columbia , sc	GPE	January 2024	December 2024	WELL	2024	WELL_10k_2024.pdf	chunk_1
well_2023_page_140_chunk_2_triplet_18	well	ORG	operates_in	batavia , oh	GPE	January 2023	December 2023	WELL	2023	WELL_10k_2023.pdf	chunk_2
well_2024_page_137_chunk_1_triplet_11	well	ORG	operates_in	cincinnati , oh	GPE	January 2024	December 2024	WELL	2024	WELL_10k_2024.pdf	chunk_1
rcl_2022_page_15_chunk_2_triplet_16	rcl	ORG	operates_in	silver whisper	PRODUCT	January 2022	December 2022	RCL	2022	RCL_10k_2022.pdf	chunk_2
rcl_2020_page_15_chunk_2_triplet_22	rcl	ORG	operates_in	mein schiff 6	PRODUCT	January 2017	December 2020	RCL	2020	RCL_10k_2020.pdf	chunk_2
well_2020_page_132_chunk_4_triplet_21	well	ORG	operates_in	margate , fl	GPE	January 2020	December 2020	WELL	2020	WELL_10k_2020.pdf	chunk_4
cnp_2018_page_181_chunk_1_triplet_7	cnp	ORG	operates_in	canada	GPE	February 2018	November 2018	CNP	2018	CNP_10k_2018.pdf	chunk_1
well_2021_page_124_chunk_4_triplet_1	well	ORG	operates_in	missoula , mt	GPE	January 2021	default_end_timestamp	WELL	2021	WELL_10k_2021.pdf	chunk_4
well_2022_page_138_chunk_4_triplet_26	well	ORG	operates_in	st paul , mn	GPE	January 2022	December 2022	WELL	2022	WELL_10k_2022.pdf	chunk_4
well_2021_page_121_chunk_2_triplet_7	well	ORG	operates_in	burlington , on	GPE	January 2021	default_end_timestamp	WELL	2021	WELL_10k_2021.pdf	chunk_2
rcl_2023_page_16_chunk_2_triplet_1	rcl	ORG	operates_in	u.s .	GPE	January 2023	December 2023	RCL	2023	RCL_10k_2023.pdf	chunk_2
well_2024_page_8_chunk_3_triplet_4	well	ORG	operates_in	united kingdom	GPE	December 2024	December 2024	WELL	2024	WELL_10k_2024.pdf	chunk_3
amzn_2018_page_66_chunk_1_triplet_6	amzn	ORG	operates_in	u.s .	GPE	January 2018	December 2018	AMZN	2018	AMZN_10k_2018.pdf	chunk_1
well_2019_page_134_chunk_3_triplet_15	well	ORG	operates_in	margate , fl	GPE	January 2019	December 2019	WELL	2019	WELL_10k_2019.pdf	chunk_3
well_2021_page_125_chunk_4_triplet_26	well	ORG	operates_in	rockford , il	GPE	January 2021	December 2021	WELL	2021	WELL_10k_2021.pdf	chunk_4
cnp_2015_page_35_chunk_1_triplet_6	enable	COMP	operates_in	north dakota	GPE	January 2015	December 2015	CNP	2015	CNP_10k_2015.pdf	chunk_1
well_2020_page_127_chunk_1_triplet_8	well	ORG	operates_in	kokomo , in	GPE	January 2020	December 2020	WELL	2020	WELL_10k_2020.pdf	chunk_1
well_2019_page_37_chunk_2_triplet_22	well	ORG	operates_in	michigan	GPE	January 2019	December 2019	WELL	2019	WELL_10k_2019.pdf	chunk_2
well_2022_page_123_chunk_2_triplet_13	well	ORG	operates_in	howell , nj	GPE	default_start_timestamp	default_end_timestamp	WELL	2022	WELL_10k_2022.pdf	chunk_2
well_2022_page_123_chunk_2_triplet_14	well	ORG	operates_in	huntington beach , ca	GPE	default_start_timestamp	default_end_timestamp	WELL	2022	WELL_10k_2022.pdf	chunk_2
well_2023_page_137_chunk_1_triplet_51	well	ORG	operates_in	lynnwood , wa	GPE	January 2023	December 2023	WELL	2023	WELL_10k_2023.pdf	chunk_1
pom_2015_page_112_chunk_3_triplet_14	pom	ORG	operates_in	district of columbia	GPE	April 2014	December 2015	POM	2015	POM_10k_2015.pdf	chunk_3
well_2019_page_129_chunk_3_triplet_4	well	ORG	operates_in	westerville , oh	GPE	January 1998	default_end_timestamp	WELL	2019	WELL_10k_2019.pdf	chunk_3
well_2024_page_145_chunk_1_triplet_24	well	ORG	operates_in	westfield , ma	GPE	January 2024	December 2024	WELL	2024	WELL_10k_2024.pdf	chunk_1
amzn_2021_page_16_chunk_5_triplet_2	amzn	ORG	operates_in	seattle , washington	GPE	January 2021	December 2021	AMZN	2021	AMZN_10k_2021.pdf	chunk_5
well_2021_page_124_chunk_2_triplet_4	well	ORG	operates_in	madison , tn	GPE	January 2021	December 2021	WELL	2021	WELL_10k_2021.pdf	chunk_2
dxc_2020_page_23_chunk_1_triplet_2	dxc	ORG	operates_in	united state	GPE	January 2020	December 2020	DXC	2020	DXC_10k_2020.pdf	chunk_1
well_2020_page_126_chunk_1_triplet_10	well	ORG	operates_in	florence , nj	GPE	January 2020	December 2020	WELL	2020	WELL_10k_2020.pdf	chunk_1
cnp_2015_page_35_chunk_1_triplet_15	enable	COMP	operates_in	illinois	GPE	January 2015	December 2015	CNP	2015	CNP_10k_2015.pdf	chunk_1
cat_2022_page_101_chunk_3_triplet_3	cat	ORG	operates_in	latin america	GPE	December 2020	December 2021	CAT	2022	CAT_10k_2022.pdf	chunk_3
vz_2023_page_6_chunk_1_triplet_13	vz	ORG	operates_in	business market and other	SEGMENT	January 2023	December 2023	VZ	2023	VZ_10k_2023.pdf	chunk_1
rcl_2024_page_12_chunk_1_triplet_6	rcl	ORG	operates_in	enchantment of the sea	PRODUCT	January 1997	December 2024	RCL	2024	RCL_10k_2024.pdf	chunk_1
well_2023_page_135_chunk_4_triplet_11	well	ORG	operates_in	boca raton , fl	GPE	January 2023	December 2023	WELL	2023	WELL_10k_2023.pdf	chunk_4
well_2024_page_149_chunk_1_triplet_62	well	ORG	operates_in	newport , ny	GPE	January 2024	December 2024	WELL	2024	WELL_10k_2024.pdf	chunk_1
rcl_2019_page_6_chunk_3_triplet_9	rcl	ORG	operates_in	sweden	GPE	January 2019	December 2019	RCL	2019	RCL_10k_2019.pdf	chunk_3
cat_2022_page_27_chunk_1_triplet_51	cat	ORG	operates_in	san eusebio , italy	GPE	January 2022	December 2022	CAT	2022	CAT_10k_2022.pdf	chunk_1
well_2021_page_128_chunk_2_triplet_7	well	ORG	operates_in	allentown , pa	GPE	January 2021	default_end_timestamp	WELL	2021	WELL_10k_2021.pdf	chunk_2
amzn_2015_page_10_chunk_1_triplet_19	amzn	ORG	operates_in	international operation	OPERATES_IN	January 2015	December 2015	AMZN	2015	AMZN_10k_2015.pdf	chunk_1
rcl_2021_page_7_chunk_1_triplet_10	rcl	ORG	operates_in	european cruise market	SECTOR	January 2021	default_end_timestamp	RCL	2021	RCL_10k_2021.pdf	chunk_1
well_2019_page_110_chunk_1_triplet_3	well	ORG	operates_in	brandon	GPE	January 2019	December 2019	WELL	2019	WELL_10k_2019.pdf	chunk_1
well_2020_page_119_chunk_4_triplet_8	well	ORG	operates_in	lake havasu city , az	GPE	January 2020	default_end_timestamp	WELL	2020	WELL_10k_2020.pdf	chunk_4
vz_2014_page_11_chunk_1_triplet_11	vz	ORG	operates_in	global enterprise market	SEGMENT	January 2014	December 2014	VZ	2014	VZ_10k_2014.pdf	chunk_1
cnp_2020_page_14_chunk_3_triplet_13	cnp	ORG	operates_in	electric delivery business	PRODUCT	January 2020	December 2020	CNP	2020	CNP_10k_2020.pdf	chunk_3
cnp_2024_page_19_chunk_5_triplet_1	cnp	ORG	operates_in	united state	GPE	January 2024	December 2024	CNP	2024	CNP_10k_2024.pdf	chunk_5
well_2023_page_129_chunk_1_triplet_98	well	ORG	operates_in	fairfield , il	GPE	January 2023	December 2023	WELL	2023	WELL_10k_2023.pdf	chunk_1
well_2021_page_130_chunk_1_triplet_33	well	ORG	operates_in	hatfield , uk	GPE	January 2021	December 2021	WELL	2021	WELL_10k_2021.pdf	chunk_1
well_2022_page_137_chunk_4_triplet_7	well	ORG	operates_in	jacksonville , fl	GPE	January 2022	December 2022	WELL	2022	WELL_10k_2022.pdf	chunk_4
well_2022_page_128_chunk_2_triplet_3	well	ORG	operates_in	wolverhampton , uk	GPE	January 2022	December 2022	WELL	2022	WELL_10k_2022.pdf	chunk_2
cat_2022_page_43_chunk_1_triplet_10	cat	ORG	operates_in	latin america	GPE	October 2021	December 2021	CAT	2022	CAT_10k_2022.pdf	chunk_1
cnp_2022_page_49_chunk_2_triplet_5	cnp	ORG	operates_in	spencer county	GPE	January 2021	December 2022	CNP	2022	CNP_10k_2022.pdf	chunk_2
rcl_2019_page_5_chunk_1_triplet_5	rcl	ORG	operates_in	bermuda	GPE	January 2019	December 2019	RCL	2019	RCL_10k_2019.pdf	chunk_1
rcl_2016_page_22_chunk_1_triplet_3	rcl	ORG	operates_in	united state	GPE	January 2016	December 2016	RCL	2016	RCL_10k_2016.pdf	chunk_1
gme_2014_page_12_chunk_2_triplet_28	gme	ORG	operates_in	montana	GPE	January 2014	December 2014	GME	2014	GME_10k_2014.pdf	chunk_2
well_2019_page_128_chunk_1_triplet_15	well	ORG	operates_in	texarkana , tx	GPE	January 2019	December 2019	WELL	2019	WELL_10k_2019.pdf	chunk_1
well_2022_page_136_chunk_2_triplet_2	well	ORG	operates_in	agawam , ma	GPE	January 2022	default_end_timestamp	WELL	2022	WELL_10k_2022.pdf	chunk_2
well_2022_page_128_chunk_2_triplet_14	winnipeg , mb	GPE	operates_in	125 portsmouth boulevard	LOGISTICS	January 2022	December 2022	WELL	2022	WELL_10k_2022.pdf	chunk_2
rcl_2022_page_7_chunk_1_triplet_19	rcl	ORG	operates_in	australian market	GPE	January 2022	December 2022	RCL	2022	RCL_10k_2022.pdf	chunk_1
vz_2023_page_29_chunk_1_triplet_11	vz	ORG	operates_in	mid-atlantic	GPE	January 2023	December 2023	VZ	2023	VZ_10k_2023.pdf	chunk_1
cnp_2019_page_14_chunk_1_triplet_1	cnp	ORG	operates_in	houston	GPE	January 2019	December 2019	CNP	2019	CNP_10k_2019.pdf	chunk_1
amzn_2024_page_24_chunk_3_triplet_14	amzn	ORG	operates_in	international	GPE	January 2024	December 2024	AMZN	2024	AMZN_10k_2024.pdf	chunk_3
cnp_2020_page_191_chunk_1_triplet_11	cnp	ORG	operates_in	southwestern indiana	GPE	January 2020	December 2020	CNP	2020	CNP_10k_2020.pdf	chunk_1
well_2022_page_128_chunk_2_triplet_21	well	ORG	operates_in	94 russell drive	LOGISTICS	January 2022	December 2022	WELL	2022	WELL_10k_2022.pdf	chunk_2
well_2023_page_128_chunk_4_triplet_52	well	ORG	operates_in	burlingame , ca	GPE	January 2016	December 2023	WELL	2023	WELL_10k_2023.pdf	chunk_4
well_2020_page_119_chunk_4_triplet_23	well	ORG	operates_in	livingston , nj	GPE	January 2020	default_end_timestamp	WELL	2020	WELL_10k_2020.pdf	chunk_4
rcl_2022_page_15_chunk_2_triplet_31	rcl	ORG	operates_in	europa 2	PRODUCT	January 2022	December 2022	RCL	2022	RCL_10k_2022.pdf	chunk_2
vz_2014_page_8_chunk_1_triplet_16	vz	ORG	operates_in	new york	GPE	January 2014	December 2014	VZ	2014	VZ_10k_2014.pdf	chunk_1
well_2021_page_125_chunk_2_triplet_4	well	ORG	operates_in	ormond beach , fl	GPE	January 2021	default_end_timestamp	WELL	2021	WELL_10k_2021.pdf	chunk_2
gme_2014_page_12_chunk_2_triplet_32	gme	ORG	operates_in	nj	GPE	January 2014	December 2014	GME	2014	GME_10k_2014.pdf	chunk_2
rcl_2020_page_42_chunk_1_triplet_5	rcl	ORG	operates_in	asia	GPE	January 2020	December 2020	RCL	2020	RCL_10k_2020.pdf	chunk_1
rcl_2022_page_7_chunk_3_triplet_17	rcl	ORG	operates_in	singapore	GPE	January 2022	December 2022	RCL	2022	RCL_10k_2022.pdf	chunk_3
well_2022_page_125_chunk_2_triplet_9	well	ORG	operates_in	painesville	GPE	January 2022	December 2022	WELL	2022	WELL_10k_2022.pdf	chunk_2
well_2022_page_125_chunk_2_triplet_10	well	ORG	operates_in	palestine	GPE	January 2022	December 2022	WELL	2022	WELL_10k_2022.pdf	chunk_2
well_2020_page_123_chunk_2_triplet_22	well	ORG	operates_in	wilmington	GPE	January 2020	December 2020	WELL	2020	WELL_10k_2020.pdf	chunk_2
well_2022_page_125_chunk_2_triplet_12	well	ORG	operates_in	palo alto	GPE	January 2022	December 2022	WELL	2022	WELL_10k_2022.pdf	chunk_2
well_2024_page_151_chunk_1_triplet_19	well	ORG	operates_in	west milford , nj	GPE	January 2024	December 2024	WELL	2024	WELL_10k_2024.pdf	chunk_1
rcl_2016_page_13_chunk_2_triplet_13	rcl	ORG	operates_in	middle east	GPE	January 2016	December 2016	RCL	2016	RCL_10k_2016.pdf	chunk_2
well_2022_page_125_chunk_2_triplet_16	well	ORG	operates_in	parma	GPE	January 2022	December 2022	WELL	2022	WELL_10k_2022.pdf	chunk_2
well_2024_page_145_chunk_1_triplet_43	well	ORG	operates_in	winnipeg , mb	GPE	January 2024	December 2024	WELL	2024	WELL_10k_2024.pdf	chunk_1
well_2022_page_125_chunk_2_triplet_18	well	ORG	operates_in	peabody	GPE	January 2022	December 2022	WELL	2022	WELL_10k_2022.pdf	chunk_2
well_2022_page_125_chunk_2_triplet_19	well	ORG	operates_in	pella	GPE	January 2022	December 2022	WELL	2022	WELL_10k_2022.pdf	chunk_2
vz_2019_page_9_chunk_1_triplet_16	vz	ORG	operates_in	rural usa	GPE	January 2019	December 2019	VZ	2019	VZ_10k_2019.pdf	chunk_1
amzn_2023_page_69_chunk_3_triplet_20	amzn	ORG	operates_in	aws segment	SEGMENT	January 2023	December 2023	AMZN	2023	AMZN_10k_2023.pdf	chunk_3
well_2020_page_131_chunk_4_triplet_20	well	ORG	operates_in	elgin , il	GPE	January 2020	December 2020	WELL	2020	WELL_10k_2020.pdf	chunk_4
cnp_2018_page_155_chunk_3_triplet_8	ngd	SEGMENT	operates_in	arkansas	GPE	March 2018	default_end_timestamp	CNP	2018	CNP_10k_2018.pdf	chunk_3
well_2019_page_129_chunk_1_triplet_10	well	ORG	operates_in	west bend	GPE	January 2019	December 2019	WELL	2019	WELL_10k_2019.pdf	chunk_1
well_2022_page_125_chunk_2_triplet_25	well	ORG	operates_in	placentia	GPE	January 2022	December 2022	WELL	2022	WELL_10k_2022.pdf	chunk_2
well_2023_page_130_chunk_1_triplet_10	well	ORG	operates_in	fresno , ca	GPE	January 2023	December 2023	WELL	2023	WELL_10k_2023.pdf	chunk_1
well_2024_page_153_chunk_1_triplet_34	well	ORG	operates_in	hattiesburg , m	GPE	January 2024	December 2024	WELL	2024	WELL_10k_2024.pdf	chunk_1
rcl_2024_page_12_chunk_1_triplet_8	rcl	ORG	operates_in	grandeur of the sea	PRODUCT	January 1996	December 2024	RCL	2024	RCL_10k_2024.pdf	chunk_1
cnp_2018_page_121_chunk_3_triplet_16	sigeco	SEGMENT	operates_in	wholesale power market	FIN_MARKET	February 2019	default_end_timestamp	CNP	2018	CNP_10k_2018.pdf	chunk_3
well_2023_page_134_chunk_1_triplet_43	well	ORG	operates_in	willoughby , oh	GPE	January 2023	December 2023	WELL	2023	WELL_10k_2023.pdf	chunk_1
pom_2015_page_1_chunk_2_triplet_7	pepco	ORG	operates_in	virginia	GPE	January 2015	December 2015	POM	2015	POM_10k_2015.pdf	chunk_2
well_2022_page_131_chunk_1_triplet_2	well	ORG	operates_in	floyd , va	GPE	January 2022	December 2022	WELL	2022	WELL_10k_2022.pdf	chunk_1
well_2022_page_131_chunk_1_triplet_3	well	ORG	operates_in	forest city , nc	GPE	January 2022	December 2022	WELL	2022	WELL_10k_2022.pdf	chunk_1
cnp_2023_page_18_chunk_1_triplet_1	cnp	ORG	operates_in	texas	GPE	January 2023	default_end_timestamp	CNP	2023	CNP_10k_2023.pdf	chunk_1
well_2024_page_144_chunk_1_triplet_30	well	ORG	operates_in	urbandale , ia	GPE	January 2024	December 2024	WELL	2024	WELL_10k_2024.pdf	chunk_1
well_2023_page_142_chunk_1_triplet_22	well	ORG	operates_in	spring , tx	GPE	January 2023	December 2023	WELL	2023	WELL_10k_2023.pdf	chunk_1
well_2020_page_105_chunk_5_triplet_3	well	ORG	operates_in	outpatient med	SEGMENT	January 2020	December 2020	WELL	2020	WELL_10k_2020.pdf	chunk_5
well_2021_page_120_chunk_2_triplet_19	well	ORG	operates_in	bakersfield , ca	GPE	January 2021	December 2021	WELL	2021	WELL_10k_2021.pdf	chunk_2
well_2020_page_117_chunk_4_triplet_1	well	ORG	operates_in	bethesda , md	GPE	January 2020	default_end_timestamp	WELL	2020	WELL_10k_2020.pdf	chunk_4
cnp_2020_page_128_chunk_1_triplet_2	cnp	ORG	operates_in	electric segment	SEGMENT	January 2020	December 2020	CNP	2020	CNP_10k_2020.pdf	chunk_1
rcl_2019_page_17_chunk_1_triplet_27	rcl	ORG	operates_in	cruise industry	SECTOR	January 2019	December 2019	RCL	2019	RCL_10k_2019.pdf	chunk_1
well_2024_page_138_chunk_1_triplet_11	well	ORG	operates_in	encino , ca	GPE	January 2024	December 2024	WELL	2024	WELL_10k_2024.pdf	chunk_1
well_2024_page_145_chunk_1_triplet_44	well	ORG	operates_in	woodbury , nj	GPE	January 2024	December 2024	WELL	2024	WELL_10k_2024.pdf	chunk_1
tgna_2015_page_10_chunk_3_triplet_10	tgna	ORG	operates_in	texas	GPE	January 2015	December 2015	TGNA	2015	TGNA_10k_2015.pdf	chunk_3
well_2020_page_125_chunk_3_triplet_10	well	ORG	operates_in	delray beach , fl	GPE	January 2020	December 2020	WELL	2020	WELL_10k_2020.pdf	chunk_3
well_2019_page_94_chunk_6_triplet_3	well	ORG	operates_in	canada	GPE	January 2019	default_end_timestamp	WELL	2019	WELL_10k_2019.pdf	chunk_6
gme_2015_page_8_chunk_2_triplet_7	gme	ORG	operates_in	connecticut	GPE	January 2015	December 2015	GME	2015	GME_10k_2015.pdf	chunk_2
well_2019_page_127_chunk_1_triplet_17	well	ORG	operates_in	salem , or	GPE	January 2019	December 2019	WELL	2019	WELL_10k_2019.pdf	chunk_1
well_2022_page_131_chunk_1_triplet_20	well	ORG	operates_in	greeley , co	GPE	January 2022	December 2022	WELL	2022	WELL_10k_2022.pdf	chunk_1
well_2019_page_114_chunk_3_triplet_21	well	ORG	operates_in	pleasanton , ca	GPE	January 2019	December 2019	WELL	2019	WELL_10k_2019.pdf	chunk_3
well_2021_page_132_chunk_1_triplet_15	well	ORG	operates_in	osawatomie , ks	GPE	January 2021	December 2021	WELL	2021	WELL_10k_2021.pdf	chunk_1
well_2022_page_131_chunk_1_triplet_23	well	ORG	operates_in	greenville , sc	GPE	January 2022	December 2022	WELL	2022	WELL_10k_2022.pdf	chunk_1
well_2021_page_128_chunk_2_triplet_13	well	ORG	operates_in	asheboro , nc	GPE	January 2021	default_end_timestamp	WELL	2021	WELL_10k_2021.pdf	chunk_2
well_2024_page_145_chunk_1_triplet_50	well	ORG	operates_in	yakima , wa	GPE	January 2024	December 2024	WELL	2024	WELL_10k_2024.pdf	chunk_1
well_2024_page_141_chunk_1_triplet_43	well	ORG	operates_in	north wale , pa	GPE	January 2024	December 2024	WELL	2024	WELL_10k_2024.pdf	chunk_1
rcl_2014_page_69_chunk_1_triplet_7	rcl	ORG	operates_in	florida	GPE	January 2014	December 2014	RCL	2014	RCL_10k_2014.pdf	chunk_1
cnp_2023_page_179_chunk_1_triplet_7	cnp	ORG	operates_in	right-of-way service in texas	LOGISTICS	January 2023	December 2023	CNP	2023	CNP_10k_2023.pdf	chunk_1
amzn_2020_page_62_chunk_4_triplet_4	amzn	ORG	operates_in	united state	GPE	January 2020	default_end_timestamp	AMZN	2020	AMZN_10k_2020.pdf	chunk_4
well_2020_page_132_chunk_4_triplet_14	well	ORG	operates_in	little rock , ar	GPE	January 2020	December 2020	WELL	2020	WELL_10k_2020.pdf	chunk_4
well_2022_page_131_chunk_1_triplet_32	well	ORG	operates_in	hatfield , uk	GPE	January 2022	December 2022	WELL	2022	WELL_10k_2022.pdf	chunk_1
well_2022_page_130_chunk_1_triplet_2	well	ORG	operates_in	castleton , in	GPE	January 2022	December 2022	WELL	2022	WELL_10k_2022.pdf	chunk_1
well_2022_page_130_chunk_1_triplet_3	well	ORG	operates_in	cedar rapid , ia	GPE	January 2022	December 2022	WELL	2022	WELL_10k_2022.pdf	chunk_1
amzn_2019_page_24_chunk_3_triplet_11	amzn	ORG	operates_in	international	GPE	January 2019	December 2019	AMZN	2019	AMZN_10k_2019.pdf	chunk_3
dxc_2021_page_105_chunk_3_triplet_8	dxc	ORG	operates_in	asia-pacific	GPE	January 2021	December 2021	DXC	2021	DXC_10k_2021.pdf	chunk_3
well_2024_page_141_chunk_1_triplet_57	well	ORG	operates_in	oklahoma city , ok	GPE	January 2024	December 2024	WELL	2024	WELL_10k_2024.pdf	chunk_1
well_2019_page_136_chunk_3_triplet_5	well	ORG	operates_in	tustin , ca	GPE	January 2019	December 2019	WELL	2019	WELL_10k_2019.pdf	chunk_3
gme_2015_page_8_chunk_2_triplet_21	gme	ORG	operates_in	maine	GPE	January 2015	December 2015	GME	2015	GME_10k_2015.pdf	chunk_2
well_2022_page_130_chunk_1_triplet_11	well	ORG	operates_in	cherry hill , nj	GPE	January 2022	December 2022	WELL	2022	WELL_10k_2022.pdf	chunk_1
vz_2020_page_23_chunk_1_triplet_13	verizon consumer group	SEGMENT	operates_in	washington d.c .	GPE	January 2020	December 2020	VZ	2020	VZ_10k_2020.pdf	chunk_1
well_2022_page_130_chunk_1_triplet_13	well	ORG	operates_in	chevy chase , md	GPE	January 2022	December 2022	WELL	2022	WELL_10k_2022.pdf	chunk_1
well_2024_page_142_chunk_1_triplet_55	well	ORG	operates_in	rochester , mi	GPE	January 2024	December 2024	WELL	2024	WELL_10k_2024.pdf	chunk_1
well_2022_page_130_chunk_1_triplet_15	well	ORG	operates_in	chillicothe , oh	GPE	January 2022	December 2022	WELL	2022	WELL_10k_2022.pdf	chunk_1
well_2022_page_130_chunk_1_triplet_16	well	ORG	operates_in	cincinnati , oh	GPE	January 2022	December 2022	WELL	2022	WELL_10k_2022.pdf	chunk_1
cnp_2021_page_113_chunk_1_triplet_6	cerc corp .	SEGMENT	operates_in	six state	GPE	January 2021	December 2021	CNP	2021	CNP_10k_2021.pdf	chunk_1
well_2019_page_113_chunk_1_triplet_5	well	ORG	operates_in	london , ontario	GPE	January 2019	December 2019	WELL	2019	WELL_10k_2019.pdf	chunk_1
well_2020_page_86_chunk_5_triplet_4	well	ORG	operates_in	real estate	LOGISTICS	January 2020	December 2020	WELL	2020	WELL_10k_2020.pdf	chunk_5
well_2024_page_140_chunk_1_triplet_73	well	ORG	operates_in	merced , ca	GPE	January 2024	December 2024	WELL	2024	WELL_10k_2024.pdf	chunk_1
well_2020_page_126_chunk_3_triplet_17	well	ORG	operates_in	hiawatha , ks	GPE	January 2020	December 2020	WELL	2020	WELL_10k_2020.pdf	chunk_3
well_2021_page_133_chunk_1_triplet_19	well	ORG	operates_in	southbury , ct	GPE	January 2021	December 2021	WELL	2021	WELL_10k_2021.pdf	chunk_1
well_2020_page_133_chunk_2_triplet_29	well	ORG	operates_in	richmond , tx	GPE	January 2020	December 2020	WELL	2020	WELL_10k_2020.pdf	chunk_2
well_2024_page_146_chunk_4_triplet_11	well	ORG	operates_in	bluefield	GPE	January 2024	December 2024	WELL	2024	WELL_10k_2024.pdf	chunk_4
well_2021_page_120_chunk_4_triplet_29	well	ORG	operates_in	broken arrow , ok	GPE	January 2021	default_end_timestamp	WELL	2021	WELL_10k_2021.pdf	chunk_4
well_2024_page_140_chunk_1_triplet_2	well	ORG	operates_in	lakeview , mi	GPE	January 2024	December 2024	WELL	2024	WELL_10k_2024.pdf	chunk_1
well_2023_page_130_chunk_1_triplet_65	well	ORG	operates_in	howell , nj	GPE	January 2023	December 2023	WELL	2023	WELL_10k_2023.pdf	chunk_1
cnp_2018_page_169_chunk_3_triplet_7	cnp	ORG	operates_in	midstream investment	SEGMENT	January 2018	December 2018	CNP	2018	CNP_10k_2018.pdf	chunk_3
well_2020_page_41_chunk_1_triplet_16	well	ORG	operates_in	kentucky	GPE	January 2020	December 2020	WELL	2020	WELL_10k_2020.pdf	chunk_1
well_2019_page_113_chunk_3_triplet_2	well	ORG	operates_in	menomonee fall , wi	GPE	January 2019	default_end_timestamp	WELL	2019	WELL_10k_2019.pdf	chunk_3
well_2020_page_55_chunk_2_triplet_12	well	ORG	operates_in	columbus , oh	GPE	January 2020	December 2020	WELL	2020	WELL_10k_2020.pdf	chunk_2
well_2021_page_129_chunk_2_triplet_18	well	ORG	operates_in	elk grove	GPE	January 2021	December 2021	WELL	2021	WELL_10k_2021.pdf	chunk_2
well_2024_page_140_chunk_1_triplet_17	well	ORG	operates_in	lenexa , ks	GPE	January 2024	December 2024	WELL	2024	WELL_10k_2024.pdf	chunk_1
well_2019_page_124_chunk_1_triplet_8	well	ORG	operates_in	lebanon , pa	GPE	January 2019	December 2019	WELL	2019	WELL_10k_2019.pdf	chunk_1
well_2019_page_136_chunk_1_triplet_13	well	ORG	operates_in	suffern , ny	GPE	January 2019	default_end_timestamp	WELL	2019	WELL_10k_2019.pdf	chunk_1
tgna_2015_page_44_chunk_1_triplet_10	broadbean	COMP	operates_in	australia	GPE	April 2014	December 2015	TGNA	2015	TGNA_10k_2015.pdf	chunk_1
well_2019_page_45_chunk_4_triplet_2	well	ORG	operates_in	triple-net leasing	SEGMENT	January 2019	December 2019	WELL	2019	WELL_10k_2019.pdf	chunk_4
well_2024_page_138_chunk_1_triplet_83	well	ORG	operates_in	haddonfield , nj	GPE	January 2024	December 2024	WELL	2024	WELL_10k_2024.pdf	chunk_1
well_2019_page_128_chunk_1_triplet_2	well	ORG	operates_in	staunton , va	GPE	January 2019	December 2019	WELL	2019	WELL_10k_2019.pdf	chunk_1
well_2021_page_131_chunk_3_triplet_7	well	ORG	operates_in	mentor , oh	GPE	January 2021	default_end_timestamp	WELL	2021	WELL_10k_2021.pdf	chunk_3
well_2020_page_121_chunk_4_triplet_29	well	ORG	operates_in	sevenoaks , uk	GPE	January 2020	default_end_timestamp	WELL	2020	WELL_10k_2020.pdf	chunk_4
well_2020_page_119_chunk_4_triplet_16	well	ORG	operates_in	leawood , ks	GPE	January 2020	default_end_timestamp	WELL	2020	WELL_10k_2020.pdf	chunk_4
well_2021_page_136_chunk_4_triplet_20	well	ORG	operates_in	los alamitos	GPE	January 2021	December 2021	WELL	2021	WELL_10k_2021.pdf	chunk_4
well_2021_page_122_chunk_4_triplet_11	well	ORG	operates_in	gilbert , az	GPE	January 2021	default_end_timestamp	WELL	2021	WELL_10k_2021.pdf	chunk_4
vz_2018_page_3_chunk_1_triplet_5	vz	ORG	operates_in	global	GPE	January 2018	December 2018	VZ	2018	VZ_10k_2018.pdf	chunk_1
amzn_2019_page_67_chunk_1_triplet_13	amzn	ORG	operates_in	global	GPE	January 2019	December 2019	AMZN	2019	AMZN_10k_2019.pdf	chunk_1
cat_2023_page_86_chunk_2_triplet_14	latin america	GPE	operates_in	cat	ORG	December 2023	December 2023	CAT	2023	CAT_10k_2023.pdf	chunk_2
well_2019_page_128_chunk_1_triplet_11	well	ORG	operates_in	superior , wi	GPE	January 2019	December 2019	WELL	2019	WELL_10k_2019.pdf	chunk_1
well_2022_page_129_chunk_4_triplet_14	well	ORG	operates_in	braintree	GPE	January 2022	December 2022	WELL	2022	WELL_10k_2022.pdf	chunk_4
well_2020_page_122_chunk_4_triplet_5	well	ORG	operates_in	tulsa , ok	GPE	January 2020	December 2020	WELL	2020	WELL_10k_2020.pdf	chunk_4
rcl_2024_page_18_chunk_1_triplet_32	rcl	ORG	operates_in	norwegian sea	GPE	March 2026	default_end_timestamp	RCL	2024	RCL_10k_2024.pdf	chunk_1
well_2022_page_129_chunk_4_triplet_17	well	ORG	operates_in	brick , nj	GPE	January 2022	December 2022	WELL	2022	WELL_10k_2022.pdf	chunk_4
dxc_2020_page_6_chunk_1_triplet_4	state & local hhs	SEGMENT	operates_in	united state	GPE	January 2020	December 2020	DXC	2020	DXC_10k_2020.pdf	chunk_1
well_2021_page_130_chunk_1_triplet_24	well	ORG	operates_in	greenville , mi	GPE	January 2021	December 2021	WELL	2021	WELL_10k_2021.pdf	chunk_1
cnp_2021_page_179_chunk_2_triplet_29	cnp	ORG	operates_in	arkansas	GPE	December 2021	default_end_timestamp	CNP	2021	CNP_10k_2021.pdf	chunk_2
well_2022_page_129_chunk_4_triplet_21	well	ORG	operates_in	broomfield , co	GPE	January 2022	December 2022	WELL	2022	WELL_10k_2022.pdf	chunk_4
rcl_2024_page_94_chunk_1_triplet_1	rcl	ORG	operates_in	miami facility	LOGISTICS	January 2024	December 2024	RCL	2024	RCL_10k_2024.pdf	chunk_1
well_2019_page_129_chunk_3_triplet_1	well	ORG	operates_in	west milford , nj	GPE	January 2019	default_end_timestamp	WELL	2019	WELL_10k_2019.pdf	chunk_3
well_2021_page_129_chunk_2_triplet_30	well	ORG	operates_in	farnborough	GPE	January 2021	December 2021	WELL	2021	WELL_10k_2021.pdf	chunk_2
well_2024_page_141_chunk_1_triplet_29	well	ORG	operates_in	new palestine , in	GPE	January 2024	December 2024	WELL	2024	WELL_10k_2024.pdf	chunk_1
rcl_2016_page_3_chunk_1_triplet_8	rcl	ORG	operates_in	miami , florida	GPE	January 2016	December 2016	RCL	2016	RCL_10k_2016.pdf	chunk_1
well_2024_page_146_chunk_2_triplet_8	well	ORG	operates_in	ann arbor , mi	GPE	January 2024	December 2024	WELL	2024	WELL_10k_2024.pdf	chunk_2
rcl_2018_page_15_chunk_1_triplet_12	rcl	ORG	operates_in	netherlands	GPE	default_start_timestamp	default_end_timestamp	RCL	2018	RCL_10k_2018.pdf	chunk_1
well_2022_page_129_chunk_4_triplet_30	well	ORG	operates_in	canton	GPE	January 2022	December 2022	WELL	2022	WELL_10k_2022.pdf	chunk_4
well_2023_page_137_chunk_1_triplet_68	well	ORG	operates_in	mequon , wi	GPE	January 2023	December 2023	WELL	2023	WELL_10k_2023.pdf	chunk_1
well_2024_page_150_chunk_1_triplet_6	well	ORG	operates_in	red bank	GPE	January 2024	December 2024	WELL	2024	WELL_10k_2024.pdf	chunk_1
cnp_2017_page_91_chunk_2_triplet_2	cnp	ORG	operates_in	energy service	SEGMENT	January 2017	December 2017	CNP	2017	CNP_10k_2017.pdf	chunk_2
tgna_2015_page_10_chunk_2_triplet_20	tgna	ORG	operates_in	boise	GPE	January 2015	December 2015	TGNA	2015	TGNA_10k_2015.pdf	chunk_2
amzn_2021_page_16_chunk_1_triplet_1	amzn	ORG	operates_in	warehouse	LOGISTICS	January 2021	December 2021	AMZN	2021	AMZN_10k_2021.pdf	chunk_1
well_2024_page_149_chunk_1_triplet_38	well	ORG	operates_in	newport , mi	GPE	January 2024	December 2024	WELL	2024	WELL_10k_2024.pdf	chunk_1
cnp_2022_page_129_chunk_3_triplet_9	cnp	ORG	operates_in	infrastructure service segment	SEGMENT	January 2022	December 2022	CNP	2022	CNP_10k_2022.pdf	chunk_3
dxc_2018_page_5_chunk_1_triplet_7	dxc	ORG	operates_in	global infrastructure service	SEGMENT	January 2018	December 2018	DXC	2018	DXC_10k_2018.pdf	chunk_1
well_2023_page_128_chunk_4_triplet_25	well	ORG	operates_in	boca raton , fl	GPE	January 2018	December 2023	WELL	2023	WELL_10k_2023.pdf	chunk_4
rcl_2015_page_5_chunk_1_triplet_20	cdf croisières de france	SEGMENT	operates_in	caribbean	GPE	January 2015	December 2015	RCL	2015	RCL_10k_2015.pdf	chunk_1
vz_2021_page_41_chunk_1_triplet_11	vz	ORG	operates_in	arizona	GPE	January 2021	December 2021	VZ	2021	VZ_10k_2021.pdf	chunk_1
cnp_2014_page_7_chunk_1_triplet_30	cnp	ORG	operates_in	shreveport	GPE	January 2014	December 2014	CNP	2014	CNP_10k_2014.pdf	chunk_1
well_2024_page_137_chunk_1_triplet_19	well	ORG	operates_in	colchester , uk	GPE	January 2024	December 2024	WELL	2024	WELL_10k_2024.pdf	chunk_1
amzn_2021_page_67_chunk_1_triplet_7	amzn	ORG	operates_in	international market	GPE	January 2021	December 2021	AMZN	2021	AMZN_10k_2021.pdf	chunk_1
well_2023_page_138_chunk_1_triplet_19	well	ORG	operates_in	pittsburgh	GPE	January 2023	December 2023	WELL	2023	WELL_10k_2023.pdf	chunk_1
well_2023_page_131_chunk_1_triplet_64	well	ORG	operates_in	newbury	GPE	January 2023	December 2023	WELL	2023	WELL_10k_2023.pdf	chunk_1
gme_2014_page_11_chunk_1_triplet_1	gme	ORG	operates_in	united state	GPE	default_start_timestamp	default_end_timestamp	GME	2014	GME_10k_2014.pdf	chunk_1
cat_2023_page_26_chunk_2_triplet_24	cat	ORG	operates_in	torreon	GPE	January 2023	December 2023	CAT	2023	CAT_10k_2023.pdf	chunk_2
well_2023_page_142_chunk_1_triplet_39	well	ORG	operates_in	vicksburg , m	GPE	January 2023	December 2023	WELL	2023	WELL_10k_2023.pdf	chunk_1
well_2020_page_120_chunk_2_triplet_13	well	ORG	operates_in	marysville , wa	GPE	January 2020	December 2020	WELL	2020	WELL_10k_2020.pdf	chunk_2
well_2023_page_132_chunk_1_triplet_55	well	ORG	operates_in	redwood city	GPE	January 2023	December 2023	WELL	2023	WELL_10k_2023.pdf	chunk_1
well_2024_page_149_chunk_1_triplet_51	well	ORG	operates_in	newport , in	GPE	January 2024	December 2024	WELL	2024	WELL_10k_2024.pdf	chunk_1
rcl_2021_page_7_chunk_3_triplet_9	rcl	ORG	operates_in	nordic	GPE	January 2021	December 2021	RCL	2021	RCL_10k_2021.pdf	chunk_3
cat_2023_page_26_chunk_2_triplet_3	cat	ORG	operates_in	decatur	GPE	January 2023	December 2023	CAT	2023	CAT_10k_2023.pdf	chunk_2
well_2024_page_146_chunk_2_triplet_13	well	ORG	operates_in	asheville , nc	GPE	January 2024	December 2024	WELL	2024	WELL_10k_2024.pdf	chunk_2
dxc_2020_page_134_chunk_1_triplet_11	dxc	ORG	operates_in	other international	GPE	January 2020	default_end_timestamp	DXC	2020	DXC_10k_2020.pdf	chunk_1
well_2020_page_131_chunk_2_triplet_11	well	ORG	operates_in	arlington height , il	GPE	January 2020	December 2020	WELL	2020	WELL_10k_2020.pdf	chunk_2
amzn_2020_page_66_chunk_4_triplet_5	amzn	ORG	operates_in	japan	GPE	January 2018	December 2020	AMZN	2020	AMZN_10k_2020.pdf	chunk_4
rcl_2024_page_12_chunk_1_triplet_42	rcl	ORG	operates_in	mein schiff 4	PRODUCT	January 2015	December 2024	RCL	2024	RCL_10k_2024.pdf	chunk_1
well_2021_page_123_chunk_4_triplet_17	well	ORG	operates_in	linwood , nj	GPE	January 2021	default_end_timestamp	WELL	2021	WELL_10k_2021.pdf	chunk_4
well_2024_page_138_chunk_1_triplet_59	well	ORG	operates_in	gilbert , az	GPE	January 2024	December 2024	WELL	2024	WELL_10k_2024.pdf	chunk_1
rcl_2023_page_11_chunk_1_triplet_2	rcl	ORG	operates_in	guest service segment	SEGMENT	January 2023	December 2023	RCL	2023	RCL_10k_2023.pdf	chunk_1
cat_2024_page_26_chunk_2_triplet_13	cat	ORG	operates_in	netherlands	GPE	January 2024	December 2024	CAT	2024	CAT_10k_2024.pdf	chunk_2
well_2022_page_132_chunk_1_triplet_36	well	ORG	operates_in	marion , in	GPE	January 2022	December 2022	WELL	2022	WELL_10k_2022.pdf	chunk_1
well_2019_page_115_chunk_4_triplet_7	well	ORG	operates_in	seal beach , ca	GPE	January 2019	December 2019	WELL	2019	WELL_10k_2019.pdf	chunk_4
cnp_2024_page_58_chunk_2_triplet_5	cnp	ORG	operates_in	spencer county	GPE	January 2024	December 2024	CNP	2024	CNP_10k_2024.pdf	chunk_2
well_2022_page_130_chunk_3_triplet_1	well	ORG	operates_in	delray beach	GPE	January 2022	December 2022	WELL	2022	WELL_10k_2022.pdf	chunk_3
well_2024_page_143_chunk_1_triplet_55	well	ORG	operates_in	stanley , uk	GPE	January 2024	December 2024	WELL	2024	WELL_10k_2024.pdf	chunk_1
well_2022_page_130_chunk_3_triplet_3	well	ORG	operates_in	denver , co	GPE	January 2022	December 2022	WELL	2022	WELL_10k_2022.pdf	chunk_3
well_2022_page_130_chunk_3_triplet_4	well	ORG	operates_in	derby	GPE	January 2022	December 2022	WELL	2022	WELL_10k_2022.pdf	chunk_3
well_2023_page_129_chunk_1_triplet_15	well	ORG	operates_in	carrollton , ga	GPE	January 2023	December 2023	WELL	2023	WELL_10k_2023.pdf	chunk_1
gme_2015_page_8_chunk_2_triplet_6	gme	ORG	operates_in	colorado	GPE	January 2015	December 2015	GME	2015	GME_10k_2015.pdf	chunk_2
well_2019_page_119_chunk_2_triplet_6	well	ORG	operates_in	alhambra	GPE	January 2019	December 2019	WELL	2019	WELL_10k_2019.pdf	chunk_2
well_2024_page_152_chunk_4_triplet_16	well	ORG	operates_in	chicopee , ma	GPE	January 2024	December 2024	WELL	2024	WELL_10k_2024.pdf	chunk_4
well_2023_page_129_chunk_1_triplet_74	well	ORG	operates_in	east amherst , ny	GPE	January 2023	December 2023	WELL	2023	WELL_10k_2023.pdf	chunk_1
dxc_2020_page_41_chunk_3_triplet_11	dxc	ORG	operates_in	australia	GPE	January 2020	December 2020	DXC	2020	DXC_10k_2020.pdf	chunk_3
well_2023_page_132_chunk_1_triplet_11	well	ORG	operates_in	painesville	GPE	January 2023	December 2023	WELL	2023	WELL_10k_2023.pdf	chunk_1
well_2022_page_130_chunk_3_triplet_12	well	ORG	operates_in	east brunswick	GPE	January 2022	December 2022	WELL	2022	WELL_10k_2022.pdf	chunk_3
well_2022_page_130_chunk_3_triplet_13	well	ORG	operates_in	eastbourne	GPE	January 2022	December 2022	WELL	2022	WELL_10k_2022.pdf	chunk_3
well_2019_page_121_chunk_3_triplet_10	well	ORG	operates_in	decatur , ga	GPE	January 2019	December 2019	WELL	2019	WELL_10k_2019.pdf	chunk_3
cnp_2019_page_10_chunk_1_triplet_8	cerc corp .	SEGMENT	operates_in	texas , louisiana , oklahoma , arkansas , mississippi , new mexico	GPE	January 2019	default_end_timestamp	CNP	2019	CNP_10k_2019.pdf	chunk_1
rcl_2024_page_93_chunk_3_triplet_5	rcl	ORG	operates_in	portmiami	LOGISTICS	January 2024	December 2024	RCL	2024	RCL_10k_2024.pdf	chunk_3
cat_2022_page_34_chunk_1_triplet_15	cat	ORG	operates_in	eame	GPE	January 2021	December 2021	CAT	2022	CAT_10k_2022.pdf	chunk_1
cnp_2021_page_14_chunk_2_triplet_1	cnp	ORG	operates_in	southwestern indiana	GPE	January 2021	default_end_timestamp	CNP	2021	CNP_10k_2021.pdf	chunk_2
cat_2024_page_25_chunk_1_triplet_31	cat	ORG	operates_in	ohio	GPE	January 2024	December 2024	CAT	2024	CAT_10k_2024.pdf	chunk_1
cnp_2023_page_53_chunk_2_triplet_1	cnp	ORG	operates_in	houston	GPE	January 2023	default_end_timestamp	CNP	2023	CNP_10k_2023.pdf	chunk_2
amzn_2019_page_1_chunk_1_triplet_2	amzn	ORG	operates_in	united state	GPE	January 2019	December 2019	AMZN	2019	AMZN_10k_2019.pdf	chunk_1
pom_2015_page_112_chunk_3_triplet_15	pom	ORG	operates_in	maryland	GPE	February 2014	December 2015	POM	2015	POM_10k_2015.pdf	chunk_3
well_2021_page_133_chunk_1_triplet_12	well	ORG	operates_in	silvis , il	GPE	January 2021	December 2021	WELL	2021	WELL_10k_2021.pdf	chunk_1
rcl_2016_page_5_chunk_1_triplet_12	rcl	COMP	operates_in	spanish market	GPE	January 2016	December 2016	RCL	2016	RCL_10k_2016.pdf	chunk_1
well_2021_page_121_chunk_2_triplet_23	well	ORG	operates_in	cedar fall , ia	GPE	January 2021	default_end_timestamp	WELL	2021	WELL_10k_2021.pdf	chunk_2
cnp_2019_page_16_chunk_2_triplet_1	cnp	ORG	operates_in	posey county	GPE	January 1979	December 2019	CNP	2019	CNP_10k_2019.pdf	chunk_2
gme_2014_page_12_chunk_2_triplet_3	gme	ORG	operates_in	arizona	GPE	January 2014	December 2014	GME	2014	GME_10k_2014.pdf	chunk_2
well_2020_page_118_chunk_2_triplet_26	well	ORG	operates_in	cohasset , ma	GPE	January 2020	December 2020	WELL	2020	WELL_10k_2020.pdf	chunk_2
amzn_2016_page_25_chunk_1_triplet_2	amzn	ORG	operates_in	international	GPE	January 2016	default_end_timestamp	AMZN	2016	AMZN_10k_2016.pdf	chunk_1
well_2020_page_129_chunk_3_triplet_31	well	ORG	operates_in	three river , mi	GPE	January 2020	December 2020	WELL	2020	WELL_10k_2020.pdf	chunk_3
well_2024_page_145_chunk_1_triplet_31	well	ORG	operates_in	white oak , md	GPE	January 2024	December 2024	WELL	2024	WELL_10k_2024.pdf	chunk_1
well_2022_page_130_chunk_3_triplet_32	well	ORG	operates_in	fayetteville	GPE	January 2022	December 2022	WELL	2022	WELL_10k_2022.pdf	chunk_3
well_2024_page_147_chunk_1_triplet_17	well	ORG	operates_in	clarksville , tn	GPE	January 2024	December 2024	WELL	2024	WELL_10k_2024.pdf	chunk_1
well_2020_page_118_chunk_2_triplet_15	well	ORG	operates_in	chertsey , united kingdom	GPE	January 2020	December 2020	WELL	2020	WELL_10k_2020.pdf	chunk_2
well_2020_page_41_chunk_1_triplet_29	well	ORG	operates_in	new jersey	GPE	January 2020	December 2020	WELL	2020	WELL_10k_2020.pdf	chunk_1
well_2020_page_119_chunk_2_triplet_18	well	ORG	operates_in	hindhead , uk	GPE	January 2020	default_end_timestamp	WELL	2020	WELL_10k_2020.pdf	chunk_2
cnp_2022_page_14_chunk_3_triplet_1	cnp	ORG	operates_in	houston	GPE	January 2022	default_end_timestamp	CNP	2022	CNP_10k_2022.pdf	chunk_3
well_2024_page_135_chunk_4_triplet_26	well	ORG	operates_in	beavercreek , oh	GPE	January 2024	December 2024	WELL	2024	WELL_10k_2024.pdf	chunk_4
well_2024_page_150_chunk_1_triplet_55	well	ORG	operates_in	tampa	GPE	January 2024	December 2024	WELL	2024	WELL_10k_2024.pdf	chunk_1
well_2020_page_127_chunk_1_triplet_27	well	ORG	operates_in	leavenworth , ks	GPE	January 2020	December 2020	WELL	2020	WELL_10k_2020.pdf	chunk_1
rcl_2023_page_6_chunk_3_triplet_19	rcl	ORG	operates_in	china	GPE	January 2023	December 2023	RCL	2023	RCL_10k_2023.pdf	chunk_3
tgna_2015_page_10_chunk_2_triplet_54	tgna	ORG	operates_in	san angelo	GPE	January 2015	December 2015	TGNA	2015	TGNA_10k_2015.pdf	chunk_2
rcl_2017_page_22_chunk_1_triplet_15	rcl	ORG	operates_in	u	GPE	January 2017	December 2017	RCL	2017	RCL_10k_2017.pdf	chunk_1
tgna_2016_page_8_chunk_1_triplet_5	tgna	ORG	operates_in	canada	GPE	January 2016	December 2016	TGNA	2016	TGNA_10k_2016.pdf	chunk_1
well_2022_page_133_chunk_3_triplet_9	well	ORG	operates_in	pottstown , pa	GPE	January 2022	December 2022	WELL	2022	WELL_10k_2022.pdf	chunk_3
well_2021_page_122_chunk_4_triplet_13	well	ORG	operates_in	glendale , az	GPE	January 2021	default_end_timestamp	WELL	2021	WELL_10k_2021.pdf	chunk_4
well_2020_page_121_chunk_2_triplet_28	well	ORG	operates_in	redding , ca	GPE	default_start_timestamp	default_end_timestamp	WELL	2020	WELL_10k_2020.pdf	chunk_2
well_2021_page_128_chunk_2_triplet_20	well	ORG	operates_in	bad axe , mi	GPE	January 2021	default_end_timestamp	WELL	2021	WELL_10k_2021.pdf	chunk_2
well_2024_page_52_chunk_1_triplet_21	well	ORG	operates_in	europe	GPE	January 2024	December 2024	WELL	2024	WELL_10k_2024.pdf	chunk_1
amzn_2019_page_27_chunk_1_triplet_12	amzn	ORG	operates_in	online store	LOGISTICS	January 2019	December 2019	AMZN	2019	AMZN_10k_2019.pdf	chunk_1
well_2020_page_102_chunk_7_triplet_3	well	ORG	operates_in	canada	GPE	January 2020	default_end_timestamp	WELL	2020	WELL_10k_2020.pdf	chunk_7
dxc_2019_page_124_chunk_2_triplet_11	dxc	ORG	operates_in	other international	GPE	January 2019	default_end_timestamp	DXC	2019	DXC_10k_2019.pdf	chunk_2
well_2019_page_113_chunk_1_triplet_16	well	ORG	operates_in	marieville , quebec	GPE	January 2019	December 2019	WELL	2019	WELL_10k_2019.pdf	chunk_1
vz_2017_page_9_chunk_1_triplet_1	vz	ORG	operates_in	consumer segment	SEGMENT	January 2017	December 2017	VZ	2017	VZ_10k_2017.pdf	chunk_1
well_2019_page_110_chunk_3_triplet_22	well	ORG	operates_in	colt neck , nj	GPE	January 2019	December 2019	WELL	2019	WELL_10k_2019.pdf	chunk_3
well_2024_page_149_chunk_1_triplet_52	well	ORG	operates_in	newport , ks	GPE	January 2024	December 2024	WELL	2024	WELL_10k_2024.pdf	chunk_1
well_2022_page_133_chunk_3_triplet_23	well	ORG	operates_in	rockville centre , ny	GPE	January 2022	December 2022	WELL	2022	WELL_10k_2022.pdf	chunk_3
well_2024_page_148_chunk_1_triplet_37	well	ORG	operates_in	lafayette , in	GPE	January 2024	December 2024	WELL	2024	WELL_10k_2024.pdf	chunk_1
amzn_2017_page_69_chunk_2_triplet_7	amzn	ORG	operates_in	united state	GPE	January 2014	December 2014	AMZN	2017	AMZN_10k_2017.pdf	chunk_2
cnp_2023_page_175_chunk_1_triplet_16	cnp	ORG	operates_in	city of houston	GPE	January 2023	December 2023	CNP	2023	CNP_10k_2023.pdf	chunk_1
well_2019_page_120_chunk_2_triplet_9	well	ORG	operates_in	chambersburg , pa	GPE	default_start_timestamp	default_end_timestamp	WELL	2019	WELL_10k_2019.pdf	chunk_2
well_2022_page_133_chunk_3_triplet_31	well	ORG	operates_in	salisbury , nc	GPE	January 2022	December 2022	WELL	2022	WELL_10k_2022.pdf	chunk_3
well_2021_page_42_chunk_2_triplet_41	well	ORG	operates_in	nevada	GPE	January 2021	December 2021	WELL	2021	WELL_10k_2021.pdf	chunk_2
cnp_2021_page_179_chunk_2_triplet_27	cnp	ORG	operates_in	texas gulf coast area	GPE	December 2021	December 2023	CNP	2021	CNP_10k_2021.pdf	chunk_2
rcl_2018_page_16_chunk_1_triplet_3	rcl	ORG	operates_in	southern summer	SEASONAL_TREND	January 2018	March 2018	RCL	2018	RCL_10k_2018.pdf	chunk_1
well_2020_page_41_chunk_1_triplet_27	well	ORG	operates_in	nebraska	GPE	January 2020	December 2020	WELL	2020	WELL_10k_2020.pdf	chunk_1
well_2020_page_134_chunk_2_triplet_4	well	ORG	operates_in	wellington , fl	GPE	January 2020	December 2020	WELL	2020	WELL_10k_2020.pdf	chunk_2
rcl_2020_page_8_chunk_1_triplet_14	rcl	ORG	operates_in	south asia	GPE	January 2020	December 2020	RCL	2020	RCL_10k_2020.pdf	chunk_1
well_2021_page_124_chunk_2_triplet_25	well	ORG	operates_in	menomonee fall , wi	GPE	January 2021	December 2021	WELL	2021	WELL_10k_2021.pdf	chunk_2
cnp_2014_page_84_chunk_1_triplet_8	cnp	ORG	operates_in	energy service	SEGMENT	January 2014	December 2014	CNP	2014	CNP_10k_2014.pdf	chunk_1
amzn_2014_page_50_chunk_1_triplet_10	amzn	ORG	operates_in	canada	GPE	January 2014	December 2014	AMZN	2014	AMZN_10k_2014.pdf	chunk_1
well_2019_page_120_chunk_2_triplet_21	well	ORG	operates_in	claremore , ok	GPE	default_start_timestamp	default_end_timestamp	WELL	2019	WELL_10k_2019.pdf	chunk_2
cnp_2015_page_35_chunk_1_triplet_11	enable	COMP	operates_in	missouri	GPE	January 2015	December 2015	CNP	2015	CNP_10k_2015.pdf	chunk_1
well_2020_page_119_chunk_4_triplet_12	well	ORG	operates_in	la vega , nv	GPE	January 2020	default_end_timestamp	WELL	2020	WELL_10k_2020.pdf	chunk_4
well_2023_page_132_chunk_1_triplet_66	well	ORG	operates_in	rohnert park	GPE	January 2023	December 2023	WELL	2023	WELL_10k_2023.pdf	chunk_1
well_2024_page_149_chunk_1_triplet_69	well	ORG	operates_in	newport , tn	GPE	January 2024	December 2024	WELL	2024	WELL_10k_2024.pdf	chunk_1
well_2020_page_133_chunk_2_triplet_22	well	ORG	operates_in	plantation , fl	GPE	January 2020	December 2020	WELL	2020	WELL_10k_2020.pdf	chunk_2
well_2023_page_132_chunk_1_triplet_71	well	ORG	operates_in	round rock	GPE	January 2023	December 2023	WELL	2023	WELL_10k_2023.pdf	chunk_1
cnp_2024_page_16_chunk_1_triplet_4	indiana electric	SEGMENT	operates_in	indiana	GPE	January 2024	December 2024	CNP	2024	CNP_10k_2024.pdf	chunk_1
well_2021_page_123_chunk_2_triplet_1	well	ORG	operates_in	hermitage , pa	GPE	January 2021	default_end_timestamp	WELL	2021	WELL_10k_2021.pdf	chunk_2
well_2023_page_138_chunk_1_triplet_58	well	ORG	operates_in	south bend	GPE	January 2023	December 2023	WELL	2023	WELL_10k_2023.pdf	chunk_1
gme_2014_page_12_chunk_2_triplet_13	gme	ORG	operates_in	hawaii	GPE	January 2014	December 2014	GME	2014	GME_10k_2014.pdf	chunk_2
rcl_2021_page_6_chunk_1_triplet_19	rcl	ORG	operates_in	australian market	GPE	January 2021	December 2021	RCL	2021	RCL_10k_2021.pdf	chunk_1
rcl_2014_page_4_chunk_1_triplet_21	rcl	ORG	operates_in	asia	GPE	January 2014	December 2014	RCL	2014	RCL_10k_2014.pdf	chunk_1
cat_2024_page_8_chunk_1_triplet_21	caterpillar insurance service corporation	ORG	operates_in	guam	GPE	January 2024	December 2024	CAT	2024	CAT_10k_2024.pdf	chunk_1
well_2022_page_134_chunk_3_triplet_18	well	ORG	operates_in	tustin , ca	GPE	January 2022	December 2022	WELL	2022	WELL_10k_2022.pdf	chunk_3
rcl_2022_page_15_chunk_2_triplet_22	rcl	ORG	operates_in	mein schiff 1	PRODUCT	January 2022	December 2022	RCL	2022	RCL_10k_2022.pdf	chunk_2
vz_2020_page_5_chunk_1_triplet_1	vz	ORG	operates_in	united state	GPE	January 2020	December 2020	VZ	2020	VZ_10k_2020.pdf	chunk_1
pom_2015_page_19_chunk_3_triplet_8	dpl	ORG	operates_in	delaware	GPE	January 2015	December 2015	POM	2015	POM_10k_2015.pdf	chunk_3
well_2022_page_134_chunk_3_triplet_22	well	ORG	operates_in	valparaiso , in	GPE	January 2022	December 2022	WELL	2022	WELL_10k_2022.pdf	chunk_3
cnp_2022_page_17_chunk_1_triplet_14	centerpoint energy	COMP	operates_in	texas	GPE	January 2022	December 2022	CNP	2022	CNP_10k_2022.pdf	chunk_1
well_2023_page_142_chunk_1_triplet_1	well	ORG	operates_in	raleigh , nc	GPE	January 2023	December 2023	WELL	2023	WELL_10k_2023.pdf	chunk_1
well_2022_page_134_chunk_3_triplet_25	well	ORG	operates_in	vero beach , fl	GPE	January 2022	December 2022	WELL	2022	WELL_10k_2022.pdf	chunk_3
cnp_2014_page_8_chunk_2_triplet_1	cnp	ORG	operates_in	arkansas	GPE	January 2014	December 2014	CNP	2014	CNP_10k_2014.pdf	chunk_2
rcl_2022_page_18_chunk_3_triplet_10	rcl	ORG	operates_in	u.k .	GPE	January 2022	December 2022	RCL	2022	RCL_10k_2022.pdf	chunk_3
cnp_2018_page_19_chunk_1_triplet_23	enable	COMP	operates_in	arkla-tex basin	GPE	January 2018	December 2018	CNP	2018	CNP_10k_2018.pdf	chunk_1
well_2022_page_131_chunk_3_triplet_19	well	ORG	operates_in	indianapolis	GPE	January 2022	December 2022	WELL	2022	WELL_10k_2022.pdf	chunk_3
well_2023_page_129_chunk_1_triplet_65	well	ORG	operates_in	denver , co	GPE	January 2023	December 2023	WELL	2023	WELL_10k_2023.pdf	chunk_1
dxc_2020_page_22_chunk_1_triplet_2	dxc	ORG	operates_in	europe	GPE	January 2020	December 2020	DXC	2020	DXC_10k_2020.pdf	chunk_1
well_2024_page_153_chunk_1_triplet_66	well	ORG	operates_in	mar , pa	GPE	January 2024	December 2024	WELL	2024	WELL_10k_2024.pdf	chunk_1
amzn_2015_page_2_chunk_1_triplet_7	amzn	ORG	operates_in	europe	GPE	January 2015	December 2015	AMZN	2015	AMZN_10k_2015.pdf	chunk_1
rcl_2020_page_15_chunk_2_triplet_18	rcl	ORG	operates_in	silver cloud	PRODUCT	January 1994	December 2020	RCL	2020	RCL_10k_2020.pdf	chunk_2
well_2022_page_134_chunk_1_triplet_7	well	ORG	operates_in	seminole , fl	GPE	January 2022	December 2022	WELL	2022	WELL_10k_2022.pdf	chunk_1
well_2019_page_117_chunk_3_triplet_26	well	ORG	operates_in	weymouth	GPE	January 2019	December 2019	WELL	2019	WELL_10k_2019.pdf	chunk_3
well_2021_page_124_chunk_4_triplet_13	well	ORG	operates_in	morton grove , il	GPE	January 2021	default_end_timestamp	WELL	2021	WELL_10k_2021.pdf	chunk_4
well_2022_page_134_chunk_1_triplet_10	well	ORG	operates_in	shawnee , ok	GPE	January 2022	December 2022	WELL	2022	WELL_10k_2022.pdf	chunk_1
well_2024_page_145_chunk_1_triplet_7	well	ORG	operates_in	webster grove , mo	GPE	January 2024	December 2024	WELL	2024	WELL_10k_2024.pdf	chunk_1
cnp_2019_page_14_chunk_3_triplet_3	houston electric	SEGMENT	operates_in	houston	GPE	December 2019	December 2019	CNP	2019	CNP_10k_2019.pdf	chunk_3
cnp_2016_page_13_chunk_1_triplet_18	enable	COMP	operates_in	illinois	GPE	January 2016	December 2016	CNP	2016	CNP_10k_2016.pdf	chunk_1
well_2021_page_137_chunk_2_triplet_30	well	ORG	operates_in	pasadena , tx	GPE	January 2021	default_end_timestamp	WELL	2021	WELL_10k_2021.pdf	chunk_2
well_2020_page_126_chunk_1_triplet_37	well	ORG	operates_in	greenville , sc	GPE	January 2020	December 2020	WELL	2020	WELL_10k_2020.pdf	chunk_1
well_2022_page_137_chunk_2_triplet_10	well	ORG	operates_in	flower mound , tx	GPE	January 2022	default_end_timestamp	WELL	2022	WELL_10k_2022.pdf	chunk_2
well_2022_page_134_chunk_1_triplet_17	well	ORG	operates_in	south point , oh	GPE	January 2022	December 2022	WELL	2022	WELL_10k_2022.pdf	chunk_1
well_2020_page_41_chunk_1_triplet_3	well	ORG	operates_in	arizona	GPE	January 2020	December 2020	WELL	2020	WELL_10k_2020.pdf	chunk_1
rcl_2018_page_5_chunk_1_triplet_8	royal caribbean international	SEGMENT	operates_in	alaska	GPE	January 2018	December 2018	RCL	2018	RCL_10k_2018.pdf	chunk_1
well_2021_page_130_chunk_3_triplet_26	well	ORG	operates_in	kensington , md	GPE	January 2021	default_end_timestamp	WELL	2021	WELL_10k_2021.pdf	chunk_3
rcl_2024_page_84_chunk_3_triplet_5	rcl	ORG	operates_in	brazil	GPE	January 2024	December 2024	RCL	2024	RCL_10k_2024.pdf	chunk_3
well_2019_page_115_chunk_2_triplet_12	well	ORG	operates_in	rocky hill , ct	GPE	January 2019	December 2019	WELL	2019	WELL_10k_2019.pdf	chunk_2
well_2021_page_105_chunk_3_triplet_3	well	ORG	operates_in	canada	GPE	January 2021	default_end_timestamp	WELL	2021	WELL_10k_2021.pdf	chunk_3
rcl_2014_page_5_chunk_1_triplet_19	cdf cruise	SEGMENT	operates_in	mediterranean	GPE	January 2014	December 2014	RCL	2014	RCL_10k_2014.pdf	chunk_1
well_2022_page_134_chunk_1_triplet_25	well	ORG	operates_in	statesville , nc	GPE	January 2022	December 2022	WELL	2022	WELL_10k_2022.pdf	chunk_1
well_2022_page_134_chunk_1_triplet_26	well	ORG	operates_in	staunton , va	GPE	January 2022	December 2022	WELL	2022	WELL_10k_2022.pdf	chunk_1
well_2022_page_134_chunk_1_triplet_27	well	ORG	operates_in	sterling height , mi	GPE	January 2022	December 2022	WELL	2022	WELL_10k_2022.pdf	chunk_1
cat_2023_page_14_chunk_1_triplet_11	cat	ORG	operates_in	u.s .	GPE	January 2023	December 2023	CAT	2023	CAT_10k_2023.pdf	chunk_1
well_2022_page_134_chunk_1_triplet_29	well	ORG	operates_in	stratford-upon-avon , united kingdom	GPE	January 2022	December 2022	WELL	2022	WELL_10k_2022.pdf	chunk_1
well_2023_page_138_chunk_1_triplet_76	well	ORG	operates_in	tallahassee	GPE	January 2023	December 2023	WELL	2023	WELL_10k_2023.pdf	chunk_1
well_2024_page_150_chunk_1_triplet_52	well	ORG	operates_in	sunnyvale	GPE	January 2024	December 2024	WELL	2024	WELL_10k_2024.pdf	chunk_1
well_2023_page_137_chunk_1_triplet_32	well	ORG	operates_in	lee , ma	GPE	January 2023	December 2023	WELL	2023	WELL_10k_2023.pdf	chunk_1
well_2022_page_134_chunk_1_triplet_33	well	ORG	operates_in	superior , wi	GPE	January 2022	December 2022	WELL	2022	WELL_10k_2022.pdf	chunk_1
well_2022_page_134_chunk_1_triplet_34	well	ORG	operates_in	tacoma , wa	GPE	January 2022	December 2022	WELL	2022	WELL_10k_2022.pdf	chunk_1
rcl_2024_page_12_chunk_1_triplet_29	rcl	ORG	operates_in	silver moon	PRODUCT	January 2020	December 2024	RCL	2024	RCL_10k_2024.pdf	chunk_1
gme_2014_page_11_chunk_1_triplet_2	gme	ORG	operates_in	canada	GPE	default_start_timestamp	default_end_timestamp	GME	2014	GME_10k_2014.pdf	chunk_1
cnp_2023_page_12_chunk_1_triplet_8	cnp	ORG	operates_in	indiana	GPE	January 2023	December 2023	CNP	2023	CNP_10k_2023.pdf	chunk_1
well_2023_page_139_chunk_1_triplet_30	well	ORG	operates_in	west palm beach , fl	GPE	January 2023	December 2023	WELL	2023	WELL_10k_2023.pdf	chunk_1
well_2021_page_133_chunk_3_triplet_17	well	ORG	operates_in	tulsa , ok	GPE	January 2021	December 2021	WELL	2021	WELL_10k_2021.pdf	chunk_3
well_2024_page_151_chunk_1_triplet_21	well	ORG	operates_in	west palm beach , fl	GPE	January 2024	December 2024	WELL	2024	WELL_10k_2024.pdf	chunk_1
rcl_2019_page_46_chunk_1_triplet_7	rcl	ORG	operates_in	southern hemisphere summer	MACRO_CONDITION	January 2019	December 2019	RCL	2019	RCL_10k_2019.pdf	chunk_1
well_2024_page_142_chunk_1_triplet_83	well	ORG	operates_in	salem , or	GPE	January 2024	December 2024	WELL	2024	WELL_10k_2024.pdf	chunk_1
well_2023_page_130_chunk_1_triplet_75	well	ORG	operates_in	john creek , ga	GPE	January 2023	December 2023	WELL	2023	WELL_10k_2023.pdf	chunk_1
amzn_2016_page_65_chunk_3_triplet_19	amzn	ORG	operates_in	luxembourg	GPE	January 2016	January 2016	AMZN	2016	AMZN_10k_2016.pdf	chunk_3
well_2021_page_124_chunk_2_triplet_23	well	ORG	operates_in	memphis , tn	GPE	January 2021	December 2021	WELL	2021	WELL_10k_2021.pdf	chunk_2
rcl_2016_page_14_chunk_2_triplet_7	rcl	ORG	operates_in	caribbean	GPE	January 2016	December 2016	RCL	2016	RCL_10k_2016.pdf	chunk_2
well_2022_page_135_chunk_1_triplet_12	well	ORG	operates_in	west milford , nj	GPE	January 2022	December 2022	WELL	2022	WELL_10k_2022.pdf	chunk_1
well_2019_page_120_chunk_1_triplet_19	well	ORG	operates_in	burnaby , bc	GPE	January 2019	December 2019	WELL	2019	WELL_10k_2019.pdf	chunk_1
rcl_2017_page_15_chunk_3_triplet_4	rcl	ORG	operates_in	summer season	SEASON	December 2017	February 2018	RCL	2017	RCL_10k_2017.pdf	chunk_3
amzn_2018_page_7_chunk_1_triplet_2	amzn	ORG	operates_in	geographic reach	GPE	January 2018	December 2018	AMZN	2018	AMZN_10k_2018.pdf	chunk_1
well_2024_page_147_chunk_1_triplet_57	well	ORG	operates_in	edmond , ok	GPE	January 2024	December 2024	WELL	2024	WELL_10k_2024.pdf	chunk_1
well_2023_page_129_chunk_1_triplet_24	well	ORG	operates_in	charlotte , nc	GPE	January 2023	December 2023	WELL	2023	WELL_10k_2023.pdf	chunk_1
rcl_2016_page_11_chunk_1_triplet_7	rcl	ORG	operates_in	australian market	SECTOR	January 2016	December 2016	RCL	2016	RCL_10k_2016.pdf	chunk_1
rcl_2017_page_56_chunk_1_triplet_21	rcl	ORG	operates_in	asian market	GPE	January 2017	December 2017	RCL	2017	RCL_10k_2017.pdf	chunk_1
well_2022_page_135_chunk_1_triplet_20	well	ORG	operates_in	whippany , nj	GPE	January 2022	December 2022	WELL	2022	WELL_10k_2022.pdf	chunk_1
vz_2021_page_101_chunk_5_triplet_6	vz	ORG	operates_in	united state	GPE	March 2021	December 2021	VZ	2021	VZ_10k_2021.pdf	chunk_5
well_2020_page_122_chunk_4_triplet_4	well	ORG	operates_in	tucson , az	GPE	January 2020	December 2020	WELL	2020	WELL_10k_2020.pdf	chunk_4
cat_2015_page_39_chunk_2_triplet_12	cat	ORG	operates_in	asia/pacific	GPE	January 2015	December 2015	CAT	2015	CAT_10k_2015.pdf	chunk_2
well_2019_page_114_chunk_3_triplet_10	well	ORG	operates_in	paso roble , ca	GPE	January 2019	December 2019	WELL	2019	WELL_10k_2019.pdf	chunk_3
well_2022_page_135_chunk_1_triplet_25	well	ORG	operates_in	wilmington , nc	GPE	January 2022	December 2022	WELL	2022	WELL_10k_2022.pdf	chunk_1
cnp_2019_page_150_chunk_1_triplet_5	cnp	ORG	operates_in	corporate and other	SEGMENT	January 2019	December 2019	CNP	2019	CNP_10k_2019.pdf	chunk_1
well_2021_page_136_chunk_4_triplet_19	well	ORG	operates_in	little rock	GPE	January 2021	December 2021	WELL	2021	WELL_10k_2021.pdf	chunk_4
well_2022_page_135_chunk_1_triplet_28	well	ORG	operates_in	winston-salem , nc	GPE	January 2022	December 2022	WELL	2022	WELL_10k_2022.pdf	chunk_1
rcl_2021_page_16_chunk_2_triplet_2	rcl	ORG	operates_in	international	GPE	January 2021	December 2021	RCL	2021	RCL_10k_2021.pdf	chunk_2
rcl_2018_page_4_chunk_1_triplet_8	rcl	ORG	operates_in	miami , florida	GPE	January 2018	December 2018	RCL	2018	RCL_10k_2018.pdf	chunk_1
cnp_2017_page_30_chunk_1_triplet_12	enable	SEGMENT	operates_in	mckenzie county	GPE	November 2013	December 2017	CNP	2017	CNP_10k_2017.pdf	chunk_1
well_2022_page_135_chunk_1_triplet_34	well	ORG	operates_in	woodstock , va	GPE	January 2022	December 2022	WELL	2022	WELL_10k_2022.pdf	chunk_1
rcl_2015_page_14_chunk_2_triplet_1	rcl	ORG	operates_in	galapagos island	GPE	January 2015	December 2015	RCL	2015	RCL_10k_2015.pdf	chunk_2
gme_2015_page_8_chunk_2_triplet_13	gme	ORG	operates_in	hawaii	GPE	January 2015	December 2015	GME	2015	GME_10k_2015.pdf	chunk_2
dxc_2020_page_33_chunk_2_triplet_4	dxc	ORG	operates_in	france	GPE	January 2020	December 2020	DXC	2020	DXC_10k_2020.pdf	chunk_2
rcl_2024_page_84_chunk_4_triplet_2	rcl	ORG	operates_in	all other country	GPE	January 2024	December 2024	RCL	2024	RCL_10k_2024.pdf	chunk_4
well_2023_page_131_chunk_1_triplet_60	well	ORG	operates_in	new palestine , in	GPE	January 2023	December 2023	WELL	2023	WELL_10k_2023.pdf	chunk_1
well_2020_page_131_chunk_4_triplet_25	well	ORG	operates_in	fenton , mo	GPE	January 2020	December 2020	WELL	2020	WELL_10k_2020.pdf	chunk_4
well_2021_page_128_chunk_4_triplet_9	well	ORG	operates_in	boulder , co	GPE	January 2021	December 2021	WELL	2021	WELL_10k_2021.pdf	chunk_4
cnp_2022_page_6_chunk_2_triplet_11	cnp	ORG	operates_in	indiana	GPE	January 2022	December 2022	CNP	2022	CNP_10k_2022.pdf	chunk_2
well_2020_page_117_chunk_2_triplet_10	well	ORG	operates_in	anderson , sc	GPE	January 2020	December 2020	WELL	2020	WELL_10k_2020.pdf	chunk_2
rcl_2015_page_4_chunk_1_triplet_15	rcl	ORG	operates_in	panama canal	GPE	January 2015	December 2015	RCL	2015	RCL_10k_2015.pdf	chunk_1
well_2023_page_131_chunk_1_triplet_58	well	ORG	operates_in	nashville , tn	GPE	January 2023	December 2023	WELL	2023	WELL_10k_2023.pdf	chunk_1
well_2024_page_152_chunk_4_triplet_2	well	ORG	operates_in	boca raton , fl	GPE	January 2024	December 2024	WELL	2024	WELL_10k_2024.pdf	chunk_4
vz_2020_page_6_chunk_1_triplet_8	vz	ORG	operates_in	local government	ORG_GOV	January 2020	December 2020	VZ	2020	VZ_10k_2020.pdf	chunk_1
cnp_2024_page_160_chunk_7_triplet_1	cnp	ORG	operates_in	louisiana and mississippi ldc business	SEGMENT	January 2024	December 2024	CNP	2024	CNP_10k_2024.pdf	chunk_7
well_2022_page_133_chunk_1_triplet_15	well	ORG	operates_in	osawatomie , ks	GPE	January 2022	December 2022	WELL	2022	WELL_10k_2022.pdf	chunk_1
rcl_2024_page_84_chunk_2_triplet_17	rcl	ORG	operates_in	other region	GPE	January 2024	December 2024	RCL	2024	RCL_10k_2024.pdf	chunk_2
well_2022_page_133_chunk_1_triplet_17	well	ORG	operates_in	overland park , ks	GPE	January 2022	December 2022	WELL	2022	WELL_10k_2022.pdf	chunk_1
well_2022_page_133_chunk_1_triplet_18	well	ORG	operates_in	owasso , ok	GPE	January 2022	December 2022	WELL	2022	WELL_10k_2022.pdf	chunk_1
tgna_2015_page_9_chunk_1_triplet_3	tgna	ORG	operates_in	local market	GPE	January 2015	December 2015	TGNA	2015	TGNA_10k_2015.pdf	chunk_1
rcl_2021_page_6_chunk_2_triplet_6	rcl	ORG	operates_in	asia/pacific	GPE	January 2021	default_end_timestamp	RCL	2021	RCL_10k_2021.pdf	chunk_2
well_2021_page_120_chunk_4_triplet_1	well	ORG	operates_in	beavercreek , oh	GPE	January 2021	default_end_timestamp	WELL	2021	WELL_10k_2021.pdf	chunk_4
cnp_2023_page_57_chunk_1_triplet_9	cnp	ORG	operates_in	natural gas pipeline	SECTOR	January 2023	December 2023	CNP	2023	CNP_10k_2023.pdf	chunk_1
well_2023_page_137_chunk_1_triplet_65	well	ORG	operates_in	mcmurray , pa	GPE	January 2023	December 2023	WELL	2023	WELL_10k_2023.pdf	chunk_1
cnp_2015_page_46_chunk_1_triplet_8	cnp	ORG	operates_in	electric transmission & distribution	SEGMENT	January 2015	December 2015	CNP	2015	CNP_10k_2015.pdf	chunk_1
well_2020_page_121_chunk_2_triplet_18	well	ORG	operates_in	portage , mi	GPE	default_start_timestamp	default_end_timestamp	WELL	2020	WELL_10k_2020.pdf	chunk_2
cnp_2021_page_47_chunk_2_triplet_1	cnp	ORG	operates_in	houston	GPE	January 2021	December 2021	CNP	2021	CNP_10k_2021.pdf	chunk_2
well_2024_page_150_chunk_1_triplet_32	well	ORG	operates_in	shawnee	GPE	January 2024	December 2024	WELL	2024	WELL_10k_2024.pdf	chunk_1
well_2022_page_133_chunk_1_triplet_28	well	ORG	operates_in	perrysburg , oh	GPE	January 2022	December 2022	WELL	2022	WELL_10k_2022.pdf	chunk_1
well_2021_page_120_chunk_4_triplet_14	well	ORG	operates_in	boise , id	GPE	January 2021	default_end_timestamp	WELL	2021	WELL_10k_2021.pdf	chunk_4
well_2024_page_142_chunk_1_triplet_78	well	ORG	operates_in	saint john , mi	GPE	January 2024	December 2024	WELL	2024	WELL_10k_2024.pdf	chunk_1
cnp_2022_page_25_chunk_1_triplet_7	indiana electric	COMP	operates_in	indiana	GPE	January 2022	December 2022	CNP	2022	CNP_10k_2022.pdf	chunk_1
rcl_2019_page_6_chunk_3_triplet_15	rcl	ORG	operates_in	thailand	GPE	January 2019	December 2019	RCL	2019	RCL_10k_2019.pdf	chunk_3
well_2024_page_148_chunk_1_triplet_17	well	ORG	operates_in	hickory , nc	GPE	January 2024	December 2024	WELL	2024	WELL_10k_2024.pdf	chunk_1
well_2023_page_142_chunk_1_triplet_5	well	ORG	operates_in	rockwall , tx	GPE	January 2023	December 2023	WELL	2023	WELL_10k_2023.pdf	chunk_1
well_2020_page_132_chunk_4_triplet_16	well	ORG	operates_in	lowell , ma	GPE	January 2020	December 2020	WELL	2020	WELL_10k_2020.pdf	chunk_4
cnp_2024_page_59_chunk_6_triplet_3	cnp	ORG	operates_in	air-gas manufacturing plant	GPE	January 2024	December 2024	CNP	2024	CNP_10k_2024.pdf	chunk_6
well_2024_page_138_chunk_1_triplet_34	well	ORG	operates_in	florence , al	GPE	January 2024	December 2024	WELL	2024	WELL_10k_2024.pdf	chunk_1
well_2019_page_124_chunk_1_triplet_22	well	ORG	operates_in	livonia , mi	GPE	January 2019	December 2019	WELL	2019	WELL_10k_2019.pdf	chunk_1
well_2020_page_128_chunk_3_triplet_14	well	ORG	operates_in	paola , ks	GPE	January 2020	December 2020	WELL	2020	WELL_10k_2020.pdf	chunk_3
well_2024_page_136_chunk_1_triplet_2	well	ORG	operates_in	beverley , uk	GPE	January 2024	December 2024	WELL	2024	WELL_10k_2024.pdf	chunk_1
cnp_2019_page_50_chunk_1_triplet_16	enable	COMP	operates_in	anadarko basin	GPE	January 2019	December 2019	CNP	2019	CNP_10k_2019.pdf	chunk_1
rcl_2021_page_7_chunk_1_triplet_11	rcl	ORG	operates_in	asia/pacific cruise market	SECTOR	January 2021	default_end_timestamp	RCL	2021	RCL_10k_2021.pdf	chunk_1
pom_2015_page_50_chunk_1_triplet_4	pom	ORG	operates_in	may land , new jersey	GPE	January 2015	December 2015	POM	2015	POM_10k_2015.pdf	chunk_1
well_2022_page_133_chunk_2_triplet_8	well	ORG	operates_in	asia-pacific	GPE	February 2022	November 2022	WELL	2022	WELL_10k_2022.pdf	chunk_2
rcl_2021_page_5_chunk_1_triplet_6	rcl	ORG	operates_in	bahamas	GPE	January 2021	December 2021	RCL	2021	RCL_10k_2021.pdf	chunk_1
well_2024_page_57_chunk_2_triplet_12	well	ORG	operates_in	texas	GPE	January 2024	December 2024	WELL	2024	WELL_10k_2024.pdf	chunk_2
well_2022_page_136_chunk_4_triplet_9	well	ORG	operates_in	clarkson valley , mo	GPE	January 2022	December 2022	WELL	2022	WELL_10k_2022.pdf	chunk_4
well_2019_page_133_chunk_1_triplet_12	well	ORG	operates_in	gig harbor	GPE	January 2019	default_end_timestamp	WELL	2019	WELL_10k_2019.pdf	chunk_1
grmn_2018_page_17_chunk_1_triplet_23	grmn	ORG	supplies	position reporting	PRODUCT	January 2018	December 2018	GRMN	2018	GRMN_10k_2018.pdf	chunk_1
grmn_2018_page_17_chunk_1_triplet_13	grmn	ORG	supplies	database update	PRODUCT	January 2018	December 2018	GRMN	2018	GRMN_10k_2018.pdf	chunk_1
ctas_2014_page_61_chunk_3_triplet_29	ctas	ORG	supplies	protective apparel	PRODUCT	January 2014	December 2014	CTAS	2014	CTAS_10k_2014.pdf	chunk_3
amzn_2015_page_67_chunk_1_triplet_23	aws	SEGMENT	supplies	government agency	ORG_GOV	January 2015	December 2015	AMZN	2015	AMZN_10k_2015.pdf	chunk_1
rcl_2019_page_15_chunk_2_triplet_34	fincantieri	COMP	supplies	unnamed	PRODUCT	July 2024	September 2024	RCL	2019	RCL_10k_2019.pdf	chunk_2
aapl_2018_page_4_chunk_1_triplet_35	aapl	ORG	supplies	music streaming	PRODUCT	January 2018	December 2018	AAPL	2018	AAPL_10k_2018.pdf	chunk_1
panw_2023_page_71_chunk_1_triplet_7	panw	ORG	supplies	quality assurance program	ACCOUNTING_POLICY	January 2023	December 2023	PANW	2023	PANW_10k_2023.pdf	chunk_1
grmn_2018_page_18_chunk_1_triplet_12	grmn	ORG	supplies	regal marine industry , inc .	COMP	January 2018	December 2018	GRMN	2018	GRMN_10k_2018.pdf	chunk_1
ctas_2015_page_45_chunk_4_triplet_23	ctas	ORG	supplies	uniform	PRODUCT	January 2015	December 2015	CTAS	2015	CTAS_10k_2015.pdf	chunk_4
pom_2015_page_214_chunk_3_triplet_28	pom	ORG	supplies	aluminum	RAW_MATERIAL	January 2015	December 2015	POM	2015	POM_10k_2015.pdf	chunk_3
cat_2015_page_13_chunk_1_triplet_26	supplier	COMP	supplies	steel	RAW_MATERIAL	January 2015	December 2015	CAT	2015	CAT_10k_2015.pdf	chunk_1
aapl_2016_page_5_chunk_1_triplet_20	aapl	ORG	supplies	independent publisher	COMP	January 2016	December 2016	AAPL	2016	AAPL_10k_2016.pdf	chunk_1
rcl_2019_page_130_chunk_2_triplet_35	meyer werft	COMP	supplies	unnamed ( evolution-class )	PRODUCT	January 2023	March 2023	RCL	2019	RCL_10k_2019.pdf	chunk_2
tfc_2020_page_55_chunk_1_triplet_22	tfc	ORG	supplies	power sport equipment	PRODUCT	January 2020	December 2020	TFC	2020	TFC_10k_2020.pdf	chunk_1
ctas_2017_page_46_chunk_3_triplet_24	ctas	ORG	supplies	protective gear	PRODUCT	January 2017	December 2017	CTAS	2017	CTAS_10k_2017.pdf	chunk_3
rcl_2019_page_130_chunk_2_triplet_26	meyer turku oy	COMP	supplies	unnamed ( icon-class )	PRODUCT	April 2024	June 2024	RCL	2019	RCL_10k_2019.pdf	chunk_2
cnp_2020_page_177_chunk_3_triplet_9	indiana gas	COMP	supplies	credit facility	FIN_INST	January 2020	December 2020	CNP	2020	CNP_10k_2020.pdf	chunk_3
cat_2019_page_141_chunk_3_triplet_18	cat	ORG	supplies	heavy machinery	PRODUCT	January 2019	December 2019	CAT	2019	CAT_10k_2019.pdf	chunk_3
khc_2024_page_119_chunk_3_triplet_4	north america	SEGMENT	supplies	walmart inc .	COMP	January 2024	December 2024	KHC	2024	KHC_10k_2024.pdf	chunk_3
pm_2017_page_5_chunk_1_triplet_3	pm	ORG	supplies	reduced-risk tobacco product	PRODUCT	December 2013	December 2017	PM	2017	PM_10k_2017.pdf	chunk_1
cnp_2019_page_210_chunk_1_triplet_2	cnp	ORG	supplies	cerc	COMP	January 2019	December 2019	CNP	2019	CNP_10k_2019.pdf	chunk_1
cmcsa_2014_page_123_chunk_5_triplet_13	cable communication	SEGMENT	supplies	advertising	PRODUCT	January 2014	December 2014	CMCSA	2014	CMCSA_10k_2014.pdf	chunk_5
cmcsa_2021_page_12_chunk_1_triplet_6	cmcsa	ORG	supplies	film	PRODUCT	January 2021	December 2021	CMCSA	2021	CMCSA_10k_2021.pdf	chunk_1
cnp_2024_page_207_chunk_1_triplet_20	cnp	ORG	supplies	electricity generation	PRODUCT	January 2024	December 2024	CNP	2024	CNP_10k_2024.pdf	chunk_1
pm_2023_page_103_chunk_1_triplet_9	pmm	SEGMENT	supplies	pm brand	PRODUCT	January 2023	December 2023	PM	2023	PM_10k_2023.pdf	chunk_1
amzn_2021_page_3_chunk_1_triplet_17	amzn	ORG	supplies	supplier	COMP	January 2021	December 2021	AMZN	2021	AMZN_10k_2021.pdf	chunk_1
aapl_2016_page_5_chunk_1_triplet_28	aapl	ORG	supplies	headphone	PRODUCT	January 2016	December 2016	AAPL	2016	AAPL_10k_2016.pdf	chunk_1
cnp_2022_page_207_chunk_1_triplet_21	cnp	ORG	supplies	natural gas	RAW_MATERIAL	January 2022	December 2022	CNP	2022	CNP_10k_2022.pdf	chunk_1
cmcsa_2023_page_78_chunk_1_triplet_2	cmcsa	ORG	supplies	third-party content	PRODUCT	January 2023	December 2023	CMCSA	2023	CMCSA_10k_2023.pdf	chunk_1
grmn_2019_page_59_chunk_1_triplet_8	grmn	ORG	supplies	distribution service	LOGISTICS	January 2019	December 2019	GRMN	2019	GRMN_10k_2019.pdf	chunk_1
grmn_2021_page_9_chunk_1_triplet_11	grmn	ORG	supplies	automobile manufacturer	COMP	January 2021	December 2021	GRMN	2021	GRMN_10k_2021.pdf	chunk_1
cat_2023_page_82_chunk_1_triplet_22	cat financial	SEGMENT	supplies	wholesale financing plan	FIN_INST	January 2023	December 2023	CAT	2023	CAT_10k_2023.pdf	chunk_1
cmcsa_2014_page_12_chunk_1_triplet_22	cmcsa	ORG	supplies	program	PRODUCT	January 2014	December 2014	CMCSA	2014	CMCSA_10k_2014.pdf	chunk_1
amzn_2020_page_11_chunk_1_triplet_14	amzn	ORG	supplies	content licensors	COMP	January 2020	December 2020	AMZN	2020	AMZN_10k_2020.pdf	chunk_1
cmcsa_2020_page_100_chunk_5_triplet_28	cmcsa	ORG	supplies	high-speed internet	PRODUCT	January 2020	December 2020	CMCSA	2020	CMCSA_10k_2020.pdf	chunk_5
cnp_2023_page_18_chunk_6_triplet_1	cnp	ORG	supplies	tenaska marketing venture , llc	COMP	January 2023	December 2023	CNP	2023	CNP_10k_2023.pdf	chunk_6
dxc_2018_page_6_chunk_1_triplet_2	dxc	ORG	supplies	usps	COMP	January 2018	default_end_timestamp	DXC	2018	DXC_10k_2018.pdf	chunk_1
cat_2018_page_142_chunk_1_triplet_37	energy & transportation	SEGMENT	supplies	oil & gas	SECTOR	January 2018	December 2018	CAT	2018	CAT_10k_2018.pdf	chunk_1
cat_2016_page_50_chunk_1_triplet_83	cat	ORG	supplies	sealing and connecting component	PRODUCT	January 2016	December 2016	CAT	2016	CAT_10k_2016.pdf	chunk_1
cmcsa_2014_page_123_chunk_5_triplet_16	broadcast television	SEGMENT	supplies	content	PRODUCT	January 2014	December 2014	CMCSA	2014	CMCSA_10k_2014.pdf	chunk_5
well_2022_page_90_chunk_1_triplet_1	well	ORG	supplies	genesis healthcare	COMP	January 2022	December 2022	WELL	2022	WELL_10k_2022.pdf	chunk_1
cnp_2020_page_52_chunk_3_triplet_21	cerc	COMP	supplies	natural gas	RAW_MATERIAL	December 2020	December 2020	CNP	2020	CNP_10k_2020.pdf	chunk_3
tel_2015_page_9_chunk_1_triplet_55	tel	ORG	supplies	sale support	SERVICE	January 2015	December 2015	TEL	2015	TEL_10k_2015.pdf	chunk_1
cat_2016_page_50_chunk_1_triplet_70	cat	ORG	supplies	dealer solution	PRODUCT	January 2016	December 2016	CAT	2016	CAT_10k_2016.pdf	chunk_1
cmcsa_2015_page_9_chunk_1_triplet_18	cmcsa	ORG	supplies	customer billing vendor	COMP	January 2015	December 2015	CMCSA	2015	CMCSA_10k_2015.pdf	chunk_1
grmn_2018_page_17_chunk_1_triplet_21	grmn	ORG	supplies	voice call	PRODUCT	January 2018	December 2018	GRMN	2018	GRMN_10k_2018.pdf	chunk_1
cat_2024_page_62_chunk_1_triplet_22	cat	ORG	supplies	mining equipment	PRODUCT	January 2024	December 2024	CAT	2024	CAT_10k_2024.pdf	chunk_1
well_2024_page_78_chunk_1_triplet_30	well	ORG	supplies	device a	PRODUCT	January 2024	December 2024	WELL	2024	WELL_10k_2024.pdf	chunk_1
well_2024_page_78_chunk_1_triplet_31	well	ORG	supplies	drug x	PRODUCT	January 2024	December 2024	WELL	2024	WELL_10k_2024.pdf	chunk_1
tel_2024_page_6_chunk_1_triplet_17	communication solution	SEGMENT	supplies	dryer	PRODUCT	January 2024	December 2024	TEL	2024	TEL_10k_2024.pdf	chunk_1
grmn_2020_page_9_chunk_1_triplet_16	grmn	ORG	supplies	installation and repair shop	LOGISTICS	January 2020	December 2020	GRMN	2020	GRMN_10k_2020.pdf	chunk_1
cmcsa_2021_page_78_chunk_1_triplet_5	cable communication	SEGMENT	supplies	content	PRODUCT	January 2021	default_end_timestamp	CMCSA	2021	CMCSA_10k_2021.pdf	chunk_1
cmcsa_2018_page_125_chunk_2_triplet_19	steven spielberg	PERSON	supplies	consulting service	PRODUCT	October 2009	default_end_timestamp	CMCSA	2018	CMCSA_10k_2018.pdf	chunk_2
cat_2023_page_82_chunk_1_triplet_25	cat financial	SEGMENT	supplies	secured loan	FIN_INST	January 2023	December 2023	CAT	2023	CAT_10k_2023.pdf	chunk_1
grmn_2018_page_16_chunk_1_triplet_66	fltsafety.com	PRODUCT	supplies	hazard management	PRODUCT	January 2018	December 2018	GRMN	2018	GRMN_10k_2018.pdf	chunk_1
pm_2016_page_7_chunk_1_triplet_18	independent tobacco supplier	COMP	supplies	pm	ORG	January 2016	December 2016	PM	2016	PM_10k_2016.pdf	chunk_1
cnp_2019_page_210_chunk_1_triplet_4	cerc	COMP	supplies	cnp	ORG	January 2019	December 2019	CNP	2019	CNP_10k_2019.pdf	chunk_1
pom_2015_page_71_chunk_3_triplet_8	pepco	COMP	supplies	default electricity supply	PRODUCT	January 2015	December 2015	POM	2015	POM_10k_2015.pdf	chunk_3
grmn_2018_page_16_chunk_1_triplet_40	fltlogic	PRODUCT	supplies	flight scheduling	PRODUCT	January 2018	December 2018	GRMN	2018	GRMN_10k_2018.pdf	chunk_1
cmcsa_2021_page_78_chunk_1_triplet_6	medium	SEGMENT	supplies	content	PRODUCT	January 2021	default_end_timestamp	CMCSA	2021	CMCSA_10k_2021.pdf	chunk_1
cat_2020_page_100_chunk_1_triplet_6	cat	ORG	supplies	caterpillar engine	PRODUCT	January 2020	December 2020	CAT	2020	CAT_10k_2020.pdf	chunk_1
cat_2018_page_32_chunk_1_triplet_30	cat	ORG	supplies	leasing service	PRODUCT	January 2018	December 2018	CAT	2018	CAT_10k_2018.pdf	chunk_1
tel_2018_page_125_chunk_3_triplet_1	tegsa	ORG	supplies	te connectivity ltd .	ORG	January 2018	December 2018	TEL	2018	TEL_10k_2018.pdf	chunk_3
cat_2019_page_39_chunk_1_triplet_32	cat	ORG	supplies	steel	RAW_MATERIAL	January 2019	December 2019	CAT	2019	CAT_10k_2019.pdf	chunk_1
cmcsa_2014_page_92_chunk_1_triplet_19	cmcsa	ORG	supplies	other service	PRODUCT	January 2014	December 2014	CMCSA	2014	CMCSA_10k_2014.pdf	chunk_1
cnp_2018_page_144_chunk_3_triplet_2	cnp	ORG	supplies	indexed debt security	FIN_INST	January 2016	December 2016	CNP	2018	CNP_10k_2018.pdf	chunk_3
tfc_2024_page_127_chunk_3_triplet_28	tfc	ORG	supplies	oil	RAW_MATERIAL	January 2024	December 2024	TFC	2024	TFC_10k_2024.pdf	chunk_3
well_2019_page_84_chunk_2_triplet_1	well	ORG	supplies	sunrise senior living	COMP	January 2019	December 2019	WELL	2019	WELL_10k_2019.pdf	chunk_2
aapl_2016_page_5_chunk_1_triplet_31	aapl	ORG	supplies	connectivity product	PRODUCT	January 2016	December 2016	AAPL	2016	AAPL_10k_2016.pdf	chunk_1
tfc_2023_page_154_chunk_1_triplet_16	tfc	ORG	supplies	investment banking solution	PRODUCT	January 2023	December 2023	TFC	2023	TFC_10k_2023.pdf	chunk_1
cmcsa_2016_page_118_chunk_3_triplet_25	cmcsa	ORG	supplies	entertainment content	PRODUCT	January 2016	December 2016	CMCSA	2016	CMCSA_10k_2016.pdf	chunk_3
rcl_2017_page_23_chunk_1_triplet_6	pullmantur	COMP	supplies	ship	PRODUCT	November 2022	May 2023	RCL	2017	RCL_10k_2017.pdf	chunk_1
cat_2018_page_111_chunk_7_triplet_2	cat financial	COMP	supplies	equipment	PRODUCT	January 2018	default_end_timestamp	CAT	2018	CAT_10k_2018.pdf	chunk_7
cat_2016_page_50_chunk_1_triplet_65	cat	ORG	supplies	part distribution	PRODUCT	January 2016	December 2016	CAT	2016	CAT_10k_2016.pdf	chunk_1
cnp_2021_page_179_chunk_2_triplet_24	cnp	ORG	supplies	sustainable infrastructure service	PRODUCT	December 2021	December 2021	CNP	2021	CNP_10k_2021.pdf	chunk_2
pom_2015_page_123_chunk_1_triplet_12	dpl	COMP	supplies	renewable energy	PRODUCT	January 2015	December 2015	POM	2015	POM_10k_2015.pdf	chunk_1
pom_2015_page_20_chunk_5_triplet_6	wholesale supplier	COMP	supplies	dpl	ORG	January 2015	December 2015	POM	2015	POM_10k_2015.pdf	chunk_5
dxc_2018_page_62_chunk_1_triplet_9	deloitte & touche llp	COMP	supplies	audit service	PRODUCT	January 2018	December 2018	DXC	2018	DXC_10k_2018.pdf	chunk_1
grmn_2019_page_8_chunk_1_triplet_34	grmn	ORG	supplies	ground-clutter suppression	PRODUCT	January 2019	December 2019	GRMN	2019	GRMN_10k_2019.pdf	chunk_1
well_2021_page_51_chunk_1_triplet_14	well	ORG	supplies	proceeds from investment disposition	FIN_METRIC	January 2021	December 2021	WELL	2021	WELL_10k_2021.pdf	chunk_1
grmn_2022_page_9_chunk_1_triplet_11	grmn	ORG	supplies	automobile manufacturer	COMP	January 2022	December 2022	GRMN	2022	GRMN_10k_2022.pdf	chunk_1
pm_2022_page_51_chunk_1_triplet_17	pm	ORG	supplies	u.n. peacekeeping force	ORG_GOV	January 2022	December 2022	PM	2022	PM_10k_2022.pdf	chunk_1
cmcsa_2014_page_71_chunk_5_triplet_24	cmcsa	ORG	supplies	cable service	PRODUCT	January 2014	December 2014	CMCSA	2014	CMCSA_10k_2014.pdf	chunk_5
panw_2022_page_31_chunk_1_triplet_7	panw	ORG	supplies	financing to customer	FIN_INST	January 2022	December 2022	PANW	2022	PANW_10k_2022.pdf	chunk_1
cat_2019_page_116_chunk_5_triplet_18	cat	ORG	supplies	heavy equipment	PRODUCT	January 2019	December 2019	CAT	2019	CAT_10k_2019.pdf	chunk_5
tfc_2019_page_141_chunk_5_triplet_4	tfc	ORG	supplies	client	PERSON	January 2019	December 2019	TFC	2019	TFC_10k_2019.pdf	chunk_5
tel_2022_page_47_chunk_1_triplet_16	tel	ORG	supplies	personal protective equipment	PRODUCT	January 2022	December 2022	TEL	2022	TEL_10k_2022.pdf	chunk_1
cmcsa_2023_page_42_chunk_3_triplet_13	cmcsa	ORG	supplies	wireless device	PRODUCT	January 2023	December 2023	CMCSA	2023	CMCSA_10k_2023.pdf	chunk_3
well_2021_page_126_chunk_1_triplet_27	well	ORG	supplies	apis	RAW_MATERIAL	January 2021	December 2021	WELL	2021	WELL_10k_2021.pdf	chunk_1
aapl_2016_page_5_chunk_1_triplet_37	aapl	ORG	supplies	siri	SERVICE	January 2016	December 2016	AAPL	2016	AAPL_10k_2016.pdf	chunk_1
cnp_2022_page_128_chunk_3_triplet_10	infrastructure service disposal group	SEGMENT	supplies	pipeline repair service	PRODUCT	January 2022	December 2022	CNP	2022	CNP_10k_2022.pdf	chunk_3
grmn_2018_page_16_chunk_1_triplet_8	grmn pilot	PRODUCT	supplies	performance calculation	PRODUCT	January 2018	December 2018	GRMN	2018	GRMN_10k_2018.pdf	chunk_1
grmn_2018_page_16_chunk_1_triplet_48	fltplan.com	PRODUCT	supplies	pre-departure clearance	PRODUCT	January 2018	December 2018	GRMN	2018	GRMN_10k_2018.pdf	chunk_1
rcl_2017_page_97_chunk_1_triplet_3	rcl	COMP	supplies	debt facility	FIN_INST	January 2017	January 2030	RCL	2017	RCL_10k_2017.pdf	chunk_1
cnp_2019_page_33_chunk_1_triplet_10	cnp	ORG	supplies	home repair plan	PRODUCT	January 2019	December 2019	CNP	2019	CNP_10k_2019.pdf	chunk_1
cnp_2020_page_52_chunk_3_triplet_20	centerpoint energy	COMP	supplies	natural gas	RAW_MATERIAL	December 2020	December 2020	CNP	2020	CNP_10k_2020.pdf	chunk_3
grmn_2019_page_8_chunk_1_triplet_37	grmn	ORG	supplies	hail prediction	PRODUCT	January 2019	December 2019	GRMN	2019	GRMN_10k_2019.pdf	chunk_1
grmn_2020_page_9_chunk_1_triplet_14	grmn	ORG	supplies	dealer	LOGISTICS	January 2020	December 2020	GRMN	2020	GRMN_10k_2020.pdf	chunk_1
aap_2017_page_61_chunk_5_triplet_19	gpi	COMP	supplies	independently-owned carquest store	LOGISTICS	January 2017	December 2017	AAP	2017	AAP_10k_2017.pdf	chunk_5
grmn_2018_page_18_chunk_1_triplet_7	grmn	ORG	supplies	chaparral boat , inc .	COMP	January 2018	December 2018	GRMN	2018	GRMN_10k_2018.pdf	chunk_1
khc_2020_page_20_chunk_1_triplet_12	khc	ORG	supplies	meat product	RAW_MATERIAL	January 2020	December 2020	KHC	2020	KHC_10k_2020.pdf	chunk_1
rcl_2016_page_7_chunk_3_triplet_30	asia/pacific	GPE	supplies	cruise guest	FIN_METRIC	January 2016	December 2016	RCL	2016	RCL_10k_2016.pdf	chunk_3
pom_2015_page_155_chunk_1_triplet_18	pepco energy service	SEGMENT	supplies	underground transmission and distribution service	PRODUCT	January 2015	December 2015	POM	2015	POM_10k_2015.pdf	chunk_1
rcl_2022_page_16_chunk_2_triplet_22	meyer werft	COMP	supplies	silver nova	PRODUCT	April 2023	June 2023	RCL	2022	RCL_10k_2022.pdf	chunk_2
cnp_2015_page_8_chunk_3_triplet_10	cnp	ORG	supplies	conocophillips company	COMP	January 2015	December 2015	CNP	2015	CNP_10k_2015.pdf	chunk_3
cat_2022_page_49_chunk_1_triplet_20	cat	ORG	supplies	participate financial institution	FIN_INST	January 2022	December 2022	CAT	2022	CAT_10k_2022.pdf	chunk_1
cmcsa_2014_page_46_chunk_3_triplet_18	cmcsa	ORG	supplies	cable tv service	PRODUCT	default_start_timestamp	default_end_timestamp	CMCSA	2014	CMCSA_10k_2014.pdf	chunk_3
cmcsa_2018_page_31_chunk_1_triplet_9	third-party vendor	COMP	supplies	hardware	PRODUCT	January 2018	December 2018	CMCSA	2018	CMCSA_10k_2018.pdf	chunk_1
cat_2021_page_47_chunk_1_triplet_20	cat	ORG	supplies	participate financial institution	FIN_INST	January 2021	December 2021	CAT	2021	CAT_10k_2021.pdf	chunk_1
cnp_2021_page_11_chunk_1_triplet_20	sigeco	SEGMENT	supplies	natural gas customer	COMP	January 2021	December 2021	CNP	2021	CNP_10k_2021.pdf	chunk_1
vz_2014_page_5_chunk_1_triplet_1	vz	ORG	supplies	apple	COMP	January 2014	December 2014	VZ	2014	VZ_10k_2014.pdf	chunk_1
vz_2014_page_5_chunk_1_triplet_2	vz	ORG	supplies	motorola mobility	COMP	January 2014	December 2014	VZ	2014	VZ_10k_2014.pdf	chunk_1
aap_2017_page_10_chunk_1_triplet_9	vendor	COMP	supplies	aap	ORG	January 2017	December 2017	AAP	2017	AAP_10k_2017.pdf	chunk_1
pom_2015_page_23_chunk_1_triplet_10	ace funding	COMP	supplies	bondable transition property	FIN_INST	January 2015	December 2015	POM	2015	POM_10k_2015.pdf	chunk_1
grmn_2022_page_9_chunk_1_triplet_14	grmn	ORG	supplies	integrate camera solution	PRODUCT	January 2022	December 2022	GRMN	2022	GRMN_10k_2022.pdf	chunk_1
cnp_2017_page_5_chunk_1_triplet_2	cnp	ORG	supplies	electricity	PRODUCT	January 2017	December 2017	CNP	2017	CNP_10k_2017.pdf	chunk_1
cat_2016_page_79_chunk_1_triplet_16	cat	ORG	supplies	reciprocate engine	PRODUCT	January 2016	December 2016	CAT	2016	CAT_10k_2016.pdf	chunk_1
aapl_2016_page_5_chunk_1_triplet_41	aapl	ORG	supplies	gps	FEATURE	January 2016	December 2016	AAPL	2016	AAPL_10k_2016.pdf	chunk_1
grmn_2020_page_7_chunk_1_triplet_14	grmn	ORG	supplies	nmea 2000 radio	PRODUCT	January 2020	December 2020	GRMN	2020	GRMN_10k_2020.pdf	chunk_1
cnp_2023_page_17_chunk_1_triplet_17	centerpoint energy resource corporation	COMP	supplies	natural gas	RAW_MATERIAL	January 2023	December 2023	CNP	2023	CNP_10k_2023.pdf	chunk_1
pom_2015_page_354_chunk_3_triplet_4	pom	ORG	supplies	boiler slag	RAW_MATERIAL	June 1978	May 1983	POM	2015	POM_10k_2015.pdf	chunk_3
pm_2021_page_94_chunk_3_triplet_20	pm	ORG	supplies	altria group , inc .	COMP	January 2021	December 2021	PM	2021	PM_10k_2021.pdf	chunk_3
grmn_2018_page_16_chunk_1_triplet_56	fltplan.com	PRODUCT	supplies	flight logistics/scheduling	PRODUCT	January 2018	December 2018	GRMN	2018	GRMN_10k_2018.pdf	chunk_1
rcl_2022_page_8_chunk_3_triplet_5	rcl	ORG	supplies	clia	ORG	January 2022	December 2022	RCL	2022	RCL_10k_2022.pdf	chunk_3
grmn_2018_page_16_chunk_1_triplet_18	grmn pilot	PRODUCT	supplies	siriusxm radio and weather	PRODUCT	January 2018	December 2018	GRMN	2018	GRMN_10k_2018.pdf	chunk_1
rcl_2020_page_16_chunk_2_triplet_27	meyer werft	COMP	supplies	rcl	ORG	January 2023	March 2023	RCL	2020	RCL_10k_2020.pdf	chunk_2
cat_2020_page_79_chunk_1_triplet_20	cat	ORG	supplies	mak m 461 c engine	PRODUCT	January 2020	December 2020	CAT	2020	CAT_10k_2020.pdf	chunk_1
grmn_2018_page_17_chunk_1_triplet_14	grmn	ORG	supplies	wireless transfer capability	PRODUCT	January 2018	December 2018	GRMN	2018	GRMN_10k_2018.pdf	chunk_1
cnp_2018_page_16_chunk_3_triplet_9	cnp	ORG	supplies	major supplier	COMP	January 2018	December 2022	CNP	2018	CNP_10k_2018.pdf	chunk_3
khc_2019_page_84_chunk_1_triplet_3	khc	ORG	supplies	fixed income manager	PERSON	January 2019	December 2019	KHC	2019	KHC_10k_2019.pdf	chunk_1
grmn_2024_page_7_chunk_1_triplet_22	grmn	ORG	supplies	mission-optimized avionics	PRODUCT	January 2024	December 2024	GRMN	2024	GRMN_10k_2024.pdf	chunk_1
cat_2020_page_79_chunk_1_triplet_19	cat	ORG	supplies	caterpillar ni	COMP	January 2020	December 2020	CAT	2020	CAT_10k_2020.pdf	chunk_1
tel_2017_page_73_chunk_1_triplet_2	deloitte & touche llp	COMP	supplies	tel	ORG	November 2015	November 2015	TEL	2017	TEL_10k_2017.pdf	chunk_1
rcl_2017_page_25_chunk_1_triplet_6	rcl	ORG	supplies	kpmg llp	COMP	January 2017	December 2017	RCL	2017	RCL_10k_2017.pdf	chunk_1
tel_2016_page_8_chunk_3_triplet_9	tel	ORG	supplies	customer	COMP	January 2016	December 2016	TEL	2016	TEL_10k_2016.pdf	chunk_3
cnp_2021_page_191_chunk_1_triplet_2	cnp	ORG	supplies	houston electric	COMP	January 2021	December 2021	CNP	2021	CNP_10k_2021.pdf	chunk_1
dxc_2018_page_62_chunk_1_triplet_8	deloitte & touche llp	COMP	supplies	dxc	ORG	January 2018	December 2018	DXC	2018	DXC_10k_2018.pdf	chunk_1
cmcsa_2015_page_56_chunk_5_triplet_9	nbc sport	COMP	supplies	nascar programming	PRODUCT	January 2015	December 2015	CMCSA	2015	CMCSA_10k_2015.pdf	chunk_5
cnp_2023_page_175_chunk_1_triplet_24	cnp	ORG	supplies	interstate pipeline company	LOGISTICS	January 2023	December 2023	CNP	2023	CNP_10k_2023.pdf	chunk_1
grmn_2024_page_36_chunk_4_triplet_8	grmn	ORG	supplies	jl audio	COMP	January 2024	December 2024	GRMN	2024	GRMN_10k_2024.pdf	chunk_4
rcl_2018_page_100_chunk_5_triplet_5	rcl	ORG	supplies	pullmantur holding	COMP	January 2018	December 2018	RCL	2018	RCL_10k_2018.pdf	chunk_5
cat_2022_page_148_chunk_1_triplet_30	cat	ORG	supplies	power generation solution	PRODUCT	January 2022	December 2022	CAT	2022	CAT_10k_2022.pdf	chunk_1
grmn_2023_page_21_chunk_1_triplet_16	independent dealer	LOGISTICS	supplies	competitor product	PRODUCT	January 2023	December 2023	GRMN	2023	GRMN_10k_2023.pdf	chunk_1
grmn_2018_page_16_chunk_1_triplet_10	grmn pilot	PRODUCT	supplies	airport information	PRODUCT	January 2018	December 2018	GRMN	2018	GRMN_10k_2018.pdf	chunk_1
khc_2016_page_4_chunk_1_triplet_1	mondelēz international	COMP	supplies	kraft food group	COMP	October 2012	October 2012	KHC	2016	KHC_10k_2016.pdf	chunk_1
vz_2023_page_108_chunk_2_triplet_4	vz	ORG	supplies	first union national bank	ORG	December 2000	December 2023	VZ	2023	VZ_10k_2023.pdf	chunk_2
rcl_2016_page_94_chunk_3_triplet_5	rcl	ORG	supplies	pullmantur	COMP	January 2016	December 2016	RCL	2016	RCL_10k_2016.pdf	chunk_3
grmn_2019_page_8_chunk_1_triplet_42	grmn	ORG	supplies	self-monitoring capability	PRODUCT	January 2019	December 2019	GRMN	2019	GRMN_10k_2019.pdf	chunk_1
vz_2015_page_5_chunk_1_triplet_11	vz	ORG	supplies	samsung	COMP	January 2015	December 2015	VZ	2015	VZ_10k_2015.pdf	chunk_1
tfc_2023_page_154_chunk_1_triplet_21	tfc	ORG	supplies	treasury serv	PRODUCT	January 2023	December 2023	TFC	2023	TFC_10k_2023.pdf	chunk_1
cnp_2017_page_46_chunk_1_triplet_16	cerc corp .	COMP	supplies	variable and fixed-price physical natural gas	PRODUCT	January 2017	December 2017	CNP	2017	CNP_10k_2017.pdf	chunk_1
tfc_2023_page_154_chunk_1_triplet_41	tfc	ORG	supplies	legal serv	PRODUCT	January 2023	December 2023	TFC	2023	TFC_10k_2023.pdf	chunk_1
grmn_2018_page_16_chunk_1_triplet_58	fltlogic.com	PRODUCT	supplies	trip request	PRODUCT	January 2018	December 2018	GRMN	2018	GRMN_10k_2018.pdf	chunk_1
khc_2020_page_20_chunk_1_triplet_29	khc	ORG	supplies	cardboard	RAW_MATERIAL	January 2020	December 2020	KHC	2020	KHC_10k_2020.pdf	chunk_1
cnp_2020_page_16_chunk_1_triplet_6	cnp	SEGMENT	supplies	big river electric corporation	COMP	January 2020	December 2020	CNP	2020	CNP_10k_2020.pdf	chunk_1
cnp_2014_page_6_chunk_1_triplet_2	cnp	ORG	supplies	electricity	PRODUCT	January 2014	December 2014	CNP	2014	CNP_10k_2014.pdf	chunk_1
cnp_2017_page_108_chunk_1_triplet_5	cnp	ORG	supplies	service	PRODUCT	April 2016	December 2017	CNP	2017	CNP_10k_2017.pdf	chunk_1
cnp_2016_page_11_chunk_1_triplet_3	cnp	ORG	supplies	specific supplier company	COMP	January 2016	December 2020	CNP	2016	CNP_10k_2016.pdf	chunk_1
tfc_2024_page_145_chunk_1_triplet_9	third-party client	COMP	supplies	ongoing variation margin	FIN_INST	January 2024	December 2024	TFC	2024	TFC_10k_2024.pdf	chunk_1
vz_2017_page_5_chunk_1_triplet_14	vz	ORG	supplies	htc	COMP	January 2017	December 2017	VZ	2017	VZ_10k_2017.pdf	chunk_1
panw_2024_page_86_chunk_1_triplet_7	panw	ORG	supplies	inventory	RAW_MATERIAL	January 2024	December 2024	PANW	2024	PANW_10k_2024.pdf	chunk_1
cmcsa_2021_page_81_chunk_1_triplet_19	cmcsa	ORG	supplies	digital distribution service	PRODUCT	January 2021	December 2021	CMCSA	2021	CMCSA_10k_2021.pdf	chunk_1
cmcsa_2022_page_15_chunk_1_triplet_59	cmcsa	ORG	supplies	third-party video provider	COMP	January 2022	December 2022	CMCSA	2022	CMCSA_10k_2022.pdf	chunk_1
cat_2015_page_109_chunk_5_triplet_2	cat	COMP	supplies	equipment	PRODUCT	January 2015	default_end_timestamp	CAT	2015	CAT_10k_2015.pdf	chunk_5
grmn_2019_page_8_chunk_1_triplet_40	grmn	ORG	supplies	autopilot mode	PRODUCT	January 2019	December 2019	GRMN	2019	GRMN_10k_2019.pdf	chunk_1
cat_2019_page_138_chunk_1_triplet_2	financial product segment	SEGMENT	supplies	finance alternative	FIN_INST	January 2019	December 2019	CAT	2019	CAT_10k_2019.pdf	chunk_1
grmn_2023_page_9_chunk_1_triplet_13	grmn	ORG	supplies	wearable solution	PRODUCT	January 2023	December 2023	GRMN	2023	GRMN_10k_2023.pdf	chunk_1
cnp_2023_page_178_chunk_7_triplet_8	cnp	ORG	supplies	houston electric	COMP	January 2023	December 2023	CNP	2023	CNP_10k_2023.pdf	chunk_7
cnp_2020_page_16_chunk_1_triplet_3	cnp	SEGMENT	supplies	cnp	COMP	January 2020	December 2020	CNP	2020	CNP_10k_2020.pdf	chunk_1
amzn_2017_page_45_chunk_1_triplet_13	amzn	ORG	supplies	third party	COMP	January 2017	December 2017	AMZN	2017	AMZN_10k_2017.pdf	chunk_1
grmn_2020_page_7_chunk_1_triplet_21	grmn	ORG	supplies	synchronize race timer	PRODUCT	January 2020	December 2020	GRMN	2020	GRMN_10k_2020.pdf	chunk_1
aapl_2016_page_74_chunk_1_triplet_10	ernst & young llp	COMP	supplies	aapl	ORG	January 2016	December 2016	AAPL	2016	AAPL_10k_2016.pdf	chunk_1
grmn_2019_page_6_chunk_1_triplet_9	grmn	ORG	supplies	aircraft manufacturer	COMP	January 2019	December 2019	GRMN	2019	GRMN_10k_2019.pdf	chunk_1
grmn_2019_page_6_chunk_1_triplet_2	grmn	ORG	supplies	sdk	CONCEPT	January 2019	December 2019	GRMN	2019	GRMN_10k_2019.pdf	chunk_1
amzn_2020_page_11_chunk_1_triplet_15	amzn	ORG	supplies	technology licensors	COMP	January 2020	December 2020	AMZN	2020	AMZN_10k_2020.pdf	chunk_1
vz_2021_page_78_chunk_3_triplet_9	vz	ORG	supplies	device payment plan agreement receivables	FIN_INST	January 2021	December 2021	VZ	2021	VZ_10k_2021.pdf	chunk_3
cnp_2015_page_7_chunk_1_triplet_25	ngd	SEGMENT	supplies	natural gas	RAW_MATERIAL	January 2015	December 2015	CNP	2015	CNP_10k_2015.pdf	chunk_1
rcl_2019_page_130_chunk_2_triplet_25	meyer turku oy	COMP	supplies	unnamed ( icon-class )	PRODUCT	April 2022	June 2022	RCL	2019	RCL_10k_2019.pdf	chunk_2
rcl_2023_page_120_chunk_2_triplet_16	rcl	COMP	supplies	mein schiff relax	PRODUCT	January 2023	December 2023	RCL	2023	RCL_10k_2023.pdf	chunk_2
tgna_2015_page_12_chunk_1_triplet_18	tgna	ORG	supplies	network	COMP	January 2015	December 2015	TGNA	2015	TGNA_10k_2015.pdf	chunk_1
grmn_2018_page_18_chunk_1_triplet_13	grmn	ORG	supplies	sea hunt	COMP	January 2018	December 2018	GRMN	2018	GRMN_10k_2018.pdf	chunk_1
pom_2015_page_355_chunk_1_triplet_5	pom	COMP	supplies	administrative service	PRODUCT	January 2015	December 2015	POM	2015	POM_10k_2015.pdf	chunk_1
aap_2017_page_25_chunk_1_triplet_9	aap	ORG	supplies	accessory	PRODUCT	January 2017	December 2017	AAP	2017	AAP_10k_2017.pdf	chunk_1
rcl_2015_page_50_chunk_1_triplet_3	tui cruise	COMP	supplies	meyer turku	COMP	January 2015	December 2015	RCL	2015	RCL_10k_2015.pdf	chunk_1
cnp_2021_page_172_chunk_3_triplet_15	cnp	ORG	supplies	natural gas	PRODUCT	January 2021	December 2021	CNP	2021	CNP_10k_2021.pdf	chunk_3
bf-b_2023_page_17_chunk_1_triplet_28	bf-b	ORG	supplies	bottle closure	RAW_MATERIAL	January 2023	December 2023	BF-B	2023	BF-B_10k_2023.pdf	chunk_1
cnp_2022_page_155_chunk_3_triplet_7	cnp	ORG	supplies	enable	COMP	January 2022	January 2022	CNP	2022	CNP_10k_2022.pdf	chunk_3
aapl_2018_page_20_chunk_1_triplet_21	aapl	ORG	supplies	electronic component	RAW_MATERIAL	January 2018	December 2018	AAPL	2018	AAPL_10k_2018.pdf	chunk_1
grmn_2024_page_64_chunk_3_triplet_32	grmn	ORG	supplies	sensor	RAW_MATERIAL	January 2024	December 2024	GRMN	2024	GRMN_10k_2024.pdf	chunk_3
vz_2020_page_99_chunk_2_triplet_21	vz	ORG	supplies	wireless carrier	COMP	January 2020	default_end_timestamp	VZ	2020	VZ_10k_2020.pdf	chunk_2
vz_2020_page_99_chunk_2_triplet_22	vz	ORG	supplies	wireline carrier	COMP	January 2020	default_end_timestamp	VZ	2020	VZ_10k_2020.pdf	chunk_2
cnp_2020_page_201_chunk_1_triplet_3	cnp	ORG	supplies	deloitte & touche llp	COMP	February 2021	February 2021	CNP	2020	CNP_10k_2020.pdf	chunk_1
tel_2021_page_5_chunk_1_triplet_29	tel	ORG	supplies	process control system	SECTOR	January 2021	December 2021	TEL	2021	TEL_10k_2021.pdf	chunk_1
grmn_2018_page_18_chunk_1_triplet_17	grmn	ORG	supplies	yellowfin yacht	COMP	January 2018	December 2018	GRMN	2018	GRMN_10k_2018.pdf	chunk_1
cat_2015_page_107_chunk_7_triplet_1	cat	ORG	supplies	borrower company	COMP	January 2013	December 2013	CAT	2015	CAT_10k_2015.pdf	chunk_7
cnp_2021_page_126_chunk_3_triplet_11	infrastructure service disposal group	COMP	supplies	pipeline construction service	LOGISTICS	January 2021	December 2021	CNP	2021	CNP_10k_2021.pdf	chunk_3
bf-b_2016_page_6_chunk_1_triplet_29	bf-b	ORG	supplies	independent grower	LOGISTICS	January 2016	December 2016	BF-B	2016	BF-B_10k_2016.pdf	chunk_1
cat_2020_page_76_chunk_3_triplet_18	cat	ORG	supplies	mining equipment	PRODUCT	January 2020	December 2020	CAT	2020	CAT_10k_2020.pdf	chunk_3
cat_2021_page_109_chunk_3_triplet_19	cat	ORG	supplies	heavy machinery	PRODUCT	February 2021	November 2021	CAT	2021	CAT_10k_2021.pdf	chunk_3
aapl_2016_page_3_chunk_1_triplet_33	aapl	ORG	supplies	third-party hardware product	PRODUCT	default_start_timestamp	default_end_timestamp	AAPL	2016	AAPL_10k_2016.pdf	chunk_1
rcl_2024_page_6_chunk_3_triplet_5	rcl	ORG	supplies	seatrade insider	COMP	January 2024	December 2024	RCL	2024	RCL_10k_2024.pdf	chunk_3
rcl_2015_page_97_chunk_1_triplet_2	rcl	ORG	supplies	debt facility	FIN_INST	January 2015	January 2030	RCL	2015	RCL_10k_2015.pdf	chunk_1
aap_2015_page_11_chunk_1_triplet_7	aap	ORG	supplies	advance auto part	COMP	January 2015	December 2015	AAP	2015	AAP_10k_2015.pdf	chunk_1
gme_2014_page_10_chunk_1_triplet_16	gme	ORG	supplies	sony	COMP	January 2014	December 2014	GME	2014	GME_10k_2014.pdf	chunk_1
grmn_2018_page_17_chunk_1_triplet_20	grmn	ORG	supplies	global weather data	PRODUCT	January 2018	December 2018	GRMN	2018	GRMN_10k_2018.pdf	chunk_1
aapl_2014_page_6_chunk_1_triplet_22	aapl	ORG	supplies	technical documentation	PRODUCT	January 2014	December 2014	AAPL	2014	AAPL_10k_2014.pdf	chunk_1
pm_2018_page_72_chunk_1_triplet_16	pm	ORG	supplies	marlboro , l & m	PRODUCT	January 2018	December 2018	PM	2018	PM_10k_2018.pdf	chunk_1
aap_2016_page_79_chunk_3_triplet_12	aap	ORG	supplies	domestic car part	PRODUCT	January 2016	December 2016	AAP	2016	AAP_10k_2016.pdf	chunk_3
rcl_2016_page_93_chunk_1_triplet_13	rcl	ORG	supplies	grand bahama shipyard ltd .	LOGISTICS	December 2016	December 2016	RCL	2016	RCL_10k_2016.pdf	chunk_1
grmn_2024_page_34_chunk_1_triplet_10	grmn	ORG	supplies	installation and repair shop	COMP	January 2024	December 2024	GRMN	2024	GRMN_10k_2024.pdf	chunk_1
khc_2018_page_102_chunk_5_triplet_1	khc	ORG	supplies	walmart inc .	COMP	January 2018	December 2018	KHC	2018	KHC_10k_2018.pdf	chunk_5
cnp_2021_page_158_chunk_3_triplet_5	cnp	ORG	supplies	enable	COMP	January 2021	December 2021	CNP	2021	CNP_10k_2021.pdf	chunk_3
pm_2022_page_121_chunk_1_triplet_20	pm	ORG	supplies	tobacco product	PRODUCT	January 2022	December 2022	PM	2022	PM_10k_2022.pdf	chunk_1
gme_2014_page_11_chunk_1_triplet_12	gme	ORG	supplies	wireless product	PRODUCT	default_start_timestamp	default_end_timestamp	GME	2014	GME_10k_2014.pdf	chunk_1
grmn_2015_page_82_chunk_3_triplet_29	grmn	ORG	supplies	aviation dealer	LOGISTICS	January 2015	December 2015	GRMN	2015	GRMN_10k_2015.pdf	chunk_3
aapl_2020_page_15_chunk_1_triplet_21	aapl	ORG	supplies	health data	RISK_FACTOR	January 2020	December 2020	AAPL	2020	AAPL_10k_2020.pdf	chunk_1
cnp_2020_page_203_chunk_1_triplet_8	cnp	COMP	supplies	accounting service	ACCOUNTING_POLICY	December 2019	December 2020	CNP	2020	CNP_10k_2020.pdf	chunk_1
tfc_2024_page_13_chunk_1_triplet_6	tfc	COMP	supplies	dividend from subsidiary	FIN_METRIC	January 2024	December 2024	TFC	2024	TFC_10k_2024.pdf	chunk_1
gme_2014_page_40_chunk_3_triplet_16	gme	ORG	supplies	electronics	PRODUCT	January 2014	December 2014	GME	2014	GME_10k_2014.pdf	chunk_3
grmn_2018_page_14_chunk_1_triplet_30	grmn	ORG	supplies	target trend	PRODUCT	January 2018	December 2018	GRMN	2018	GRMN_10k_2018.pdf	chunk_1
cmcsa_2020_page_12_chunk_1_triplet_18	cmcsa	ORG	supplies	hbo	COMP	January 2020	December 2020	CMCSA	2020	CMCSA_10k_2020.pdf	chunk_1
gme_2014_page_68_chunk_1_triplet_11	gme	ORG	supplies	take-two interactive	COMP	January 2014	December 2014	GME	2014	GME_10k_2014.pdf	chunk_1
grmn_2020_page_7_chunk_1_triplet_31	grmn	ORG	supplies	traffic awareness system	PRODUCT	January 2020	December 2020	GRMN	2020	GRMN_10k_2020.pdf	chunk_1
tfc_2022_page_137_chunk_3_triplet_2	tfc	ORG	supplies	dealer counterparty	COMP	January 2022	December 2022	TFC	2022	TFC_10k_2022.pdf	chunk_3
rcl_2023_page_120_chunk_2_triplet_12	meyer turku oy	SHIPYARD	supplies	unnamed ( meyer turku oy )	PRODUCT	January 2023	December 2023	RCL	2023	RCL_10k_2023.pdf	chunk_2
