1034	3	716	0	0
268	4	269	15	0
1163	43	134	15	0
1501	123	211	15	0
685	60	1535	45	0
389	42	692	45	0
211	71	746	60	0
1503	0	273	75	0
1092	55	1444	75	0
23	0	1247	90	0
383	160	388	90	0
1245	100	1443	120	0
393	110	345	135	0
1378	42	1225	135	0
268	117	1503	135	0
535	42	304	150	0
15	10	1348	165	0
681	51	704	180	0
1501	149	966	195	0
536	80	1503	225	0
1503	130	681	225	0
1131	160	287	300	0
23	42	1590	375	0
1503	0	1047	375	0
219	46	1069	375	0
1247	0	262	405	0
1016	42	224	435	0
1245	46	1304	450	0
1163	10	1276	480	0
1009	80	899	480	0
1271	43	785	495	0
508	10	211	495	0
1275	43	978	510	0
1069	147	613	525	0
224	130	669	555	0
537	0	473	600	0
331	72	134	600	0
1503	42	1131	600	0
1009	2	1092	615	0
900	10	1092	630	0
135	44	134	630	0
679	61	1210	630	0
409	61	1378	645	0
524	83	1131	690	0
1070	43	23	705	0
669	10	591	705	0
1397	46	189	705	0
552	10	793	720	0
1131	63	295	720	0
1508	160	669	735	0
920	42	1483	735	0
1158	93	268	735	0
1435	100	1482	780	0
1445	48	314	810	0
1570	10	748	855	0
494	144	1503	870	0
1444	43	224	870	0
1096	80	965	870	0
1271	3	1270	900	0
670	0	1019	900	0
1503	46	504	915	0
583	83	1398	930	0
311	42	367	930	0
704	83	1104	930	0
1501	157	287	960	0
644	43	9	960	0
1092	60	1503	1035	0
536	98	1482	1035	0
106	157	1503	1050	0
1034	2	631	1065	0
335	157	134	1065	0
114	61	667	1110	0
1158	93	965	1125	0
1131	140	422	1170	0
1503	40	211	1170	0
678	140	1425	1185	0
1034	93	1158	1185	0
1503	80	311	1200	0
1369	40	1096	1200	0
114	157	189	1230	0
900	0	1131	1230	0
667	42	309	1230	0
15	0	1030	1260	0
1158	55	82	1275	0
1503	0	21	1275	0
1006	40	32	1275	0
685	36	1503	1305	0
1135	160	669	1305	0
1431	48	681	1410	0
1503	60	1123	1440	0
1152	46	1435	1455	0
552	0	725	1455	0
1260	48	613	1470	0
389	157	669	1485	0
1487	92	964	1485	0
899	140	240	1485	0
1503	157	118	1500	0
1247	36	282	1515	0
613	10	1501	1515	0
546	7	560	1530	0
671	43	314	1545	0
876	40	1378	1545	0
637	36	309	1560	0
849	43	536	1575	0
681	144	1096	1605	0
556	48	910	1605	0
211	0	342	1620	0
1163	40	21	1620	0
669	100	681	1665	0
965	160	1516	1665	0
1477	40	820	1695	0
874	43	1589	1740	0
198	61	1197	1755	0
1057	48	1559	1800	0
679	91	225	1800	0
1219	157	954	1815	0
1219	80	1282	1830	0
389	0	20	1830	0
1503	71	287	1875	0
134	42	967	1890	0
23	55	1378	1890	0
1398	54	63	1890	0
20	48	1444	1905	0
594	36	1471	1950	0
1158	117	1526	1950	0
1503	36	290	1950	0
1503	42	546	1965	0
116	43	470	1965	0
523	69	1158	1965	0
1201	0	432	1965	0
895	130	799	1995	0
1569	92	1372	1995	0
1503	43	293	1995	0
311	110	74	2025	0
1015	156	546	2085	0
511	72	1503	2085	0
1223	3	1151	2085	0
1173	7	1184	2100	0
1006	10	677	2115	0
358	157	1184	2115	0
309	43	1275	2115	0
152	43	189	2115	0
1048	26	1444	2130	0
21	42	762	2130	0
90	36	910	2130	0
627	157	318	2130	0
1009	0	546	2145	0
1425	122	799	2145	0
293	63	889	2175	0
678	23	48	2190	0
719	100	765	2220	0
224	10	1269	2220	0
672	93	1577	2235	0
1483	42	555	2250	0
1591	144	712	2250	0
521	93	601	2250	0
613	42	546	2265	0
444	14	927	2265	0
1577	159	408	2265	0
837	91	1275	2265	0
1329	55	311	2280	0
644	3	1298	2280	0
546	43	574	2280	0
1416	144	808	2295	0
1349	47	1047	2295	0
1301	10	103	2295	0
1120	110	82	2310	0
1131	144	537	2310	0
1034	5	719	2310	0
1278	2	1562	2325	0
1219	42	1232	2340	0
952	36	788	2340	0
1168	43	1503	2370	0
134	66	965	2400	0
300	45	310	2400	0
669	90	1398	2415	0
1503	83	116	2445	0
1503	40	286	2445	0
649	42	82	2460	0
787	10	1158	2475	0
714	42	1503	2475	0
1570	10	309	2475	0
1131	160	618	2490	0
1490	48	649	2490	0
219	45	1505	2490	0
669	62	1577	2490	0
1194	42	1503	2505	0
536	3	1416	2505	0
1131	147	1503	2520	0
546	55	900	2520	0
1503	144	524	2535	0
21	157	20	2535	0
810	42	1501	2550	0
1158	0	240	2565	0
310	2	246	2580	0
1032	157	1034	2580	0
1092	23	1511	2595	0
1503	3	1025	2595	0
732	3	1505	2595	0
546	43	1525	2610	0
337	144	1503	2610	0
1503	0	295	2625	0
1503	43	876	2625	0
1527	48	1275	2625	0
1440	91	1214	2625	0
1503	48	1338	2655	0
810	43	218	2655	0
1131	43	114	2655	0
1562	93	296	2670	0
1503	117	792	2685	0
1158	157	1515	2685	0
604	10	1092	2700	0
15	0	384	2700	0
1298	48	1158	2700	0
1105	42	974	2715	0
1129	150	345	2715	0
1503	40	40	2745	0
1503	43	1306	2760	0
1102	149	1131	2760	0
670	122	623	2760	0
886	55	1432	2760	0
310	10	101	2775	0
1359	1	311	2775	0
902	42	398	2775	0
965	140	831	2790	0
493	3	1354	2790	0
311	30	1017	2790	0
376	130	330	2790	0
524	157	1034	2805	0
620	87	1217	2805	0
1549	48	1057	2835	0
145	42	1348	2835	0
211	48	1562	2835	0
1503	144	1165	2835	0
1581	42	1528	2835	0
831	157	314	2835	0
670	92	546	2835	0
1166	144	954	2850	0
309	79	1505	2850	0
1101	60	1503	2880	0
1503	93	139	2880	0
681	51	704	2880	0
1254	42	613	2880	0
1399	154	1131	2880	0
1209	91	536	2880	0
1503	0	793	2895	0
725	67	1166	2895	0
997	0	1092	2910	0
1165	100	900	2925	0
1219	157	573	2925	0
21	18	20	2940	0
1503	0	106	2940	0
1503	42	32	2940	0
876	10	1145	2940	0
1505	92	523	2955	0
1361	40	369	2955	0
114	48	773	2985	0
47	93	1092	3000	0
224	55	240	3000	0
1503	40	96	3000	0
1102	10	82	3015	0
376	48	311	3015	0
1359	0	633	3015	0
1503	1	402	3015	0
1245	23	314	3015	0
211	40	876	3015	0
1503	69	1158	3015	0
552	61	1503	3030	0
310	40	1158	3045	0
1549	43	1378	3045	0
181	55	1535	3045	0
1359	100	182	3045	0
290	144	10	3060	0
1275	36	748	3060	0
1482	91	1503	3075	0
681	157	1398	3075	0
20	157	649	3090	0
876	42	224	3090	0
320	48	1503	3090	0
1503	110	1048	3090	0
314	14	965	3105	0
1016	40	367	3135	0
1219	91	23	3150	0
1187	92	1549	3150	0
1000	42	1503	3150	0
609	42	1204	3180	0
345	98	118	3180	0
225	63	1408	3195	0
8	40	269	3195	0
1047	36	1348	3210	0
1349	27	699	3225	0
1511	129	1047	3240	0
784	43	411	3240	0
1200	80	1092	3255	0
332	157	1503	3270	0
1185	106	1275	3270	0
164	72	1378	3285	0
996	91	1503	3285	0
481	40	1158	3285	0
965	42	1501	3285	0
1503	80	1168	3300	0
451	60	1275	3330	0
444	131	1398	3330	0
1219	92	12	3330	0
899	157	1032	3345	0
1503	0	876	3375	0
423	2	669	3390	0
10	157	1503	3390	0
1131	42	1503	3390	0
12	40	1563	3420	0
889	157	1120	3420	0
251	79	1505	3420	0
520	43	508	3435	0
900	93	1034	3435	0
1032	144	746	3450	0
762	43	134	3450	0
1034	48	15	3465	0
280	160	1503	3465	0
513	2	669	3465	0
831	48	1184	3495	0
165	62	1108	3495	0
591	0	783	3495	0
644	36	269	3510	0
644	61	1562	3510	0
57	61	546	3525	0
1275	61	793	3525	0
1348	92	1048	3525	0
1070	10	1503	3525	0
682	72	1096	3540	0
1168	80	651	3540	0
1048	133	1502	3540	0
1196	129	1462	3585	0
896	0	876	3600	0
1581	43	21	3600	0
1535	66	1019	3615	0
1482	48	681	3615	0
546	93	1154	3615	0
1538	10	1544	3615	0
1163	40	269	3630	0
358	98	831	3630	0
537	42	91	3645	0
719	80	1501	3645	0
1184	93	1163	3660	0
118	2	1562	3660	0
272	42	613	3660	0
1572	42	1505	3660	0
1163	36	202	3690	0
1482	54	268	3690	0
21	71	1501	3690	0
574	160	1034	3705	0
1419	43	1503	3720	0
1503	161	1272	3735	0
1246	61	382	3750	0
48	157	670	3765	0
1501	36	1503	3765	0
1482	93	681	3765	0
908	144	781	3780	0
268	157	736	3780	0
1444	93	1092	3810	0
1071	122	1131	3810	0
62	43	1590	3810	0
392	117	723	3810	0
498	157	1503	3825	0
1348	40	1047	3825	0
360	40	273	3825	0
1503	115	268	3825	0
1503	10	309	3840	0
1503	103	1131	3840	0
1436	61	788	3840	0
641	26	679	3855	0
1221	27	231	3855	0
1158	48	1503	3855	0
36	48	1503	3855	0
1131	42	304	3855	0
1146	80	1503	3870	0
546	157	314	3870	0
133	46	959	3870	0
1096	92	1444	3870	0
37	140	1503	3870	0
32	43	1048	3885	0
839	0	1329	3885	0
699	60	1503	3885	0
1501	42	213	3900	0
1503	10	1245	3900	0
1278	10	1501	3900	0
321	88	1104	3915	0
290	48	679	3930	0
1348	66	1158	3930	0
1503	40	1275	3945	0
660	40	1487	3945	0
291	160	229	3945	0
910	40	522	3960	0
580	4	1378	3960	0
106	144	316	3975	0
376	48	1163	3990	0
1528	42	224	3990	0
1503	151	1252	4005	0
314	42	570	4005	0
1054	98	1501	4005	0
562	43	1503	4005	0
1507	4	1440	4005	0
1308	46	1527	4020	0
1096	60	681	4020	0
1173	86	669	4020	0
1246	92	785	4020	0
330	141	1158	4035	0
1503	140	874	4035	0
1210	0	1348	4035	0
739	48	311	4035	0
554	0	788	4050	0
250	30	1503	4050	0
48	147	602	4050	0
309	43	220	4050	0
1503	80	1245	4050	0
529	92	583	4050	0
1359	161	749	4050	0
1287	61	1503	4065	0
1164	48	703	4065	0
188	0	1503	4065	0
211	42	469	4080	0
536	2	669	4080	0
1448	93	1145	4080	0
1121	72	118	4080	0
729	10	309	4080	0
230	157	23	4095	0
681	46	23	4095	0
1503	48	1296	4095	0
134	43	454	4095	0
536	55	525	4125	0
1503	100	1171	4125	0
1378	23	1217	4140	0
1173	61	1577	4140	0
928	48	1503	4155	0
866	36	552	4155	0
1503	42	611	4155	0
1239	48	409	4155	0
1051	40	1169	4170	0
15	100	1502	4170	0
1263	160	1135	4185	0
669	3	1173	4185	0
310	55	451	4185	0
1132	0	1019	4185	0
613	122	1503	4215	0
546	36	1154	4230	0
546	10	1505	4230	0
295	43	48	4230	0
1120	40	1378	4230	0
359	144	1165	4245	0
1183	60	374	4245	0
1180	55	783	4245	0
1354	144	1305	4245	0
224	92	669	4245	0
1275	144	633	4245	0
444	2	1165	4245	0
499	157	1131	4260	0
1503	36	1131	4275	0
1348	92	1048	4290	0
211	46	1158	4290	0
1002	0	1444	4290	0
950	40	1503	4290	0
1063	43	1444	4305	0
1048	46	1301	4305	0
552	4	1010	4305	0
1111	110	1131	4305	0
508	48	669	4320	0
1482	26	1171	4320	0
1034	2	516	4320	0
282	144	1268	4320	0
1503	3	783	4320	0
1544	100	36	4335	0
1480	43	23	4335	0
1503	69	783	4335	0
1245	4	330	4335	0
633	60	671	4350	0
785	42	1432	4350	0
106	10	452	4350	0
1432	43	785	4350	0
1503	1	1490	4350	0
182	2	338	4380	0
785	40	1503	4395	0
1482	40	352	4395	0
927	48	866	4395	0
383	80	429	4395	0
116	40	409	4395	0
1170	106	1503	4410	0
1246	156	1501	4410	0
1487	42	60	4410	0
1503	48	1173	4410	0
1359	26	633	4410	0
1503	40	1245	4425	0
459	160	882	4425	0
468	34	1501	4425	0
681	48	211	4440	0
1503	140	446	4440	0
509	98	1503	4440	0
814	7	73	4440	0
1329	144	1532	4440	0
1219	40	1131	4455	0
48	40	51	4470	0
1444	36	682	4470	0
673	10	546	4470	0
1503	40	876	4485	0
114	43	11	4485	0
1503	110	1053	4485	0
1245	126	993	4500	0
732	157	876	4500	0
1502	48	1218	4515	0
1514	61	434	4530	0
224	40	1131	4530	0
182	110	1219	4545	0
1069	36	224	4545	0
114	63	1168	4575	0
530	42	748	4605	0
1503	43	293	4605	0
1476	0	1503	4620	0
1503	23	669	4650	0
373	0	671	4650	0
15	144	602	4650	0
1245	46	1482	4650	0
1201	144	264	4650	0
853	91	616	4665	0
1549	0	1245	4665	0
1092	0	269	4695	0
172	157	845	4695	0
1221	55	1359	4710	0
904	0	1034	4710	0
616	43	389	4710	0
1163	40	1454	4710	0
1435	61	895	4710	0
20	157	1019	4725	0
1286	0	1503	4725	0
1387	6	345	4725	0
839	60	613	4725	0
1034	0	552	4740	0
1444	133	269	4755	0
311	144	1378	4770	0
1057	42	1501	4800	0
48	43	1503	4815	0
492	100	845	4815	0
1503	10	1471	4815	0
1341	71	716	4815	0
1225	83	352	4815	0
785	0	1503	4815	0
380	93	990	4815	0
1245	43	900	4815	0
1500	43	1580	4815	0
681	157	583	4815	0
536	10	1492	4830	0
876	48	1298	4830	0
18	66	1503	4830	0
1020	92	114	4830	0
1503	98	1416	4830	0
1275	79	1164	4875	0
1482	40	536	4875	0
1419	48	546	4890	0
1503	40	1374	4905	0
1482	92	1503	4920	0
367	48	62	4920	0
513	0	1359	4920	0
358	57	311	4920	0
1035	147	1562	4935	0
147	40	900	4965	0
1158	48	1503	4965	0
678	80	458	4965	0
1120	36	1158	4980	0
669	10	546	4980	0
1503	43	1275	4980	0
1245	3	1246	4995	0
123	7	15	4995	0
459	157	546	5010	0
1503	100	989	5010	0
1165	10	827	5040	0
613	43	1503	5055	0
1336	40	134	5055	0
740	63	1378	5070	0
699	110	968	5070	0
1583	42	1025	5085	0
15	80	193	5085	0
1360	144	1349	5085	0
311	42	295	5085	0
1445	92	1400	5130	0
1165	133	669	5130	0
679	40	583	5130	0
223	144	249	5145	0
446	43	564	5145	0
1047	40	900	5145	0
523	52	381	5145	0
546	72	85	5175	0
1163	26	1092	5175	0
23	43	1592	5175	0
304	48	280	5175	0
444	46	465	5175	0
887	0	224	5190	0
1482	55	1245	5190	0
1503	10	1245	5190	0
570	158	1173	5205	0
1158	46	1296	5205	0
673	46	189	5205	0
224	46	541	5205	0
827	71	1354	5220	0
1275	36	1280	5220	0
737	42	1275	5235	0
555	140	39	5235	0
1503	66	1219	5235	0
508	43	1482	5235	0
1503	40	309	5235	0
1503	0	311	5235	0
427	85	333	5235	0
428	144	1439	5235	0
589	60	1348	5265	0
1502	93	546	5265	0
1378	48	552	5265	0
1298	0	801	5280	0
1057	3	1432	5280	0
1561	27	169	5280	0
1383	7	3	5280	0
910	3	1025	5280	0
641	43	1347	5295	0
669	43	671	5310	0
579	43	448	5310	0
1503	60	650	5310	0
1354	36	1355	5340	0
1181	71	1503	5340	0
129	42	1146	5340	0
114	0	1503	5355	0
1570	81	1544	5355	0
118	144	1476	5370	0
1429	48	1562	5370	0
1270	2	546	5370	0
48	48	611	5370	0
1503	36	311	5385	0
295	0	587	5385	0
602	10	1503	5385	0
219	43	1173	5385	0
481	160	1131	5400	0
605	36	1503	5415	0
1482	22	1483	5415	0
21	160	305	5415	0
1245	42	651	5415	0
48	160	685	5430	0
1111	46	1131	5430	0
1095	36	681	5430	0
1398	149	287	5445	0
1503	46	1298	5445	0
637	13	1131	5460	0
1102	88	122	5460	0
1479	0	1503	5460	0
261	43	233	5460	0
1549	157	1546	5460	0
681	42	409	5475	0
1503	3	1024	5475	0
309	60	465	5475	0
1009	48	1179	5505	0
1163	46	1435	5520	0
783	160	1503	5520	0
189	7	358	5520	0
673	43	168	5535	0
716	3	1009	5535	0
964	43	727	5550	0
893	36	1505	5550	0
182	67	421	5565	0
698	54	1503	5580	0
376	144	21	5580	0
746	10	1034	5580	0
386	48	1158	5595	0
613	36	638	5610	0
367	57	1503	5610	0
48	162	1408	5610	0
1535	65	1260	5625	0
1298	159	37	5625	0
311	48	427	5625	0
602	48	1503	5625	0
903	110	115	5640	0
211	36	587	5640	0
1503	0	311	5640	0
224	45	1551	5640	0
1535	4	1503	5640	0
452	46	1069	5655	0
670	93	669	5655	0
792	157	1078	5655	0
1221	99	496	5670	0
785	117	314	5670	0
228	147	232	5670	0
868	67	834	5670	0
1503	157	1505	5700	0
1051	110	927	5700	0
188	157	856	5700	0
839	92	444	5700	0
1503	48	669	5715	0
546	92	102	5715	0
669	133	1513	5715	0
295	10	916	5715	0
943	56	536	5730	0
36	99	106	5745	0
309	157	546	5760	0
1131	10	1549	5760	0
1399	159	1535	5760	0
348	47	1435	5760	0
1446	46	613	5760	0
740	3	927	5775	0
1501	144	714	5775	0
1015	144	1485	5775	0
1188	43	656	5775	0
1132	0	1378	5790	0
717	42	1381	5790	0
558	10	1169	5790	0
262	48	1292	5805	0
1263	144	1503	5820	0
309	2	389	5820	0
1069	43	211	5820	0
604	42	1184	5820	0
241	43	136	5820	0
407	100	1544	5865	0
1503	46	1089	5865	0
1535	43	463	5865	0
1231	36	4	5880	0
682	149	1096	5880	0
1093	132	1092	5880	0
748	0	1275	5880	0
776	0	1378	5880	0
496	48	633	5880	0
1554	83	817	5895	0
1129	42	536	5895	0
280	104	68	5910	0
1039	36	468	5910	0
1503	43	402	5940	0
1131	118	1419	5940	0
389	91	335	5940	0
1047	46	1444	5955	0
335	80	1158	5970	0
791	0	546	6000	0
748	144	105	6000	0
1069	43	224	6000	0
224	52	876	6015	0
747	48	664	6015	0
740	42	23	6015	0
388	98	345	6030	0
1503	10	1245	6045	0
442	40	1057	6060	0
401	0	1258	6075	0
1531	93	1485	6090	0
699	40	700	6105	0
96	60	423	6105	0
1551	43	816	6105	0
677	140	211	6105	0
237	36	1329	6105	0
887	157	1131	6120	0
681	36	1095	6120	0
503	144	1562	6135	0
1503	48	1275	6135	0
481	10	552	6150	0
575	0	1368	6150	0
1368	23	311	6150	0
669	0	1503	6165	0
340	0	1203	6165	0
681	80	1096	6195	0
1444	132	900	6225	0
492	2	424	6225	0
1093	144	1092	6240	0
669	10	1443	6255	0
224	43	598	6255	0
536	55	311	6270	0
1097	144	887	6270	0
290	100	669	6315	0
900	144	1375	6315	0
940	3	114	6330	0
1	48	1308	6345	0
1035	42	468	6345	0
834	130	225	6345	0
1131	43	1062	6360	0
1432	42	297	6360	0
18	80	1201	6360	0
1034	10	546	6360	0
840	48	839	6375	0
236	0	611	6375	0
669	48	1092	6390	0
537	10	876	6420	0
1129	54	463	6420	0
1482	40	1502	6420	0
1398	0	549	6420	0
345	45	224	6420	0
1286	66	211	6435	0
1092	93	681	6435	0
1047	46	1348	6435	0
669	72	546	6435	0
1131	42	784	6450	0
311	21	1120	6450	0
10	0	1361	6465	0
1292	0	23	6465	0
1184	71	831	6480	0
211	0	1503	6480	0
866	83	15	6480	0
1245	140	237	6480	0
670	92	546	6495	0
103	92	469	6495	0
546	71	335	6510	0
1503	10	309	6510	0
1437	144	88	6510	0
224	72	1505	6555	0
1503	10	1157	6570	0
685	42	1393	6570	0
1477	36	1476	6600	0
1546	48	1158	6600	0
1503	43	810	6600	0
1245	157	1158	6600	0
999	61	1503	6615	0
1275	144	1501	6615	0
1476	42	1028	6630	0
1245	10	1503	6630	0
1378	61	309	6630	0
598	6	1487	6645	0
1170	0	1503	6645	0
256	89	1245	6645	0
742	157	1131	6660	0
699	36	409	6660	0
1254	157	234	6660	0
196	116	1129	6660	0
1398	140	1096	6660	0
1503	36	1505	6660	0
1354	43	1094	6660	0
1517	26	546	6660	0
1286	66	679	6675	0
1503	91	1378	6675	0
1421	40	1523	6690	0
667	55	112	6690	0
21	47	1092	6690	0
949	43	833	6690	0
723	46	1408	6705	0
1096	40	4	6705	0
1131	157	21	6705	0
352	157	1425	6720	0
554	157	1425	6720	0
651	122	669	6720	0
613	0	1042	6735	0
1444	62	669	6735	0
1503	48	309	6735	0
849	43	1425	6735	0
389	36	545	6735	0
1063	10	107	6735	0
574	48	1219	6735	0
1482	0	1483	6750	0
1131	160	295	6750	0
1398	10	918	6750	0
671	40	1398	6750	0
15	36	1503	6765	0
23	42	712	6765	0
1466	91	1381	6765	0
516	130	1035	6780	0
1233	7	354	6795	0
224	0	874	6795	0
316	83	1562	6810	0
877	149	185	6810	0
670	92	1444	6810	0
352	27	1483	6825	0
1503	10	1185	6825	0
1457	144	1063	6825	0
1065	10	793	6825	0
71	36	1165	6855	0
1047	46	1503	6855	0
812	157	1501	6855	0
189	40	1501	6855	0
90	0	194	6870	0
1158	31	669	6870	0
1436	3	203	6870	0
1005	36	139	6900	0
1503	46	15	6900	0
669	48	1057	6915	0
944	10	513	6915	0
74	48	649	6915	0
793	157	1503	6930	0
669	93	1245	6930	0
967	7	724	6945	0
108	55	1119	6960	0
1034	91	1131	6960	0
118	144	1503	6975	0
1367	67	345	6975	0
335	46	1503	6975	0
389	42	953	6975	0
673	100	1466	7020	0
1503	36	888	7020	0
1525	83	546	7020	0
670	92	1503	7020	0
874	46	710	7035	0
211	144	1503	7035	0
749	48	1501	7035	0
1482	36	513	7050	0
1131	40	884	7050	0
224	10	48	7050	0
860	93	1131	7065	0
1440	46	1525	7065	0
1272	144	716	7080	0
282	30	1503	7080	0
211	3	1276	7080	0
1459	110	40	7080	0
967	157	724	7095	0
669	93	1549	7095	0
23	87	115	7110	0
1381	93	1350	7110	0
546	0	1418	7140	0
785	71	546	7140	0
1092	0	21	7155	0
887	43	1120	7155	0
685	42	828	7155	0
723	141	1384	7155	0
1378	61	916	7170	0
255	93	132	7170	0
1444	145	886	7185	0
508	144	716	7185	0
1503	15	1245	7200	0
1131	46	1171	7200	0
250	61	1275	7215	0
314	26	15	7215	0
1482	42	1245	7215	0
810	36	1462	7215	0
1503	83	785	7215	0
1503	3	719	7215	0
716	46	1245	7215	0
900	130	444	7215	0
1337	26	15	7215	0
1503	132	1096	7215	0
1503	15	1245	7230	0
181	66	1164	7230	0
405	43	134	7245	0
552	25	503	7245	0
716	157	546	7260	0
1503	40	139	7260	0
1034	42	262	7260	0
225	62	997	7260	0
1275	43	1503	7260	0
1378	93	224	7260	0
211	140	1503	7260	0
1503	55	345	7275	0
309	7	1396	7275	0
1482	47	4	7275	0
1505	46	1006	7290	0
1523	121	324	7305	0
700	36	1301	7305	0
1275	40	309	7305	0
590	36	420	7305	0
401	0	1092	7305	0
952	40	382	7350	0
1503	100	546	7365	0
18	10	1255	7380	0
1233	7	354	7380	0
1233	40	354	7380	0
268	0	311	7380	0
1032	72	1131	7395	0
1158	10	295	7395	0
1173	83	1503	7395	0
546	92	1535	7395	0
1503	98	1369	7410	0
1503	2	669	7410	0
1503	79	1245	7410	0
1329	144	653	7425	0
1245	40	224	7425	0
151	54	829	7440	0
1245	65	309	7455	0
1015	84	1503	7470	0
508	98	1503	7485	0
1443	129	418	7485	0
1298	48	538	7500	0
21	66	1092	7515	0
268	0	1551	7515	0
633	110	1134	7515	0
311	36	268	7515	0
394	80	1562	7530	0
685	36	876	7530	0
876	0	1503	7545	0
1505	43	1298	7545	0
714	132	1092	7590	0
48	157	118	7590	0
1503	49	393	7635	0
957	10	1275	7635	0
1	42	174	7665	0
1131	144	1503	7665	0
1270	16	905	7680	0
499	92	244	7695	0
499	157	244	7695	0
107	67	1057	7695	0
885	122	273	7695	0
1158	131	1096	7710	0
400	71	1092	7710	0
736	43	268	7755	0
253	40	295	7785	0
873	43	810	7785	0
778	36	1295	7800	0
1590	0	1165	7830	0
1432	43	1463	7830	0
1562	93	218	7830	0
314	4	546	7830	0
1131	149	842	7845	0
1503	3	311	7845	0
134	147	900	7875	0
776	43	606	7890	0
757	43	839	7920	0
1270	47	449	7920	0
792	48	917	7935	0
1298	10	219	7950	0
504	55	1532	7965	0
1501	42	673	7965	0
430	42	642	7965	0
642	43	641	7965	0
546	26	1563	7995	0
1503	157	10	8010	0
959	93	330	8010	0
1482	157	1245	8010	0
910	36	279	8025	0
783	100	678	8040	0
1115	42	670	8070	0
273	7	1503	8085	0
337	144	1201	8085	0
669	0	1210	8100	0
1275	0	1587	8100	0
508	3	1443	8100	0
1503	40	792	8115	0
848	144	1164	8130	0
748	43	1398	8175	0
704	40	444	8190	0
211	36	468	8205	0
1503	40	719	8205	0
1503	43	211	8235	0
348	10	48	8235	0
1138	92	899	8265	0
250	46	309	8310	0
533	61	1503	8310	0
893	45	118	8325	0
1503	60	1092	8370	0
331	40	1047	8400	0
613	43	1131	8400	0
4	40	444	8415	0
69	40	1158	8415	0
508	72	1101	8415	0
1503	160	389	8460	0
1034	80	118	8475	0
314	157	1291	8490	0
801	149	1119	8505	0
1146	98	1122	8520	0
681	43	714	8520	0
1000	42	1503	8535	0
747	10	273	8550	0
215	108	444	8550	0
1503	40	1296	8550	0
786	43	1503	8565	0
1338	43	535	8580	0
856	40	1158	8625	0
375	34	1503	8625	0
32	42	1503	8625	0
115	91	15	8640	0
1355	0	895	8640	0
1503	91	1296	8640	0
1398	157	669	8655	0
46	62	1317	8655	0
331	0	118	8655	0
702	0	1096	8655	0
1503	83	409	8655	0
388	42	137	8670	0
601	0	1503	8670	0
130	42	1431	8685	0
504	46	669	8685	0
114	46	1503	8730	0
669	48	1173	8745	0
887	61	314	8760	0
268	0	669	8760	0
883	55	685	8775	0
48	130	1121	8820	0
1131	80	609	8835	0
1503	0	108	8835	0
1381	42	1275	8865	0
15	2	1034	8895	0
1068	10	1184	8895	0
1015	42	536	8895	0
213	0	876	8895	0
1536	43	1034	8895	0
785	2	1120	8925	0
513	100	23	8940	0
1378	10	134	8940	0
224	66	1549	8955	0
784	110	546	8970	0
1034	0	15	8985	0
23	46	468	8985	0
1419	10	1158	9015	0
900	165	197	9075	0
1158	34	725	9075	0
1219	79	1503	9090	0
515	10	1145	9105	0
224	159	219	9105	0
314	0	704	9120	0
900	157	1535	9135	0
513	46	1101	9180	0
703	0	1131	9225	0
1359	95	1138	9255	0
579	160	1138	9255	0
1482	47	202	9285	0
455	80	1149	9285	0
1299	157	823	9315	0
287	7	76	9345	0
118	10	1000	9390	0
1482	79	1399	9390	0
1275	0	1378	9390	0
23	80	716	9405	0
967	42	1575	9420	0
161	0	1002	9420	0
451	144	137	9435	0
874	48	837	9465	0
335	36	1246	9480	0
1120	26	936	9510	0
1015	91	1503	9510	0
1169	0	1041	9525	0
529	93	583	9525	0
591	10	741	9540	0
529	61	1444	9570	0
1131	157	1073	9570	0
529	161	681	9570	0
106	157	1396	9600	0
354	108	470	9615	0
513	46	1135	9615	0
1019	0	900	9690	0
1092	157	287	9690	0
1505	36	712	9690	0
1158	14	1503	9705	0
673	130	574	9720	0
483	10	1012	9720	0
1441	42	1275	9720	0
678	71	35	9735	0
224	110	1131	9765	0
1245	10	181	9765	0
1503	2	15	9780	0
1501	42	580	9795	0
181	92	451	9795	0
1129	11	144	9825	0
1445	0	314	9825	0
59	102	536	9840	0
641	43	475	9855	0
1330	160	1554	9855	0
1109	75	1399	9885	0
1501	0	1428	9885	0
468	40	470	9900	0
1359	42	613	9930	0
451	27	1528	9960	0
1096	10	681	9960	0
714	36	444	10035	0
268	43	673	10050	0
1318	147	287	10050	0
1204	65	287	10080	0
469	40	15	10080	0
1048	0	1158	10095	0
211	10	224	10125	0
1045	93	1503	10125	0
1312	140	1551	10170	0
1278	10	1501	10170	0
1500	42	265	10215	0
1131	36	261	10215	0
1501	42	1163	10230	0
116	42	536	10230	0
1351	92	1528	10245	0
1034	36	137	10260	0
613	42	114	10275	0
1131	71	155	10275	0
878	144	114	10305	0
1002	42	785	10320	0
1158	43	1271	10320	0
644	92	361	10320	0
1092	48	1096	10335	0
542	131	546	10350	0
463	10	1171	10350	0
309	2	641	10350	0
309	0	641	10350	0
833	42	1325	10365	0
1372	40	1034	10365	0
831	26	409	10380	0
508	110	669	10410	0
1487	141	876	10440	0
1034	43	1348	10440	0
1034	4	1158	10440	0
1281	0	876	10455	0
748	48	1554	10455	0
211	140	468	10485	0
1551	2	1220	10485	0
389	42	739	10515	0
1444	40	681	10515	0
1500	93	127	10530	0
1378	3	105	10545	0
1442	40	81	10575	0
1503	43	1275	10575	0
1102	40	1588	10590	0
1419	48	11	10590	0
537	145	1158	10590	0
1034	40	546	10605	0
829	83	389	10620	0
1096	139	681	10635	0
1398	83	1245	10635	0
134	122	681	10635	0
1245	45	1096	10665	0
1398	162	1204	10665	0
82	0	1425	10680	0
1217	48	1389	10680	0
1503	36	1352	10695	0
1341	6	1131	10710	0
1158	43	853	10740	0
1158	100	1503	10740	0
671	43	672	10740	0
376	65	1326	10755	0
673	2	469	10755	0
735	110	876	10755	0
455	0	118	10770	0
1390	10	1034	10770	0
1302	144	222	10785	0
13	43	1100	10785	0
552	43	770	10830	0
1503	48	1378	10860	0
670	0	1412	10860	0
460	43	1381	10860	0
1445	6	1180	10875	0
1131	80	613	10875	0
224	42	1378	10890	0
455	160	310	10905	0
311	160	202	10920	0
546	0	1503	10920	0
1239	48	1503	10920	0
1487	100	895	10935	0
719	79	1092	10935	0
681	42	1505	10950	0
1345	0	311	10950	0
753	36	1450	10950	0
552	27	80	10950	0
1245	93	887	10965	0
546	100	376	10965	0
1562	40	1158	10980	0
1245	80	1501	10995	0
1158	48	1503	10995	0
451	0	1131	11010	0
613	43	182	11010	0
1432	46	1561	11025	0
1398	10	1047	11025	0
1158	144	1437	11040	0
1298	0	378	11040	0
376	42	1250	11040	0
893	40	1374	11040	0
1562	0	876	11055	0
1503	42	783	11070	0
1034	0	1467	11070	0
965	42	704	11070	0
644	0	339	11070	0
1235	36	797	11070	0
810	46	1541	11070	0
712	69	688	11085	0
1158	60	308	11085	0
47	111	1502	11100	0
1296	42	444	11100	0
106	0	1503	11100	0
282	98	284	11115	0
876	0	433	11145	0
211	55	1503	11145	0
719	144	1165	11145	0
224	36	777	11145	0
48	80	266	11160	0
1204	157	547	11160	0
671	157	1398	11175	0
849	55	1378	11175	0
828	42	682	11190	0
87	10	334	11190	0
1503	1	552	11190	0
1131	42	1462	11205	0
1176	93	669	11205	0
681	93	583	11205	0
1440	55	1245	11205	0
536	43	626	11205	0
1163	55	1361	11235	0
1011	10	441	11235	0
1034	0	314	11235	0
427	26	1246	11235	0
734	43	1004	11235	0
48	43	611	11265	0
681	4	1047	11265	0
1169	48	1503	11265	0
367	3	1501	11265	0
1131	42	1501	11265	0
10	40	15	11280	0
107	4	1503	11280	0
790	92	189	11280	0
1254	144	114	11280	0
1503	10	309	11295	0
536	93	1532	11295	0
114	144	1500	11310	0
543	92	1503	11310	0
1168	0	1503	11310	0
1490	0	392	11325	0
613	43	842	11325	0
1503	60	900	11325	0
216	40	1275	11340	0
106	0	1503	11340	0
259	48	1503	11355	0
416	42	213	11355	0
1382	157	1379	11370	0
762	40	137	11370	0
190	42	1348	11400	0
669	91	591	11400	0
465	55	1381	11400	0
785	0	1334	11415	0
30	48	21	11415	0
106	144	1503	11415	0
1503	10	944	11415	0
1503	36	219	11415	0
113	100	1503	11430	0
1444	83	268	11430	0
291	47	1501	11430	0
484	91	36	11445	0
1255	42	1503	11445	0
1503	10	1217	11460	0
451	100	1503	11460	0
1503	55	1092	11460	0
499	157	114	11460	0
1020	43	114	11460	0
455	110	268	11475	0
389	43	1247	11475	0
1503	10	18	11490	0
387	0	1378	11520	0
1245	110	469	11520	0
1501	48	1286	11520	0
810	10	874	11520	0
1503	48	310	11520	0
240	110	1503	11535	0
1047	43	1245	11535	0
1131	61	1503	11535	0
1503	23	1477	11550	0
310	92	1503	11550	0
1544	4	868	11550	0
269	61	1403	11550	0
1549	40	451	11565	0
562	43	1503	11565	0
437	22	967	11580	0
536	43	508	11580	0
30	42	668	11580	0
1359	71	1503	11580	0
1034	40	910	11580	0
1577	60	887	11610	0
187	26	1275	11610	0
1501	36	1045	11610	0
635	120	139	11610	0
11	133	224	11625	0
1503	54	211	11640	0
1011	140	1165	11640	0
1549	92	189	11640	0
1503	144	1131	11655	0
681	2	740	11655	0
213	91	1501	11655	0
1131	4	524	11655	0
834	80	1422	11655	0
118	144	719	11670	0
927	42	1348	11670	0
1158	120	1503	11685	0
225	0	224	11685	0
1173	43	1503	11685	0
1298	61	1503	11700	0
1397	0	714	11700	0
401	18	513	11715	0
481	93	644	11715	0
269	126	1548	11715	0
719	10	1503	11730	0
583	36	848	11730	0
311	92	1444	11745	0
1275	26	1503	11745	0
375	42	417	11760	0
106	42	1503	11775	0
188	0	1501	11790	0
389	55	736	11805	0
1259	42	1171	11805	0
114	46	115	11820	0
1255	36	1503	11820	0
543	46	1503	11820	0
1163	42	1092	11835	0
546	61	1275	11850	0
1158	41	554	11850	0
224	140	330	11850	0
717	41	1158	11850	0
1275	26	48	11850	0
15	72	465	11865	0
813	119	1131	11880	0
959	43	311	11880	0
910	56	1271	11895	0
114	0	613	11910	0
10	42	36	11910	0
552	2	1035	11910	0
747	42	876	11925	0
1503	157	1499	11925	0
1503	55	1219	11940	0
1416	43	1505	11940	0
648	157	1341	11940	0
705	42	182	11940	0
231	98	189	11955	0
0	98	309	11970	0
427	144	451	11970	0
1513	0	537	11970	0
1047	40	1301	11970	0
1430	42	268	11970	0
1406	40	80	11970	0
517	91	554	11985	0
115	42	326	12015	0
845	40	1163	12015	0
1501	40	311	12030	0
839	144	1329	12030	0
352	130	1491	12030	0
1048	8	1242	12030	0
80	48	1398	12045	0
1363	92	899	12045	0
685	43	1015	12045	0
685	63	895	12045	0
1498	46	1308	12045	0
273	0	588	12045	0
465	62	460	12105	0
1343	157	644	12105	0
765	84	1490	12120	0
876	43	455	12120	0
1501	123	213	12120	0
1455	48	681	12135	0
1158	36	1455	12135	0
1503	72	669	12135	0
552	40	1034	12135	0
1503	48	867	12150	0
23	26	114	12150	0
345	144	924	12150	0
444	40	714	12150	0
1131	144	23	12165	0
1452	40	603	12165	0
1503	91	1501	12165	0
1359	117	1350	12180	0
469	30	311	12180	0
1246	91	1393	12180	0
673	48	188	12180	0
673	10	1435	12195	0
172	40	1270	12195	0
1501	36	1503	12210	0
227	93	1049	12210	0
1482	43	681	12210	0
188	122	1446	12225	0
1547	42	213	12225	0
1535	43	1425	12225	0
188	47	1435	12225	0
1554	144	682	12225	0
714	0	1503	12225	0
714	42	1503	12240	0
1096	124	714	12255	0
268	47	1503	12255	0
444	46	465	12270	0
552	40	1034	12285	0
389	0	211	12285	0
1081	42	310	12285	0
83	23	268	12285	0
10	157	684	12315	0
958	46	1363	12315	0
149	0	1381	12315	0
1034	129	1131	12315	0
1050	0	546	12315	0
537	48	311	12330	0
1389	91	172	12330	0
262	42	119	12330	0
268	43	1105	12330	0
185	144	118	12330	0
1503	92	139	12330	0
1238	10	1132	12330	0
48	48	80	12345	0
383	48	1503	12345	0
699	10	1044	12345	0
1482	26	536	12345	0
1503	48	80	12345	0
1475	40	673	12345	0
1129	93	1503	12345	0
699	40	716	12360	0
15	139	1422	12375	0
554	83	96	12375	0
1245	26	508	12390	0
309	54	1131	12390	0
330	27	1503	12390	0
1503	48	1057	12390	0
508	26	1245	12390	0
61	120	1256	12405	0
503	40	997	12405	0
794	157	716	12405	0
508	47	268	12420	0
657	54	646	12420	0
1503	5	1387	12420	0
683	43	261	12420	0
1435	98	1245	12420	0
1376	10	282	12435	0
1015	0	211	12450	0
899	157	445	12450	0
627	40	1503	12465	0
837	2	309	12465	0
1131	47	764	12480	0
544	61	219	12480	0
1503	48	1296	12480	0
1429	157	106	12480	0
670	159	1399	12495	0
1443	93	1399	12510	0
1503	8	635	12525	0
1525	42	1521	12540	0
1095	0	354	12555	0
1503	48	211	12555	0
1158	0	681	12570	0
268	48	145	12570	0
1503	80	876	12570	0
440	139	1275	12585	0
196	91	1501	12585	0
826	100	601	12600	0
589	0	1503	12600	0
552	157	716	12600	0
268	26	1210	12615	0
1503	80	288	12615	0
1503	2	106	12630	0
465	40	460	12630	0
1399	157	1444	12645	0
1397	67	345	12690	0
445	40	1503	12705	0
508	26	536	12705	0
1503	43	1378	12720	0
1444	0	1483	12720	0
1505	54	1429	12750	0
348	43	469	12750	0
469	43	1396	12750	0
635	42	1165	12780	0
480	10	434	12780	0
1396	42	1503	12780	0
1246	27	785	12780	0
311	10	1503	12795	0
1275	122	1063	12795	0
265	117	1047	12810	0
1131	40	1503	12810	0
731	0	1092	12810	0
900	42	699	12810	0
1047	47	400	12825	0
740	0	213	12825	0
1131	13	1503	12825	0
1503	46	1378	12840	0
1570	0	1503	12840	0
1096	47	681	12855	0
1501	93	681	12855	0
1298	83	348	12885	0
1131	5	1265	12900	0
481	157	1034	12900	0
1180	49	1503	12900	0
1503	42	508	12900	0
719	98	345	12900	0
725	157	481	12900	0
618	157	1135	12900	0
444	44	26	12900	0
49	10	387	12915	0
1562	40	15	12915	0
311	83	87	12915	0
311	56	1245	12915	0
546	130	1378	12930	0
1051	40	1158	12930	0
1286	100	348	12930	0
1503	6	1505	12930	0
1000	160	1503	12930	0
967	66	134	12930	0
552	40	616	12930	0
910	60	1034	12960	0
1341	137	685	12960	0
1163	43	224	12975	0
1419	10	314	12975	0
106	10	814	12975	0
1063	144	96	12975	0
1515	36	793	12975	0
1468	0	876	12975	0
189	108	681	12975	0
1503	0	669	12990	0
546	121	670	12990	0
122	144	80	12990	0
118	157	376	12990	0
1554	157	681	12990	0
314	0	1255	12990	0
1501	10	1296	12990	0
1245	80	1501	13005	0
887	40	1260	13005	0
1245	71	1296	13005	0
569	44	459	13005	0
366	36	1445	13005	0
508	54	268	13005	0
1549	43	1047	13020	0
1158	0	172	13035	0
783	10	1503	13035	0
1158	40	331	13050	0
728	144	1034	13050	0
1503	91	311	13050	0
1503	144	1387	13065	0
1503	0	10	13080	0
1348	26	699	13080	0
536	54	1436	13080	0
1380	40	876	13095	0
1503	105	1165	13095	0
671	48	1303	13110	0
1425	147	1035	13110	0
1503	0	389	13110	0
1348	98	1503	13110	0
1440	40	1329	13110	0
250	109	1503	13125	0
546	46	1032	13125	0
444	42	1271	13125	0
1230	61	36	13140	0
574	160	314	13140	0
1503	48	1255	13140	0
1034	48	1275	13140	0
269	42	1158	13140	0
785	36	1254	13155	0
211	43	1311	13155	0
1158	83	1549	13170	0
1397	42	1275	13185	0
1549	46	15	13200	0
1171	144	486	13200	0
211	43	1462	13200	0
1549	43	268	13200	0
1092	93	1131	13200	0
650	0	887	13200	0
1503	42	1570	13215	0
639	10	1397	13215	0
224	40	874	13215	0
611	110	693	13215	0
1482	28	469	13215	0
1183	80	118	13245	0
1571	60	1045	13260	0
360	42	669	13260	0
1239	43	469	13275	0
508	47	268	13275	0
669	93	1158	13275	0
1157	66	1127	13290	0
1525	91	311	13305	0
1503	48	1158	13320	0
82	0	360	13320	0
1398	161	1245	13320	0
1275	43	94	13320	0
1231	26	1417	13350	0
667	0	340	13350	0
573	157	1503	13365	0
876	42	174	13365	0
1063	100	1146	13365	0
1345	140	783	13365	0
1246	157	1245	13380	0
1131	40	224	13380	0
1158	0	481	13380	0
93	42	444	13380	0
887	40	151	13380	0
1245	36	468	13395	0
15	66	503	13395	0
876	10	1158	13395	0
95	43	552	13410	0
1114	80	1096	13425	0
134	68	546	13425	0
23	42	810	13425	0
748	40	1280	13425	0
1443	54	1482	13425	0
106	55	345	13425	0
224	100	1105	13455	0
1164	79	810	13455	0
508	36	828	13470	0
806	43	1158	13485	0
1217	42	853	13500	0
679	110	468	13545	0
720	100	82	13545	0
1047	42	1503	13560	0
221	97	220	13575	0
644	61	268	13575	0
1503	7	1505	13575	0
1015	46	667	13575	0
669	92	1501	13575	0
107	21	785	13590	0
641	4	691	13605	0
1525	92	314	13605	0
682	0	213	13620	0
1527	91	1275	13620	0
1223	144	967	13635	0
376	42	546	13635	0
681	46	682	13650	0
437	48	536	13650	0
311	3	261	13650	0
624	48	1431	13665	0
676	0	597	13665	0
1503	43	269	13665	0
1490	61	1245	13680	0
910	157	1135	13680	0
1245	46	1051	13680	0
378	0	1034	13695	0
536	42	650	13695	0
613	0	1063	13710	0
48	42	670	13710	0
121	80	1425	13725	0
357	160	574	13725	0
188	36	1465	13725	0
634	46	671	13725	0
1483	71	1056	13725	0
910	0	1092	13740	0
1562	55	118	13740	0
1296	26	1503	13740	0
1389	10	965	13740	0
1482	48	1378	13800	0
145	157	118	13800	0
1445	130	1544	13800	0
301	157	1398	13800	0
1043	56	667	13800	0
574	67	345	13815	0
310	56	23	13815	0
1503	0	1348	13815	0
1169	10	546	13815	0
1271	144	1013	13830	0
1171	80	685	13830	0
810	54	876	13830	0
776	26	1531	13830	0
1092	40	213	13830	0
131	48	1092	13830	0
1120	16	309	13830	0
492	100	530	13845	0
1245	26	669	13845	0
1156	71	1044	13860	0
1096	157	681	13860	0
904	157	1345	13875	0
889	43	992	13890	0
15	55	1092	13890	0
1432	0	1288	13890	0
1271	144	350	13890	0
1482	117	1245	13890	0
217	144	719	13905	0
586	46	1158	13905	0
1444	92	681	13905	0
389	0	103	13905	0
1503	10	887	13935	0
320	40	534	13950	0
1184	157	1131	13950	0
266	42	1117	13950	0
1092	40	1118	13950	0
268	108	1403	13965	0
1418	61	116	13965	0
1503	72	499	13980	0
1487	10	311	13980	0
1444	157	1408	13980	0
15	0	1503	13980	0
1444	157	35	13980	0
1445	0	1503	13995	0
444	40	1444	13995	0
669	42	21	13995	0
1436	43	670	13995	0
1503	147	1419	13995	0
1503	91	1275	13995	0
462	40	1503	13995	0
546	43	738	13995	0
699	36	887	14010	0
1503	68	602	14010	0
1069	92	670	14010	0
669	92	224	14010	0
74	42	929	14025	0
316	83	1503	14040	0
1135	160	1173	14055	0
1393	36	382	14055	0
7	43	876	14055	0
1503	66	1296	14055	0
1218	48	417	14070	0
503	10	1356	14085	0
1246	42	1539	14085	0
956	55	481	14085	0
1483	83	1482	14085	0
814	42	1101	14085	0
1047	46	1503	14100	0
546	0	1131	14100	0
1445	36	1349	14100	0
1444	43	139	14115	0
224	0	718	14115	0
1034	40	311	14115	0
1173	144	111	14115	0
1034	0	303	14115	0
1275	42	1503	14130	0
388	46	1503	14130	0
1019	138	1291	14130	0
1503	42	389	14130	0
1131	144	114	14130	0
776	36	268	14130	0
670	63	762	14145	0
1503	144	670	14145	0
1271	4	1348	14145	0
309	0	220	14145	0
855	42	332	14145	0
1204	157	1059	14160	0
676	36	309	14160	0
224	98	15	14160	0
671	43	1503	14175	0
1158	40	273	14175	0
219	43	1315	14175	0
1429	48	1503	14175	0
137	83	238	14190	0
268	42	1565	14190	0
248	46	1429	14190	0
1057	144	1345	14190	0
1217	48	716	14190	0
15	2	670	14190	0
783	157	1072	14190	0
1322	3	1096	14205	0
1163	10	134	14205	0
1531	10	268	14220	0
96	63	895	14220	0
928	26	1544	14220	0
1036	42	137	14235	0
309	92	1275	14250	0
388	0	887	14250	0
481	10	1503	14250	0
1463	42	739	14265	0
1431	31	546	14265	0
18	140	682	14265	0
1538	144	785	14265	0
1503	55	231	14280	0
224	98	1567	14295	0
1212	130	1551	14310	0
783	46	1503	14310	0
977	0	1503	14340	0
268	47	624	14340	0
311	71	468	14355	0
1217	46	297	14355	0
1073	93	314	14355	0
503	80	1378	14385	0
613	9	633	14385	0
1173	91	547	14385	0
729	43	1378	14385	0
269	144	90	14400	0
1523	36	546	14400	0
1164	10	1503	14400	0
1002	72	10	14400	0
438	43	224	14400	0
1131	43	647	14400	0
345	147	1166	14400	0
137	54	927	14415	0
1503	80	345	14415	0
1052	60	1444	14415	0
1275	157	1263	14415	0
106	93	730	14415	0
959	0	1535	14415	0
134	42	451	14415	0
134	144	679	14415	0
250	46	15	14415	0
1501	36	433	14430	0
1503	110	1291	14430	0
213	46	436	14430	0
1275	43	1158	14430	0
685	47	799	14430	0
1503	42	80	14430	0
1131	146	1318	14430	0
384	0	1168	14445	0
1065	144	118	14445	0
1434	149	48	14445	0
1163	55	246	14460	0
1461	3	145	14475	0
1503	3	1171	14475	0
444	43	681	14475	0
1549	61	118	14475	0
681	40	1084	14490	0
1503	94	1135	14490	0
757	42	145	14490	0
409	10	1480	14490	0
1503	84	1047	14505	0
1158	48	311	14505	0
985	144	220	14505	0
1092	147	808	14505	0
1546	3	389	14520	0
1165	42	866	14520	0
469	40	1558	14535	0
670	90	699	14535	0
809	48	1271	14535	0
1210	61	48	14535	0
389	43	1503	14535	0
1232	157	1101	14550	0
105	46	1503	14550	0
524	139	1101	14550	0
799	42	1503	14550	0
1503	42	1378	14565	0
221	42	268	14565	0
1092	146	1173	14565	0
1503	48	1398	14565	0
1562	36	1503	14565	0
1503	42	158	14595	0
1192	0	1275	14595	0
10	144	731	14610	0
1503	0	1131	14610	0
513	14	546	14625	0
1210	110	1503	14640	0
1298	66	409	14640	0
1503	83	644	14655	0
737	80	345	14655	0
188	144	1165	14655	0
268	47	1403	14670	0
268	36	61	14670	0
1562	63	1503	14685	0
1150	0	685	14685	0
1378	43	310	14700	0
82	128	1480	14700	0
400	10	1230	14715	0
679	147	20	14715	0
927	40	671	14715	0
300	42	126	14730	0
345	98	679	14730	0
268	40	269	14730	0
1503	46	1159	14760	0
295	46	1503	14760	0
1531	46	776	14760	0
1158	79	1444	14760	0
468	46	669	14760	0
1578	0	910	14775	0
215	36	53	14775	0
1188	10	876	14775	0
546	42	1441	14805	0
1503	42	1092	14805	0
1296	48	965	14820	0
258	149	493	14835	0
1503	157	1531	14850	0
1503	91	719	14880	0
1158	40	309	14880	0
1579	42	1101	14895	0
678	3	1158	14895	0
876	144	1503	14895	0
1503	2	509	14895	0
628	0	1131	14895	0
1503	42	874	14910	0
1435	72	720	14910	0
1389	10	1503	14910	0
23	71	224	14910	0
273	5	1503	14910	0
23	40	802	14925	0
1131	157	219	14925	0
469	3	685	14940	0
1034	42	546	14940	0
546	18	23	14955	0
1092	161	639	14955	0
1096	40	196	14955	0
1445	0	1144	14970	0
1047	4	1546	14970	0
106	93	1503	14985	0
354	0	1163	14985	0
196	42	953	14985	0
481	160	1131	14985	0
468	10	1044	15000	0
1209	65	288	15015	0
15	48	1419	15015	0
669	36	670	15015	0
1158	42	1503	15030	0
1158	157	849	15045	0
1501	36	1015	15045	0
1431	36	1378	15060	0
309	48	748	15060	0
176	36	1378	15060	0
1503	143	719	15075	0
669	66	149	15075	0
82	62	304	15090	0
1092	0	1015	15105	0
489	43	1377	15105	0
628	92	40	15105	0
314	48	516	15105	0
691	48	1131	15120	0
1131	36	615	15120	0
149	43	1156	15120	0
21	48	1520	15120	0
1503	42	1551	15120	0
20	157	1408	15135	0
788	40	1398	15135	0
876	157	287	15135	0
1275	43	910	15135	0
1562	87	1308	15135	0
444	36	1382	15135	0
681	0	1000	15180	0
1482	68	1398	15180	0
1378	106	1503	15180	0
1426	157	122	15180	0
499	43	169	15180	0
1503	48	748	15180	0
1131	138	785	15195	0
1363	23	608	15195	0
546	48	1002	15195	0
732	10	314	15210	0
1440	40	141	15210	0
1343	26	23	15210	0
1145	157	1399	15225	0
1169	0	332	15225	0
699	83	309	15225	0
1009	40	1092	15225	0
1306	43	937	15225	0
329	54	114	15225	0
1501	91	546	15240	0
23	2	431	15240	0
1429	10	536	15240	0
1034	100	785	15240	0
81	43	122	15240	0
248	4	499	15255	0
469	145	1482	15255	0
1271	40	1189	15255	0
1051	55	1303	15270	0
1503	0	1275	15270	0
583	42	681	15285	0
309	128	1275	15285	0
1034	10	546	15285	0
1219	91	740	15285	0
604	43	681	15285	0
1482	40	1503	15300	0
1223	42	266	15300	0
472	42	1051	15330	0
1378	93	15	15345	0
1131	147	1275	15345	0
887	60	1146	15345	0
350	42	264	15345	0
345	80	1092	15345	0
510	121	682	15360	0
11	43	1503	15360	0
1120	42	1207	15375	0
23	122	1210	15375	0
1503	54	224	15390	0
685	43	345	15390	0
336	10	1246	15390	0
1501	92	1337	15390	0
627	160	1158	15390	0
1131	40	1487	15405	0
580	48	1147	15420	0
1131	94	138	15420	0
310	26	171	15420	0
1503	3	1025	15420	0
1008	26	1254	15435	0
451	2	1503	15435	0
1348	26	1503	15465	0
1445	43	1503	15465	0
310	57	76	15465	0
719	16	1429	15465	0
669	93	1	15465	0
1378	0	48	15465	0
1345	133	681	15480	0
269	0	1131	15480	0
755	107	311	15495	0
311	107	755	15495	0
748	48	275	15495	0
1503	10	1017	15495	0
543	4	1306	15495	0
980	61	444	15495	0
309	40	211	15525	0
513	10	1308	15525	0
744	0	1503	15525	0
196	40	1051	15525	0
1482	2	669	15540	0
1131	48	811	15555	0
1399	157	1398	15555	0
1462	10	910	15570	0
1235	42	309	15585	0
861	15	1173	15600	0
810	43	1119	15600	0
546	0	282	15600	0
544	157	1503	15615	0
413	157	1307	15615	0
1503	144	1165	15615	0
1246	117	1245	15615	0
496	77	947	15615	0
1163	144	345	15630	0
613	36	1429	15630	0
1110	144	176	15645	0
1048	40	1349	15645	0
1158	71	392	15645	0
366	36	1549	15660	0
287	14	1503	15660	0
48	110	1341	15660	0
268	0	1223	15660	0
723	66	1408	15675	0
508	0	1503	15675	0
787	46	788	15675	0
740	36	23	15690	0
118	3	1193	15690	0
729	26	1219	15690	0
674	48	309	15705	0
314	0	264	15705	0
1158	80	651	15705	0
1436	48	1501	15720	0
681	160	706	15735	0
373	83	1503	15735	0
799	144	895	15750	0
1286	0	1439	15750	0
810	40	993	15750	0
1382	47	1189	15750	0
1503	144	546	15765	0
1503	80	206	15780	0
1245	144	900	15780	0
900	110	1503	15795	0
268	46	841	15795	0
16	10	1047	15795	0
1431	43	1352	15810	0
1204	159	1398	15810	0
185	91	1444	15810	0
1096	134	681	15825	0
1010	0	580	15825	0
1063	40	107	15840	0
1219	83	546	15840	0
345	93	1503	15840	0
832	40	427	15840	0
1389	80	107	15840	0
1503	144	345	15840	0
54	48	322	15840	0
1444	48	635	15840	0
876	4	880	15855	0
1223	40	1445	15855	0
1482	83	1245	15855	0
580	80	1503	15855	0
1574	40	1158	15855	0
1158	46	1047	15855	0
669	46	988	15855	0
1025	40	630	15870	0
1158	10	633	15870	0
1259	144	1165	15870	0
668	144	1131	15870	0
635	91	1444	15870	0
1298	40	1158	15885	0
1503	72	282	15900	0
295	36	1535	15900	0
677	56	1398	15900	0
219	91	1075	15900	0
1131	146	1173	15900	0
1381	93	23	15900	0
118	160	1120	15915	0
1503	43	82	15915	0
118	93	1503	15915	0
451	54	311	15930	0
481	43	1503	15930	0
783	100	309	15945	0
1173	93	1034	15945	0
1275	48	1503	15975	0
593	40	546	15990	0
613	55	1505	15990	0
224	46	694	16005	0
740	54	1188	16020	0
546	42	1239	16020	0
496	55	1503	16020	0
785	26	552	16035	0
1093	40	1034	16035	0
910	43	114	16035	0
1316	135	1503	16050	0
1092	83	1009	16050	0
669	110	469	16050	0
720	83	1092	16050	0
1503	3	310	16050	0
1359	10	188	16065	0
1501	3	719	16065	0
23	43	1343	16080	0
1158	52	48	16080	0
1271	36	757	16095	0
114	158	1131	16095	0
581	40	580	16110	0
899	83	672	16110	0
1503	48	874	16155	0
1503	23	1219	16155	0
1034	10	595	16155	0
874	0	309	16155	0
1329	36	355	16170	0
673	36	1501	16170	0
564	55	48	16185	0
1430	48	810	16185	0
840	92	785	16185	0
48	10	219	16185	0
1503	46	1306	16185	0
681	65	1381	16215	0
278	43	1276	16215	0
613	0	309	16215	0
667	0	839	16215	0
401	157	899	16230	0
1577	48	1270	16230	0
1051	42	213	16230	0
536	40	273	16245	0
628	91	1301	16245	0
314	91	310	16290	0
546	2	983	16290	0
376	148	1466	16290	0
264	36	114	16320	0
1207	48	118	16320	0
1585	36	974	16335	0
1245	0	437	16335	0
1158	46	1420	16335	0
1503	42	202	16335	0
1503	10	1501	16350	0
1503	10	581	16365	0
1503	144	1040	16365	0
668	61	644	16365	0
1003	48	803	16365	0
810	10	1444	16365	0
1346	10	508	16365	0
264	0	137	16395	0
268	52	377	16410	0
1512	61	448	16410	0
1425	66	1092	16425	0
1503	5	483	16425	0
681	100	546	16440	0
1343	39	24	16440	0
1092	160	1535	16440	0
704	48	1502	16440	0
895	145	799	16440	0
1131	32	134	16470	0
601	83	1133	16470	0
795	157	23	16470	0
1505	160	211	16485	0
1503	46	977	16485	0
1337	0	1501	16500	0
853	10	856	16500	0
1398	157	1399	16500	0
684	100	118	16500	0
1165	157	937	16500	0
706	40	1163	16500	0
798	100	797	16515	0
1446	43	1163	16545	0
537	48	748	16545	0
546	144	481	16560	0
295	42	217	16560	0
1158	52	48	16560	0
2	61	454	16560	0
1503	0	406	16575	0
580	10	446	16575	0
1170	144	1131	16575	0
1111	93	1275	16575	0
1503	157	1429	16590	0
268	42	220	16605	0
785	93	311	16605	0
887	43	1525	16605	0
493	160	683	16620	0
716	40	1274	16620	0
477	144	1480	16620	0
23	40	1158	16635	0
106	110	1503	16635	0
268	133	876	16635	0
514	80	1188	16650	0
1585	125	192	16650	0
1254	80	1131	16650	0
1130	10	1503	16650	0
1295	71	959	16650	0
856	55	268	16650	0
693	48	810	16665	0
840	10	839	16665	0
1543	10	1398	16665	0
1396	42	554	16680	0
910	42	1511	16680	0
783	36	613	16680	0
268	136	225	16695	0
667	55	839	16695	0
536	43	493	16710	0
600	40	1503	16710	0
1503	92	1381	16710	0
1034	36	581	16710	0
1505	60	1503	16710	0
230	91	1158	16725	0
224	48	268	16740	0
146	61	1096	16740	0
1168	71	673	16740	0
128	0	1503	16755	0
536	2	900	16755	0
591	93	508	16755	0
1238	92	910	16755	0
345	93	1503	16770	0
1034	6	1389	16770	0
224	36	373	16770	0
224	40	497	16770	0
580	133	669	16770	0
189	0	842	16800	0
106	71	1503	16815	0
1503	48	685	16815	0
118	0	1131	16830	0
434	4	927	16830	0
682	43	681	16830	0
23	144	1006	16830	0
295	42	1561	16830	0
712	63	23	16830	0
977	2	1276	16830	0
543	92	311	16845	0
389	42	1500	16845	0
670	129	345	16845	0
1158	131	810	16845	0
1034	10	716	16860	0
1503	40	546	16860	0
1501	51	1503	16860	0
537	43	1006	16860	0
1370	48	552	16860	0
389	42	1158	16860	0
389	3	1120	16860	0
1577	80	1270	16860	0
1416	42	1173	16860	0
1152	43	353	16875	0
1158	48	1503	16875	0
1	40	670	16890	0
679	40	810	16890	0
149	43	1389	16890	0
552	143	1503	16890	0
63	100	1398	16890	0
114	42	346	16905	0
719	0	1501	16905	0
469	3	1223	16920	0
1355	91	1354	16920	0
189	56	997	16950	0
1217	40	1279	16950	0
1223	26	1503	16950	0
1163	10	39	16950	0
681	144	1554	16950	0
331	40	1158	16950	0
1529	40	1092	16950	0
1503	3	359	16950	0
149	54	354	16950	0
1503	157	1551	16950	0
1549	40	887	16965	0
1503	13	1240	16965	0
1300	64	843	16965	0
1396	159	772	16980	0
1354	36	897	16980	0
783	40	1051	16980	0
1503	83	580	16980	0
1503	46	1463	16980	0
1101	54	114	17010	0
1395	42	311	17010	0
10	117	1465	17025	0
1410	57	699	17025	0
685	40	554	17025	0
142	3	1200	17055	0
508	6	211	17055	0
714	43	1535	17070	0
1535	66	1275	17070	0
1503	50	1029	17070	0
673	47	1444	17085	0
1490	42	699	17085	0
189	92	477	17085	0
483	144	1503	17085	0
700	42	463	17100	0
1245	10	1365	17115	0
465	47	444	17115	0
1378	27	1503	17145	0
792	112	220	17145	0
915	10	1131	17145	0
1135	160	613	17145	0
822	26	1503	17145	0
1017	122	491	17145	0
1298	2	1158	17145	0
70	42	554	17160	0
1116	105	224	17160	0
48	60	1026	17175	0
1308	130	656	17175	0
588	92	23	17190	0
331	40	1034	17205	0
725	50	552	17205	0
591	83	508	17205	0
699	83	1044	17220	0
23	43	48	17250	0
716	146	1165	17265	0
580	52	1089	17265	0
1171	144	716	17280	0
1158	2	581	17280	0
464	40	699	17295	0
478	48	1264	17295	0
1015	43	1503	17295	0
1071	36	114	17295	0
900	129	360	17295	0
1296	157	1503	17310	0
1265	161	1117	17310	0
1131	80	367	17325	0
633	36	1378	17325	0
716	146	1487	17325	0
623	10	670	17340	0
295	48	1503	17340	0
434	71	1501	17355	0
740	3	972	17355	0
451	144	1165	17355	0
876	40	1503	17355	0
1503	9	107	17355	0
240	157	1503	17355	0
1275	26	1131	17355	0
828	56	1007	17370	0
1278	46	106	17370	0
887	0	1546	17385	0
1131	26	1466	17385	0
1503	36	1549	17385	0
1398	100	365	17385	0
1158	48	675	17385	0
1319	46	700	17400	0
1503	42	995	17400	0
1459	121	1453	17400	0
483	144	1503	17415	0
1503	0	335	17415	0
1501	83	224	17430	0
1015	144	1165	17445	0
1146	0	1296	17445	0
900	71	1444	17445	0
1503	122	748	17445	0
669	3	1158	17445	0
423	54	1535	17445	0
1333	0	1443	17445	0
682	36	681	17460	0
741	0	1503	17460	0
106	26	546	17460	0
1398	71	547	17475	0
451	47	552	17490	0
21	98	1158	17505	0
349	7	1158	17505	0
389	36	1275	17505	0
1501	110	613	17520	0
1549	106	783	17550	0
1503	157	1562	17550	0
1034	42	581	17550	0
1503	43	716	17580	0
375	109	1503	17580	0
1165	72	804	17580	0
1477	43	1525	17580	0
537	42	23	17580	0
716	47	15	17595	0
1503	40	106	17595	0
1503	45	1217	17610	0
1482	46	48	17640	0
699	140	134	17670	0
258	80	314	17670	0
681	4	83	17700	0
1503	15	669	17700	0
148	136	149	17715	0
1145	42	716	17730	0
348	92	580	17745	0
20	157	1092	17775	0
114	40	11	17790	0
348	106	530	17805	0
63	130	1482	17805	0
1503	160	1196	17805	0
1245	157	806	17805	0
1275	3	114	17835	0
224	40	1163	17835	0
1279	61	1278	17850	0
1246	0	1490	17865	0
1158	80	580	17865	0
1243	83	839	17895	0
466	3	465	17895	0
23	10	1562	17895	0
282	14	345	17910	0
224	36	777	17925	0
1482	10	876	17925	0
1576	10	214	17925	0
714	48	1561	17940	0
667	100	688	17970	0
669	0	876	17970	0
1169	43	910	18015	0
1174	144	1171	18045	0
444	58	445	18045	0
443	36	1158	18045	0
114	93	546	18060	0
288	40	211	18060	0
1577	157	1271	18060	0
48	36	1529	18060	0
1503	48	211	18075	0
775	100	546	18090	0
107	3	720	18105	0
633	42	1275	18120	0
63	48	1399	18120	0
1502	40	942	18135	0
1503	140	1057	18165	0
1096	0	681	18165	0
1207	80	1010	18195	0
469	0	1503	18210	0
554	54	1503	18210	0
1158	0	537	18210	0
348	43	1057	18210	0
1436	93	188	18225	0
1348	43	658	18255	0
1111	157	1131	18255	0
241	10	1145	18270	0
886	2	345	18270	0
1131	92	1315	18270	0
669	42	1412	18285	0
1171	71	1131	18300	0
910	36	1068	18315	0
1398	157	1425	18315	0
700	57	699	18330	0
1173	123	1562	18345	0
1034	46	137	18360	0
116	93	546	18360	0
536	46	535	18375	0
513	5	508	18390	0
1215	42	893	18405	0
1278	42	1501	18405	0
269	54	876	18405	0
1206	42	744	18420	0
1382	32	1381	18420	0
1309	157	1554	18435	0
1009	10	613	18450	0
1015	91	546	18480	0
1505	43	1063	18480	0
593	43	1444	18480	0
1015	144	1477	18480	0
1409	0	779	18540	0
348	159	580	18540	0
314	43	732	18540	0
1501	60	1279	18540	0
673	42	674	18540	0
678	122	716	18555	0
593	140	1503	18555	0
134	0	927	18555	0
1503	15	268	18570	0
1063	148	118	18570	0
1503	40	703	18585	0
671	138	679	18585	0
740	83	1158	18600	0
546	140	137	18600	0
18	92	15	18630	0
783	157	565	18630	0
82	48	579	18630	0
1120	83	314	18720	0
267	93	1563	18720	0
82	157	1092	18735	0
1171	10	1158	18735	0
1275	54	266	18750	0
1089	40	1097	18750	0
1503	10	546	18765	0
268	42	1247	18765	0
1158	10	455	18780	0
78	160	842	18780	0
604	93	546	18780	0
1503	3	315	18795	0
1445	0	1092	18795	0
1395	140	834	18795	0
1432	48	552	18795	0
1505	40	1503	18810	0
910	80	23	18810	0
788	43	1503	18810	0
1034	93	725	18810	0
552	130	1034	18825	0
1173	125	137	18825	0
1160	42	445	18840	0
1219	0	1551	18840	0
1343	40	23	18870	0
1035	55	1034	18870	0
1503	93	409	18885	0
1246	43	876	18915	0
269	42	513	18945	0
311	43	1503	18945	0
1131	144	1079	18960	0
543	160	1275	18975	0
345	58	1017	18990	0
1535	36	1048	19035	0
1503	43	607	19035	0
1435	46	1238	19035	0
965	42	197	19050	0
134	83	810	19050	0
601	100	1035	19050	0
96	43	1503	19080	0
824	0	1276	19095	0
1562	0	314	19095	0
224	42	1131	19095	0
451	159	1275	19095	0
546	3	669	19125	0
1444	46	669	19125	0
1171	157	1348	19140	0
237	36	592	19170	0
1503	42	106	19200	0
1223	130	1100	19200	0
1503	93	1057	19200	0
537	93	516	19230	0
116	56	1332	19275	0
720	2	876	19275	0
268	76	1120	19290	0
82	0	389	19305	0
740	43	1505	19320	0
672	0	1416	19320	0
445	67	10	19335	0
1401	91	1125	19365	0
1503	80	876	19365	0
1219	46	1131	19365	0
1435	36	395	19395	0
137	61	1429	19425	0
1158	42	398	19425	0
740	0	1487	19440	0
508	83	1482	19440	0
24	66	1503	19470	0
1501	61	1435	19470	0
502	10	1503	19470	0
353	48	1245	19485	0
1034	157	1298	19485	0
1165	71	345	19485	0
1150	46	1443	19500	0
681	159	444	19500	0
313	157	1488	19515	0
1503	3	309	19530	0
1531	48	240	19530	0
574	160	444	19530	0
513	92	23	19545	0
837	42	1145	19560	0
287	42	1291	19560	0
1245	66	1491	19575	0
1503	160	1131	19575	0
1047	0	1025	19575	0
1359	91	446	19575	0
899	42	1291	19590	0
644	100	311	19590	0
1503	48	681	19605	0
268	74	669	19605	0
1296	40	546	19650	0
134	10	271	19650	0
324	80	269	19650	0
1299	122	1	19665	0
1503	0	1000	19710	0
529	40	546	19740	0
580	46	1503	19755	0
331	40	536	19815	0
543	140	777	19815	0
681	42	682	19845	0
1210	163	1275	19860	0
180	129	1399	19860	0
1246	43	1254	19860	0
1500	144	1189	19875	0
627	80	30	19875	0
175	48	1213	19905	0
580	42	1503	19905	0
1399	159	1398	19905	0
659	80	900	19920	0
669	157	1210	19935	0
1188	6	4	19935	0
1048	56	1047	19950	0
1025	0	1501	19965	0
420	40	886	19980	0
638	157	748	19995	0
482	42	1398	19995	0
1504	144	770	20010	0
669	63	1412	20025	0
598	0	1217	20025	0
876	144	1188	20040	0
645	40	1501	20055	0
15	160	1546	20055	0
965	157	489	20070	0
1399	0	900	20070	0
1119	46	644	20085	0
1503	91	580	20085	0
1503	43	651	20085	0
420	72	1165	20085	0
1462	96	149	20100	0
48	55	1343	20130	0
513	43	1501	20145	0
1503	80	114	20145	0
1503	0	309	20160	0
1173	122	900	20160	0
1158	46	23	20175	0
1423	4	311	20175	0
1432	36	219	20175	0
1092	122	1501	20190	0
268	2	1562	20190	0
33	110	1275	20190	0
468	40	1482	20190	0
1275	36	280	20205	0
1503	71	1259	20205	0
1510	100	681	20220	0
1501	11	1145	20235	0
314	43	1092	20235	0
1158	10	810	20250	0
311	0	1447	20265	0
11	40	1551	20265	0
1208	72	669	20265	0
381	36	1396	20265	0
224	10	513	20265	0
1562	42	7	20280	0
114	93	546	20280	0
1131	157	755	20280	0
1501	0	11	20295	0
899	159	1385	20295	0
1503	0	1047	20295	0
1501	40	1279	20310	0
268	46	1503	20325	0
311	36	1462	20325	0
1131	42	785	20340	0
1584	83	1378	20340	0
309	40	114	20355	0
1151	46	1443	20355	0
268	8	1158	20370	0
150	42	268	20370	0
617	40	271	20370	0
619	42	1158	20385	0
1148	42	592	20415	0
1503	10	1011	20415	0
440	139	681	20430	0
910	48	457	20445	0
311	31	546	20460	0
1047	46	1245	20475	0
1158	43	183	20490	0
748	91	1131	20490	0
1503	60	1158	20490	0
892	53	859	20505	0
700	126	114	20505	0
114	147	1135	20520	0
1503	55	268	20520	0
876	40	1503	20535	0
713	43	1158	20535	0
1503	157	1054	20550	0
1444	160	670	20655	0
1425	93	1092	20655	0
1164	80	613	20655	0
1093	0	84	20670	0
1378	101	1167	20670	0
508	48	1120	20670	0
1009	40	681	20670	0
536	150	1165	20670	0
1554	148	583	20685	0
1009	43	682	20685	0
1131	0	1503	20685	0
1245	48	1539	20700	0
860	43	1034	20700	0
1431	63	552	20700	0
874	0	1131	20715	0
82	126	1378	20715	0
1483	0	1206	20715	0
1135	160	1173	20715	0
719	10	376	20715	0
836	60	1378	20715	0
681	40	682	20730	0
682	36	570	20730	0
757	3	1223	20730	0
1131	10	296	20730	0
716	42	137	20730	0
23	42	7	20745	0
444	46	445	20760	0
874	0	703	20760	0
76	144	1034	20760	0
168	43	266	20775	0
636	36	491	20775	0
282	43	1222	20790	0
389	46	7	20790	0
444	93	1188	20790	0
1503	98	876	20790	0
1563	10	215	20805	0
1500	126	1188	20805	0
913	92	424	20805	0
1549	43	311	20820	0
536	157	366	20850	0
358	150	590	20850	0
951	42	45	20850	0
1442	43	168	20850	0
1412	157	670	20850	0
1562	93	314	20865	0
907	0	1549	20865	0
546	40	1303	20865	0
876	10	513	20865	0
314	60	1503	20865	0
876	40	998	20865	0
149	55	536	20880	0
537	43	1503	20925	0
1398	54	1245	20925	0
20	72	21	20925	0
524	147	1131	20925	0
1245	66	927	20925	0
1378	92	677	20925	0
1246	0	1444	20925	0
644	0	481	20940	0
1275	7	673	20940	0
158	144	682	20940	0
1577	14	46	20940	0
818	160	535	20970	0
1245	92	1444	20985	0
1503	10	1462	20985	0
799	157	800	21000	0
1413	26	1247	21000	0
1011	55	1275	21000	0
552	157	1034	21000	0
1544	10	1354	21000	0
1298	92	1158	21000	0
1034	4	1158	21000	0
1501	73	282	21015	0
792	0	389	21015	0
1501	80	211	21015	0
1432	49	23	21015	0
874	0	1308	21015	0
748	42	1503	21030	0
893	43	748	21030	0
1503	42	893	21030	0
455	40	225	21045	0
1500	42	1271	21045	0
1306	160	627	21045	0
268	83	145	21060	0
23	72	1131	21060	0
546	92	23	21060	0
748	48	1503	21075	0
1329	145	225	21090	0
731	42	591	21090	0
1204	36	546	21090	0
394	48	609	21090	0
294	42	1503	21090	0
311	0	613	21105	0
10	140	1503	21105	0
1359	100	899	21120	0
546	66	1408	21120	0
200	134	1000	21135	0
1034	19	546	21135	0
63	140	760	21150	0
127	93	1271	21150	0
1506	26	546	21150	0
1398	93	1483	21150	0
827	157	1236	21150	0
418	122	313	21150	0
1131	144	1562	21165	0
219	130	1057	21165	0
546	40	952	21165	0
1156	36	1080	21165	0
1429	0	1122	21180	0
388	147	508	21180	0
1502	16	20	21195	0
125	43	1292	21195	0
1371	91	1503	21195	0
1068	48	748	21195	0
103	144	1251	21210	0
409	3	314	21210	0
455	80	564	21225	0
118	160	1000	21225	0
682	43	211	21240	0
723	43	1009	21240	0
1044	43	706	21240	0
706	42	1503	21240	0
330	40	423	21240	0
681	34	1503	21255	0
593	42	935	21255	0
748	0	289	21255	0
1554	40	681	21255	0
1034	83	546	21285	0
508	144	1165	21285	0
1481	61	1378	21300	0
1435	98	682	21300	0
96	162	1246	21300	0
268	10	1092	21300	0
644	42	641	21315	0
134	40	213	21330	0
1444	10	82	21330	0
1131	10	650	21345	0
224	36	785	21345	0
1034	92	580	21360	0
1354	27	239	21375	0
1503	10	126	21375	0
1503	100	662	21390	0
1305	151	1411	21405	0
1131	10	1453	21405	0
1551	40	311	21405	0
48	10	1207	21420	0
15	61	529	21420	0
506	163	1093	21420	0
1031	83	114	21435	0
900	110	1482	21450	0
1501	43	30	21450	0
269	36	211	21450	0
1245	110	1047	21465	0
786	3	719	21465	0
1444	0	1482	21480	0
82	117	1482	21480	0
1503	10	48	21495	0
669	157	670	21525	0
1501	47	224	21525	0
1245	46	536	21525	0
199	100	71	21525	0
719	66	1503	21540	0
543	10	311	21555	0
554	110	783	21555	0
1158	46	1161	21555	0
1444	144	115	21570	0
1158	79	1503	21585	0
581	92	580	21585	0
910	48	1251	21585	0
227	42	1329	21600	0
1501	56	114	21600	0
748	92	446	21600	0
1549	43	106	21600	0
932	28	1391	21600	0
651	42	1503	21615	0
268	46	1523	21630	0
899	55	1209	21630	0
1092	26	21	21630	0
71	80	1245	21645	0
1549	133	1245	21645	0
629	10	1163	21645	0
1048	117	1503	21645	0
847	10	311	21660	0
445	79	444	21660	0
1525	83	666	21660	0
1229	157	740	21675	0
1501	91	440	21675	0
1503	0	783	21690	0
114	5	1131	21690	0
1503	43	910	21690	0
1298	4	1503	21705	0
1102	40	286	21705	0
295	40	1275	21720	0
987	43	876	21720	0
1503	40	1535	21735	0
1131	0	331	21735	0
409	0	1245	21750	0
146	140	114	21750	0
1219	42	1158	21750	0
211	10	11	21750	0
1223	42	266	21765	0
1456	43	1163	21765	0
137	43	162	21765	0
1011	91	991	21765	0
1503	144	15	21765	0
1092	40	504	21780	0
137	42	224	21780	0
1505	43	639	21780	0
669	42	679	21795	0
1131	144	887	21795	0
679	92	125	21825	0
580	48	748	21825	0
388	63	1503	21870	0
266	42	48	21885	0
644	42	1168	21900	0
311	100	1111	21915	0
389	160	748	21930	0
1275	42	309	21930	0
1262	95	1204	21930	0
1503	0	635	21945	0
1503	0	1505	21945	0
1350	10	1508	21960	0
1163	56	122	21990	0
168	114	892	21990	0
263	43	1163	21990	0
1158	71	1166	21990	0
878	144	1131	21990	0
1296	110	1501	22005	0
268	100	1226	22005	0
1503	40	876	22005	0
224	48	639	22005	0
225	43	269	22035	0
552	48	76	22035	0
1354	40	1325	22050	0
1009	157	706	22050	0
1196	43	1163	22050	0
1378	140	546	22095	0
670	157	268	22095	0
508	43	669	22110	0
23	54	1158	22110	0
508	0	1158	22110	0
1446	43	513	22125	0
681	40	1084	22140	0
910	93	1501	22170	0
1535	36	1348	22170	0
1406	42	80	22185	0
367	62	669	22185	0
268	56	114	22185	0
1503	93	1296	22200	0
1093	160	899	22200	0
1562	40	1503	22200	0
1158	79	508	22200	0
1503	0	552	22200	0
651	36	1503	22200	0
1275	149	536	22215	0
177	0	1378	22215	0
1188	61	477	22230	0
825	35	546	22230	0
1188	43	48	22230	0
669	26	572	22230	0
1158	40	1446	22245	0
1501	40	1102	22245	0
901	80	681	22245	0
124	27	1482	22260	0
1503	31	797	22260	0
39	36	1158	22260	0
876	144	211	22275	0
1503	0	1057	22275	0
21	55	287	22275	0
806	48	382	22290	0
552	93	1562	22305	0
673	66	1017	22305	0
629	36	32	22305	0
1245	54	699	22320	0
1435	83	268	22335	0
1009	71	546	22350	0
670	2	268	22350	0
224	0	1459	22350	0
628	30	120	22350	0
1271	83	682	22365	0
1501	91	667	22365	0
114	26	468	22365	0
1092	157	899	22380	0
1165	58	1366	22380	0
468	43	508	22380	0
1531	0	1503	22395	0
1102	10	1158	22395	0
667	0	1503	22395	0
48	72	1052	22395	0
1158	42	720	22410	0
1131	144	554	22410	0
346	159	1503	22410	0
1426	26	1503	22410	0
1551	93	225	22425	0
1501	36	910	22425	0
1003	144	275	22425	0
1361	40	1092	22425	0
681	66	1096	22425	0
965	83	1034	22425	0
1503	96	899	22440	0
465	42	1341	22440	0
1501	10	1276	22455	0
185	28	1168	22470	0
1084	10	487	22470	0
1503	43	1111	22470	0
1554	157	1535	22470	0
849	100	80	22485	0
1527	71	224	22485	0
1298	26	1158	22485	0
1348	2	189	22500	0
127	100	687	22500	0
1158	122	311	22500	0
1503	3	1183	22515	0
644	0	23	22515	0
819	10	106	22515	0
887	65	15	22515	0
919	13	1034	22530	0
669	40	381	22530	0
1245	48	1219	22530	0
1325	42	145	22530	0
1445	43	1503	22545	0
137	2	1145	22545	0
1500	42	810	22560	0
1009	2	1146	22560	0
887	42	1158	22560	0
1505	44	868	22560	0
524	40	685	22575	0
1348	93	1120	22575	0
105	61	137	22590	0
640	42	266	22590	0
1490	80	546	22590	0
552	26	649	22590	0
1275	43	960	22605	0
138	100	1314	22605	0
1554	42	681	22605	0
311	55	268	22605	0
1444	0	1092	22605	0
1503	42	1158	22620	0
153	42	398	22620	0
1483	48	1482	22620	0
1503	46	1505	22650	0
296	43	1253	22650	0
1524	42	266	22650	0
1015	91	1503	22665	0
48	40	962	22710	0
601	10	1046	22710	0
1131	110	1130	22725	0
513	4	864	22725	0
1245	48	1145	22725	0
1501	43	224	22725	0
1403	42	1531	22725	0
792	29	1399	22725	0
537	3	880	22725	0
469	5	211	22725	0
116	0	536	22740	0
856	26	1503	22740	0
644	42	1505	22755	0
311	3	563	22755	0
669	10	410	22770	0
1444	36	1445	22770	0
1503	36	1157	22770	0
1501	43	259	22770	0
668	15	1275	22770	0
273	144	1065	22770	0
1023	10	546	22800	0
845	144	345	22800	0
1044	162	394	22800	0
484	100	783	22800	0
887	46	224	22800	0
1503	3	783	22800	0
508	91	23	22815	0
78	160	740	22815	0
1298	36	1158	22830	0
543	6	876	22830	0
1034	61	647	22830	0
682	42	269	22830	0
1092	43	21	22845	0
1055	42	736	22845	0
283	42	1503	22845	0
65	23	1187	22845	0
1503	40	1440	22860	0
15	40	1440	22860	0
681	0	448	22860	0
1503	91	785	22875	0
669	8	1271	22875	0
268	10	1092	22875	0
1131	0	106	22875	0
886	43	1012	22890	0
273	43	1429	22890	0
1280	0	1503	22890	0
906	100	1398	22920	0
511	72	10	22920	0
1093	10	1274	22935	0
224	43	48	22965	0
96	86	934	22965	0
1288	40	1022	22965	0
224	42	1048	22965	0
2	46	618	22995	0
1093	144	1431	23010	0
1501	79	1034	23010	0
1363	157	287	23025	0
783	40	1089	23025	0
1131	80	248	23025	0
268	144	137	23040	0
1034	144	546	23040	0
311	10	262	23040	0
13	36	269	23040	0
282	43	1145	23040	0
1387	144	1503	23040	0
792	4	1503	23040	0
1131	157	719	23040	0
1503	48	1127	23040	0
105	144	1165	23055	0
1294	0	1095	23070	0
543	1	1180	23070	0
1355	60	211	23070	0
965	80	1213	23070	0
224	43	504	23070	0
266	36	168	23085	0
1209	40	635	23085	0
681	0	1503	23100	0
1503	49	1473	23100	0
1503	92	1131	23100	0
221	106	745	23100	0
211	40	444	23100	0
1275	42	1130	23115	0
1131	0	590	23115	0
1445	43	500	23115	0
1345	160	388	23130	0
862	153	1503	23130	0
224	48	1503	23145	0
12	54	1585	23175	0
1553	3	1503	23175	0
345	160	777	23175	0
1131	147	1444	23175	0
273	0	728	23175	0
1091	72	1192	23190	0
513	93	1503	23205	0
1503	26	736	23220	0
1551	34	310	23220	0
134	72	1209	23220	0
1396	42	1524	23235	0
671	4	323	23250	0
673	0	716	23250	0
1505	43	74	23250	0
702	100	311	23265	0
1329	144	699	23265	0
1441	61	546	23265	0
546	80	1298	23265	0
554	36	874	23265	0
953	140	273	23280	0
1566	36	1266	23310	0
569	42	1140	23310	0
1444	43	682	23325	0
376	91	601	23325	0
616	4	1503	23340	0
1073	40	1501	23340	0
446	160	1354	23340	0
1549	10	1092	23355	0
582	36	1503	23355	0
1398	40	670	23355	0
1398	40	1245	23355	0
941	42	1531	23355	0
1180	8	1503	23400	0
681	48	1096	23415	0
374	117	719	23415	0
1275	46	1503	23415	0
1093	0	1296	23430	0
15	10	783	23445	0
726	42	1535	23445	0
1460	42	584	23445	0
793	40	1503	23460	0
1331	10	553	23490	0
10	110	1277	23490	0
1503	80	552	23505	0
766	48	1445	23505	0
983	10	1536	23505	0
304	48	269	23520	0
719	42	1165	23520	0
268	108	311	23535	0
669	43	679	23535	0
1275	48	552	23535	0
512	42	1456	23565	0
1131	42	537	23565	0
427	147	175	23565	0
1097	144	1503	23565	0
1458	40	1213	23565	0
681	10	171	23580	0
975	42	524	23580	0
740	10	977	23580	0
1158	40	1505	23610	0
1443	60	1503	23625	0
1146	48	1427	23625	0
123	0	748	23625	0
1444	48	211	23640	0
1503	149	785	23640	0
878	4	311	23640	0
1254	48	171	23655	0
516	96	546	23670	0
1531	40	220	23670	0
23	40	598	23670	0
546	48	844	23670	0
1196	72	309	23685	0
149	60	468	23685	0
1184	71	831	23685	0
1347	42	1047	23685	0
1503	36	681	23700	0
1209	83	682	23700	0
1433	92	546	23730	0
1390	144	1503	23745	0
1035	56	222	23760	0
1275	43	224	23760	0
171	71	1096	23760	0
1138	157	1107	23760	0
977	100	18	23775	0
168	83	1503	23775	0
374	10	1493	23775	0
189	40	1503	23775	0
1501	48	644	23775	0
287	42	1443	23775	0
188	46	1435	23790	0
934	42	282	23790	0
876	71	1503	23790	0
1158	10	1102	23790	0
748	43	1503	23790	0
268	61	757	23805	0
669	122	1158	23805	0
929	1	1482	23820	0
1163	0	1303	23820	0
97	47	1017	23820	0
1034	42	1219	23820	0
1466	0	15	23820	0
1169	10	23	23820	0
1503	42	573	23835	0
1503	10	137	23835	0
681	46	1092	23850	0
1092	84	601	23850	0
1120	0	700	23850	0
1158	122	366	23850	0
314	98	1158	23865	0
513	36	1501	23865	0
1158	47	362	23865	0
508	36	1328	23865	0
1562	36	452	23880	0
1259	0	1283	23880	0
1034	48	1433	23880	0
1219	42	1275	23880	0
116	122	667	23880	0
1245	159	1070	23895	0
734	46	552	23895	0
1482	144	716	23895	0
1396	48	47	23895	0
952	43	1487	23910	0
1194	2	681	23910	0
15	8	48	23925	0
389	61	499	23925	0
1034	55	1469	23940	0
1378	122	876	23940	0
48	92	1503	23955	0
876	147	409	23955	0
220	55	1531	23955	0
829	48	1034	23955	0
621	130	1270	23970	0
1188	0	34	23970	0
432	0	1546	23970	0
1503	110	1047	23985	0
311	63	1503	23985	0
451	42	1261	23985	0
1503	144	268	23985	0
1096	106	681	23985	0
1158	54	1445	24015	0
1093	10	1092	24015	0
591	40	1001	24015	0
481	40	309	24030	0
1413	129	1205	24030	0
1503	0	1442	24030	0
269	140	310	24030	0
448	36	536	24060	0
1554	157	1194	24060	0
1503	10	409	24075	0
1000	42	1013	24075	0
427	54	874	24075	0
814	143	1503	24075	0
1445	3	1503	24075	0
158	40	536	24075	0
953	92	1444	24090	0
669	91	766	24090	0
1526	98	1246	24090	0
554	2	351	24090	0
1503	72	1158	24090	0
1503	93	789	24090	0
613	43	1503	24090	0
311	27	1183	24120	0
552	10	1503	24135	0
23	144	460	24135	0
942	36	211	24135	0
1096	10	681	24150	0
590	43	52	24150	0
224	160	1139	24165	0
681	0	1503	24180	0
546	40	54	24180	0
446	42	1188	24180	0
1221	42	67	24195	0
1057	20	1245	24195	0
268	69	842	24195	0
719	3	1354	24195	0
503	48	452	24195	0
1223	10	1501	24195	0
264	40	732	24210	0
700	103	114	24210	0
651	93	578	24210	0
1399	93	546	24210	0
1354	3	1515	24210	0
1490	61	1245	24210	0
1503	46	1511	24210	0
211	42	908	24225	0
673	61	48	24225	0
1243	98	82	24225	0
309	48	1275	24240	0
908	43	552	24240	0
1503	46	309	24240	0
314	10	1158	24255	0
699	3	700	24255	0
224	10	225	24255	0
1259	26	1191	24255	0
1261	100	68	24255	0
1099	43	699	24255	0
1047	157	1245	24270	0
1399	10	1398	24270	0
114	43	1131	24270	0
1275	0	706	24285	0
1275	26	613	24285	0
54	0	682	24285	0
1503	36	543	24285	0
1275	48	748	24285	0
1503	144	345	24285	0
552	4	314	24285	0
876	46	815	24285	0
706	43	1510	24285	0
666	83	682	24300	0
495	40	719	24300	0
1275	54	106	24315	0
1503	83	783	24315	0
114	141	1275	24315	0
1503	160	1403	24315	0
1119	48	748	24315	0
1445	41	1503	24330	0
886	43	887	24330	0
481	0	299	24330	0
455	46	837	24345	0
1503	2	389	24345	0
1261	36	137	24360	0
1554	40	681	24375	0
1319	36	700	24375	0
999	10	1503	24375	0
1143	54	1515	24390	0
984	46	777	24390	0
1131	40	1069	24405	0
673	140	1275	24405	0
1104	46	910	24405	0
1503	160	393	24405	0
952	91	706	24420	0
345	144	748	24420	0
352	40	714	24420	0
1549	43	876	24435	0
23	42	797	24435	0
400	5	449	24435	0
291	42	748	24435	0
268	151	1057	24435	0
265	0	783	24480	0
306	79	1158	24480	0
749	157	714	24480	0
106	42	1503	24480	0
1158	109	1503	24480	0
1275	43	503	24480	0
21	2	1290	24495	0
71	157	1503	24495	0
1131	42	114	24510	0
716	140	739	24510	0
11	147	810	24510	0
1531	43	1503	24510	0
23	40	446	24525	0
1444	42	211	24525	0
1111	43	1158	24525	0
1378	43	1503	24525	0
910	3	783	24525	0
546	10	1034	24525	0
1505	10	211	24525	0
1361	47	213	24525	0
2	42	1503	24540	0
1502	92	296	24540	0
785	40	657	24540	0
1047	10	1562	24555	0
1503	55	1245	24555	0
1359	0	149	24555	0
681	20	265	24555	0
224	10	1503	24555	0
682	144	1096	24570	0
1503	40	1219	24570	0
1429	10	2	24570	0
9	10	295	24570	0
1298	0	1034	24570	0
552	46	591	24585	0
1503	144	559	24585	0
543	10	1503	24585	0
1047	47	1445	24585	0
1158	10	1503	24585	0
268	47	1503	24585	0
1271	40	1163	24585	0
23	40	688	24600	0
189	139	48	24600	0
889	43	293	24600	0
213	42	821	24600	0
1503	46	409	24615	0
977	10	1158	24630	0
423	36	1266	24630	0
682	45	1503	24630	0
681	36	965	24630	0
1503	2	581	24630	0
277	46	693	24645	0
200	36	1535	24645	0
1224	0	309	24645	0
1503	26	785	24645	0
1210	0	1243	24645	0
1341	148	1535	24660	0
224	42	1047	24675	0
1503	89	1181	24675	0
959	36	682	24675	0
211	93	1503	24690	0
98	10	282	24690	0
591	40	1398	24705	0
211	42	681	24705	0
1410	4	264	24705	0
290	66	740	24705	0
1190	54	956	24720	0
1389	42	570	24720	0
900	129	1399	24720	0
1503	0	1131	24735	0
910	26	211	24750	0
1122	157	1445	24765	0
1165	144	1503	24765	0
1444	41	1158	24780	0
994	83	876	24780	0
15	48	1047	24795	0
1503	3	1223	24795	0
1503	93	524	24810	0
719	42	107	24810	0
1139	157	609	24825	0
1034	48	552	24825	0
476	137	1503	24840	0
1267	40	268	24840	0
1131	144	451	24855	0
95	48	1478	24855	0
681	0	1210	24855	0
1279	61	1275	24870	0
114	56	699	24870	0
1104	40	949	24885	0
1503	51	448	24885	0
168	43	585	24885	0
681	42	219	24885	0
106	10	314	24900	0
965	10	546	24900	0
793	157	1346	24915	0
445	40	714	24915	0
1275	4	1219	24930	0
546	100	1591	24930	0
927	0	681	24930	0
1562	157	956	24945	0
1531	42	1027	24945	0
1484	44	1092	24945	0
1298	92	15	24990	0
115	40	699	24990	0
314	36	682	24990	0
1395	92	269	25005	0
546	29	787	25005	0
1554	42	681	25005	0
1519	0	927	25020	0
1444	111	1096	25020	0
709	26	1234	25020	0
1032	46	1582	25020	0
1503	130	1255	25020	0
894	46	1158	25035	0
1549	148	1096	25035	0
816	100	1317	25035	0
1503	36	387	25065	0
546	55	389	25065	0
685	145	965	25065	0
635	40	266	25080	0
82	10	1163	25080	0
15	61	37	25095	0
23	92	366	25095	0
1378	40	876	25095	0
311	61	22	25095	0
1500	0	309	25110	0
681	42	28	25110	0
836	46	1034	25110	0
118	80	813	25110	0
508	54	1501	25125	0
345	81	1131	25125	0
543	42	1503	25125	0
513	36	189	25140	0
1057	46	1503	25140	0
1503	46	311	25155	0
1503	36	1127	25155	0
134	40	546	25170	0
468	130	56	25170	0
262	3	535	25185	0
1501	26	1279	25185	0
1245	46	1483	25200	0
188	31	513	25200	0
889	144	1131	25200	0
1165	144	1016	25200	0
1023	42	889	25200	0
1482	56	681	25245	0
76	55	301	25275	0
118	160	1131	25275	0
23	10	876	25275	0
699	122	900	25275	0
554	66	1482	25275	0
546	80	1551	25320	0
1325	144	1131	25320	0
309	36	1503	25320	0
1245	40	1482	25320	0
1503	83	1057	25335	0
1131	3	1019	25335	0
1240	46	979	25335	0
240	6	546	25335	0
639	48	1478	25335	0
1398	117	30	25350	0
423	43	48	25350	0
546	43	19	25350	0
15	42	1063	25350	0
748	10	703	25365	0
549	7	1145	25365	0
1265	48	32	25365	0
1399	40	677	25380	0
1591	42	750	25380	0
774	10	1503	25395	0
1275	43	1503	25395	0
1503	10	266	25410	0
957	43	23	25410	0
1503	110	887	25410	0
345	46	1053	25410	0
1084	48	1378	25410	0
1173	42	1298	25425	0
928	40	1168	25425	0
1296	110	1503	25425	0
933	43	1378	25425	0
1590	42	588	25425	0
1131	40	1275	25455	0
1296	48	1549	25455	0
471	10	203	25455	0
536	46	535	25455	0
1444	148	725	25455	0
927	0	887	25470	0
82	157	1317	25470	0
1112	40	311	25485	0
706	0	273	25485	0
114	48	389	25485	0
453	3	1223	25485	0
1503	93	580	25485	0
1501	36	513	25485	0
1503	4	900	25530	0
1158	10	1501	25530	0
1343	35	311	25530	0
196	42	189	25530	0
679	42	682	25545	0
668	10	211	25545	0
261	141	240	25545	0
819	3	1015	25575	0
813	48	706	25575	0
1245	26	1482	25590	0
535	66	536	25590	0
1385	5	225	25590	0
211	10	1455	25590	0
973	7	1188	25590	0
1503	42	592	25590	0
1131	157	1358	25590	0
1209	150	842	25590	0
295	26	1503	25605	0
1545	144	1503	25605	0
1158	3	204	25620	0
546	71	326	25635	0
1158	62	1241	25635	0
1399	40	900	25635	0
1320	40	699	25635	0
1503	59	546	25635	0
21	34	77	25635	0
731	157	1131	25635	0
1025	0	546	25635	0
1015	12	508	25635	0
546	160	1444	25650	0
673	40	912	25650	0
1223	34	810	25680	0
1503	61	546	25680	0
893	40	1503	25680	0
814	3	189	25695	0
11	93	451	25695	0
314	61	1562	25695	0
1503	157	1238	25710	0
1326	46	1092	25710	0
681	26	714	25710	0
1501	10	427	25710	0
1053	144	721	25710	0
1502	36	47	25725	0
1135	160	341	25725	0
681	40	546	25725	0
1562	0	101	25740	0
1460	3	783	25740	0
1503	93	1246	25740	0
310	10	489	25740	0
1131	157	1549	25740	0
309	48	1503	25740	0
211	0	546	25755	0
1444	0	1168	25755	0
1083	40	147	25755	0
736	42	1547	25755	0
1503	43	96	25770	0
186	99	311	25770	0
1398	43	1308	25770	0
1359	157	499	25770	0
21	157	118	25770	0
1501	55	189	25770	0
266	10	468	25770	0
1503	40	224	25830	0
1445	0	1503	25830	0
1275	46	1396	25845	0
412	24	910	25860	0
1503	60	552	25875	0
300	36	1457	25875	0
1359	3	554	25890	0
1083	40	1396	25905	0
1445	92	1503	25920	0
699	10	963	25920	0
406	5	1503	25920	0
876	0	1169	25920	0
370	157	1503	25920	0
211	42	876	25920	0
810	43	1397	25935	0
1487	144	314	25935	0
1246	80	1245	25935	0
1232	160	1503	25935	0
1570	5	1387	25935	0
552	43	1034	25935	0
1482	92	309	25950	0
1398	46	1483	25950	0
1223	0	1097	25965	0
546	40	1503	25965	0
1163	3	1017	25980	0
399	21	1503	25980	0
444	5	106	25980	0
1441	100	311	25980	0
137	83	281	25980	0
1275	43	1503	25980	0
546	100	451	25995	0
1246	0	225	25995	0
1503	42	231	25995	0
269	10	1503	26010	0
388	80	1166	26010	0
593	2	1378	26010	0
1034	92	1158	26010	0
1296	92	546	26025	0
1044	42	1199	26025	0
893	106	107	26025	0
1503	26	783	26025	0
1568	2	1146	26025	0
1531	91	1352	26025	0
1535	157	1554	26040	0
1096	10	682	26040	0
1245	91	669	26040	0
986	36	1092	26070	0
1501	92	546	26085	0
224	79	1131	26085	0
1444	132	1092	26085	0
114	0	857	26085	0
309	36	868	26085	0
719	0	393	26100	0
1501	144	409	26115	0
1503	48	696	26115	0
681	157	137	26130	0
1245	57	1158	26130	0
669	40	1438	26130	0
1524	71	1117	26145	0
1025	108	1444	26145	0
859	157	1395	26145	0
134	34	1002	26160	0
1009	0	269	26175	0
1044	36	1503	26175	0
114	42	60	26175	0
564	0	777	26175	0
171	48	282	26190	0
268	138	1131	26190	0
1562	35	213	26190	0
878	60	114	26205	0
224	46	1047	26205	0
1501	0	785	26220	0
310	60	266	26235	0
115	144	1131	26235	0
1131	42	613	26250	0
1503	0	1275	26265	0
452	0	224	26280	0
1549	147	719	26280	0
1015	43	378	26295	0
1503	3	285	26295	0
1130	41	1341	26295	0
1445	40	707	26310	0
258	10	474	26310	0
1503	56	468	26310	0
1503	47	552	26325	0
23	0	48	26325	0
257	43	883	26325	0
1017	40	118	26325	0
681	40	445	26340	0
311	47	1424	26340	0
1145	42	282	26340	0
552	3	20	26340	0
1034	157	1308	26355	0
1590	120	253	26355	0
682	146	30	26370	0
1399	147	42	26370	0
639	92	1087	26370	0
1503	110	311	26370	0
23	42	311	26385	0
311	43	1280	26385	0
1209	66	1487	26400	0
1	92	1501	26400	0
1301	46	1444	26445	0
23	34	740	26445	0
311	10	1503	26475	0
1397	7	189	26475	0
711	42	1163	26475	0
1158	48	1343	26490	0
1211	144	1204	26490	0
1092	43	82	26490	0
840	110	839	26490	0
1015	42	1501	26505	0
591	0	1341	26520	0
1002	10	1158	26520	0
536	80	1220	26535	0
1092	40	647	26535	0
513	42	1501	26535	0
81	48	595	26550	0
211	40	250	26550	0
682	157	1399	26550	0
181	80	15	26565	0
1169	0	1503	26580	0
1388	157	174	26595	0
15	67	37	26595	0
444	0	465	26595	0
1393	40	1051	26595	0
10	93	200	26610	0
1376	157	1503	26640	0
685	46	1169	26655	0
52	43	1378	26655	0
397	61	1538	26655	0
211	10	1501	26670	0
1060	48	1398	26670	0
899	149	1139	26670	0
82	10	849	26730	0
268	6	927	26730	0
309	55	48	26730	0
1271	40	1245	26730	0
1023	2	1503	26745	0
682	144	715	26745	0
613	66	598	26745	0
314	0	269	26760	0
20	49	555	26760	0
747	48	1245	26760	0
927	91	1389	26760	0
70	0	1163	26775	0
1439	54	508	26775	0
554	43	1531	26805	0
930	3	716	26805	0
1505	48	1503	26820	0
56	132	1096	26820	0
268	2	1047	26820	0
1102	80	529	26820	0
1092	36	1361	26820	0
1495	40	1405	26820	0
1270	131	1188	26850	0
196	0	1025	26850	0
681	2	714	26850	0
493	61	211	26865	0
1501	10	1378	26865	0
770	48	1034	26865	0
1158	42	681	26880	0
1246	10	927	26880	0
1503	5	829	26895	0
1131	146	708	26895	0
1095	42	1096	26910	0
728	42	613	26910	0
311	42	185	26910	0
1271	0	876	26925	0
106	144	1219	26940	0
900	126	909	26940	0
1275	7	868	26940	0
1501	139	1102	26940	0
1054	91	633	26940	0
311	48	1278	26955	0
1034	3	1544	26955	0
1076	72	118	26970	0
1503	60	409	26970	0
1503	46	1219	26985	0
1412	157	1329	26985	0
504	43	536	26985	0
910	92	1096	26985	0
1425	144	1503	26985	0
1369	10	788	26985	0
469	27	684	27000	0
740	43	23	27000	0
1395	46	1396	27000	0
18	42	310	27015	0
436	0	117	27015	0
1275	46	168	27015	0
965	92	1102	27015	0
810	4	1047	27015	0
177	100	601	27030	0
810	10	282	27030	0
17	0	1503	27045	0
674	48	673	27045	0
536	100	1209	27045	0
450	46	1586	27060	0
469	61	1353	27060	0
976	7	743	27060	0
1503	93	1296	27060	0
670	129	1398	27060	0
783	93	1034	27075	0
23	40	1436	27075	0
269	122	117	27090	0
537	0	613	27090	0
297	42	468	27105	0
1503	144	345	27105	0
311	60	1429	27120	0
1503	46	1298	27120	0
610	10	1255	27120	0
1171	66	118	27120	0
106	48	1378	27135	0
682	80	1554	27135	0
137	46	15	27135	0
314	93	1503	27135	0
1	45	469	27135	0
1444	72	546	27150	0
211	144	409	27150	0
163	61	1431	27150	0
720	40	345	27165	0
681	93	899	27165	0
719	6	508	27165	0
371	110	900	27165	0
269	140	282	27165	0
54	0	900	27165	0
179	48	1378	27165	0
685	23	602	27180	0
137	10	1501	27180	0
1551	0	1396	27180	0
886	54	1505	27180	0
961	40	1501	27210	0
992	99	1158	27210	0
345	93	225	27210	0
1503	91	1308	27225	0
1503	40	168	27225	0
503	36	30	27240	0
40	0	1503	27240	0
309	36	1503	27240	0
224	0	1432	27255	0
1503	148	546	27255	0
1503	3	1168	27255	0
72	0	546	27255	0
768	43	432	27255	0
444	48	796	27270	0
1131	10	813	27270	0
1212	10	235	27270	0
224	42	1503	27270	0
314	93	546	27285	0
126	55	922	27300	0
1503	48	1274	27300	0
259	100	374	27300	0
1371	157	1129	27300	0
1275	43	1503	27300	0
1097	43	269	27300	0
1503	0	1298	27315	0
1542	3	548	27315	0
1149	26	15	27315	0
1562	15	754	27315	0
11	60	1503	27330	0
309	46	1321	27360	0
1275	43	1503	27360	0
681	48	1095	27360	0
211	61	944	27360	0
1251	52	1165	27360	0
1296	100	546	27360	0
444	36	1158	27360	0
1378	49	218	27360	0
1378	42	513	27375	0
1503	157	667	27375	0
1044	55	609	27375	0
1431	144	1374	27375	0
1503	26	1219	27375	0
1503	36	1044	27390	0
1378	48	1503	27390	0
1034	48	1131	27390	0
1145	43	590	27390	0
1424	43	876	27390	0
331	157	1034	27390	0
1503	26	552	27405	0
211	36	1562	27405	0
48	40	1389	27405	0
1086	40	1157	27405	0
309	80	1503	27420	0
637	159	1505	27420	0
133	48	15	27420	0
1096	100	706	27420	0
481	40	1503	27435	0
372	0	1503	27435	0
1047	93	1210	27435	0
118	42	219	27435	0
1131	0	1515	27450	0
863	157	887	27495	0
1503	2	1219	27495	0
682	93	681	27510	0
219	157	1219	27510	0
546	55	1168	27510	0
1503	0	106	27525	0
1503	42	1158	27525	0
1503	61	546	27525	0
224	80	1131	27525	0
389	83	544	27525	0
1054	3	114	27525	0
508	26	719	27525	0
1531	56	1444	27525	0
1443	92	681	27540	0
1017	144	345	27540	0
1328	3	1223	27555	0
266	122	1442	27570	0
1275	10	834	27570	0
1549	91	1000	27570	0
537	2	1158	27570	0
1098	142	546	27585	0
1554	157	499	27600	0
670	60	48	27600	0
1034	10	552	27615	0
1503	130	373	27615	0
313	40	716	27630	0
1015	43	174	27660	0
1298	91	546	27675	0
1503	0	23	27690	0
729	144	1165	27705	0
699	43	905	27705	0
1134	3	157	27705	0
853	0	1445	27705	0
652	80	209	27735	0
1425	92	21	27750	0
388	144	1503	27765	0
543	80	852	27765	0
470	47	508	27765	0
1158	48	1499	27765	0
1556	144	1131	27765	0
564	43	887	27780	0
670	40	535	27810	0
1444	43	681	27810	0
1146	144	1408	27810	0
1503	3	546	27810	0
1501	46	513	27810	0
669	54	1245	27825	0
268	54	1047	27825	0
651	40	114	27825	0
851	129	699	27840	0
1396	40	1445	27840	0
10	157	82	27870	0
682	159	1096	27870	0
35	157	21	27885	0
900	136	134	27900	0
1398	42	1221	27915	0
914	46	816	27915	0
681	36	1503	27915	0
868	48	1219	27915	0
24	10	1158	27915	0
1490	0	52	27915	0
1482	91	1444	27915	0
1372	0	1035	27945	0
287	163	1092	27945	0
1158	10	259	27960	0
887	93	1246	27960	0
1359	0	1034	27975	0
1381	72	876	27975	0
335	92	725	27990	0
1535	36	900	27990	0
1093	149	82	27990	0
827	42	468	28005	0
1189	127	127	28005	0
885	2	1503	28035	0
693	43	849	28065	0
535	2	669	28065	0
444	42	1549	28080	0
1131	144	959	28080	0
616	3	1503	28095	0
1501	55	910	28125	0
424	36	580	28125	0
268	110	145	28155	0
1520	43	736	28170	0
900	0	1577	28170	0
447	150	590	28185	0
528	42	23	28200	0
536	26	508	28200	0
1158	42	1501	28200	0
1096	72	1165	28200	0
23	41	426	28215	0
1503	40	1345	28215	0
225	147	574	28215	0
1180	0	1503	28230	0
1425	157	345	28230	0
1503	80	282	28245	0
1296	144	1131	28260	0
1445	40	1158	28290	0
1512	2	632	28290	0
376	98	1131	28290	0
900	40	1245	28305	0
691	43	1120	28305	0
1489	0	389	28320	0
551	157	1204	28320	0
1131	93	805	28320	0
82	7	1093	28320	0
47	42	1549	28335	0
712	144	23	28335	0
1402	40	268	28380	0
910	0	604	28380	0
1005	160	1140	28410	0
1337	0	1158	28410	0
211	33	309	28425	0
1259	3	1349	28440	0
1158	47	1296	28470	0
266	43	261	28485	0
1482	160	82	28485	0
1035	10	15	28485	0
1503	3	887	28500	0
1446	10	1501	28515	0
1503	0	546	28530	0
1131	144	1487	28530	0
699	0	1395	28530	0
673	42	1529	28545	0
1503	74	669	28545	0
663	48	1437	28545	0
663	43	1103	28545	0
182	61	1275	28590	0
373	41	1503	28590	0
315	92	36	28605	0
225	61	1407	28620	0
1513	43	681	28635	0
644	60	1120	28650	0
1481	43	508	28650	0
1173	157	1131	28650	0
440	40	114	28650	0
733	0	965	28650	0
685	42	71	28665	0
1092	157	287	28665	0
1158	122	1089	28680	0
324	42	755	28680	0
1503	48	451	28695	0
697	0	733	28695	0
191	42	945	28725	0
910	43	1279	28740	0
581	122	580	28740	0
68	144	1503	28755	0
959	43	1	28755	0
1034	43	546	28785	0
444	83	1503	28785	0
1503	40	309	28800	0
1549	42	1445	28800	0
1131	72	1503	28800	0
179	42	895	28800	0
34	40	681	28815	0
540	133	1158	28815	0
1073	48	907	28815	0
1482	40	1483	28815	0
513	0	716	28830	0
1034	2	401	28830	0
1483	0	669	28830	0
673	65	1209	28830	0
1501	10	1088	28845	0
48	42	681	28845	0
1399	10	1483	28845	0
681	0	1095	28860	0
1446	40	1396	28860	0
962	144	452	28860	0
678	157	403	28875	0
714	46	681	28875	0
704	43	444	28875	0
1503	10	1117	28890	0
1092	91	649	28905	0
1503	10	1158	28920	0
1131	0	770	28935	0
1069	48	43	28950	0
546	48	673	28965	0
682	40	1503	28965	0
1564	43	1445	28980	0
669	43	583	28980	0
1501	0	1505	28995	0
1503	61	546	29010	0
366	0	716	29025	0
1399	92	900	29025	0
310	61	546	29025	0
137	42	48	29025	0
1009	20	1163	29025	0
1503	122	714	29040	0
1275	10	41	29040	0
106	99	310	29055	0
546	28	667	29070	0
1503	103	861	29085	0
1158	80	1501	29085	0
27	43	1449	29085	0
633	91	18	29100	0
1503	65	25	29115	0
211	42	114	29130	0
311	43	1503	29145	0
508	43	445	29145	0
311	55	748	29160	0
1014	0	114	29175	0
1298	10	1544	29175	0
571	42	723	29175	0
1503	0	622	29190	0
1549	10	1092	29205	0
310	91	1490	29205	0
264	150	1131	29220	0
1102	40	1165	29220	0
723	92	1317	29220	0
1393	60	149	29220	0
845	40	546	29220	0
799	26	895	29235	0
728	2	1032	29235	0
134	43	1153	29250	0
900	3	1120	29250	0
1158	48	1034	29250	0
1465	66	151	29265	0
1503	60	137	29295	0
788	93	1398	29295	0
651	48	1503	29295	0
927	40	389	29310	0
419	10	264	29310	0
1503	36	532	29340	0
1503	98	644	29355	0
269	107	783	29370	0
723	157	574	29415	0
1482	157	679	29415	0
1271	10	1168	29430	0
1373	93	367	29445	0
1089	80	740	29460	0
671	42	1416	29475	0
1490	66	242	29475	0
1503	100	139	29505	0
21	5	287	29505	0
1009	0	264	29505	0
296	0	552	29505	0
682	133	1158	29520	0
1501	54	508	29535	0
1311	43	199	29535	0
381	42	834	29550	0
1482	159	1398	29565	0
536	26	677	29580	0
189	66	546	29580	0
748	42	1017	29580	0
1503	98	409	29595	0
465	38	1563	29595	0
965	66	1092	29610	0
1338	43	700	29610	0
219	10	1471	29625	0
1348	46	1503	29625	0
1186	100	1440	29640	0
21	157	1535	29655	0
838	57	76	29655	0
21	157	477	29670	0
508	10	1482	29685	0
876	36	644	29685	0
335	72	1245	29700	0
679	2	1399	29715	0
613	43	1535	29715	0
53	55	327	29715	0
681	54	444	29730	0
1426	56	671	29745	0
644	36	1462	29745	0
1245	79	1398	29760	0
1034	2	1158	29775	0
1395	42	366	29775	0
807	43	456	29790	0
1503	61	546	29790	0
15	92	1482	29790	0
15	42	1063	29790	0
1501	160	1503	29790	0
552	48	977	29805	0
554	144	469	29805	0
23	110	1131	29805	0
215	48	681	29805	0
840	72	641	29805	0
1562	157	1075	29835	0
1361	157	1219	29865	0
1120	98	785	29865	0
1503	3	1219	29880	0
639	43	992	29895	0
451	80	211	29910	0
682	40	714	29925	0
96	157	887	29925	0
1417	43	714	29925	0
1483	159	1398	29940	0
1551	10	1462	29940	0
444	131	714	29955	0
681	48	1158	29955	0
681	46	445	29955	0
1135	36	1503	29955	0
1047	43	268	29955	0
1503	10	1057	29970	0
224	100	1525	29985	0
1131	144	828	29985	0
1378	91	839	29985	0
1117	0	118	29985	0
1503	91	1173	30015	0
92	42	723	30030	0
15	42	383	30045	0
1106	55	1487	30060	0
1503	91	123	30060	0
1531	43	784	30060	0
719	80	177	30060	0
670	48	1270	30075	0
1131	160	1429	30105	0
491	92	47	30105	0
1398	55	1482	30120	0
1503	3	1378	30120	0
1503	10	1275	30135	0
681	43	1444	30135	0
1503	26	1551	30150	0
202	48	184	30150	0
1297	0	15	30180	0
681	43	1503	30180	0
450	80	1590	30180	0
183	43	956	30180	0
508	42	1275	30195	0
20	92	567	30195	0
814	34	552	30195	0
389	23	1188	30210	0
959	10	927	30225	0
273	48	1246	30240	0
513	100	1544	30240	0
1503	3	1158	30240	0
118	144	311	30255	0
1544	93	1296	30270	0
20	40	876	30270	0
1000	43	82	30285	0
224	0	887	30300	0
939	40	681	30300	0
1590	93	148	30300	0
1296	93	1544	30300	0
1275	43	1501	30315	0
1007	65	1525	30315	0
295	48	1015	30330	0
23	106	1275	30330	0
1503	42	613	30330	0
1245	2	1483	30345	0
1501	47	987	30345	0
414	56	268	30345	0
885	8	1503	30345	0
1246	43	1520	30360	0
1572	43	1209	30360	0
211	3	1501	30360	0
1503	93	1445	30360	0
732	92	1158	30360	0
681	46	1503	30390	0
1015	46	1462	30405	0
21	157	1432	30405	0
876	0	1212	30405	0
1549	71	719	30405	0
224	43	464	30420	0
309	42	613	30435	0
1035	160	1158	30435	0
1471	130	1503	30435	0
1070	144	1232	30435	0
11	43	1503	30435	0
1503	10	1131	30450	0
1275	42	1535	30450	0
691	46	194	30450	0
215	46	445	30450	0
1120	93	1329	30465	0
1302	42	147	30465	0
1158	14	1503	30480	0
546	62	282	30480	0
1503	36	456	30495	0
714	10	704	30495	0
1503	40	887	30495	0
390	157	1482	30510	0
411	43	1503	30510	0
699	56	268	30525	0
645	36	1564	30525	0
1345	100	1298	30540	0
13	91	114	30540	0
1145	42	831	30555	0
1131	23	1343	30555	0
752	144	1017	30570	0
1503	0	1165	30600	0
1503	46	295	30615	0
1158	36	1395	30615	0
699	40	641	30615	0
685	46	1435	30630	0
208	92	1021	30630	0
679	147	21	30645	0
1271	0	1502	30645	0
816	160	1378	30645	0
107	40	166	30660	0
1564	72	1090	30690	0
1034	42	354	30690	0
1141	42	606	30690	0
810	36	448	30690	0
470	56	1563	30705	0
546	140	189	30735	0
1335	4	118	30735	0
1355	0	239	30735	0
1500	80	310	30735	0
671	157	679	30750	0
1102	43	1520	30780	0
106	80	1503	30780	0
185	71	1523	30795	0
1096	122	1444	30810	0
1482	54	669	30810	0
1058	10	318	30810	0
1007	66	1146	30810	0
700	2	967	30840	0
669	21	1482	30840	0
641	40	399	30855	0
54	48	536	30855	0
1482	77	1398	30855	0
825	71	1163	30870	0
1246	54	910	30870	0
1570	0	1034	30870	0
783	42	1120	30885	0
35	40	778	30885	0
1296	42	1120	30885	0
1501	160	1131	30900	0
492	46	21	30900	0
1158	61	1445	30915	0
1344	10	1509	30915	0
785	42	182	30915	0
63	92	1444	30945	0
1164	66	23	30960	0
536	60	311	30960	0
531	48	1503	30975	0
1158	3	682	30975	0
674	48	310	30990	0
1092	157	785	31005	0
883	42	1396	31005	0
1503	7	295	31005	0
310	55	1386	31005	0
1398	157	1483	31035	0
10	122	1158	31050	0
1538	10	1503	31050	0
469	91	1359	31050	0
4	40	748	31080	0
1503	123	240	31080	0
1531	43	691	31080	0
1158	0	311	31080	0
1348	35	314	31080	0
1432	160	1345	31080	0
1500	83	546	31080	0
335	3	613	31095	0
669	144	345	31095	0
934	91	546	31095	0
114	40	546	31095	0
1503	61	268	31110	0
1501	2	651	31110	0
1503	46	1515	31110	0
535	66	1555	31110	0
762	100	682	31125	0
1051	0	492	31125	0
900	122	1291	31125	0
536	36	513	31125	0
1501	46	1162	31125	0
1343	36	876	31140	0
898	145	1120	31140	0
268	131	311	31140	0
1275	46	211	31140	0
682	36	681	31140	0
1503	48	681	31140	0
23	79	100	31140	0
1398	157	671	31140	0
1257	0	1223	31155	0
980	43	423	31155	0
1171	0	1092	31155	0
839	36	1531	31155	0
532	16	1443	31155	0
740	43	810	31155	0
1503	49	1298	31170	0
1501	106	114	31170	0
853	0	1276	31170	0
1325	3	1102	31170	0
269	83	469	31185	0
874	48	1503	31185	0
212	10	224	31185	0
681	42	704	31185	0
1503	95	1245	31215	0
1018	36	314	31215	0
103	26	325	31215	0
1490	0	723	31215	0
459	43	523	31215	0
1554	144	681	31230	0
1006	46	311	31230	0
577	140	358	31230	0
10	0	546	31230	0
151	42	1535	31245	0
1296	3	546	31245	0
1524	40	1217	31245	0
1503	160	388	31260	0
406	93	1503	31260	0
508	60	1425	31275	0
1006	0	1308	31275	0
1092	42	304	31290	0
1562	100	1313	31305	0
309	10	1503	31305	0
137	33	1503	31320	0
1503	43	1378	31320	0
32	80	1551	31320	0
1158	42	714	31320	0
1503	3	1145	31320	0
1015	91	68	31320	0
1533	110	376	31320	0
505	66	48	31320	0
1165	144	1491	31335	0
1245	36	444	31365	0
345	3	1451	31365	0
1276	0	1097	31395	0
1007	144	345	31395	0
681	4	832	31395	0
381	122	1549	31395	0
681	3	34	31395	0
1503	100	1165	31410	0
714	65	706	31410	0
137	31	546	31410	0
1044	60	1503	31410	0
451	96	311	31410	0
30	10	311	31425	0
682	43	1096	31425	0
1593	54	492	31455	0
685	160	1275	31455	0
267	3	1432	31455	0
893	5	1129	31455	0
297	56	434	31470	0
719	91	250	31485	0
670	42	669	31485	0
35	43	669	31485	0
1549	43	1271	31485	0
1184	43	264	31500	0
1131	144	300	31500	0
1503	157	748	31500	0
1502	69	1577	31500	0
168	0	681	31500	0
1240	40	1503	31500	0
974	54	268	31530	0
598	46	1459	31530	0
1482	136	876	31530	0
366	42	1564	31545	0
1131	93	299	31545	0
273	164	682	31560	0
554	144	1503	31560	0
1009	42	1068	31560	0
331	41	1378	31560	0
538	8	89	31575	0
983	46	762	31575	0
1393	42	588	31590	0
1132	0	1503	31590	0
1503	48	984	31590	0
1441	79	1531	31590	0
1535	54	1503	31605	0
926	0	770	31605	0
1275	43	900	31605	0
458	67	762	31620	0
1525	133	1158	31635	0
1501	42	508	31635	0
813	43	11	31650	0
535	47	546	31665	0
269	144	1518	31665	0
1503	110	310	31680	0
1219	83	481	31680	0
155	83	546	31680	0
524	40	1501	31680	0
1035	26	544	31680	0
1503	0	1298	31680	0
1382	146	1173	31680	0
893	48	1503	31695	0
587	91	535	31695	0
1538	36	1501	31695	0
992	10	1275	31695	0
669	0	670	31710	0
1117	44	176	31710	0
268	83	1245	31710	0
546	46	1298	31710	0
1443	159	1245	31710	0
310	91	1269	31710	0
1147	131	381	31710	0
1275	0	1164	31725	0
1271	94	669	31725	0
1395	43	224	31725	0
264	40	644	31725	0
681	132	1096	31740	0
345	48	211	31740	0
887	10	1503	31740	0
1505	42	910	31740	0
106	144	1503	31740	0
1057	32	671	31755	0
1399	2	1483	31755	0
1494	36	1398	31755	0
876	10	673	31770	0
1503	6	829	31770	0
302	160	1131	31785	0
785	0	224	31785	0
295	48	1275	31785	0
1047	10	1218	31815	0
211	42	513	31830	0
1348	48	1303	31830	0
1564	43	366	31830	0
672	2	681	31845	0
1503	42	1207	31845	0
1389	10	1503	31845	0
874	35	1503	31860	0
887	160	388	31860	0
1535	42	546	31860	0
1535	42	491	31860	0
874	92	1295	31875	0
1483	160	561	31875	0
1271	3	1223	31890	0
12	100	1563	31890	0
640	4	1120	31905	0
287	144	903	31905	0
1275	43	1503	31905	0
47	42	456	31905	0
224	43	1396	31920	0
200	144	224	31920	0
876	140	268	31920	0
1503	40	180	31920	0
1246	47	1092	31935	0
830	0	1444	31935	0
1223	43	225	31935	0
1102	69	114	31935	0
1284	42	1034	31935	0
777	43	32	31935	0
1503	48	1034	31935	0
967	65	134	31950	0
876	93	546	31965	0
309	46	1128	31980	0
1392	48	699	31980	0
311	48	31	31980	0
296	40	1015	31980	0
718	43	1194	31995	0
742	0	314	32010	0
1131	160	613	32010	0
485	157	114	32010	0
48	43	886	32025	0
269	100	840	32025	0
911	0	644	32040	0
574	160	20	32055	0
539	55	264	32055	0
1025	0	785	32070	0
147	40	47	32070	0
546	61	1275	32100	0
29	10	965	32130	0
1247	54	1487	32130	0
1165	61	1166	32145	0
699	46	247	32145	0
758	91	48	32145	0
398	63	295	32145	0
366	43	1393	32160	0
689	43	1431	32160	0
310	40	1396	32175	0
899	10	48	32175	0
1519	40	92	32190	0
1348	61	699	32190	0
15	10	1142	32190	0
10	6	899	32205	0
712	0	313	32205	0
269	3	1393	32220	0
149	36	910	32220	0
114	46	911	32220	0
829	157	23	32220	0
495	80	637	32220	0
212	36	90	32235	0
1158	40	803	32235	0
1149	71	716	32235	0
1503	36	500	32265	0
1096	54	1051	32265	0
1245	48	900	32265	0
1245	40	1531	32280	0
965	4	269	32280	0
1158	103	669	32280	0
669	0	1501	32280	0
1482	157	907	32295	0
15	36	1503	32295	0
1503	71	1275	32295	0
1131	144	1408	32310	0
149	40	1140	32310	0
47	0	1332	32325	0
18	21	23	32325	0
398	80	1131	32355	0
513	36	910	32355	0
1097	26	1348	32385	0
1296	40	1503	32385	0
1293	150	358	32385	0
703	0	826	32385	0
1579	42	282	32400	0
716	157	467	32400	0
1163	0	1088	32415	0
1131	2	269	32415	0
90	43	211	32415	0
777	48	1209	32430	0
1443	160	671	32430	0
1165	5	345	32430	0
1444	48	1398	32430	0
1417	98	1158	32430	0
451	144	1165	32445	0
426	36	23	32445	0
1045	92	292	32460	0
23	10	1564	32460	0
481	157	1560	32460	0
1470	42	1503	32475	0
1309	42	1424	32475	0
1408	65	535	32475	0
1445	0	1245	32490	0
669	10	1158	32490	0
322	2	23	32490	0
1501	0	211	32490	0
632	0	48	32505	0
107	46	1275	32505	0
1503	56	856	32505	0
1005	93	1503	32520	0
363	144	716	32520	0
1246	26	225	32520	0
432	157	1270	32520	0
1158	134	1503	32520	0
1501	157	673	32520	0
725	134	907	32520	0
137	0	1219	32535	0
1245	26	1503	32535	0
106	61	409	32535	0
1429	47	311	32550	0
368	42	1245	32550	0
1000	10	1503	32565	0
839	3	1223	32565	0
268	40	23	32565	0
1398	42	1505	32565	0
1562	42	1280	32580	0
940	80	1500	32595	0
691	36	373	32595	0
1483	157	287	32610	0
1503	40	15	32610	0
1173	0	34	32610	0
682	23	667	32610	0
899	26	1093	32610	0
1168	40	1286	32610	0
319	42	23	32610	0
529	61	681	32625	0
1505	144	750	32625	0
965	139	1271	32640	0
1435	46	1501	32640	0
685	42	268	32640	0
1329	43	1158	32640	0
309	43	451	32670	0
1378	0	1432	32670	0
48	10	224	32670	0
80	46	508	32670	0
1197	40	1496	32685	0
681	93	1096	32685	0
1158	28	869	32685	0
1209	91	1444	32700	0
1120	83	168	32700	0
681	42	810	32700	0
1482	162	671	32700	0
712	93	23	32700	0
1271	0	1223	32700	0
282	43	1054	32700	0
508	92	861	32715	0
1429	160	1061	32715	0
1158	55	508	32715	0
1514	61	1503	32730	0
546	111	444	32730	0
1131	93	1092	32730	0
508	48	80	32730	0
959	46	1295	32745	0
23	2	1158	32745	0
927	40	876	32745	0
1570	152	134	32760	0
82	48	489	32760	0
371	3	211	32760	0
1209	3	134	32760	0
834	46	118	32760	0
310	42	1503	32760	0
266	48	268	32775	0
1435	46	469	32775	0
1503	92	1378	32790	0
1503	0	793	32790	0
1540	3	269	32790	0
1432	46	1429	32790	0
976	42	1131	32790	0
1503	83	250	32790	0
681	93	1096	32790	0
1503	0	1570	32805	0
1501	43	79	32805	0
1503	46	1298	32805	0
1549	100	1092	32820	0
1285	110	1482	32820	0
1396	42	1523	32820	0
1503	46	837	32820	0
311	93	1298	32820	0
299	0	287	32835	0
702	10	1503	32850	0
224	10	1503	32850	0
468	26	1444	32850	0
1503	100	1245	32850	0
224	54	879	32850	0
1544	4	1275	32865	0
1131	98	959	32865	0
363	144	1393	32865	0
1503	48	900	32880	0
723	110	477	32880	0
1503	48	211	32880	0
962	7	273	32895	0
665	43	1258	32895	0
783	0	1503	32895	0
1009	56	641	32895	0
200	48	613	32895	0
1296	40	309	32925	0
1245	46	1503	32925	0
446	47	564	32925	0
244	36	1355	32925	0
930	46	80	32940	0
787	61	1435	32955	0
887	40	1378	32955	0
310	46	451	32985	0
402	61	451	32985	0
225	0	241	32985	0
668	42	1275	32985	0
1408	93	1093	33000	0
1275	54	635	33000	0
1415	60	900	33000	0
316	72	1165	33015	0
1228	0	309	33015	0
1503	156	748	33015	0
1270	48	1578	33015	0
311	43	1503	33075	0
1503	3	1131	33075	0
1219	159	268	33075	0
383	93	1503	33090	0
541	46	268	33090	0
681	42	900	33090	0
309	48	1129	33090	0
1298	43	1549	33105	0
286	10	552	33105	0
1245	0	1483	33105	0
1169	48	1503	33105	0
1261	10	282	33120	0
1549	2	1399	33120	0
679	3	899	33120	0
1570	36	1213	33120	0
641	3	1158	33120	0
468	83	1245	33120	0
1503	42	685	33135	0
1354	56	685	33135	0
1359	3	1158	33135	0
1501	48	1275	33135	0
1131	110	1561	33150	0
1221	42	962	33150	0
1044	46	224	33150	0
679	140	671	33150	0
409	147	1131	33150	0
1570	7	748	33150	0
1197	43	5	33150	0
1054	48	1180	33150	0
444	144	1165	33150	0
1166	157	997	33150	0
771	42	1092	33165	0
114	48	18	33165	0
1444	3	1101	33165	0
887	0	308	33180	0
345	0	1171	33180	0
311	144	699	33180	0
910	4	1361	33180	0
345	144	1135	33195	0
219	160	876	33195	0
874	0	224	33195	0
1158	36	385	33225	0
633	43	685	33225	0
1046	10	330	33225	0
1503	0	719	33225	0
769	80	1216	33240	0
552	10	647	33240	0
1054	55	1503	33240	0
785	0	546	33285	0
178	10	546	33285	0
1503	10	1544	33285	0
189	46	1501	33285	0
1503	43	546	33315	0
1503	110	282	33315	0
1145	91	537	33315	0
1261	160	1503	33315	0
115	100	700	33315	0
1483	46	1286	33330	0
115	80	326	33330	0
1015	0	1171	33330	0
295	2	1296	33360	0
1171	10	1590	33360	0
1131	36	642	33360	0
1209	0	1503	33375	0
900	130	1590	33375	0
1502	36	678	33375	0
1245	42	1440	33375	0
1501	36	189	33390	0
108	40	627	33390	0
552	157	1503	33390	0
262	36	1444	33405	0
1503	46	224	33405	0
720	144	367	33405	0
118	140	63	33405	0
840	7	269	33420	0
977	10	383	33420	0
314	61	546	33420	0
1149	37	1275	33435	0
1444	43	389	33435	0
363	160	573	33450	0
736	36	1472	33450	0
1350	0	740	33450	0
716	93	382	33465	0
309	40	748	33465	0
1298	40	1503	33495	0
20	10	1408	33495	0
1564	36	450	33495	0
1503	47	1502	33495	0
1270	91	546	33495	0
118	0	1044	33525	0
837	43	82	33525	0
1158	1	1298	33525	0
681	144	1431	33540	0
925	0	770	33540	0
1275	71	916	33540	0
378	10	7	33555	0
526	55	1503	33555	0
106	80	345	33555	0
1239	46	685	33555	0
536	0	1398	33570	0
311	92	23	33570	0
469	0	211	33570	0
23	48	1275	33570	0
516	157	481	33570	0
1308	10	1092	33570	0
793	1	601	33600	0
1503	43	508	33600	0
314	48	1503	33600	0
1168	42	74	33615	0
21	149	1503	33630	0
409	0	601	33630	0
1270	157	881	33630	0
1245	43	1246	33645	0
1570	23	1015	33645	0
118	40	282	33645	0
692	0	552	33645	0
15	0	1105	33660	0
23	0	613	33735	0
1361	56	1329	33735	0
1162	42	244	33750	0
1398	162	679	33750	0
211	43	149	33750	0
263	10	771	33750	0
1531	119	900	33765	0
1487	42	1209	33765	0
243	36	311	33765	0
158	46	1209	33795	0
1232	160	537	33795	0
508	157	1165	33810	0
1464	40	1189	33810	0
70	43	1120	33810	0
1131	144	958	33810	0
84	0	1171	33810	0
959	48	1295	33840	0
677	129	134	33840	0
1034	0	716	33840	0
1398	93	1204	33855	0
1503	48	40	33855	0
546	80	770	33855	0
552	109	531	33870	0
887	54	114	33870	0
1502	48	287	33915	0
366	48	469	33915	0
469	54	1435	33915	0
366	40	1564	33915	0
1502	46	669	33915	0
681	61	1096	33930	0
991	4	546	33930	0
712	43	1015	33930	0
1158	36	1329	33930	0
309	10	1158	33930	0
1501	10	469	33930	0
66	73	858	33930	0
1482	117	1398	33930	0
1296	40	856	33945	0
82	27	513	33945	0
240	40	440	33960	0
189	92	1501	33960	0
1483	0	158	33960	0
1245	70	343	33975	0
596	36	1275	33975	0
644	157	552	33975	0
1531	122	287	33975	0
625	83	1534	33975	0
899	93	900	33990	0
1163	43	57	33990	0
946	43	224	33990	0
1473	46	1395	33990	0
1217	42	138	33990	0
415	10	518	33990	0
106	148	409	34005	0
15	17	1169	34005	0
106	43	1227	34005	0
1209	43	641	34005	0
224	0	311	34005	0
797	55	913	34005	0
1503	3	269	34020	0
801	36	1503	34020	0
762	46	891	34020	0
1057	47	667	34020	0
224	5	1241	34035	0
1378	122	1503	34035	0
224	54	784	34035	0
11	10	1549	34035	0
48	159	189	34035	0
524	5	438	34035	0
1044	0	699	34050	0
1372	46	104	34050	0
1490	40	504	34050	0
1223	15	1503	34050	0
739	160	224	34065	0
1503	3	1158	34065	0
311	80	1422	34080	0
1217	3	1169	34080	0
1219	0	1275	34080	0
314	0	1158	34095	0
669	43	99	34095	0
552	122	1378	34095	0
269	36	1158	34095	0
1117	43	536	34095	0
853	36	1163	34095	0
1503	48	670	34110	0
1131	3	310	34110	0
651	130	345	34110	0
1212	40	1466	34125	0
1034	42	552	34125	0
1131	10	573	34140	0
1552	43	309	34155	0
1013	144	261	34155	0
1275	43	23	34155	0
1158	0	1503	34155	0
1549	132	900	34155	0
1501	40	1503	34155	0
1295	121	1131	34155	0
1034	42	104	34170	0
1503	3	977	34170	0
1276	61	673	34185	0
1503	160	1135	34185	0
224	42	748	34200	0
643	46	211	34200	0
1165	147	409	34215	0
1275	140	1503	34215	0
1398	10	1503	34215	0
1328	60	979	34215	0
546	40	311	34215	0
1016	113	1158	34230	0
546	10	876	34230	0
406	147	40	34230	0
1425	157	444	34245	0
783	10	1275	34245	0
134	80	1131	34245	0
1275	10	1544	34245	0
719	144	633	34245	0
189	100	1207	34245	0
536	48	1102	34260	0
1047	157	1503	34260	0
1219	42	182	34260	0
1246	40	1169	34290	0
1246	157	1483	34290	0
1034	10	1562	34290	0
314	83	590	34290	0
546	43	481	34290	0
716	157	1522	34305	0
1171	0	1467	34305	0
1503	7	1158	34320	0
681	10	469	34335	0
513	0	1564	34350	0
44	162	154	34350	0
1393	139	145	34350	0
211	157	1330	34365	0
874	42	1549	34365	0
1503	0	1471	34365	0
1424	10	1503	34380	0
1501	43	1537	34380	0
1219	60	137	34395	0
810	114	448	34395	0
704	43	1503	34395	0
810	110	469	34395	0
1503	0	211	34410	0
82	0	287	34410	0
309	46	1503	34410	0
503	110	580	34410	0
1501	42	1503	34410	0
549	10	1503	34410	0
697	144	1134	34440	0
311	100	1044	34440	0
1503	91	309	34440	0
1501	26	644	34440	0
314	0	1503	34440	0
402	42	1503	34455	0
262	40	1503	34455	0
863	42	593	34470	0
468	92	268	34470	0
1503	83	552	34485	0
1445	43	1016	34485	0
876	149	681	34500	0
1503	46	841	34500	0
188	40	134	34500	0
616	48	748	34515	0
6	144	449	34515	0
274	0	1271	34530	0
1120	48	1237	34545	0
1275	63	1503	34545	0
1503	79	1158	34560	0
295	0	681	34560	0
348	55	1503	34560	0
1275	0	1503	34560	0
1131	0	1503	34560	0
546	157	219	34575	0
406	5	451	34575	0
1398	119	1549	34575	0
1398	0	1444	34590	0
137	48	1140	34590	0
1183	0	1503	34605	0
893	47	1505	34605	0
1396	79	1503	34605	0
801	43	50	34620	0
668	100	1503	34620	0
1503	3	311	34620	0
1033	55	1034	34620	0
549	0	1223	34620	0
828	160	810	34635	0
345	160	1503	34635	0
1131	40	1503	34665	0
1092	46	1324	34665	0
17	69	134	34665	0
532	43	923	34665	0
1296	40	1503	34680	0
1479	40	1503	34680	0
788	83	682	34680	0
309	61	1378	34695	0
1175	0	1131	34695	0
535	46	311	34695	0
1092	54	458	34710	0
1131	93	1503	34710	0
526	40	1503	34710	0
1092	144	1093	34710	0
1198	91	17	34725	0
1479	93	739	34725	0
874	48	115	34725	0
1503	59	1025	34725	0
118	160	1275	34725	0
907	10	1340	34740	0
1483	157	900	34740	0
1501	83	900	34755	0
1131	1	106	34755	0
1275	160	1429	34755	0
1503	5	486	34770	0
1285	47	1357	34785	0
1163	42	1564	34815	0
610	93	1077	34815	0
1378	42	639	34845	0
635	36	48	34845	0
17	69	967	34890	0
793	61	1549	34890	0
1165	42	641	34890	0
1505	121	810	34890	0
149	110	310	34905	0
1503	93	900	34905	0
532	54	537	34905	0
1503	43	82	34905	0
910	4	613	34950	0
537	36	118	34950	0
622	10	921	34965	0
504	40	1482	34965	0
1446	3	1501	34965	0
48	100	953	34965	0
1465	83	174	34965	0
189	40	159	34980	0
115	43	490	34980	0
1136	24	732	34980	0
1067	0	1158	34995	0
546	80	831	34995	0
681	3	1503	35040	0
468	0	348	35055	0
1085	43	1398	35070	0
90	40	1009	35070	0
451	141	1551	35070	0
1501	60	1435	35085	0
1005	48	699	35100	0
649	147	1137	35100	0
354	26	626	35100	0
1415	69	224	35115	0
1328	36	309	35115	0
1503	10	1061	35130	0
1009	43	1163	35130	0
685	0	1025	35130	0
740	43	1487	35145	0
655	45	1351	35145	0
673	10	481	35160	0
1501	46	685	35175	0
1275	42	240	35190	0
900	42	1246	35190	0
1564	42	366	35190	0
147	42	1503	35190	0
1348	8	699	35190	0
268	67	669	35190	0
264	83	1466	35190	0
389	0	23	35205	0
311	40	23	35220	0
536	40	311	35220	0
508	42	1445	35235	0
23	10	1146	35250	0
264	40	311	35250	0
641	140	679	35250	0
843	40	207	35265	0
1503	40	1445	35265	0
1120	71	11	35265	0
23	92	465	35265	0
1503	3	468	35265	0
1093	92	1092	35280	0
106	80	137	35280	0
23	40	366	35280	0
1587	40	1120	35280	0
1503	48	1378	35295	0
1276	91	1246	35295	0
1503	31	211	35310	0
1131	144	1501	35310	0
1378	40	1503	35325	0
1017	160	1503	35325	0
897	149	1223	35325	0
1034	93	118	35340	0
23	46	780	35340	0
224	43	255	35340	0
1015	46	1244	35340	0
874	100	1503	35340	0
268	26	536	35340	0
1413	28	740	35355	0
255	48	330	35355	0
959	60	11	35355	0
118	42	1015	35385	0
1503	48	1275	35385	0
1131	43	295	35385	0
1530	40	213	35385	0
856	48	160	35385	0
1378	42	876	35385	0
535	40	225	35400	0
1501	92	393	35400	0
993	36	805	35400	0
455	40	1501	35415	0
699	0	1502	35445	0
293	55	1050	35445	0
114	42	202	35445	0
1158	3	1501	35460	0
1325	48	1025	35460	0
1505	40	1503	35475	0
1431	100	900	35475	0
1209	27	673	35475	0
53	36	704	35475	0
1034	46	1035	35475	0
846	40	366	35475	0
444	46	445	35475	0
719	48	1501	35490	0
1503	144	1245	35490	0
1158	92	1396	35505	0
211	46	1503	35535	0
224	30	309	35535	0
783	48	1503	35535	0
1501	52	910	35550	0
1487	13	1102	35580	0
682	157	681	35580	0
625	43	536	35580	0
1503	10	314	35580	0
23	92	981	35610	0
1158	93	1549	35610	0
1443	92	704	35610	0
1158	71	1503	35610	0
347	48	702	35625	0
761	0	1158	35625	0
1503	42	1275	35625	0
1503	80	1131	35625	0
434	43	296	35625	0
1195	43	860	35625	0
41	149	1117	35625	0
1482	55	39	35640	0
1503	3	309	35640	0
524	93	137	35640	0
393	5	282	35640	0
188	36	1396	35655	0
90	40	1163	35655	0
287	0	1398	35655	0
1443	47	1245	35655	0
748	144	1501	35655	0
1503	149	910	35655	0
11	42	1503	35670	0
452	42	309	35670	0
1270	36	1271	35670	0
839	80	1551	35685	0
1503	92	23	35685	0
616	61	389	35685	0
1150	144	345	35700	0
637	60	868	35700	0
1131	80	224	35730	0
1064	42	1034	35730	0
1531	54	1444	35730	0
1503	43	224	35730	0
376	100	331	35745	0
282	10	673	35745	0
1444	62	1047	35745	0
1500	0	1034	35745	0
1219	2	1378	35745	0
1503	3	1432	35745	0
261	141	1275	35745	0
644	100	792	35745	0
1223	10	1482	35760	0
670	0	546	35760	0
427	80	508	35760	0
444	42	1462	35760	0
508	100	685	35775	0
1092	0	366	35775	0
685	159	536	35790	0
376	93	1466	35790	0
82	0	1551	35790	0
1131	10	113	35790	0
1274	0	317	35805	0
719	72	703	35820	0
1341	43	213	35820	0
1117	42	266	35820	0
113	157	635	35820	0
1015	35	1275	35850	0
311	45	1017	35850	0
959	42	1275	35865	0
1000	36	1066	35865	0
546	0	345	35865	0
1501	0	1245	35880	0
673	42	865	35880	0
681	155	287	35880	0
1343	145	23	35895	0
1223	144	1505	35895	0
96	60	248	35895	0
211	160	681	35910	0
1416	91	669	35910	0
685	4	1223	35910	0
1275	61	36	35910	0
1503	40	785	35910	0
537	61	1110	35910	0
503	141	1275	35910	0
1419	100	1396	35925	0
997	66	1531	35940	0
1442	42	1265	35955	0
36	144	1275	35970	0
1503	4	375	35970	0
699	43	876	35985	0
1163	0	626	35985	0
1131	42	268	36015	0
149	55	1034	36015	0
468	60	1129	36015	0
1501	43	436	36030	0
383	55	1165	36030	0
189	93	546	36030	0
887	159	1444	36030	0
268	80	468	36030	0
546	4	1501	36030	0
874	106	1503	36030	0
114	48	1501	36045	0
335	110	1245	36045	0
1408	36	1535	36045	0
678	72	1389	36045	0
331	10	1591	36045	0
1503	48	367	36060	0
1503	61	180	36060	0
618	160	118	36060	0
1093	150	1092	36060	0
444	93	445	36060	0
817	36	1503	36075	0
1180	0	640	36075	0
1445	42	685	36090	0
452	40	1503	36105	0
127	48	451	36105	0
550	3	1503	36105	0
613	43	1092	36105	0
1503	0	1390	36120	0
106	42	526	36120	0
810	40	114	36120	0
644	46	1503	36120	0
706	2	1393	36120	0
682	93	1096	36120	0
469	133	669	36135	0
1503	46	775	36135	0
536	10	669	36135	0
1171	42	1301	36150	0
1503	0	1398	36150	0
1034	162	1503	36150	0
1503	0	237	36165	0
114	42	1531	36165	0
876	91	1180	36165	0
261	43	554	36180	0
309	40	1503	36180	0
1015	61	948	36180	0
229	66	282	36180	0
366	36	946	36195	0
503	93	1275	36195	0
1482	40	1503	36210	0
899	144	854	36225	0
137	0	133	36225	0
71	42	268	36225	0
1164	36	1419	36240	0
356	43	1246	36240	0
1245	10	1158	36240	0
1503	147	699	36255	0
389	36	1158	36270	0
1171	93	1017	36285	0
48	10	1207	36285	0
1034	61	273	36300	0
1503	46	504	36315	0
48	0	1359	36330	0
1122	36	74	36345	0
712	146	716	36360	0
1398	40	1482	36360	0
552	61	1275	36360	0
554	122	822	36360	0
1503	48	785	36375	0
1034	43	1298	36390	0
785	0	546	36390	0
501	0	546	36405	0
576	66	1165	36405	0
1396	23	1564	36435	0
573	149	319	36435	0
654	144	330	36435	0
750	55	1221	36450	0
1275	40	1213	36450	0
1520	36	927	36450	0
681	93	669	36450	0
1111	66	719	36450	0
1342	91	1503	36450	0
630	0	310	36465	0
396	36	489	36465	0
1298	0	546	36465	0
723	157	48	36465	0
114	43	309	36525	0
1163	2	1444	36525	0
1503	147	1425	36525	0
568	157	1531	36540	0
1158	26	635	36540	0
1503	43	630	36555	0
1503	61	552	36555	0
674	55	1465	36555	0
1240	36	425	36555	0
1166	47	82	36555	0
1501	72	1436	36570	0
114	54	699	36570	0
409	157	1429	36585	0
117	10	116	36600	0
1503	91	1510	36615	0
1158	56	1504	36615	0
1035	10	1034	36630	0
1168	160	850	36630	0
466	151	485	36660	0
1245	100	1047	36675	0
1275	43	388	36675	0
1503	0	1396	36690	0
1398	4	1482	36690	0
1245	0	366	36690	0
469	48	149	36690	0
1501	10	535	36705	0
699	40	977	36705	0
189	42	1364	36705	0
1270	43	1271	36705	0
1343	0	143	36705	0
1260	91	389	36720	0
1393	42	1585	36720	0
10	140	693	36750	0
1015	40	224	36750	0
1158	3	335	36765	0
90	42	1092	36765	0
1131	157	23	36765	0
1503	83	314	36765	0
1102	40	546	36795	0
1246	36	1503	36795	0
1140	46	1129	36810	0
1406	18	1209	36825	0
285	42	1034	36825	0
1487	48	964	36840	0
751	80	1275	36840	0
1537	13	1131	36840	0
604	71	1158	36855	0
96	144	1165	36855	0
1440	146	959	36855	0
513	157	1501	36870	0
23	43	1501	36870	0
1483	10	1398	36870	0
268	36	1501	36885	0
268	56	211	36900	0
777	99	573	36900	0
261	0	1171	36915	0
1503	46	366	36915	0
927	0	211	36915	0
743	110	546	36915	0
309	10	345	36915	0
224	4	613	36915	0
309	43	1209	36915	0
311	10	853	36930	0
1503	46	1245	36945	0
908	36	311	36945	0
1503	26	1165	36960	0
465	100	1563	36960	0
376	164	1501	36960	0
546	46	1002	36960	0
1275	36	959	36975	0
1490	43	1245	36975	0
546	61	1142	36975	0
1124	36	644	36975	0
48	60	1207	36990	0
719	35	673	36990	0
1503	10	670	37005	0
580	46	211	37005	0
1015	40	1502	37005	0
1296	60	1429	37005	0
481	79	1503	37020	0
404	159	1398	37020	0
117	144	211	37020	0
224	144	1165	37035	0
1503	160	268	37050	0
207	157	546	37050	0
1158	48	366	37050	0
1158	93	669	37050	0
269	71	1503	37050	0
1245	10	1047	37065	0
408	43	14	37065	0
685	80	461	37080	0
47	91	1502	37095	0
106	46	1005	37095	0
1264	150	1503	37095	0
230	36	23	37110	0
1378	46	618	37110	0
1226	42	114	37110	0
134	36	135	37110	0
1396	42	1564	37125	0
876	144	388	37140	0
1547	42	182	37140	0
1254	42	554	37140	0
774	60	554	37140	0
199	40	470	37170	0
470	40	199	37170	0
1182	162	1015	37185	0
11	48	57	37185	0
1002	43	1500	37185	0
1015	150	1503	37215	0
910	40	188	37215	0
1158	48	1501	37215	0
17	42	1222	37215	0
1502	42	1015	37230	0
673	40	910	37230	0
1503	10	389	37245	0
1459	40	224	37245	0
669	0	1502	37245	0
179	144	1171	37245	0
101	42	276	37260	0
907	49	273	37260	0
1398	10	1482	37275	0
1503	61	1501	37275	0
887	43	1045	37275	0
1378	79	309	37275	0
1329	48	90	37275	0
1378	40	1503	37305	0
1503	40	345	37305	0
933	3	783	37320	0
1286	40	1093	37335	0
719	144	1503	37350	0
716	46	1396	37350	0
1398	10	1482	37350	0
748	80	1503	37350	0
335	83	1503	37365	0
444	36	48	37365	0
641	36	21	37365	0
255	93	118	37365	0
1355	42	767	37365	0
1505	1	1503	37365	0
1503	55	174	37380	0
787	46	682	37380	0
748	54	1503	37380	0
504	42	224	37380	0
1173	0	581	37395	0
1378	48	965	37395	0
219	13	247	37410	0
719	144	1165	37425	0
189	48	1501	37425	0
1431	3	90	37425	0
335	83	876	37440	0
1035	98	309	37440	0
224	0	876	37440	0
934	0	546	37455	0
200	42	1378	37455	0
1131	42	611	37470	0
1133	103	1034	37470	0
1503	56	887	37470	0
695	80	345	37470	0
1131	0	503	37485	0
1535	160	304	37485	0
1164	48	1562	37485	0
1503	55	106	37485	0
174	157	225	37500	0
1057	91	644	37515	0
1071	42	704	37515	0
1503	43	644	37530	0
1158	3	644	37530	0
1296	100	1158	37530	0
1503	99	1015	37530	0
1503	42	314	37545	0
783	26	1503	37545	0
1047	0	268	37560	0
328	112	296	37560	0
155	3	716	37590	0
211	26	432	37590	0
268	3	262	37605	0
474	92	1092	37605	0
168	43	268	37605	0
1158	40	815	37620	0
535	46	1025	37635	0
671	93	758	37635	0
635	10	1158	37665	0
1158	0	1296	37665	0
749	61	1048	37665	0
1482	147	1398	37680	0
684	92	626	37680	0
269	48	1431	37695	0
1503	48	635	37710	0
1131	99	1295	37710	0
1503	160	1275	37725	0
546	80	777	37725	0
23	93	314	37740	0
1015	16	1131	37785	0
1503	61	876	37785	0
113	83	314	37830	0
196	145	1354	37830	0
133	60	546	37830	0
525	160	1131	37830	0
52	92	732	37830	0
383	40	644	37830	0
1180	140	722	37845	0
1482	0	1505	37890	0
590	144	1562	37890	0
1483	79	1399	37890	0
313	0	716	37890	0
1100	0	276	37905	0
1395	48	1503	37905	0
1047	40	1015	37935	0
965	0	1378	37950	0
1484	56	268	38010	0
309	46	1174	38010	0
188	93	546	38025	0
1503	46	248	38040	0
58	36	693	38040	0
1102	43	1145	38055	0
1398	123	1245	38070	0
1052	56	268	38070	0
1034	160	899	38070	0
115	48	1158	38085	0
185	91	1034	38115	0
94	125	1131	38130	0
1482	0	1385	38130	0
1516	157	1334	38160	0
1503	42	1561	38175	0
1295	79	690	38175	0
1015	0	748	38175	0
269	46	756	38175	0
699	43	268	38175	0
1245	43	1443	38175	0
389	43	508	38190	0
827	144	149	38220	0
1246	55	679	38235	0
465	46	1381	38250	0
554	1	370	38250	0
1271	157	1357	38280	0
1129	147	536	38280	0
808	56	1501	38280	0
427	48	1221	38295	0
1359	48	671	38295	0
1531	43	220	38310	0
1503	144	1131	38310	0
1538	43	934	38325	0
723	157	1408	38325	0
1490	55	268	38325	0
1291	160	1173	38340	0
1082	0	997	38400	0
1482	0	1439	38400	0
546	43	1009	38400	0
1053	0	451	38415	0
1378	29	107	38415	0
635	2	1503	38415	0
1245	42	211	38430	0
789	92	1590	38430	0
1163	36	1009	38430	0
1389	144	1131	38430	0
98	26	1219	38460	0
1425	0	723	38460	0
1325	36	23	38475	0
1034	46	24	38490	0
1503	0	500	38490	0
1171	10	15	38490	0
24	54	955	38490	0
1503	43	1275	38490	0
699	2	546	38505	0
651	0	1503	38520	0
1152	42	1246	38520	0
1503	93	611	38520	0
134	36	1378	38535	0
557	42	37	38550	0
1503	159	1044	38565	0
1135	42	287	38565	0
76	57	1009	38580	0
1131	128	381	38580	0
537	61	1158	38580	0
1158	42	134	38595	0
887	46	1503	38595	0
526	43	1275	38625	0
18	43	1298	38640	0
1549	91	472	38655	0
1503	144	1165	38670	0
1503	80	1501	38670	0
918	0	23	38670	0
672	48	1246	38685	0
583	42	1482	38685	0
179	67	1503	38700	0
295	46	1503	38700	0
268	122	1503	38715	0
173	48	536	38715	0
1221	43	1245	38715	0
106	0	1483	38730	0
23	40	1503	38760	0
287	40	1140	38760	0
1570	3	114	38775	0
1158	61	887	38775	0
1355	147	1299	38790	0
211	48	1179	38835	0
1101	147	149	38835	0
681	92	1088	38835	0
1531	40	1025	38865	0
