81	106	499	0	0
2974	95	2419	0	0
1390	84	2515	0	0
1301	44	260	0	0
2115	84	2881	0	0
176	152	465	0	0
1437	82	3243	0	0
2377	16	520	24	0
3279	110	3186	24	0
3047	118	3089	24	0
1551	44	1102	24	0
3408	95	925	24	0
2842	72	892	24	0
884	110	1733	24	0
1293	128	1551	24	0
907	138	505	24	0
925	105	3407	24	0
1437	82	3243	24	0
670	5	2385	24	0
39	29	2652	24	0
3192	82	1731	24	0
24	62	3283	48	0
3217	110	3275	48	0
1564	144	2947	48	0
1170	110	2819	48	0
1708	110	789	48	0
1122	106	1174	48	0
2377	41	2679	48	0
3327	77	2385	48	0
1282	150	443	48	0
1498	143	1184	48	0
563	72	1487	48	0
856	41	779	48	0
1137	108	569	72	0
860	82	2947	72	0
2679	117	520	72	0
3327	96	563	72	0
907	44	1564	72	0
900	110	1170	72	0
24	62	3283	72	0
2109	82	627	72	0
2419	49	39	72	0
2292	5	3015	72	0
473	152	2155	72	0
2662	5	22	72	0
2125	41	3327	72	0
984	82	761	72	0
1777	5	559	72	0
2353	41	2314	72	0
924	84	3378	72	0
2109	95	130	72	0
3279	118	3166	96	0
2052	110	2871	96	0
2058	138	2781	96	0
1556	37	2469	96	0
2599	110	2539	96	0
1531	152	1143	96	0
3250	143	1210	96	0
2014	110	2987	96	0
2109	82	627	96	0
907	41	1094	96	0
2011	110	924	96	0
550	152	1004	96	0
1305	109	334	96	0
734	5	2679	96	0
924	105	458	120	0
520	44	208	120	0
3098	29	520	120	0
1594	41	761	120	0
561	141	3357	120	0
892	133	1170	120	0
925	105	1386	120	0
1919	5	670	120	0
8	110	2880	120	0
2108	74	3066	120	0
924	110	458	120	0
3378	84	458	120	0
1080	118	1689	120	0
3093	84	2465	144	0
69	110	2385	144	0
1580	77	458	144	0
1143	44	473	144	0
2241	152	1563	144	0
1683	41	860	144	0
1644	82	810	168	0
2722	29	751	168	0
3206	41	3031	168	0
1990	110	892	168	0
2796	119	2678	168	0
3275	29	2077	168	0
2277	21	1487	168	0
523	62	3283	168	0
3260	118	2577	168	0
1735	32	591	168	0
1080	128	2548	168	0
1018	110	334	168	0
2287	41	3276	168	0
520	36	3283	168	0
3146	41	3323	168	0
1732	110	689	192	0
761	110	3279	192	0
3276	105	3279	192	0
2947	118	3093	192	0
1722	106	1214	192	0
1774	110	2397	192	0
1566	41	1102	192	0
391	110	69	192	0
2618	126	2575	192	0
2255	41	208	192	0
458	68	1102	192	0
301	49	520	192	0
3272	81	3093	192	0
1500	106	300	192	0
561	106	3276	192	0
900	68	892	192	0
670	5	1249	192	0
2039	110	1809	192	0
1846	105	1508	216	0
2108	84	3250	216	0
2187	150	2151	216	0
352	68	1102	216	0
2721	70	1785	216	0
2465	41	3093	216	0
2344	95	679	216	0
2310	110	1218	216	0
3374	84	3152	216	0
670	110	301	216	0
3192	41	2376	216	0
3276	44	2177	216	0
554	119	2704	216	0
860	84	3152	216	0
1731	84	458	216	0
2679	106	2058	216	0
261	44	518	240	0
2463	110	1564	240	0
1486	118	550	240	0
860	26	2467	240	0
119	72	550	240	0
2533	29	584	240	0
391	110	1170	240	0
591	84	777	240	0
2656	5	3223	240	0
3273	41	3254	240	0
3279	130	506	240	0
3327	112	2862	240	0
3343	84	2970	240	0
1358	77	1588	240	0
3098	29	2081	240	0
1137	108	2298	240	0
2015	110	891	240	0
3061	84	1733	240	0
3138	41	2929	240	0
3199	106	860	240	0
1651	84	409	240	0
1953	110	1159	240	0
3299	16	558	240	0
1204	84	1721	240	0
2326	110	3053	264	0
301	48	2679	264	0
2478	106	2063	264	0
1933	110	1212	264	0
340	82	984	264	0
273	5	2824	264	0
585	106	1551	264	0
736	152	2685	264	0
1024	150	3153	264	0
2013	110	3268	264	0
2795	62	1627	264	0
3061	77	1645	264	0
1513	44	1121	264	0
2899	110	1854	264	0
310	110	2167	264	0
1906	105	1580	264	0
591	44	579	264	0
907	5	2824	264	0
1380	118	2893	264	0
2831	41	301	264	0
105	88	582	264	0
721	110	2947	288	0
555	136	1564	288	0
3061	82	531	288	0
1382	94	3275	288	0
3273	128	2824	288	0
3031	44	860	288	0
883	110	1170	288	0
3250	132	2154	288	0
860	105	3374	288	0
1277	41	1099	288	0
2252	110	1604	288	0
1939	106	1334	288	0
385	41	371	288	0
3111	110	1551	288	0
2277	5	301	288	0
1553	110	1551	288	0
1551	66	523	312	0
3166	112	2878	312	0
1487	95	1332	312	0
2574	44	1329	312	0
2666	110	729	312	0
2609	41	367	312	0
3247	106	584	312	0
1888	110	860	312	0
2863	110	3174	312	0
925	106	595	336	0
2707	150	2645	336	0
910	84	3066	336	0
1825	118	1186	336	0
1580	105	3030	336	0
3192	106	2724	336	0
2558	122	556	336	0
2947	109	3279	336	0
2665	29	2073	336	0
149	106	1155	336	0
3250	150	3279	336	0
520	44	1487	336	0
3279	41	761	336	0
2401	110	1551	336	0
1293	84	267	336	0
2947	150	3279	336	0
837	110	1116	336	0
2492	7	1170	336	0
1401	106	2022	336	0
1218	143	984	360	0
3279	106	458	360	0
1360	105	3250	360	0
1815	110	1258	360	0
179	0	1548	360	0
3011	49	648	360	0
1764	5	732	360	0
2173	150	3153	360	0
2807	119	1565	360	0
2905	110	1888	360	0
2473	82	860	360	0
3260	41	88	360	0
2216	110	2231	360	0
2947	84	721	360	0
2707	118	1502	360	0
179	138	1548	360	0
1630	84	3267	360	0
701	106	520	360	0
131	41	3107	360	0
1551	29	523	360	0
3310	152	2679	360	0
458	82	2645	360	0
1436	84	2630	360	0
1921	44	1170	360	0
2862	105	3250	360	0
2708	70	2674	384	0
3279	5	1551	384	0
794	110	62	384	0
333	44	520	384	0
838	118	2652	384	0
821	95	300	384	0
2274	105	1011	384	0
562	12	1334	384	0
3166	71	1143	384	0
1170	110	2058	384	0
3155	105	2947	384	0
999	115	3283	384	0
2007	110	2185	384	0
2070	77	3255	384	0
3302	35	3279	384	0
713	29	2098	384	0
825	12	946	384	0
580	5	1641	384	0
818	3	945	384	0
2679	150	520	384	0
2640	20	684	384	0
912	71	1516	384	0
1999	110	168	384	0
1322	44	509	384	0
1068	118	3279	384	0
1180	118	88	384	0
2704	102	554	384	0
1193	110	2698	408	0
2679	102	520	408	0
1593	110	1102	408	0
2656	5	441	408	0
1882	106	1203	408	0
3250	68	203	408	0
1689	118	3319	408	0
1236	110	1068	408	0
2657	29	482	408	0
860	128	3275	408	0
3238	78	2755	408	0
518	44	1169	408	0
2185	116	3085	408	0
391	110	1487	408	0
1221	106	855	408	0
3279	95	1052	408	0
3234	41	208	408	0
2448	29	3122	408	0
294	110	3250	408	0
181	0	2448	408	0
2748	105	2613	408	0
391	110	1170	408	0
2595	41	2594	408	0
1740	44	2058	408	0
1797	41	2301	408	0
520	44	3279	408	0
2465	82	3093	408	0
1995	41	787	432	0
1633	41	1714	432	0
1755	110	1259	432	0
837	110	3267	432	0
395	71	2206	432	0
2221	29	1012	432	0
2323	118	1604	432	0
3279	95	2473	432	0
2382	95	925	432	0
1522	110	2953	432	0
3201	141	449	432	0
744	152	2704	432	0
1996	110	788	432	0
47	133	520	432	0
701	106	913	432	0
2748	44	558	432	0
548	5	2537	432	0
227	44	913	432	0
2679	110	2167	432	0
2151	152	3153	432	0
2947	41	3250	432	0
701	133	520	432	0
1099	41	300	432	0
670	51	210	432	0
2383	95	993	432	0
2385	84	3152	432	0
1848	105	1506	456	0
3089	121	3192	456	0
3199	110	2987	456	0
3276	106	1566	456	0
2436	41	976	456	0
1054	5	2416	456	0
1427	71	2191	456	0
1118	95	1380	456	0
447	106	892	456	0
860	84	3152	456	0
3250	77	2947	456	0
236	0	473	456	0
2679	35	520	456	0
3124	41	2234	480	0
1173	44	1555	480	0
2030	76	301	480	0
2256	5	39	480	0
2011	110	3250	480	0
2679	110	3118	480	0
860	112	3327	480	0
3166	110	2132	480	0
2988	110	260	480	0
66	110	227	480	0
1450	41	1969	480	0
585	62	3283	480	0
474	44	1277	480	0
66	110	1487	480	0
2820	5	2470	504	0
763	29	520	504	0
2230	155	3267	504	0
1058	92	1628	504	0
3250	29	585	504	0
2189	150	3154	504	0
520	91	2515	504	0
1821	41	3061	504	0
3213	110	2969	504	0
1209	110	412	504	0
1643	84	2385	504	0
3275	71	2107	504	0
1258	84	1881	504	0
78	150	2185	504	0
2947	95	161	504	0
460	110	970	504	0
2719	102	1796	504	0
2363	104	2071	504	0
2724	110	752	504	0
1016	41	984	504	0
328	110	3275	504	0
2440	49	3110	504	0
1379	110	2189	504	0
2207	110	2703	504	0
3279	84	2763	504	0
163	155	473	504	0
3250	116	580	504	0
2677	150	516	504	0
1300	110	1802	528	0
75	147	3385	528	0
2465	68	2349	528	0
3032	105	3095	528	0
2217	150	3166	528	0
1791	110	3340	528	0
411	68	458	528	0
173	152	473	528	0
1916	110	1170	528	0
1916	110	2058	528	0
2707	29	524	528	0
2704	29	2093	528	0
977	68	1102	528	0
1748	44	1196	528	0
328	74	2909	528	0
812	110	3153	528	0
814	41	3307	528	0
3027	118	1104	528	0
703	29	2084	528	0
2704	110	744	528	0
1275	110	3250	528	0
1123	133	2353	528	0
1700	138	580	528	0
458	106	1580	528	0
2056	44	1872	552	0
301	110	3263	552	0
3250	150	2248	552	0
1662	41	3151	552	0
3000	110	2881	552	0
599	110	458	552	0
2679	29	1497	552	0
1015	29	487	552	0
2657	29	482	552	0
1505	110	1755	552	0
526	152	1599	552	0
2534	110	3252	552	0
1541	122	587	552	0
2353	118	1322	552	0
1487	95	65	552	0
1026	108	3279	552	0
1000	41	2041	552	0
694	102	1872	552	0
3152	95	3374	552	0
1732	95	2748	552	0
458	77	3279	552	0
979	133	3387	552	0
1916	5	301	552	0
3031	108	591	552	0
1487	110	1892	552	0
2666	52	1760	576	0
3368	77	1731	576	0
711	102	2654	576	0
355	110	160	576	0
1487	110	3234	576	0
1110	105	409	576	0
1196	5	1350	576	0
491	84	653	576	0
1872	105	334	576	0
824	71	2954	576	0
796	118	3279	576	0
1576	118	3302	576	0
3102	41	1229	576	0
2437	105	2908	576	0
2433	71	795	576	0
3376	110	984	576	0
3250	150	2245	576	0
1633	71	1714	576	0
520	44	892	576	0
366	110	3112	576	0
2438	41	2385	576	0
260	29	479	576	0
780	110	758	576	0
2514	29	514	576	0
1340	41	2908	576	0
559	106	2063	576	0
562	62	3283	576	0
3102	112	292	576	0
2343	41	3048	576	0
580	152	639	600	0
1118	110	1129	600	0
1576	41	3302	600	0
3327	41	3260	600	0
2515	84	2679	600	0
1215	47	3153	600	0
2947	150	3275	600	0
1070	105	458	600	0
3267	68	3279	600	0
1580	82	3302	600	0
3102	110	149	600	0
1338	77	1291	600	0
1219	82	1564	600	0
2286	110	1343	600	0
270	48	3279	600	0
1843	110	2947	600	0
2947	133	3267	600	0
3378	49	458	600	0
1913	71	1613	600	0
296	29	483	600	0
3074	41	2651	600	0
1453	110	1170	600	0
1564	143	3093	600	0
81	105	978	624	0
1276	110	817	624	0
300	133	2651	624	0
1112	110	3275	624	0
1524	133	45	624	0
2792	62	2674	624	0
2947	138	1451	624	0
3069	29	2096	624	0
44	106	1962	624	0
1487	95	2438	624	0
2947	120	3153	624	0
932	62	3283	624	0
1487	41	458	624	0
2678	96	1438	624	0
1021	100	1861	624	0
3279	98	2465	624	0
984	121	2929	624	0
186	33	473	624	0
491	16	1260	624	0
3166	150	39	624	0
3152	95	2377	648	0
2809	62	2712	648	0
2656	155	2071	648	0
2644	29	3361	648	0
72	110	2232	648	0
3172	84	1846	648	0
2196	110	2155	648	0
2551	41	327	648	0
2167	155	520	648	0
3118	119	3283	648	0
1082	41	1564	648	0
3365	62	3283	648	0
44	150	925	648	0
755	5	595	672	0
1593	110	261	672	0
173	33	2155	672	0
2201	44	2058	672	0
2507	99	2572	672	0
520	44	670	672	0
2315	110	2191	672	0
562	62	3283	672	0
933	48	18	672	0
2679	150	701	672	0
2167	155	520	672	0
3077	110	3078	672	0
1431	41	1294	672	0
572	63	3089	672	0
2270	49	3355	672	0
968	41	1068	672	0
41	41	44	672	0
1613	105	279	672	0
123	110	3030	672	0
1309	110	409	672	0
44	95	1882	672	0
1626	128	2861	672	0
2666	102	1760	672	0
3131	138	2186	672	0
776	142	1441	672	0
2407	110	2155	672	0
978	110	458	672	0
814	110	3276	672	0
2679	29	1271	672	0
520	41	2515	672	0
3024	144	3381	672	0
2617	44	2385	696	0
301	106	2679	696	0
97	110	2004	696	0
3152	95	3374	696	0
3279	130	2947	696	0
2027	128	3152	696	0
520	5	734	696	0
1666	71	2613	696	0
2934	84	884	696	0
3264	109	1296	696	0
758	5	3030	696	0
214	108	39	696	0
994	44	1431	696	0
1830	118	2477	696	0
301	110	2595	696	0
1487	72	520	696	0
3385	110	1559	696	0
1487	43	520	696	0
2905	84	1258	696	0
2977	105	1118	696	0
355	106	1170	696	0
2974	41	1102	696	0
2947	106	271	696	0
1547	118	2346	720	0
3017	110	3292	720	0
267	41	3163	720	0
1551	29	591	720	0
2947	50	3267	720	0
2736	138	2666	720	0
2975	150	2974	720	0
158	84	457	720	0
1950	41	2112	720	0
2037	110	680	720	0
3166	150	2155	720	0
550	106	2353	720	0
1855	155	739	720	0
38	106	2353	720	0
595	37	3283	720	0
3271	106	590	720	0
1067	110	1551	720	0
2659	106	487	720	0
3279	109	1411	720	0
2718	29	572	720	0
1220	105	1057	720	0
2353	110	1196	720	0
2947	95	1240	720	0
2422	95	2277	720	0
1646	41	2385	720	0
3092	95	2909	744	0
3279	41	3034	744	0
2126	5	458	744	0
3166	150	2217	744	0
2674	29	511	744	0
2153	152	3250	744	0
1053	110	457	744	0
860	44	2465	744	0
3152	95	860	744	0
3253	150	2153	744	0
1988	41	3276	744	0
2947	118	3093	744	0
351	42	3130	744	0
300	71	2456	744	0
1363	112	860	744	0
987	110	1351	744	0
141	110	3272	744	0
1572	52	2465	744	0
2595	41	2377	744	0
2302	143	1940	744	0
2947	41	203	744	0
1755	49	479	744	0
1237	41	1960	744	0
1092	110	3250	744	0
2606	118	139	744	0
3199	105	458	744	0
3182	110	1840	744	0
1643	110	409	744	0
701	110	2631	768	0
1678	105	1580	768	0
2904	65	2339	768	0
91	118	2849	768	0
2311	110	3302	768	0
2722	150	369	768	0
3033	41	2947	768	0
2189	150	638	768	0
555	155	2180	768	0
1274	110	848	768	0
2056	110	1872	768	0
1717	62	3283	768	0
78	150	3085	768	0
1109	116	2448	768	0
1329	110	301	768	0
1266	112	2651	768	0
2320	110	2321	768	0
2651	41	3074	768	0
2547	133	2947	768	0
1076	110	689	768	0
2702	29	549	768	0
3219	105	260	768	0
2252	72	329	768	0
3394	110	2125	768	0
3074	41	2651	768	0
1679	82	495	768	0
257	110	2929	768	0
165	44	492	768	0
458	133	812	792	0
3089	68	668	792	0
2679	155	520	792	0
2058	106	2679	792	0
3250	124	3153	792	0
2909	105	1732	792	0
405	110	458	792	0
563	82	1263	792	0
647	41	2435	792	0
688	110	893	792	0
2109	73	591	792	0
1329	110	1497	816	0
3102	110	3153	816	0
1740	5	520	816	0
2947	42	2465	816	0
3093	68	2465	816	0
860	144	2947	816	0
1377	84	3313	816	0
2445	84	2374	816	0
1377	84	664	816	0
2129	62	3283	816	0
2947	67	2142	816	0
1551	29	2998	816	0
2793	119	2675	816	0
3279	40	3296	840	0
1755	110	596	840	0
1865	5	3301	840	0
1551	41	3250	840	0
129	44	2947	840	0
3383	110	3279	840	0
2262	108	350	840	0
1353	146	2556	840	0
2113	84	776	840	0
924	70	1325	840	0
1242	41	3071	840	0
1551	68	1554	840	0
1841	89	377	840	0
1367	49	1205	840	0
2630	29	1536	840	0
2817	110	464	840	0
592	44	2444	840	0
1864	41	3410	840	0
2432	118	3302	840	0
1884	105	3275	840	0
3273	95	2385	840	0
149	106	3276	840	0
1969	5	1488	840	0
3171	41	120	840	0
3276	19	1160	840	0
2438	105	3302	840	0
609	41	1928	840	0
2207	15	1527	840	0
1961	41	2909	840	0
2680	29	1001	840	0
391	118	121	840	0
1010	77	2482	840	0
10	84	458	840	0
1487	109	520	840	0
3020	95	924	840	0
952	71	92	840	0
3276	112	2739	840	0
260	29	479	840	0
645	118	3106	840	0
493	62	3283	864	0
2528	106	2546	864	0
1987	110	201	864	0
957	68	355	864	0
3298	16	83	864	0
3085	34	2097	864	0
2056	44	487	864	0
1135	110	1147	864	0
695	29	491	864	0
3015	44	1922	864	0
36	106	593	864	0
3172	44	860	864	0
3279	109	2465	864	0
2549	150	2167	864	0
3353	106	1143	864	0
520	44	670	864	0
1939	110	2284	864	0
557	152	2562	864	0
2507	106	3279	864	0
1836	68	1121	864	0
2385	7	1170	864	0
172	105	3289	864	0
1321	105	3055	864	0
2546	29	563	864	0
1942	84	3279	888	0
900	5	520	888	0
3093	95	1344	888	0
2947	82	1793	888	0
1397	143	1387	888	0
2300	110	1206	888	0
1793	82	2947	888	0
947	143	1509	888	0
3279	110	2189	888	0
208	110	2836	888	0
638	154	2947	888	0
978	88	817	888	0
726	152	2218	888	0
1163	87	1554	888	0
458	95	3347	888	0
892	71	391	888	0
2679	29	2021	888	0
882	41	1097	888	0
1564	150	745	888	0
2686	102	559	888	0
2125	71	3061	888	0
2378	77	2112	888	0
2611	124	1793	888	0
1793	41	2203	888	0
1694	95	870	888	0
3327	105	1580	888	0
984	44	3250	888	0
3407	84	1566	912	0
1943	105	340	912	0
2166	150	512	912	0
860	110	1265	912	0
2617	62	3283	912	0
2679	29	932	912	0
1272	84	3250	912	0
1412	150	1399	912	0
1179	144	2832	912	0
2684	102	300	912	0
2548	41	2974	912	0
1637	44	529	912	0
2648	41	98	912	0
997	110	1563	912	0
2447	105	1307	912	0
2761	41	2505	912	0
1732	49	3296	912	0
860	44	1197	912	0
482	152	2657	912	0
563	72	2948	912	0
984	71	3030	912	0
1487	95	300	912	0
301	110	1487	912	0
242	155	520	912	0
1747	144	540	936	0
2645	110	3161	936	0
88	105	758	936	0
1487	5	208	936	0
1748	5	875	936	0
1707	82	1662	936	0
28	48	1213	936	0
267	143	1118	936	0
3362	155	97	936	0
41	5	458	936	0
1487	106	3276	936	0
2842	118	1740	936	0
2353	77	420	936	0
3250	29	1602	936	0
2197	16	505	936	0
520	106	2679	936	0
1121	29	511	936	0
2487	84	2935	936	0
1016	108	267	936	0
2282	106	3093	936	0
692	29	2071	936	0
342	41	2831	936	0
860	77	2385	936	0
2909	105	1614	936	0
3061	105	3093	936	0
3061	41	1686	936	0
2556	110	3279	936	0
892	144	447	936	0
1701	95	405	936	0
2692	102	539	960	0
3250	110	2629	960	0
2707	150	559	960	0
1685	106	2343	960	0
1565	73	1009	960	0
2812	62	3283	960	0
2624	95	2348	960	0
3070	118	1122	960	0
2137	152	1487	960	0
1732	95	2909	960	0
573	5	511	960	0
824	84	3033	960	0
2085	155	1473	960	0
2452	110	3260	960	0
1885	70	2773	960	0
1895	62	3283	960	0
1000	62	3283	984	0
907	29	2134	984	0
1767	84	520	984	0
52	41	1126	984	0
758	95	88	984	0
208	5	1170	984	0
1888	41	2385	984	0
2617	110	2831	984	0
2947	82	1580	984	0
3114	117	479	984	0
1797	95	2465	984	0
2041	110	1170	984	0
328	105	259	984	0
2680	110	243	984	0
3118	5	520	1008	0
1580	118	3192	1008	0
670	29	1585	1008	0
1099	105	161	1008	0
2119	95	405	1008	0
2353	41	316	1008	0
328	105	3192	1008	0
3172	106	3323	1008	0
1487	95	2831	1008	0
1554	29	2101	1008	0
2402	110	2225	1008	0
2645	41	1065	1008	0
159	143	112	1008	0
458	95	1518	1008	0
162	110	2747	1008	0
812	110	458	1008	0
2726	110	3214	1008	0
260	95	1112	1008	0
328	106	2947	1008	0
1099	105	2630	1008	0
550	106	2353	1032	0
3275	118	3279	1032	0
2036	51	290	1032	0
2353	110	323	1032	0
3279	150	1563	1032	0
2125	41	2343	1032	0
837	110	2947	1032	0
2548	41	3289	1032	0
1004	110	1196	1032	0
2189	150	2187	1032	0
1346	110	1907	1032	0
1024	67	3153	1032	0
1598	65	2705	1032	0
1690	71	1365	1032	0
862	106	3250	1032	0
39	105	2548	1032	0
1362	110	365	1032	0
3231	143	3373	1032	0
2115	118	1408	1032	0
60	150	3153	1032	0
2656	150	2071	1032	0
3382	49	2159	1032	0
415	110	2658	1032	0
1565	150	3153	1032	0
2975	150	184	1032	0
1000	110	1487	1032	0
1329	105	2556	1032	0
2680	29	521	1056	0
3386	150	75	1056	0
2059	110	1557	1056	0
563	5	3327	1056	0
860	72	3302	1056	0
98	84	2273	1056	0
1717	138	734	1056	0
2870	95	1358	1056	0
1331	84	1487	1056	0
264	143	2909	1056	0
1765	29	113	1056	0
1588	41	131	1056	0
590	106	2767	1056	0
3317	105	1861	1056	0
260	5	479	1056	0
2791	62	3283	1056	0
572	144	1206	1056	0
2962	65	3327	1056	0
3326	143	844	1056	0
2263	84	1965	1056	0
1990	110	1170	1056	0
2115	41	2856	1056	0
996	110	3153	1056	0
43	110	1751	1056	0
2219	43	407	1056	0
2680	122	521	1056	0
1293	105	1487	1056	0
1014	18	1814	1056	0
2707	155	864	1056	0
3203	20	2708	1056	0
3049	44	2353	1080	0
2189	110	3250	1080	0
685	88	585	1080	0
2724	110	3192	1080	0
708	29	550	1080	0
3031	41	3279	1080	0
2664	108	1608	1080	0
1791	29	595	1080	0
1576	110	3153	1080	0
3324	110	2947	1080	0
2167	113	1487	1080	0
2516	8	2782	1080	0
1861	143	1733	1080	0
121	118	2385	1080	0
984	41	405	1080	0
2909	41	2112	1080	0
813	84	984	1080	0
340	41	2651	1080	0
3015	118	1748	1080	0
1359	110	1200	1080	0
2947	150	730	1080	0
144	110	1906	1080	0
39	41	2464	1080	0
1470	108	267	1104	0
3166	106	591	1104	0
2132	152	473	1104	0
1937	105	1102	1104	0
1291	41	870	1104	0
2974	95	2823	1104	0
1290	110	285	1104	0
1096	110	3279	1104	0
1625	110	1868	1104	0
2388	133	3357	1104	0
508	5	1162	1104	0
2909	106	3250	1104	0
2544	91	531	1104	0
3226	122	3094	1104	0
3033	84	378	1104	0
168	152	2448	1104	0
1564	44	1793	1104	0
2714	106	566	1104	0
267	106	984	1104	0
1287	110	2929	1104	0
374	44	3302	1104	0
3279	106	1033	1104	0
870	41	1291	1104	0
2772	16	559	1104	0
3302	82	228	1104	0
1457	110	2181	1104	0
279	29	482	1104	0
1588	110	1121	1128	0
2946	105	1881	1128	0
2976	150	2975	1128	0
2679	114	1487	1128	0
1551	82	1487	1128	0
3234	110	1487	1128	0
1487	108	520	1128	0
3250	40	2629	1128	0
559	144	1777	1128	0
2512	29	2097	1128	0
1273	150	3279	1128	0
2187	110	2189	1128	0
19	41	1793	1128	0
3336	105	458	1128	0
2693	110	2802	1128	0
1904	108	1506	1128	0
1861	82	981	1128	0
3275	5	2104	1128	0
3076	44	845	1128	0
2685	150	2141	1128	0
3245	41	341	1128	0
1205	122	1854	1128	0
2965	110	301	1152	0
2535	73	2129	1152	0
1849	106	1147	1152	0
2847	110	2650	1152	0
606	139	2185	1152	0
1891	49	984	1152	0
1551	44	300	1152	0
1432	105	1487	1152	0
3367	40	759	1152	0
3279	49	2465	1152	0
2213	110	2723	1152	0
2465	95	1683	1152	0
3279	44	2465	1152	0
765	108	3089	1176	0
977	68	3151	1176	0
41	68	3279	1176	0
511	152	2223	1176	0
2468	41	3005	1176	0
2317	49	1182	1176	0
1243	133	1295	1176	0
1212	143	2247	1176	0
1869	110	2906	1176	0
2947	102	183	1176	0
2395	110	3152	1176	0
3193	41	2640	1176	0
1406	95	2557	1176	0
3180	44	301	1176	0
11	49	1188	1176	0
3250	110	2189	1200	0
1683	105	2465	1200	0
2280	41	2116	1200	0
3276	127	295	1200	0
1626	143	2906	1200	0
1888	110	3276	1200	0
3275	95	1269	1200	0
2548	110	2553	1200	0
1091	41	1067	1200	0
895	110	246	1200	0
484	62	3283	1200	0
1842	41	2116	1200	0
2461	110	1487	1200	0
646	44	2605	1200	0
3216	106	1906	1200	0
2559	41	1571	1200	0
1918	118	921	1200	0
984	41	2646	1200	0
860	84	3296	1200	0
2548	107	2947	1200	0
1668	84	1733	1200	0
2178	155	550	1200	0
610	5	473	1200	0
2709	120	2349	1200	0
2835	41	1170	1200	0
2947	84	1102	1200	0
2137	152	1487	1200	0
1719	110	1972	1200	0
2187	150	3153	1200	0
409	44	3279	1224	0
1822	106	1472	1224	0
1888	44	3279	1224	0
2947	29	3362	1224	0
548	106	1194	1224	0
1904	106	1506	1224	0
1410	110	120	1224	0
1897	65	3393	1224	0
1293	110	1551	1224	0
1826	106	2060	1224	0
3275	106	776	1224	0
3389	105	1580	1224	0
2376	68	3192	1224	0
1099	44	1617	1224	0
3199	41	3070	1224	0
1085	110	3276	1224	0
566	5	1672	1224	0
1630	105	409	1224	0
913	41	227	1224	0
3060	110	1580	1224	0
2112	84	2503	1224	0
1701	71	2824	1224	0
2625	41	2732	1224	0
3279	73	1056	1224	0
1253	110	1196	1224	0
3273	128	2824	1224	0
701	133	1284	1224	0
3276	27	3153	1224	0
3279	77	3093	1224	0
2486	41	661	1224	0
1888	106	3276	1224	0
2759	110	1170	1224	0
2246	0	577	1248	0
2091	38	1099	1248	0
2679	150	670	1248	0
1356	5	3296	1248	0
3118	144	892	1248	0
1569	118	1085	1248	0
860	95	1906	1248	0
3216	44	1906	1248	0
3129	110	1487	1248	0
3216	5	2988	1248	0
2297	122	2947	1248	0
1329	110	1487	1248	0
924	110	1102	1248	0
1170	29	520	1248	0
2353	29	743	1248	0
974	49	1487	1248	0
1102	41	3279	1248	0
458	102	1580	1248	0
861	105	1487	1248	0
3036	108	2112	1248	0
1233	95	3183	1248	0
1740	41	1920	1248	0
1213	41	1072	1248	0
2574	105	409	1248	0
3260	105	3153	1272	0
1361	118	1640	1272	0
670	96	301	1272	0
2831	84	1487	1272	0
122	24	1357	1272	0
3179	5	2462	1272	0
861	105	1487	1272	0
734	117	520	1272	0
1487	105	1643	1272	0
1906	41	795	1272	0
2584	110	3093	1272	0
2359	110	3392	1272	0
327	77	2551	1272	0
1215	105	3085	1272	0
520	152	1487	1272	0
1551	44	1172	1272	0
180	38	3279	1272	0
2277	41	391	1272	0
2791	62	3283	1272	0
277	110	3130	1272	0
1487	131	342	1272	0
2004	41	2605	1272	0
1880	110	434	1272	0
2125	148	2465	1272	0
1096	44	1827	1272	0
1455	110	990	1296	0
749	152	3091	1296	0
39	110	173	1296	0
466	110	710	1296	0
3327	105	2947	1296	0
2299	110	2228	1296	0
2696	39	2346	1296	0
2679	106	520	1296	0
2947	118	1212	1296	0
616	106	581	1296	0
592	133	1899	1296	0
2139	152	2170	1296	0
2536	106	590	1320	0
2679	150	3118	1320	0
1919	44	2617	1320	0
2975	154	565	1320	0
2668	29	3153	1320	0
2758	41	1969	1320	0
2456	105	161	1320	0
2465	110	3279	1320	0
131	41	600	1320	0
39	110	1736	1320	0
1687	110	2465	1320	0
1916	5	2328	1320	0
3279	98	352	1320	0
520	44	2679	1320	0
2447	41	2448	1344	0
1170	133	520	1344	0
1163	84	1811	1344	0
3250	84	2947	1344	0
1089	105	1506	1344	0
1660	105	1253	1344	0
2947	68	3254	1344	0
2684	151	2799	1344	0
313	5	1170	1344	0
48	41	2128	1344	0
2303	41	1239	1344	0
1555	110	934	1344	0
533	62	3283	1344	0
1329	108	2965	1344	0
1846	84	3249	1344	0
121	106	932	1344	0
3275	68	984	1344	0
3279	120	3267	1344	0
1016	16	1096	1344	0
2277	110	1170	1344	0
1717	41	2385	1344	0
458	71	1102	1344	0
1565	41	1422	1344	0
3279	110	3093	1344	0
3276	44	3308	1344	0
1487	41	1741	1344	0
2679	150	520	1368	0
2182	150	2947	1368	0
2699	110	741	1368	0
2377	71	2840	1368	0
701	110	1497	1368	0
924	84	614	1368	0
2353	110	772	1368	0
2119	95	1592	1368	0
3128	115	3407	1368	0
3166	150	2155	1368	0
641	152	2189	1368	0
1588	105	3254	1368	0
526	147	1564	1368	0
2703	29	743	1368	0
1730	110	2856	1368	0
1908	103	1894	1392	0
2951	44	2713	1392	0
1487	110	425	1392	0
3161	120	297	1392	0
1407	110	1103	1392	0
590	44	2987	1392	0
2462	118	1706	1392	0
1564	49	229	1392	0
300	41	112	1392	0
767	41	1662	1392	0
2465	84	3279	1392	0
3263	106	2277	1392	0
828	110	2448	1392	0
2862	106	347	1392	0
1771	35	74	1392	0
734	0	656	1392	0
571	152	3084	1392	0
1487	66	520	1392	0
1342	84	2352	1392	0
1788	102	590	1392	0
3070	118	2597	1392	0
3166	106	1219	1392	0
13	95	1487	1392	0
1257	41	3267	1392	0
2336	105	3275	1392	0
2712	110	2150	1392	0
1793	95	2974	1392	0
2679	49	520	1392	0
731	110	1762	1392	0
178	152	2781	1392	0
2452	84	1265	1392	0
1726	110	2472	1392	0
3276	102	2465	1392	0
1147	106	888	1392	0
2909	84	503	1416	0
862	47	984	1416	0
3279	106	2947	1416	0
2931	95	1106	1416	0
2456	41	1613	1416	0
532	62	3283	1416	0
2862	110	3250	1416	0
2	5	860	1416	0
520	106	3140	1416	0
2167	150	2179	1416	0
1819	49	1554	1416	0
2385	41	924	1416	0
1896	5	3089	1416	0
907	102	2556	1416	0
2716	29	527	1440	0
1487	84	2385	1440	0
1614	143	1487	1440	0
859	110	1213	1440	0
1556	41	1819	1440	0
2644	77	559	1440	0
3279	61	3093	1440	0
984	44	629	1440	0
3273	84	1382	1440	0
2387	84	922	1440	0
1424	118	1975	1440	0
135	106	1118	1440	0
502	108	129	1440	0
3327	44	3279	1440	0
2527	29	2094	1440	0
2718	150	572	1440	0
458	109	3279	1440	0
3250	143	203	1440	0
1579	49	1170	1440	0
2947	84	1551	1440	0
2918	62	3283	1440	0
2464	68	860	1440	0
636	152	2448	1464	0
1189	95	2862	1464	0
1329	110	116	1464	0
2679	122	520	1464	0
476	133	2999	1464	0
30	62	3283	1464	0
2953	41	2336	1464	0
3224	71	2385	1464	0
2212	118	293	1488	0
130	84	570	1488	0
1755	110	692	1488	0
629	0	450	1488	0
301	41	2277	1488	0
1582	118	2824	1488	0
907	95	2352	1488	0
198	96	580	1488	0
2657	29	2072	1488	0
860	52	300	1512	0
2461	84	2574	1512	0
2167	150	631	1512	0
4	41	2336	1512	0
1329	130	301	1512	0
1770	138	526	1512	0
1875	41	670	1512	0
2279	110	2309	1512	0
2494	41	1733	1512	0
1085	84	140	1512	0
956	106	724	1512	0
916	105	3225	1512	0
3334	110	3134	1512	0
2132	152	2155	1512	0
2929	84	2643	1512	0
860	109	3275	1512	0
3093	95	1568	1512	0
1108	44	2448	1512	0
812	108	3093	1512	0
3407	110	1506	1512	0
987	6	1212	1512	0
1683	143	970	1512	0
2221	110	2137	1512	0
2974	150	3385	1512	0
2638	106	984	1512	0
1147	5	1849	1512	0
1487	110	425	1512	0
2150	155	2947	1536	0
3093	84	1683	1536	0
3224	71	2385	1536	0
301	133	1280	1536	0
338	150	2372	1536	0
2836	44	2041	1536	0
3369	110	2269	1536	0
3250	150	3153	1536	0
959	143	1626	1536	0
276	41	2327	1536	0
1487	95	3064	1536	0
2947	95	3327	1536	0
1879	106	520	1536	0
2385	105	1564	1536	0
3093	105	3372	1536	0
3279	150	456	1536	0
161	84	334	1536	0
2679	102	447	1536	0
458	68	1580	1536	0
2123	105	2931	1536	0
307	44	2448	1536	0
479	108	2259	1536	0
2548	106	2422	1536	0
983	84	3074	1560	0
860	105	41	1560	0
2794	115	3283	1560	0
520	117	24	1560	0
2679	39	1487	1560	0
907	95	2336	1560	0
1332	110	3279	1560	0
3279	41	1683	1560	0
2479	44	2929	1560	0
1487	138	520	1560	0
132	105	761	1560	0
2909	5	458	1560	0
1564	110	908	1560	0
357	42	1731	1560	0
373	44	409	1560	0
2651	110	3279	1560	0
249	106	2723	1584	0
458	44	1487	1584	0
3279	95	1920	1584	0
1358	41	984	1584	0
2212	110	2151	1584	0
1099	105	41	1584	0
978	95	3033	1584	0
3343	110	260	1584	0
3033	105	3407	1584	0
860	84	1541	1584	0
1149	41	859	1584	0
1312	105	761	1584	0
458	83	2376	1584	0
1030	41	2336	1584	0
2960	106	2511	1584	0
458	82	3045	1584	0
1231	110	1639	1584	0
372	41	2336	1584	0
1487	95	121	1584	0
1530	152	580	1584	0
3314	5	595	1584	0
1362	41	3254	1584	0
3232	110	1102	1584	0
1132	110	1667	1584	0
2385	106	1487	1584	0
3357	106	1170	1584	0
1651	71	3323	1584	0
3065	29	568	1584	0
1395	150	3192	1584	0
1487	82	2548	1584	0
3407	95	2947	1584	0
391	52	1280	1584	0
2405	84	2465	1608	0
1054	110	1154	1608	0
3279	68	2645	1608	0
2595	49	3072	1608	0
2977	95	1323	1608	0
1465	41	3066	1608	0
1743	14	1580	1608	0
2431	110	1786	1608	0
1380	110	716	1608	0
3302	95	2415	1608	0
1667	95	405	1608	0
1971	110	2686	1608	0
734	0	447	1608	0
2010	105	810	1608	0
2657	39	2779	1608	0
2886	41	2277	1608	0
2651	112	977	1608	0
3167	41	932	1608	0
2679	29	3357	1608	0
2580	44	256	1632	0
2679	5	520	1632	0
1382	84	2465	1632	0
2679	110	900	1632	0
300	105	3279	1632	0
2187	154	580	1632	0
580	62	2187	1632	0
1133	29	505	1632	0
520	106	24	1632	0
1389	41	1967	1632	0
2947	77	978	1632	0
2671	110	930	1632	0
480	155	238	1656	0
1551	29	523	1656	0
1054	118	668	1656	0
2261	110	3022	1656	0
2277	71	213	1656	0
2343	84	458	1680	0
2679	22	1170	1680	0
1121	29	580	1680	0
2353	84	1099	1680	0
2035	49	595	1680	0
1814	110	1716	1680	0
1130	105	296	1680	0
221	110	2687	1680	0
2336	84	3279	1680	0
2604	110	96	1680	0
3319	118	2458	1680	0
2953	72	1654	1680	0
924	110	1102	1680	0
2347	44	267	1680	0
528	106	216	1680	0
2837	110	2291	1680	0
2903	29	2106	1680	0
889	95	2838	1680	0
1870	109	689	1680	0
2277	41	602	1680	0
2446	44	981	1680	0
3172	110	1580	1680	0
640	116	39	1680	0
93	105	3267	1704	0
1142	110	851	1704	0
2400	41	3061	1704	0
1139	105	1219	1704	0
726	155	350	1704	0
307	5	1906	1704	0
634	118	1551	1704	0
1859	84	1498	1704	0
2707	150	3188	1704	0
3282	44	1551	1704	0
3033	105	41	1704	0
1255	110	1683	1704	0
1576	40	553	1704	0
121	41	1487	1704	0
3033	26	3275	1704	0
2353	95	2909	1704	0
301	5	670	1704	0
3342	41	3378	1704	0
1487	143	1102	1704	0
3093	105	2947	1704	0
458	106	3272	1704	0
3273	129	2824	1704	0
2438	84	1572	1704	0
3407	95	19	1728	0
458	41	1704	1728	0
2058	106	1170	1728	0
2336	105	3279	1728	0
2336	105	3275	1728	0
1487	29	734	1728	0
3289	41	2947	1728	0
1924	110	1195	1728	0
2992	84	1306	1728	0
1331	110	1551	1728	0
1722	106	584	1728	0
1968	41	82	1728	0
3279	139	721	1728	0
960	41	376	1728	0
2794	119	2676	1728	0
1085	106	1218	1728	0
1085	44	479	1728	0
2901	110	2947	1728	0
2947	133	3275	1728	0
1279	41	2848	1728	0
2377	118	2277	1728	0
328	41	1593	1728	0
1121	68	1551	1728	0
2947	44	3275	1728	0
2152	152	998	1728	0
2295	110	1188	1728	0
2909	128	41	1728	0
3275	41	1085	1728	0
3321	144	1170	1728	0
670	110	301	1728	0
2226	151	2803	1728	0
523	5	2681	1728	0
1067	84	1662	1728	0
1112	105	1098	1752	0
520	109	1487	1752	0
1102	74	3275	1752	0
2828	71	1192	1752	0
2803	119	2226	1752	0
3069	68	458	1752	0
528	14	3061	1752	0
69	118	2574	1752	0
302	110	1170	1752	0
3152	121	407	1752	0
1262	107	2036	1752	0
521	152	1171	1752	0
3279	95	2352	1752	0
1262	110	1147	1752	0
520	72	1652	1752	0
1079	44	1487	1752	0
2707	150	559	1752	0
3275	44	2947	1752	0
1409	41	2962	1752	0
2659	110	164	1752	0
520	77	619	1752	0
865	152	487	1752	0
2979	110	1551	1752	0
405	94	2108	1752	0
1986	41	3331	1752	0
1930	84	2912	1752	0
960	110	1153	1752	0
3153	120	2187	1752	0
1580	118	1683	1752	0
2353	107	550	1752	0
3095	105	260	1752	0
1775	46	226	1752	0
3356	115	1268	1752	0
1974	118	3059	1752	0
3250	79	1554	1776	0
597	118	85	1776	0
301	106	142	1776	0
3275	147	2947	1776	0
2018	110	911	1776	0
210	5	68	1776	0
1782	110	1573	1776	0
458	41	2	1776	0
1800	85	3161	1776	0
1906	110	1506	1776	0
1693	110	2912	1776	0
1121	41	344	1776	0
1121	118	3275	1776	0
1442	102	1196	1776	0
1662	41	1704	1776	0
1288	110	1969	1776	0
56	110	3276	1776	0
1105	84	1487	1776	0
3317	84	340	1776	0
398	84	2338	1776	0
2353	110	2448	1776	0
860	82	2343	1776	0
1906	118	228	1800	0
3200	152	520	1800	0
2674	150	1067	1800	0
2221	151	2797	1800	0
3095	143	260	1800	0
228	105	1906	1800	0
2652	110	2155	1800	0
409	82	2752	1800	0
3001	150	1574	1800	0
2304	71	3102	1800	0
3118	35	1584	1800	0
900	41	1329	1800	0
1022	150	1279	1824	0
3250	43	198	1824	0
391	44	301	1824	0
532	152	1411	1824	0
2548	41	39	1824	0
3378	65	138	1824	0
1917	5	1170	1824	0
1228	19	3279	1824	0
1993	110	1279	1824	0
2334	110	2376	1824	0
2124	110	1852	1824	0
138	110	2370	1824	0
2118	110	244	1824	0
3275	102	721	1824	0
323	150	1499	1824	0
1111	106	2020	1848	0
567	84	2947	1848	0
296	95	984	1848	0
981	71	3275	1848	0
2495	105	3275	1848	0
1528	0	3122	1848	0
39	150	2152	1848	0
484	133	986	1848	0
294	110	3250	1848	0
2353	94	2951	1848	0
1220	5	2122	1848	0
2831	84	1487	1848	0
3151	111	2465	1848	0
2376	120	544	1848	0
520	32	0	1848	0
917	102	678	1848	0
2947	106	3267	1848	0
3199	110	1381	1848	0
2991	133	89	1848	0
3033	84	3302	1848	0
240	152	445	1848	0
1023	67	166	1848	0
3234	44	1170	1848	0
1336	118	3327	1848	0
805	118	2250	1848	0
2295	118	1199	1848	0
3199	110	3327	1848	0
2343	65	3061	1848	0
2341	68	267	1848	0
1305	153	487	1848	0
138	84	136	1848	0
1102	110	2904	1848	0
3250	150	3153	1872	0
1577	110	1151	1872	0
1279	106	1545	1872	0
845	13	784	1872	0
1295	41	2878	1872	0
1823	118	682	1872	0
1382	65	3327	1872	0
1487	84	301	1872	0
934	37	1400	1872	0
563	72	2947	1872	0
853	110	3250	1872	0
3275	41	3267	1872	0
1580	77	3093	1872	0
301	110	303	1872	0
2385	110	1487	1872	0
3005	41	2167	1872	0
2679	29	2365	1872	0
625	82	513	1872	0
1758	44	2195	1872	0
2150	152	2947	1872	0
3398	5	2380	1872	0
300	118	1362	1872	0
403	143	1201	1872	0
1264	41	1466	1872	0
524	84	1554	1872	0
1433	41	143	1872	0
1683	84	860	1872	0
3279	95	2288	1872	0
670	125	242	1872	0
3405	110	458	1872	0
2336	105	3279	1872	0
242	152	2679	1872	0
663	5	2306	1872	0
2056	110	422	1872	0
2836	41	301	1896	0
2679	141	3362	1896	0
3260	41	3033	1896	0
2495	95	924	1896	0
3146	110	1487	1896	0
3279	63	3250	1896	0
2414	150	2448	1896	0
479	11	2540	1896	0
1085	105	2338	1896	0
1861	41	977	1896	0
1824	105	340	1896	0
1487	95	1105	1896	0
1382	41	2336	1896	0
1102	95	2442	1896	0
520	5	1817	1896	0
845	102	1170	1896	0
656	5	520	1896	0
1197	44	3093	1896	0
2034	110	3377	1896	0
3279	82	592	1896	0
2805	106	3015	1896	0
323	138	2448	1896	0
2947	128	1098	1896	0
2187	150	2151	1896	0
2705	102	555	1896	0
2645	110	458	1896	0
2465	143	3093	1896	0
2448	122	550	1896	0
720	110	693	1896	0
2448	106	550	1920	0
984	41	3161	1920	0
520	77	2058	1920	0
2353	128	2951	1920	0
886	110	1200	1920	0
241	152	509	1920	0
2657	138	948	1920	0
2730	29	2379	1920	0
458	42	767	1920	0
296	95	131	1920	0
363	105	2947	1920	0
2940	41	860	1920	0
3161	95	1031	1920	0
3275	95	984	1920	0
1618	110	3161	1920	0
3316	105	296	1920	0
1487	110	2058	1920	0
1085	110	3327	1920	0
1382	41	2465	1920	0
1546	118	267	1920	0
1487	106	208	1920	0
2947	29	563	1920	0
907	143	99	1920	0
1202	118	761	1920	0
1551	144	2119	1920	0
1458	110	1667	1920	0
323	132	550	1920	0
1541	106	984	1920	0
520	153	2679	1920	0
1402	5	2187	1920	0
510	109	2896	1920	0
1610	41	288	1920	0
1487	95	1936	1920	0
2377	109	520	1920	0
4	41	58	1944	0
722	0	559	1944	0
1184	118	1859	1944	0
1844	143	2382	1944	0
1439	110	1121	1944	0
670	41	2030	1944	0
143	36	3283	1944	0
3172	105	1438	1944	0
3033	71	1100	1944	0
1085	110	984	1944	0
837	110	2947	1944	0
715	110	1209	1944	0
590	32	2027	1944	0
1624	118	418	1944	0
2419	110	397	1944	0
1379	65	1325	1944	0
1580	29	1504	1944	0
734	147	447	1944	0
3243	110	3279	1944	0
3383	84	1860	1944	0
2755	68	458	1944	0
590	62	3283	1944	0
458	41	1487	1944	0
1487	19	520	1968	0
2679	29	1675	1968	0
3279	68	99	1968	0
2679	141	447	1968	0
2137	155	2679	1968	0
458	95	373	1968	0
2259	110	2656	1968	0
2561	106	559	1968	0
2634	110	260	1992	0
575	152	2720	1992	0
301	62	3283	1992	0
2512	29	412	1992	0
1315	110	758	1992	0
2460	110	1487	1992	0
2637	108	399	1992	0
1564	44	3278	1992	0
2310	110	1710	1992	0
3250	110	641	2016	0
177	155	509	2016	0
2615	41	431	2016	0
575	119	2720	2016	0
151	29	1305	2016	0
837	110	3267	2016	0
3279	110	3268	2016	0
1540	16	1832	2016	0
1694	95	3030	2016	0
3289	84	1673	2016	0
2703	155	550	2016	0
1566	128	1085	2016	0
926	41	3276	2016	0
1487	95	3061	2040	0
790	110	2151	2040	0
1909	106	520	2040	0
1110	105	409	2040	0
3279	43	3250	2040	0
860	118	3327	2040	0
1254	41	2707	2040	0
3250	111	1662	2040	0
2065	44	566	2040	0
2831	5	2385	2040	0
2719	29	573	2040	0
301	63	670	2040	0
227	75	1487	2040	0
2810	119	1121	2040	0
3093	84	409	2040	0
301	110	1487	2040	0
1149	128	1085	2040	0
3048	84	3289	2040	0
2229	150	2154	2040	0
1205	94	2367	2040	0
1170	85	1399	2040	0
1382	41	138	2040	0
2920	44	2929	2040	0
2050	41	984	2040	0
296	128	1085	2040	0
3115	62	681	2040	0
355	51	520	2040	0
1906	68	1541	2064	0
2385	41	2843	2064	0
1892	41	2842	2064	0
1329	109	1170	2064	0
409	118	984	2064	0
1170	110	1866	2064	0
3042	41	2125	2064	0
2568	109	2326	2064	0
3279	98	364	2064	0
1107	110	2672	2064	0
981	105	2947	2064	0
1768	106	702	2064	0
1085	5	2994	2064	0
409	128	1085	2064	0
622	112	155	2064	0
1733	130	531	2064	0
322	65	98	2064	0
1329	106	1170	2064	0
1102	68	99	2064	0
2041	110	3297	2064	0
2389	32	617	2064	0
3383	84	573	2064	0
1329	110	227	2064	0
670	102	913	2064	0
1564	5	931	2064	0
1933	110	1691	2064	0
986	110	457	2064	0
3279	98	2947	2064	0
2112	44	532	2064	0
1912	41	210	2064	0
3291	49	3017	2064	0
2712	102	3204	2064	0
932	110	355	2064	0
2316	143	281	2064	0
2679	29	3357	2064	0
1170	153	520	2064	0
301	118	919	2064	0
718	133	2974	2064	0
2465	118	458	2088	0
2333	44	3279	2088	0
260	95	1873	2088	0
2538	106	592	2088	0
3119	84	3161	2088	0
462	118	1683	2088	0
2947	106	3279	2088	0
3276	41	3032	2088	0
2507	84	3343	2088	0
122	44	1564	2088	0
1411	37	3283	2088	0
1554	108	3279	2088	0
301	110	1487	2088	0
413	105	689	2088	0
1487	106	301	2088	0
1417	106	140	2088	0
3093	118	3378	2088	0
1541	44	2947	2088	0
1034	73	563	2088	0
2385	84	3275	2088	0
590	62	1837	2088	0
860	71	2465	2088	0
2055	29	2071	2088	0
1487	110	2460	2088	0
2679	120	520	2088	0
1505	41	2435	2088	0
2947	108	3166	2088	0
3279	49	940	2112	0
2769	41	2672	2112	0
2465	84	2343	2112	0
1564	155	2556	2112	0
2807	62	3283	2112	0
1146	61	161	2112	0
670	110	3118	2112	0
3146	72	3061	2112	0
520	0	2679	2112	0
2931	95	1098	2112	0
2377	44	301	2112	0
860	143	3093	2112	0
1855	67	166	2112	0
1089	35	1580	2112	0
1329	41	1487	2112	0
1325	41	2187	2112	0
585	152	2154	2112	0
1130	142	2029	2112	0
860	41	3061	2112	0
555	60	1564	2112	0
860	41	2336	2112	0
3380	41	1026	2112	0
2507	41	1377	2112	0
1085	95	2893	2112	0
2460	84	3032	2112	0
1099	118	1564	2112	0
562	87	1778	2112	0
1601	118	1596	2112	0
1063	128	2947	2112	0
2534	69	3250	2136	0
860	44	117	2136	0
1064	144	11	2136	0
502	44	2252	2136	0
452	152	2708	2136	0
1700	137	1554	2136	0
3378	71	1274	2136	0
2465	84	522	2136	0
520	62	3283	2136	0
2807	62	1565	2136	0
1487	44	1170	2136	0
2724	5	2102	2136	0
767	69	2947	2136	0
2862	44	3279	2136	0
2076	152	655	2160	0
526	152	2807	2160	0
409	41	2109	2160	0
2134	155	2220	2160	0
2840	110	3210	2160	0
31	41	1912	2160	0
1554	95	1487	2160	0
2639	41	3343	2160	0
1081	110	2645	2160	0
2343	106	458	2160	0
592	49	1220	2160	0
1048	84	2947	2160	0
1983	110	2155	2160	0
2679	102	734	2160	0
2058	133	834	2184	0
2679	44	2058	2184	0
1902	105	3275	2184	0
2645	95	2929	2184	0
2435	118	458	2184	0
906	110	1765	2184	0
432	41	3195	2184	0
214	106	473	2184	0
1324	82	446	2184	0
3343	95	2435	2184	0
2797	115	1487	2184	0
78	150	3265	2184	0
3279	67	571	2184	0
2003	110	2711	2184	0
1102	95	2435	2184	0
1563	150	554	2208	0
1551	71	3250	2208	0
1437	95	3099	2208	0
712	66	383	2208	0
1858	71	2937	2208	0
2947	68	1551	2208	0
242	152	520	2208	0
2679	138	1740	2208	0
3302	143	2341	2208	0
2657	29	482	2208	0
2947	89	3250	2208	0
1258	106	3250	2208	0
252	133	1872	2208	0
3279	132	2465	2208	0
2947	82	3250	2208	0
3030	71	2947	2208	0
555	152	1565	2208	0
1733	112	977	2208	0
987	110	3327	2208	0
458	41	1683	2208	0
1054	41	1609	2208	0
1238	118	1902	2208	0
520	152	2797	2208	0
850	110	2707	2232	0
520	5	2021	2232	0
3279	41	1325	2232	0
1897	62	2343	2232	0
3208	41	2438	2232	0
3250	41	3327	2232	0
3034	110	3279	2232	0
2376	41	1731	2232	0
3297	110	3011	2232	0
1731	112	3192	2232	0
1542	29	2147	2232	0
2628	52	1196	2232	0
1325	41	3279	2232	0
2868	105	1580	2232	0
2175	29	541	2232	0
2058	109	1487	2232	0
2465	44	3093	2232	0
2308	110	3267	2232	0
3302	68	2947	2232	0
3032	110	2464	2232	0
2788	125	1872	2232	0
346	143	74	2232	0
1178	133	1564	2232	0
1170	85	520	2232	0
1172	5	1564	2232	0
1901	44	2853	2232	0
1487	41	301	2232	0
3327	105	3250	2232	0
2983	41	2856	2256	0
3097	29	509	2256	0
3327	41	2862	2256	0
2673	29	2410	2256	0
1185	143	42	2256	0
1293	110	2862	2256	0
1934	105	330	2256	0
1733	68	3279	2256	0
1649	109	520	2256	0
2571	106	409	2256	0
2387	71	149	2256	0
2447	82	2448	2256	0
3192	29	509	2256	0
3035	41	1959	2256	0
301	44	3392	2256	0
706	5	532	2256	0
1654	106	2258	2256	0
3371	41	1872	2256	0
2638	41	2923	2256	0
1634	5	994	2256	0
473	49	2980	2256	0
3406	110	458	2256	0
2947	95	3327	2256	0
408	29	3009	2280	0
2679	151	2797	2280	0
1102	95	1692	2280	0
3035	77	2745	2280	0
3042	41	1646	2280	0
116	110	1000	2280	0
2824	84	666	2280	0
2912	84	3254	2280	0
2054	110	857	2280	0
2674	138	1327	2280	0
3267	84	1121	2280	0
3130	77	978	2280	0
520	5	1170	2280	0
2778	133	3216	2280	0
2717	29	869	2280	0
2929	41	660	2280	0
3058	41	898	2280	0
572	62	3089	2280	0
2963	41	3160	2280	0
1038	122	544	2280	0
495	106	458	2280	0
829	41	1674	2280	0
487	5	350	2280	0
1565	113	1564	2280	0
1646	84	2385	2280	0
2007	110	2228	2280	0
2632	118	1491	2280	0
1646	84	1487	2280	0
124	110	2593	2280	0
83	68	758	2280	0
1379	105	1102	2304	0
1551	68	2947	2304	0
3276	118	279	2304	0
590	109	3275	2304	0
3033	71	1094	2304	0
581	106	3125	2304	0
1872	5	1757	2304	0
555	62	3283	2304	0
412	41	1979	2304	0
1586	152	2187	2304	0
520	35	2679	2304	0
2553	150	2137	2304	0
563	109	2536	2304	0
131	49	2741	2304	0
555	62	1564	2304	0
129	110	984	2304	0
355	49	1170	2328	0
2987	153	2732	2328	0
3276	82	1846	2328	0
686	118	2427	2328	0
91	41	3344	2328	0
2704	110	3279	2328	0
1399	93	734	2328	0
2150	138	563	2328	0
121	110	2385	2328	0
261	118	3275	2328	0
2679	29	75	2328	0
2385	41	1646	2328	0
301	5	2965	2328	0
1067	105	1250	2328	0
275	5	670	2328	0
3035	84	2596	2328	0
2679	133	520	2328	0
2797	110	2385	2328	0
336	110	334	2328	0
2444	68	411	2328	0
2947	44	3279	2328	0
487	48	1015	2328	0
2277	110	301	2328	0
309	41	12	2352	0
2109	68	3279	2352	0
821	102	1487	2352	0
2912	41	2855	2352	0
881	84	2765	2352	0
409	84	2630	2352	0
2493	110	2578	2352	0
331	95	458	2352	0
769	40	1102	2352	0
1892	72	520	2352	0
301	82	3392	2352	0
2353	84	550	2352	0
1646	71	2385	2352	0
758	68	3030	2352	0
495	106	458	2352	0
860	118	1212	2352	0
2299	110	2332	2352	0
2712	155	2095	2352	0
1102	74	3279	2352	0
1580	77	3093	2352	0
643	155	509	2352	0
260	29	2071	2352	0
301	5	2965	2352	0
267	82	3045	2352	0
924	110	1102	2352	0
1366	105	3093	2352	0
1077	105	2947	2352	0
1007	49	1487	2352	0
959	44	860	2352	0
3042	110	2548	2376	0
2842	110	1487	2376	0
987	110	293	2376	0
2720	29	3028	2376	0
2301	84	3163	2376	0
749	117	572	2376	0
2433	105	3061	2376	0
1596	133	590	2376	0
3279	95	1360	2376	0
3215	102	1487	2376	0
458	82	2448	2376	0
3243	41	3271	2376	0
1789	110	2906	2376	0
2684	29	526	2376	0
1702	110	1701	2376	0
984	98	3296	2376	0
2912	105	458	2376	0
3042	110	458	2376	0
3279	45	3275	2376	0
970	41	1683	2376	0
1762	110	1102	2376	0
3217	106	2466	2376	0
1329	84	520	2376	0
334	95	2333	2376	0
3058	41	2457	2400	0
2953	105	2352	2400	0
1631	95	2967	2400	0
94	110	1085	2400	0
3378	41	1311	2400	0
17	105	2630	2400	0
3010	41	1496	2400	0
2947	118	3166	2400	0
3279	150	293	2400	0
3279	144	1212	2400	0
260	138	479	2400	0
2438	108	1544	2400	0
273	44	3085	2400	0
511	109	1477	2400	0
2277	110	892	2400	0
712	29	569	2400	0
2175	149	541	2400	0
838	110	2652	2400	0
821	108	3062	2400	0
2352	110	1551	2400	0
1564	5	2001	2400	0
765	110	3350	2400	0
3329	110	2369	2400	0
3250	41	2947	2400	0
3151	82	1487	2400	0
2089	106	2055	2400	0
792	110	2183	2400	0
1875	105	1487	2400	0
2681	29	523	2400	0
1565	110	1279	2400	0
3327	105	3254	2400	0
2864	106	1564	2400	0
2495	105	3275	2424	0
1654	110	203	2424	0
1206	73	3350	2424	0
1027	110	3275	2424	0
2679	29	447	2424	0
2825	125	1551	2424	0
1991	110	2756	2424	0
301	41	121	2424	0
1847	44	3275	2424	0
2590	41	1360	2424	0
670	48	913	2424	0
555	62	3283	2424	0
3033	65	922	2424	0
955	144	1147	2424	0
2947	46	3279	2424	0
3260	110	2947	2424	0
2686	29	1994	2424	0
2839	41	3063	2424	0
3275	150	3153	2424	0
860	110	984	2424	0
860	144	3153	2424	0
1943	71	1846	2424	0
2385	118	2462	2424	0
1948	102	2263	2424	0
301	5	670	2424	0
3046	41	301	2424	0
1487	95	1646	2424	0
1049	106	3279	2424	0
1369	84	2465	2424	0
1431	41	827	2424	0
136	105	2651	2424	0
2947	65	3327	2424	0
1329	110	2574	2424	0
520	44	2679	2424	0
2190	122	454	2424	0
3228	41	1224	2448	0
2929	110	1193	2448	0
989	150	633	2448	0
3279	5	1551	2448	0
3101	44	2853	2448	0
2556	150	1564	2448	0
2679	102	1740	2448	0
140	95	2337	2448	0
2328	152	2679	2448	0
2974	95	273	2448	0
2638	118	1470	2448	0
2977	110	936	2448	0
1047	118	3270	2448	0
2831	5	2377	2448	0
984	84	1881	2448	0
2933	71	2974	2448	0
2807	62	1565	2448	0
2638	110	3267	2448	0
2236	110	2353	2448	0
3378	110	458	2448	0
458	84	1580	2448	0
3235	110	394	2448	0
2707	150	3189	2448	0
301	41	670	2448	0
2947	41	922	2448	0
1750	108	2234	2448	0
365	98	563	2448	0
915	110	2181	2448	0
35	105	332	2472	0
1311	95	3378	2472	0
1564	67	3153	2472	0
1596	106	3275	2472	0
2679	114	1487	2472	0
2929	105	1438	2472	0
520	152	2385	2472	0
1487	42	458	2472	0
140	110	2565	2472	0
1933	44	3153	2472	0
293	41	1293	2472	0
1949	16	558	2472	0
2931	95	905	2472	0
355	93	3118	2472	0
1732	95	2125	2472	0
355	110	391	2472	0
382	110	137	2472	0
1506	77	458	2472	0
3069	108	569	2472	0
509	86	1102	2472	0
424	29	2164	2496	0
1304	105	2630	2496	0
2125	112	2489	2496	0
1487	84	138	2496	0
3166	38	39	2496	0
3172	110	1580	2496	0
3275	150	3279	2496	0
487	62	3283	2496	0
2806	115	3283	2496	0
3279	110	3275	2496	0
3378	105	458	2496	0
1683	41	2343	2496	0
2463	102	3254	2496	0
1293	44	1102	2496	0
758	68	2342	2520	0
804	130	573	2520	0
1288	41	2041	2520	0
520	108	2058	2520	0
884	118	3275	2520	0
962	77	2797	2520	0
2929	105	458	2520	0
2655	151	2453	2520	0
2491	144	1300	2520	0
1551	41	2947	2520	0
3199	110	258	2520	0
2187	110	3153	2520	0
2679	102	2081	2520	0
3132	133	3385	2520	0
39	127	2165	2520	0
1551	49	152	2520	0
1754	110	251	2520	0
3327	41	1293	2520	0
1643	84	3013	2520	0
198	110	293	2520	0
3093	71	1683	2520	0
670	110	391	2520	0
770	150	2679	2520	0
3089	29	2098	2520	0
3250	41	1118	2520	0
1098	110	3153	2520	0
2781	106	520	2544	0
2484	105	812	2544	0
2931	41	261	2544	0
3343	105	1580	2544	0
16	44	1213	2544	0
1102	118	2931	2544	0
1680	105	458	2544	0
2924	102	2947	2544	0
1662	65	2473	2544	0
2507	41	3341	2544	0
3097	110	400	2544	0
3385	29	200	2544	0
3275	95	3117	2544	0
1683	84	2343	2544	0
2887	110	1551	2544	0
3199	17	2448	2544	0
2277	106	520	2544	0
1487	42	3279	2544	0
550	108	2353	2544	0
1580	118	3376	2544	0
1551	68	3250	2544	0
2947	110	55	2544	0
3392	105	1487	2544	0
2707	150	2094	2544	0
924	84	1121	2544	0
2805	62	2449	2544	0
1102	87	1163	2544	0
409	95	1110	2544	0
2210	144	197	2544	0
2719	39	3093	2544	0
1069	110	1566	2544	0
2703	152	2805	2544	0
2167	150	1487	2544	0
2588	150	586	2544	0
924	110	3153	2544	0
2271	84	1326	2544	0
2066	49	569	2568	0
3033	84	3045	2568	0
1890	118	2163	2568	0
1102	106	860	2568	0
860	110	1683	2568	0
1990	110	2385	2568	0
480	44	2111	2568	0
1073	110	3279	2568	0
3279	71	2465	2568	0
2703	151	2805	2568	0
409	82	260	2568	0
1315	44	1157	2568	0
2674	102	1121	2568	0
2119	95	1872	2568	0
1698	110	2750	2568	0
862	144	3275	2568	0
3235	106	528	2568	0
822	14	1215	2568	0
833	30	504	2568	0
504	152	2906	2568	0
206	143	1013	2568	0
2193	150	2951	2568	0
2293	109	2465	2568	0
984	143	3267	2568	0
121	84	2981	2568	0
1147	109	632	2568	0
524	152	2223	2568	0
3275	150	3279	2568	0
1748	41	1463	2592	0
3276	84	3033	2592	0
3243	105	3150	2592	0
200	152	3386	2592	0
2600	73	524	2592	0
290	110	280	2592	0
513	84	2885	2592	0
710	84	257	2592	0
2974	71	907	2592	0
2862	110	3153	2592	0
1946	110	758	2592	0
3279	121	3074	2592	0
1447	110	458	2592	0
2857	52	2831	2592	0
2345	82	559	2592	0
769	118	2905	2592	0
1572	133	3275	2592	0
2703	106	2805	2592	0
3276	106	627	2592	0
765	105	3275	2592	0
1280	49	1170	2592	0
3279	95	2333	2616	0
924	105	1121	2616	0
254	110	1170	2616	0
523	62	1172	2616	0
2679	110	2058	2616	0
2328	152	520	2616	0
127	105	301	2616	0
2465	95	646	2616	0
1121	95	2423	2616	0
1253	49	550	2616	0
1121	106	1102	2616	0
860	118	1683	2616	0
2679	29	2081	2616	0
2679	102	447	2616	0
1449	135	3279	2616	0
1383	84	3289	2616	0
349	42	3153	2616	0
2058	66	2081	2616	0
149	118	1011	2616	0
2240	154	2974	2616	0
1177	110	935	2616	0
1	108	1487	2616	0
1982	41	2550	2616	0
1212	116	3153	2616	0
1971	102	343	2616	0
261	68	1551	2616	0
2655	29	478	2616	0
1396	110	2990	2616	0
147	110	775	2616	0
138	84	987	2616	0
3275	84	1110	2616	0
2657	29	520	2616	0
2748	106	501	2640	0
520	63	1969	2640	0
1563	147	1202	2640	0
1683	41	2343	2640	0
1898	130	2862	2640	0
1741	41	1658	2640	0
892	110	1170	2640	0
1740	106	2679	2640	0
1170	77	3127	2640	0
1071	41	1081	2640	0
10	84	458	2640	0
3036	106	2616	2640	0
2655	110	2453	2664	0
3051	82	939	2664	0
2801	119	2174	2664	0
212	110	3295	2664	0
1922	41	2310	2664	0
2333	144	1541	2664	0
2833	41	760	2664	0
173	33	39	2664	0
2656	5	3354	2664	0
457	150	161	2664	0
2562	49	334	2664	0
656	41	957	2664	0
458	68	41	2664	0
1683	41	1382	2664	0
458	95	2460	2688	0
328	110	1110	2688	0
2973	84	2081	2688	0
2679	155	734	2688	0
1102	73	1560	2688	0
537	62	3283	2688	0
2801	62	3283	2688	0
3380	110	62	2688	0
2524	5	181	2688	0
280	153	479	2688	0
458	143	3279	2688	0
1102	41	1121	2688	0
2700	29	519	2688	0
2485	49	44	2688	0
2707	110	2181	2688	0
2655	151	2787	2688	0
1170	110	1514	2688	0
1664	105	3250	2688	0
391	106	2385	2688	0
984	110	138	2688	0
717	49	2366	2688	0
301	110	2595	2688	0
458	44	3275	2688	0
2947	130	1098	2688	0
1764	39	1121	2688	0
2041	5	268	2688	0
733	152	1268	2688	0
3289	95	1270	2688	0
3373	41	1547	2688	0
698	29	1734	2712	0
2679	29	520	2712	0
2947	43	293	2712	0
325	102	1969	2712	0
1487	68	3020	2712	0
2679	114	1487	2712	0
209	106	913	2712	0
222	95	224	2712	0
2704	110	182	2712	0
3279	84	2109	2712	0
458	143	2947	2712	0
1673	41	3045	2712	0
1654	41	2616	2712	0
2343	41	1683	2712	0
2507	41	1094	2712	0
2385	41	2593	2712	0
1264	41	1045	2712	0
1892	5	649	2712	0
849	110	2329	2712	0
1085	110	3279	2712	0
3275	143	1121	2712	0
391	108	670	2712	0
924	108	3279	2736	0
2679	29	447	2736	0
2682	29	509	2736	0
198	59	2187	2736	0
1683	110	1197	2736	0
3036	84	2566	2736	0
2894	41	1301	2736	0
2845	106	3157	2736	0
2680	29	521	2736	0
862	105	3254	2736	0
821	106	355	2736	0
129	70	1799	2736	0
2026	110	1740	2736	0
2333	41	149	2736	0
978	71	417	2736	0
1755	106	2055	2736	0
106	105	2947	2736	0
3260	105	279	2736	0
549	62	3283	2736	0
938	15	2063	2736	0
3279	128	1085	2736	0
790	110	2495	2736	0
1957	110	2651	2736	0
2343	82	860	2736	0
3279	68	3093	2736	0
3130	95	1102	2736	0
2149	152	550	2736	0
1293	65	924	2736	0
1793	5	2576	2736	0
3303	68	3380	2736	0
458	41	2947	2736	0
3279	95	1325	2736	0
1772	110	1779	2736	0
761	95	3302	2760	0
1421	110	3052	2760	0
1199	71	800	2760	0
485	106	1150	2760	0
1120	105	334	2760	0
986	105	761	2760	0
3061	77	860	2760	0
748	152	569	2760	0
692	29	479	2760	0
3378	118	2385	2760	0
6	95	3280	2760	0
761	95	986	2760	0
425	110	2058	2760	0
2453	84	1654	2760	0
1565	150	555	2760	0
428	110	683	2760	0
3296	82	2558	2760	0
458	143	1102	2760	0
2137	152	520	2760	0
2995	110	2944	2760	0
391	5	2831	2760	0
2495	143	1564	2784	0
458	95	261	2784	0
2333	84	2108	2784	0
478	62	3283	2784	0
131	106	282	2784	0
3153	67	555	2784	0
2831	7	2385	2784	0
1687	41	3093	2784	0
701	49	913	2784	0
764	77	2947	2784	0
3069	29	748	2784	0
2453	71	2503	2784	0
482	5	388	2784	0
862	118	1306	2784	0
1242	84	1118	2784	0
1551	123	3153	2784	0
2148	152	2698	2784	0
3093	41	1687	2784	0
3093	82	2465	2784	0
860	71	138	2784	0
1784	110	248	2784	0
2201	118	2167	2784	0
3077	110	1361	2784	0
1293	118	1631	2808	0
279	95	3260	2808	0
1893	44	2282	2808	0
1563	144	3095	2808	0
2623	37	3283	2808	0
3250	41	2947	2808	0
3032	65	1040	2808	0
3241	110	1611	2808	0
2929	77	2438	2808	0
2333	110	1551	2808	0
1290	110	1227	2808	0
1102	77	3275	2808	0
981	110	1580	2808	0
2126	110	2465	2808	0
3378	110	2385	2808	0
2681	29	523	2808	0
1170	110	2167	2808	0
2679	29	2081	2808	0
3250	72	3033	2808	0
3272	118	2343	2808	0
1258	95	1588	2832	0
2929	41	1357	2832	0
1261	110	2991	2832	0
734	152	520	2832	0
2734	114	3289	2832	0
3093	95	1683	2832	0
2993	41	1927	2832	0
1542	29	474	2832	0
3279	95	2353	2832	0
2556	150	1565	2832	0
511	63	3077	2832	0
233	95	2353	2832	0
3061	110	1683	2832	0
479	84	2504	2832	0
2909	5	2974	2832	0
3139	110	24	2832	0
3279	143	2947	2832	0
3279	82	3093	2832	0
1578	5	2679	2832	0
3093	84	573	2832	0
473	152	39	2856	0
2058	138	520	2856	0
3289	41	3250	2856	0
2353	71	860	2856	0
328	84	1016	2856	0
3148	118	810	2856	0
2221	150	2136	2856	0
1078	95	1089	2856	0
1046	143	1094	2856	0
242	155	3041	2856	0
520	44	1170	2856	0
2353	41	860	2856	0
1487	44	301	2856	0
2465	109	3279	2856	0
1551	82	267	2856	0
2949	117	404	2856	0
3061	105	2119	2856	0
2343	82	3061	2856	0
479	133	375	2856	0
2645	77	3093	2856	0
1629	110	2343	2880	0
3122	110	2448	2880	0
0	84	520	2880	0
2798	62	3283	2880	0
2897	110	3036	2880	0
3267	95	3058	2880	0
1688	105	1487	2880	0
1975	65	2002	2880	0
44	106	550	2880	0
1833	15	3269	2880	0
242	155	520	2880	0
1580	41	3279	2880	0
502	62	3283	2880	0
1580	82	1614	2880	0
1121	143	1102	2880	0
2151	84	3153	2880	0
2795	119	2677	2880	0
563	62	3283	2880	0
236	33	2396	2880	0
734	155	520	2880	0
352	110	458	2880	0
737	117	2086	2880	0
1407	147	592	2880	0
1030	110	1752	2880	0
2434	110	878	2880	0
515	63	260	2880	0
670	110	1990	2880	0
3276	68	1208	2880	0
1068	5	1888	2904	0
1209	110	872	2904	0
3404	68	140	2904	0
1529	152	3085	2904	0
2512	73	2867	2904	0
3061	110	1580	2904	0
419	110	2748	2904	0
1219	94	334	2904	0
479	32	2428	2904	0
1487	68	3089	2904	0
1906	95	924	2904	0
637	152	2185	2904	0
3276	41	1435	2904	0
2732	29	590	2904	0
3130	95	17	2904	0
2346	5	1411	2904	0
301	63	670	2904	0
2068	49	539	2904	0
3212	143	2824	2904	0
2947	143	3275	2904	0
108	105	1551	2904	0
3020	95	3088	2904	0
769	41	3242	2904	0
3275	67	3153	2904	0
1411	113	3153	2904	0
17	84	3269	2904	0
2346	95	2989	2904	0
3275	143	2947	2904	0
2119	95	3061	2904	0
2465	29	591	2904	0
2912	71	1054	2904	0
1054	41	2465	2928	0
1519	41	1270	2928	0
67	105	2167	2928	0
1888	110	1600	2928	0
2277	128	69	2928	0
758	109	981	2928	0
2815	74	3300	2928	0
583	118	1213	2928	0
1872	95	3370	2928	0
462	41	1683	2928	0
860	84	1683	2928	0
1487	95	301	2928	0
1715	44	1164	2928	0
3036	105	2947	2928	0
301	44	0	2928	0
3279	19	458	2928	0
2679	110	900	2928	0
131	105	296	2928	0
1102	77	3275	2928	0
1300	71	1016	2928	0
1487	29	3357	2952	0
3279	95	1661	2952	0
3035	84	1861	2952	0
2628	5	743	2952	0
2343	41	1683	2952	0
1683	77	1369	2952	0
520	44	2886	2952	0
1717	5	520	2952	0
3266	41	3373	2952	0
1846	84	1613	2952	0
265	41	1999	2952	0
1566	29	381	2952	0
1514	41	2385	2952	0
1861	29	535	2952	0
301	110	1488	2952	0
97	106	563	2952	0
3378	82	3061	2952	0
3275	95	3199	2976	0
1301	110	260	2976	0
1094	110	3163	2976	0
2024	84	1403	2976	0
3199	41	860	2976	0
2289	110	2829	2976	0
1514	106	1218	2976	0
1487	82	2574	3000	0
2385	110	3087	3000	0
1787	5	2731	3000	0
2324	49	984	3000	0
3142	110	2202	3000	0
391	87	1000	3000	0
3264	77	3170	3000	0
977	95	1580	3000	0
3035	16	2596	3024	0
1165	118	1551	3024	0
458	77	2645	3024	0
2194	41	129	3024	0
2082	147	2680	3024	0
2509	5	1590	3024	0
1626	108	496	3024	0
1100	89	603	3024	0
2222	29	523	3024	0
2377	110	3234	3024	0
1102	44	860	3024	0
1440	106	1893	3024	0
2879	41	140	3024	0
2386	118	673	3024	0
458	29	3136	3024	0
1278	41	1831	3024	0
323	0	550	3024	0
458	41	3093	3024	0
1839	110	2974	3024	0
520	109	2385	3048	0
860	110	3275	3048	0
2622	37	3283	3048	0
1013	102	563	3048	0
2343	110	2465	3048	0
479	32	348	3048	0
984	82	267	3048	0
1102	143	1121	3048	0
3327	41	836	3048	0
288	74	2947	3048	0
301	5	391	3048	0
458	84	3279	3048	0
366	41	1923	3048	0
1499	32	1176	3048	0
1551	5	1564	3048	0
44	118	2382	3048	0
2447	41	429	3048	0
520	62	3283	3048	0
1846	105	1506	3048	0
1818	118	1411	3048	0
3402	84	3250	3048	0
355	126	196	3048	0
3031	110	1102	3048	0
1846	112	1369	3048	0
860	112	1683	3048	0
1090	110	3269	3048	0
1580	95	2465	3048	0
1337	110	2172	3048	0
458	110	3136	3048	0
2081	36	3283	3048	0
960	77	351	3048	0
2150	152	2947	3072	0
1222	44	1551	3072	0
33	41	3148	3072	0
593	149	2777	3072	0
2058	98	701	3072	0
79	110	3279	3072	0
40	71	1192	3072	0
3151	143	3279	3072	0
984	44	269	3072	0
1084	95	1066	3072	0
2353	41	1075	3072	0
1034	143	3279	3072	0
3002	110	2176	3072	0
1293	110	1551	3072	0
45	106	1046	3072	0
317	136	2719	3072	0
3185	155	2178	3072	0
1419	84	2156	3072	0
483	155	296	3072	0
3094	41	202	3072	0
3090	41	426	3072	0
1683	89	2126	3072	0
3033	84	1404	3072	0
2444	84	2556	3072	0
494	105	3288	3072	0
2924	102	2947	3072	0
591	5	2950	3072	0
1483	118	1854	3072	0
1311	77	1334	3072	0
1657	41	2252	3072	0
1438	95	3378	3096	0
524	5	1173	3096	0
3264	41	2951	3096	0
2278	110	3279	3096	0
3276	118	2694	3096	0
2259	110	1147	3096	0
1417	143	345	3096	0
2169	155	1564	3096	0
3048	84	987	3096	0
2298	102	569	3096	0
1551	84	984	3096	0
1293	65	138	3096	0
2862	77	3327	3096	0
1777	35	559	3096	0
3033	110	3279	3096	0
2112	110	1793	3096	0
1225	68	3230	3096	0
2292	41	1999	3096	0
2833	84	1118	3096	0
2144	155	447	3096	0
458	143	2465	3096	0
1683	138	591	3096	0
909	71	3390	3120	0
125	110	753	3120	0
1786	29	2189	3120	0
2282	110	1177	3120	0
2150	152	3267	3120	0
1904	110	2334	3120	0
171	150	2239	3120	0
447	106	2058	3120	0
39	110	640	3120	0
2385	71	1646	3120	0
3180	133	121	3120	0
1242	41	458	3120	0
1506	95	2334	3120	0
2546	66	1539	3120	0
1431	62	3283	3120	0
1885	110	1187	3120	0
116	41	2277	3120	0
860	41	1683	3120	0
2045	110	984	3120	0
862	71	2638	3120	0
860	82	2464	3120	0
80	143	2956	3120	0
1564	32	526	3120	0
2474	105	2773	3120	0
3319	106	2748	3120	0
2947	95	3164	3120	0
860	65	924	3144	0
1193	150	2860	3144	0
1901	105	1551	3144	0
1487	29	442	3144	0
1345	102	914	3144	0
301	106	391	3144	0
301	110	2221	3144	0
3093	95	1683	3144	0
689	95	3276	3144	0
3311	136	3276	3144	0
1564	150	1551	3144	0
1580	95	1846	3144	0
2461	84	1487	3168	0
1683	112	3061	3168	0
2168	150	524	3168	0
260	110	2259	3168	0
2278	41	1551	3168	0
559	109	2645	3168	0
2991	17	260	3168	0
1170	106	520	3168	0
527	84	3035	3168	0
1846	105	1506	3168	0
1897	62	3283	3168	0
1170	87	520	3168	0
2630	71	1356	3168	0
3133	41	2595	3168	0
412	118	2827	3168	0
1424	110	2181	3192	0
2399	110	2947	3192	0
3261	34	453	3192	0
521	38	2680	3192	0
2707	29	2094	3192	0
2807	62	3283	3192	0
2508	64	891	3192	0
1861	105	3279	3192	0
2840	84	1487	3192	0
1881	84	1258	3192	0
2947	71	3302	3192	0
3302	118	296	3192	0
2862	110	3279	3192	0
1314	41	2928	3192	0
1580	71	3093	3192	0
3093	106	1580	3192	0
2556	44	860	3192	0
2126	105	2465	3192	0
1861	118	2338	3192	0
827	110	2679	3192	0
1379	128	1564	3192	0
2385	84	2947	3192	0
555	62	1564	3192	0
1861	95	3181	3192	0
2822	105	3273	3192	0
23	62	668	3192	0
111	5	1216	3192	0
3033	77	2333	3192	0
769	110	2947	3216	0
2448	118	205	3216	0
1311	106	3116	3216	0
601	41	1645	3216	0
662	143	800	3216	0
668	83	2667	3216	0
91	41	3327	3216	0
1393	77	564	3216	0
1016	112	2333	3216	0
1778	68	2064	3216	0
178	117	2081	3216	0
2235	29	577	3216	0
1487	84	227	3216	0
3003	110	2467	3216	0
2507	71	2283	3216	0
3275	41	2333	3216	0
1580	82	1541	3216	0
1906	110	1279	3216	0
2130	110	2465	3216	0
1249	41	301	3216	0
3279	68	690	3216	0
57	150	3166	3216	0
2947	95	1067	3216	0
1170	110	391	3216	0
203	41	2947	3216	0
3097	118	2827	3216	0
133	128	1564	3216	0
1683	71	2343	3216	0
1487	95	301	3216	0
1089	41	405	3240	0
520	62	3283	3240	0
1978	110	2465	3240	0
388	41	1245	3240	0
1961	41	1868	3240	0
1067	41	984	3240	0
3363	152	3130	3240	0
1868	118	1146	3240	0
1683	82	2343	3240	0
701	133	520	3240	0
980	121	1881	3240	0
458	71	860	3240	0
1855	150	991	3240	0
489	37	3283	3240	0
860	68	3378	3240	0
2333	41	1593	3240	0
862	105	340	3240	0
1878	41	3392	3240	0
2137	155	2167	3240	0
1446	41	1441	3240	0
2187	152	992	3240	0
2353	29	2581	3240	0
3086	41	3257	3240	0
2679	29	3357	3240	0
863	133	491	3240	0
3378	107	1506	3240	0
2679	114	1487	3240	0
2465	5	3279	3240	0
2263	110	695	3264	0
3224	95	1051	3264	0
2465	94	3093	3264	0
1013	41	90	3264	0
2465	49	3279	3264	0
950	77	1670	3264	0
1557	95	1550	3264	0
2827	84	3097	3264	0
1170	108	447	3264	0
2465	110	2530	3264	0
2071	141	3113	3264	0
670	5	1249	3264	0
2394	144	2640	3264	0
599	85	890	3264	0
3279	41	2824	3264	0
3074	68	1118	3264	0
810	95	2606	3264	0
1146	96	477	3264	0
2831	44	301	3264	0
1543	41	953	3264	0
2058	63	676	3264	0
710	46	2929	3264	0
1790	110	2538	3264	0
1571	118	981	3264	0
1300	108	2406	3288	0
2058	133	2917	3288	0
1054	110	458	3288	0
425	110	2021	3288	0
2679	110	892	3288	0
3327	84	924	3288	0
1682	71	1382	3288	0
2224	41	2807	3288	0
3250	95	1113	3288	0
701	29	520	3288	0
3279	95	3061	3288	0
3276	126	942	3288	0
3357	5	2277	3288	0
1576	41	3048	3288	0
2807	62	1099	3288	0
2904	41	2919	3288	0
28	82	1213	3288	0
3276	110	3094	3288	0
187	152	583	3288	0
1740	5	69	3288	0
520	44	1249	3288	0
1121	105	3327	3288	0
3327	110	3153	3312	0
2755	82	458	3312	0
2678	39	1438	3312	0
3275	85	3273	3312	0
2155	150	628	3312	0
1564	155	2556	3312	0
254	110	1170	3312	0
1901	110	3278	3312	0
591	109	51	3312	0
703	5	525	3312	0
2278	41	2120	3336	0
217	44	802	3336	0
2058	133	520	3336	0
1563	150	2947	3336	0
1755	109	2071	3336	0
490	5	3023	3336	0
2679	106	1170	3336	0
1121	41	3275	3336	0
458	84	3275	3336	0
391	110	1170	3336	0
3130	41	1059	3336	0
2458	84	2126	3336	0
2453	41	3327	3360	0
2126	49	1551	3360	0
3343	110	161	3360	0
301	110	1487	3360	0
334	82	2496	3360	0
3279	148	1220	3360	0
336	106	592	3360	0
2679	77	520	3360	0
2910	110	2063	3360	0
1944	84	147	3360	0
1845	84	812	3360	0
1853	106	533	3360	0
860	106	1220	3360	0
2313	110	1791	3360	0
592	44	3296	3360	0
3012	106	1343	3360	0
3327	84	2946	3360	0
2947	118	3045	3360	0
2946	84	2947	3360	0
328	105	161	3360	0
458	98	2465	3360	0
815	110	3089	3360	0
723	141	3113	3384	0
497	44	1156	3384	0
1983	110	2217	3384	0
640	116	39	3384	0
1253	5	1486	3384	0
458	49	2465	3384	0
1547	71	1146	3384	0
1714	16	618	3384	0
3276	105	2447	3384	0
3343	71	311	3384	0
2444	5	591	3384	0
3295	110	932	3384	0
1316	143	3033	3384	0
563	144	747	3384	0
864	137	2527	3384	0
3349	41	1977	3384	0
409	112	810	3384	0
2947	106	1978	3384	0
1162	71	2742	3384	0
3137	41	2978	3384	0
1080	19	1542	3384	0
3048	41	3032	3384	0
1085	110	3275	3384	0
3375	143	458	3384	0
605	110	2968	3384	0
907	82	3246	3384	0
277	95	1096	3384	0
2953	44	3153	3408	0
1080	106	1542	3408	0
2377	118	157	3408	0
2947	105	2465	3408	0
1118	10	2947	3408	0
3327	41	2453	3408	0
860	144	984	3408	0
860	71	3327	3408	0
1565	155	451	3408	0
3227	71	3093	3408	0
1912	118	157	3408	0
1580	77	1506	3408	0
1683	84	860	3408	0
1487	44	3108	3408	0
2679	110	3200	3408	0
1643	77	3061	3408	0
260	73	479	3408	0
409	110	3279	3408	0
321	71	812	3408	0
3327	84	261	3408	0
1547	71	2974	3408	0
2656	84	260	3408	0
152	128	1265	3408	0
2644	110	746	3408	0
1857	106	2289	3408	0
2058	34	932	3432	0
3132	150	3130	3432	0
1329	16	932	3432	0
1912	44	301	3432	0
1064	110	353	3432	0
458	143	3279	3432	0
752	110	2724	3432	0
1264	109	1118	3432	0
676	79	803	3432	0
520	141	2679	3432	0
3279	57	1551	3432	0
1382	41	2465	3432	0
458	82	3246	3432	0
1981	110	3153	3432	0
520	5	2277	3432	0
2831	41	670	3432	0
523	62	3283	3432	0
1098	110	328	3432	0
2670	82	507	3432	0
458	153	3279	3432	0
3008	72	1906	3432	0
2126	105	2465	3432	0
1362	41	3061	3432	0
2584	110	1207	3432	0
2418	44	520	3432	0
520	133	670	3432	0
2228	67	3085	3432	0
21	44	1579	3432	0
448	49	1330	3432	0
3061	41	3327	3432	0
813	71	2692	3432	0
1305	49	487	3456	0
2012	110	754	3456	0
3153	5	1551	3456	0
904	41	2784	3456	0
204	41	2201	3456	0
2454	71	2458	3456	0
1219	40	1102	3456	0
3250	29	2153	3456	0
152	128	1265	3456	0
3061	84	3327	3456	0
2602	105	17	3456	0
2244	141	3360	3456	0
3279	110	3056	3456	0
2465	71	860	3456	0
1900	44	1699	3456	0
3093	108	2929	3456	0
1170	110	355	3456	0
2728	29	2153	3456	0
2385	41	3053	3456	0
2921	106	924	3456	0
1957	41	3319	3456	0
2113	144	3275	3480	0
2343	106	2465	3480	0
520	152	283	3480	0
1892	44	520	3480	0
1776	7	87	3480	0
2965	105	301	3480	0
2277	5	670	3480	0
2633	105	3302	3480	0
1487	92	544	3480	0
1130	84	2651	3480	0
2465	71	860	3480	0
1036	102	447	3480	0
301	110	2058	3480	0
293	41	3327	3480	0
2343	110	860	3480	0
3327	118	2393	3480	0
2679	29	734	3480	0
2356	44	520	3480	0
583	109	3192	3504	0
860	44	532	3504	0
1990	41	1969	3504	0
2343	71	1683	3504	0
2749	5	198	3504	0
3224	105	1580	3504	0
2757	84	1487	3504	0
3138	41	1077	3504	0
167	0	3359	3504	0
1154	143	3279	3504	0
2656	102	2071	3504	0
3351	41	458	3504	0
1306	41	2638	3504	0
1797	110	1218	3504	0
583	1	2640	3504	0
1728	84	402	3528	0
487	37	3283	3528	0
1777	5	559	3528	0
3276	16	1503	3528	0
1842	82	3093	3528	0
520	62	355	3528	0
1212	29	623	3528	0
1242	105	3069	3528	0
3386	150	565	3528	0
2190	155	3267	3528	0
1683	84	3378	3528	0
2343	84	3069	3528	0
2922	62	3283	3528	0
2103	117	479	3528	0
3216	110	260	3528	0
1564	67	3153	3528	0
801	56	572	3528	0
860	5	458	3528	0
860	105	3275	3528	0
3273	128	2824	3528	0
2058	5	2515	3528	0
1605	105	1102	3528	0
1820	82	1566	3528	0
1593	41	1605	3528	0
1720	0	2109	3528	0
2807	62	2224	3552	0
2444	106	592	3552	0
2947	29	2013	3552	0
2638	71	1105	3552	0
2114	106	499	3552	0
457	29	496	3552	0
2703	29	3360	3552	0
1481	41	924	3552	0
3033	105	295	3552	0
1029	68	370	3552	0
45	126	773	3552	0
520	115	3283	3552	0
212	71	670	3552	0
3202	152	538	3552	0
52	71	391	3552	0
2925	44	1808	3552	0
1623	118	3161	3552	0
3093	121	2301	3552	0
2959	84	3279	3552	0
1118	106	3272	3552	0
1333	118	1547	3552	0
1788	110	3275	3576	0
2929	110	2645	3576	0
1690	41	1494	3576	0
1904	110	2385	3576	0
836	41	322	3576	0
2852	110	668	3576	0
924	110	99	3576	0
300	110	1565	3576	0
1701	73	2940	3576	0
530	152	2687	3576	0
2439	93	2896	3576	0
849	110	2706	3576	0
149	72	2612	3576	0
656	41	283	3576	0
471	110	409	3576	0
1329	110	1740	3576	0
1717	62	3283	3576	0
479	49	2656	3576	0
3033	110	3267	3576	0
129	71	3330	3576	0
296	106	3275	3576	0
761	118	2444	3576	0
995	72	577	3576	0
2813	62	2444	3576	0
320	84	1904	3576	0
1487	95	3275	3600	0
3243	110	944	3600	0
2912	41	1085	3600	0
2679	96	24	3600	0
2947	43	458	3600	0
3379	110	1154	3600	0
1382	110	2465	3600	0
510	62	1813	3600	0
2947	131	97	3600	0
2679	29	1675	3600	0
2126	110	2465	3600	0
2121	105	2858	3600	0
2465	143	3093	3600	0
3266	105	3089	3600	0
1128	105	1121	3600	0
2465	41	2126	3600	0
2791	62	3283	3600	0
1487	73	3037	3624	0
3263	82	648	3624	0
3266	84	1667	3624	0
2277	14	0	3624	0
2385	105	1506	3624	0
2343	77	1683	3624	0
3267	41	984	3624	0
2079	11	3279	3624	0
3263	82	670	3624	0
2644	110	2527	3624	0
569	84	551	3624	0
1099	110	2517	3624	0
2607	106	520	3624	0
3346	110	409	3624	0
2146	147	1904	3624	0
2126	110	1580	3624	0
3100	135	458	3624	0
2807	62	1564	3624	0
3275	41	1102	3624	0
3089	84	1487	3624	0
2642	110	3275	3624	0
1152	41	1378	3624	0
1635	110	1170	3624	0
538	5	207	3624	0
2833	41	84	3624	0
1382	41	3197	3648	0
458	41	3346	3648	0
924	84	138	3648	0
1369	84	2929	3648	0
458	41	2947	3648	0
520	62	355	3648	0
1444	71	1222	3648	0
1761	29	3358	3648	0
3061	84	860	3648	0
2707	110	3159	3648	0
520	48	701	3648	0
3008	5	2603	3648	0
2804	119	2702	3648	0
1384	71	3061	3648	0
2278	110	1551	3648	0
3072	110	2679	3672	0
2797	62	3283	3672	0
1099	110	3327	3672	0
194	152	2171	3672	0
1567	71	3086	3672	0
458	110	3346	3672	0
2167	44	520	3672	0
520	115	3283	3672	0
1572	72	548	3672	0
2448	29	550	3672	0
2048	44	290	3672	0
409	29	491	3672	0
3250	116	1554	3696	0
528	60	2191	3696	0
1209	153	3028	3696	0
1480	105	3279	3696	0
1458	9	2696	3696	0
2947	120	1564	3696	0
2947	95	1683	3696	0
1657	110	2267	3696	0
2979	49	2516	3696	0
86	41	2638	3696	0
3267	68	3097	3696	0
2707	110	746	3696	0
275	71	670	3696	0
1690	110	612	3696	0
885	110	1297	3696	0
1492	144	491	3696	0
3089	143	1487	3696	0
532	106	1182	3696	0
2679	122	447	3696	0
958	106	3335	3696	0
3129	110	2610	3696	0
360	32	539	3696	0
3378	95	1683	3696	0
860	84	3327	3696	0
520	62	3283	3720	0
391	71	1000	3720	0
1857	110	2289	3720	0
1487	41	2947	3720	0
1131	41	2560	3720	0
296	41	1874	3720	0
3392	41	391	3720	0
355	41	957	3720	0
2947	29	2013	3720	0
1643	106	2438	3720	0
2650	110	1170	3720	0
300	105	1121	3720	0
478	84	203	3720	0
2343	41	2929	3720	0
3327	110	2992	3720	0
2886	41	2679	3720	0
2121	41	1594	3720	0
3260	44	1217	3744	0
2883	118	17	3744	0
3135	41	2041	3744	0
192	152	520	3744	0
2679	110	670	3744	0
2041	41	3135	3744	0
3192	29	583	3744	0
2532	110	1484	3744	0
3256	84	1733	3744	0
1605	112	1016	3744	0
1252	118	1187	3744	0
520	5	3391	3744	0
1382	84	1683	3744	0
260	44	458	3744	0
2679	110	327	3744	0
300	41	337	3744	0
1354	110	3296	3744	0
526	152	1565	3744	0
2997	144	1564	3744	0
362	63	2207	3744	0
3328	110	41	3744	0
1170	106	994	3768	0
2453	110	2895	3768	0
2927	41	984	3768	0
520	117	3200	3768	0
2284	5	1745	3768	0
3323	105	3279	3768	0
670	150	301	3768	0
3224	118	2423	3768	0
1755	110	2375	3768	0
520	84	325	3768	0
2656	39	260	3768	0
714	126	437	3768	0
2982	84	486	3768	0
3279	49	3130	3768	0
1779	110	721	3768	0
2068	44	2466	3768	0
2346	29	543	3768	0
1329	110	301	3768	0
1121	84	3267	3768	0
2126	84	458	3768	0
2480	16	2353	3768	0
3279	41	1121	3768	0
807	118	1218	3768	0
491	84	409	3768	0
3375	133	3161	3768	0
569	106	366	3768	0
1146	143	1547	3768	0
3093	95	3397	3768	0
409	110	860	3792	0
1573	105	2067	3792	0
769	84	130	3792	0
3048	84	3378	3792	0
337	110	1102	3792	0
427	110	1161	3792	0
2947	77	3279	3792	0
3323	84	2912	3792	0
3275	77	984	3792	0
2679	151	24	3792	0
3061	84	1683	3792	0
66	110	210	3792	0
3327	95	3378	3792	0
590	44	3275	3792	0
313	110	2167	3792	0
3105	41	3387	3792	0
1362	108	3045	3792	0
3211	77	1945	3792	0
3275	118	2423	3816	0
591	106	830	3816	0
2679	155	520	3816	0
3344	84	2835	3816	0
301	106	932	3816	0
1580	143	457	3816	0
3279	109	3385	3816	0
3069	95	3279	3816	0
3267	130	2947	3816	0
2707	155	746	3816	0
3152	95	1683	3816	0
409	105	3069	3816	0
3378	41	3045	3816	0
301	110	1170	3816	0
913	63	670	3816	0
3073	73	3205	3816	0
260	143	1580	3816	0
2664	29	491	3816	0
860	110	1643	3840	0
1794	118	1683	3840	0
2743	133	520	3840	0
34	118	523	3840	0
2791	115	1118	3840	0
2384	106	520	3840	0
2679	29	3357	3840	0
1551	68	984	3840	0
2184	113	3069	3840	0
3085	155	2133	3840	0
3061	71	1683	3840	0
2081	152	2679	3840	0
1110	41	860	3840	0
1369	41	1683	3840	0
2862	44	1302	3864	0
1667	95	3194	3864	0
734	144	2961	3864	0
458	82	2947	3864	0
1794	41	860	3864	0
1961	112	1110	3864	0
2427	82	548	3864	0
1177	35	352	3864	0
1873	110	1135	3864	0
2465	41	3279	3864	0
1417	106	1566	3864	0
1534	25	982	3864	0
1859	44	1551	3864	0
1327	125	511	3864	0
3279	71	1683	3864	0
984	106	1566	3864	0
1487	133	520	3864	0
237	104	479	3864	0
2674	102	1479	3864	0
978	68	1268	3864	0
3057	105	2940	3864	0
2657	110	2364	3864	0
1293	41	3378	3864	0
2362	106	524	3888	0
1235	144	2465	3888	0
3409	118	340	3888	0
2947	110	860	3888	0
860	41	3061	3888	0
2382	29	545	3888	0
1794	118	1683	3888	0
1806	110	351	3888	0
2355	110	1187	3888	0
2179	110	2167	3888	0
1554	29	524	3888	0
965	70	520	3888	0
2058	49	2679	3888	0
1693	110	1683	3888	0
1085	41	384	3888	0
1580	108	2465	3888	0
605	110	2707	3888	0
2333	105	3089	3888	0
2259	44	888	3888	0
2033	110	769	3912	0
1580	118	3279	3912	0
458	95	1099	3912	0
1580	71	2465	3912	0
2638	118	983	3912	0
3289	41	1704	3912	0
821	110	1170	3912	0
3275	40	984	3912	0
560	106	984	3912	0
2126	105	2343	3912	0
3327	84	2465	3912	0
1849	44	479	3912	0
2465	133	2126	3912	0
471	41	3018	3912	0
549	51	773	3912	0
1000	119	1170	3912	0
3276	110	458	3912	0
3093	71	3279	3912	0
2453	84	2947	3912	0
1454	84	3267	3912	0
1348	84	1846	3912	0
2187	150	3190	3912	0
2688	150	358	3912	0
1044	110	267	3912	0
2688	29	531	3912	0
3	105	3054	3912	0
591	7	574	3912	0
3166	150	236	3912	0
210	36	3283	3912	0
1551	71	984	3912	0
1113	110	1793	3912	0
1220	138	819	3936	0
590	62	860	3936	0
3310	5	2081	3936	0
1121	41	1580	3936	0
984	144	199	3936	0
2664	72	1492	3936	0
98	143	1134	3936	0
300	41	1306	3936	0
3259	106	149	3936	0
977	41	1861	3936	0
984	148	2947	3936	0
2738	110	2592	3936	0
2058	29	734	3936	0
433	110	1213	3936	0
129	77	984	3936	0
2126	110	3343	3936	0
1717	49	1000	3936	0
2826	106	2882	3936	0
2715	39	748	3936	0
2718	155	2098	3936	0
3342	41	809	3960	0
2974	77	2497	3960	0
3279	44	3276	3960	0
2679	110	734	3960	0
1369	84	2947	3960	0
469	144	138	3960	0
3179	106	1249	3960	0
559	44	148	3960	0
2842	131	734	3960	0
2695	69	3279	3960	0
3021	29	573	3960	0
1737	118	1732	3960	0
3352	44	138	3960	0
479	152	260	3984	0
2081	62	3283	3984	0
791	41	2336	3984	0
520	106	2679	3984	0
2377	72	2650	3984	0
2556	93	1564	3984	0
2725	114	424	3984	0
670	44	227	3984	0
2277	110	2679	3984	0
2862	110	3251	3984	0
987	5	458	3984	0
1329	5	2081	3984	0
3320	44	1487	4008	0
573	44	607	4008	0
1506	29	735	4008	0
1565	41	2947	4008	0
640	70	2652	4008	0
2680	5	2350	4008	0
2465	133	2343	4008	0
530	49	2832	4032	0
2465	95	2126	4032	0
627	68	984	4032	0
2108	110	2189	4032	0
2947	118	1143	4032	0
1920	105	3279	4032	0
2459	105	458	4032	0
1566	106	1911	4032	0
961	110	1121	4032	0
2573	110	469	4032	0
235	150	1854	4032	0
314	110	984	4032	0
552	106	1829	4032	0
2947	29	587	4032	0
1935	29	542	4032	0
1258	105	458	4032	0
520	84	2385	4032	0
301	95	304	4032	0
1842	134	3070	4032	0
520	84	2418	4032	0
121	84	279	4032	0
1855	29	75	4032	0
3015	5	2628	4056	0
1669	133	1148	4056	0
3344	71	3177	4056	0
3266	110	1667	4056	0
2824	68	1551	4056	0
615	84	2465	4056	0
1487	29	3081	4056	0
1547	44	1145	4056	0
283	110	2385	4056	0
1932	110	1443	4056	0
8	118	3053	4056	0
860	44	984	4056	0
1643	110	1153	4056	0
3243	95	1804	4056	0
3033	84	3209	4056	0
2459	41	458	4056	0
520	149	932	4056	0
1335	110	1178	4056	0
1625	5	516	4056	0
3279	150	2187	4056	0
3093	29	573	4056	0
691	41	2891	4056	0
2202	110	2169	4056	0
1614	110	1564	4056	0
1099	105	2439	4080	0
101	110	1551	4080	0
2353	109	223	4080	0
2916	24	2947	4080	0
2679	29	3357	4080	0
1952	44	1151	4080	0
1753	106	1140	4080	0
407	110	2904	4080	0
638	155	3153	4080	0
476	106	1801	4080	0
2848	106	3272	4080	0
1777	5	298	4080	0
2947	77	2109	4080	0
1115	41	402	4080	0
2439	51	773	4080	0
2053	133	1241	4080	0
826	110	1449	4080	0
1253	106	3360	4080	0
2017	106	1219	4080	0
458	121	978	4080	0
2447	41	1908	4080	0
2441	84	860	4104	0
1102	95	3061	4104	0
3016	118	2929	4104	0
2651	41	1459	4104	0
1199	120	1005	4104	0
2615	41	3378	4104	0
611	106	5	4104	0
2679	117	447	4104	0
670	110	2385	4104	0
520	84	1487	4104	0
1000	62	2679	4104	0
1912	44	301	4104	0
812	110	1487	4104	0
860	71	1683	4104	0
2467	109	3275	4104	0
2479	44	1816	4104	0
1384	110	3302	4104	0
1947	32	2683	4104	0
3295	105	1487	4104	0
1576	105	3287	4104	0
1487	106	2947	4104	0
3279	78	1551	4104	0
1580	106	3376	4104	0
2041	49	1170	4104	0
1645	106	1061	4128	0
2947	71	3093	4128	0
491	44	1759	4128	0
2603	106	1906	4128	0
3250	95	2354	4128	0
1793	71	138	4128	0
335	110	2447	4128	0
860	105	260	4128	0
1551	110	3279	4128	0
2452	125	2947	4128	0
3130	84	2963	4128	0
1102	150	3153	4128	0
227	5	116	4128	0
1147	110	723	4128	0
260	95	860	4152	0
2679	29	3357	4152	0
3279	77	3093	4152	0
520	49	1170	4152	0
1557	109	3275	4152	0
1766	106	2818	4152	0
2862	106	585	4152	0
1798	110	458	4152	0
1487	5	670	4152	0
1683	41	860	4176	0
2221	150	2553	4176	0
2354	106	585	4176	0
984	68	2464	4176	0
1329	126	932	4176	0
1034	82	1121	4176	0
1319	110	810	4176	0
301	7	1170	4176	0
2679	122	447	4176	0
306	105	458	4176	0
3335	84	267	4176	0
3162	117	894	4176	0
5	95	2318	4176	0
3080	74	3074	4176	0
1914	143	1119	4176	0
1551	143	2947	4176	0
458	95	306	4176	0
3267	84	2947	4200	0
2155	150	473	4200	0
670	44	301	4200	0
1717	41	391	4200	0
3394	110	1177	4200	0
1009	143	1279	4200	0
3279	130	3093	4200	0
977	82	981	4200	0
2277	110	2617	4200	0
1704	95	2862	4200	0
3172	105	1613	4200	0
3093	95	1576	4200	0
740	152	2697	4200	0
2006	110	2066	4200	0
602	110	301	4200	0
260	84	3294	4200	0
2519	29	2334	4200	0
2016	110	925	4200	0
1861	118	3267	4200	0
3327	65	2862	4200	0
2938	84	2556	4200	0
984	41	458	4224	0
1487	29	520	4224	0
1881	143	1258	4224	0
1564	95	3305	4224	0
17	71	975	4224	0
2857	106	520	4224	0
2288	84	2889	4224	0
774	105	1564	4224	0
3411	105	458	4224	0
812	84	458	4224	0
2589	44	590	4224	0
1703	110	2523	4224	0
2036	102	479	4224	0
355	110	1487	4224	0
984	77	458	4224	0
1733	95	1358	4224	0
2974	150	2135	4224	0
1102	93	3302	4224	0
1102	110	984	4224	0
806	68	2510	4224	0
1576	5	458	4248	0
70	105	3212	4248	0
1034	41	860	4248	0
2063	110	2645	4248	0
1283	150	520	4248	0
2353	41	339	4248	0
300	143	1957	4248	0
458	135	3279	4248	0
2947	143	1614	4248	0
1311	72	2392	4248	0
1037	110	1153	4248	0
559	17	1199	4248	0
2645	29	559	4248	0
2041	62	3283	4248	0
334	118	592	4248	0
2728	138	2011	4248	0
860	84	296	4248	0
3394	110	1580	4248	0
2160	106	1413	4248	0
841	70	2668	4248	0
479	11	260	4248	0
144	110	260	4248	0
2808	62	3283	4248	0
2432	110	860	4248	0
1564	154	3153	4248	0
1429	110	267	4248	0
2358	110	1199	4272	0
1147	106	1803	4272	0
3097	41	1701	4272	0
860	44	1643	4272	0
3276	118	1370	4272	0
2421	110	1368	4272	0
3302	41	3097	4272	0
1487	150	2376	4272	0
2947	68	3279	4272	0
2712	29	563	4272	0
978	84	975	4272	0
811	68	3399	4272	0
2187	154	3190	4272	0
3279	44	458	4272	0
1333	84	987	4272	0
2915	41	2963	4272	0
1506	95	1885	4272	0
191	155	39	4296	0
2167	155	2137	4296	0
405	77	2387	4296	0
3093	29	2099	4296	0
447	44	2679	4296	0
1548	118	2502	4296	0
860	16	2947	4296	0
3276	110	1113	4296	0
860	44	458	4296	0
2277	106	520	4296	0
1017	44	1577	4296	0
3267	118	295	4296	0
138	71	2614	4296	0
2125	105	3092	4296	0
1576	105	1580	4296	0
2736	39	2192	4296	0
458	87	279	4296	0
2376	143	3276	4296	0
409	68	2109	4296	0
3279	106	2548	4296	0
1580	95	2126	4296	0
1580	95	1576	4296	0
742	152	548	4296	0
523	62	2516	4296	0
2707	110	746	4296	0
881	106	3279	4296	0
1258	41	98	4296	0
2679	29	242	4296	0
1846	118	3176	4296	0
1303	41	1964	4296	0
520	62	3283	4320	0
520	138	2679	4320	0
984	16	2947	4320	0
2679	29	278	4320	0
2328	152	932	4320	0
983	41	675	4320	0
2377	106	3180	4320	0
3221	105	1487	4320	0
137	106	542	4320	0
524	44	1173	4320	0
1521	110	226	4320	0
672	44	2168	4320	0
1551	68	3276	4320	0
520	104	1487	4320	0
129	143	3078	4320	0
99	73	1473	4320	0
520	84	2595	4320	0
734	62	3283	4320	0
1098	110	978	4320	0
1835	118	2945	4344	0
2190	155	3267	4344	0
28	32	583	4344	0
907	68	458	4344	0
1740	110	656	4344	0
2413	5	2463	4344	0
1362	41	1612	4344	0
2021	110	3139	4344	0
897	110	1147	4368	0
860	41	137	4368	0
2786	110	3302	4368	0
1740	5	2026	4368	0
2875	110	1196	4368	0
1158	110	810	4368	0
2679	150	520	4368	0
3385	39	1444	4368	0
1098	110	3275	4368	0
3199	84	1943	4368	0
3079	41	469	4368	0
1667	143	2447	4368	0
210	110	2385	4368	0
2964	41	860	4368	0
2381	133	1598	4368	0
2679	102	2058	4368	0
2889	41	3007	4368	0
2875	14	2353	4368	0
352	78	1511	4368	0
3378	95	1339	4368	0
3219	84	3279	4368	0
301	62	116	4392	0
340	143	840	4392	0
1740	84	676	4392	0
2833	41	3035	4392	0
3273	118	3279	4392	0
1345	110	2289	4392	0
3374	110	1213	4392	0
2679	141	447	4392	0
3327	143	2638	4392	0
3258	43	3386	4392	0
2971	105	2465	4392	0
650	108	426	4392	0
1919	110	1497	4392	0
138	110	1121	4392	0
2448	71	2353	4392	0
1332	44	1175	4392	0
330	29	725	4392	0
1520	110	1124	4392	0
3030	143	458	4392	0
1783	110	1460	4392	0
3158	29	3357	4392	0
137	118	860	4392	0
2766	44	595	4416	0
2319	110	2679	4416	0
1562	41	3396	4416	0
2913	41	1793	4416	0
355	5	520	4416	0
3308	105	1121	4416	0
200	155	2974	4416	0
2187	150	185	4416	0
843	84	261	4416	0
2515	110	2770	4416	0
2058	110	1487	4416	0
2201	150	520	4416	0
1542	49	696	4416	0
2353	106	979	4416	0
3033	26	3279	4416	0
260	95	1906	4416	0
1398	133	479	4416	0
1170	5	2886	4416	0
1984	110	227	4416	0
2448	95	924	4416	0
1990	110	2377	4416	0
1020	110	3068	4416	0
3385	95	3276	4416	0
1809	44	984	4416	0
483	84	296	4416	0
3279	106	1580	4416	0
3327	112	860	4416	0
2679	106	520	4440	0
2851	44	2385	4440	0
3276	106	627	4440	0
3327	110	2297	4440	0
3279	49	99	4440	0
1083	110	1219	4440	0
458	121	3296	4440	0
1605	118	1883	4440	0
2277	62	3283	4440	0
871	41	301	4440	0
3265	150	586	4440	0
1506	143	3246	4440	0
1391	110	771	4440	0
2679	29	3357	4440	0
1439	110	1121	4440	0
1085	108	401	4440	0
458	82	1541	4440	0
1258	143	1881	4440	0
1293	65	138	4440	0
2138	152	2169	4440	0
2112	41	2785	4440	0
3061	84	458	4440	0
210	110	2058	4440	0
138	44	860	4440	0
983	44	3273	4440	0
3319	41	884	4440	0
559	72	2181	4440	0
2419	110	3275	4440	0
411	84	3279	4464	0
391	34	520	4464	0
339	106	550	4464	0
3386	118	2249	4464	0
1740	110	301	4464	0
146	143	2659	4464	0
193	152	1552	4464	0
138	118	1439	4464	0
391	110	1170	4464	0
767	122	3192	4464	0
3275	95	860	4464	0
2638	82	984	4464	0
2041	110	2385	4464	0
1100	110	2435	4464	0
3044	110	2260	4464	0
521	153	392	4464	0
3284	110	3302	4464	0
2915	143	2963	4464	0
1487	118	2385	4464	0
210	5	1487	4464	0
3276	109	3153	4464	0
1711	110	927	4464	0
1218	5	2947	4488	0
210	85	1487	4488	0
1982	41	1951	4488	0
2835	41	1170	4488	0
2548	29	2419	4488	0
1249	106	2221	4488	0
61	110	1487	4488	0
2126	41	1687	4488	0
2333	41	984	4488	0
1687	118	3279	4488	0
2109	73	2090	4488	0
965	106	3096	4488	0
1740	44	1170	4488	0
1687	105	3093	4488	0
2041	110	1487	4488	0
1067	110	1551	4488	0
2092	44	1456	4512	0
2041	41	656	4512	0
2328	152	520	4512	0
2041	41	2254	4512	0
1985	84	334	4512	0
2270	143	2336	4512	0
1939	110	658	4512	0
2842	41	701	4512	0
3137	110	2310	4512	0
300	84	3327	4512	0
3220	105	3246	4512	0
1564	95	3279	4512	0
694	88	1305	4512	0
3029	106	520	4512	0
2679	29	932	4512	0
457	143	627	4512	0
2272	110	1125	4536	0
24	62	3283	4536	0
2955	110	54	4536	0
1999	110	743	4536	0
1866	118	670	4536	0
1782	110	1573	4536	0
2508	29	2906	4536	0
121	110	2385	4536	0
769	118	535	4536	0
2403	44	301	4536	0
1162	110	978	4536	0
3172	84	3033	4536	0
49	41	3341	4536	0
2507	71	3343	4536	0
2058	29	313	4536	0
2257	110	1145	4536	0
977	143	810	4536	0
3338	41	293	4536	0
396	44	2619	4536	0
3166	84	1418	4536	0
396	110	671	4536	0
520	139	1487	4560	0
3	71	3276	4560	0
458	34	2074	4560	0
3199	110	776	4560	0
665	109	2862	4560	0
355	41	391	4560	0
520	62	3283	4560	0
2385	95	2343	4560	0
860	84	563	4560	0
261	95	3275	4560	0
1877	5	1170	4560	0
2993	84	413	4560	0
1341	41	1643	4560	0
3273	118	1793	4560	0
2490	110	3264	4560	0
1317	44	129	4560	0
2221	150	2137	4560	0
3289	68	1580	4560	0
2383	77	512	4584	0
821	44	1487	4584	0
3343	71	2507	4584	0
2709	110	1405	4584	0
2212	80	2101	4584	0
1902	105	334	4584	0
2485	44	3360	4584	0
3269	105	3264	4584	0
2993	41	413	4584	0
3357	5	2770	4584	0
1667	95	1374	4584	0
1121	29	511	4584	0
3166	133	214	4584	0
107	118	1415	4584	0
263	41	937	4584	0
590	84	2987	4584	0
1311	110	1154	4584	0
102	41	2947	4584	0
3319	118	687	4584	0
1515	110	388	4584	0
2548	53	458	4584	0
1510	110	1170	4608	0
1342	41	2785	4608	0
549	62	773	4608	0
92	84	984	4608	0
2877	44	564	4608	0
2420	110	2626	4608	0
1485	41	2548	4608	0
2053	150	590	4608	0
1458	24	1154	4608	0
860	110	328	4608	0
2465	56	3279	4608	0
2656	39	2071	4608	0
1733	95	1643	4608	0
2292	19	550	4608	0
2946	112	2862	4608	0
1121	143	810	4608	0
212	44	2385	4608	0
2651	41	3275	4608	0
1683	41	860	4608	0
523	5	1551	4608	0
102	41	3327	4608	0
520	152	1399	4608	0
2464	2	1861	4608	0
1580	77	1904	4608	0
2444	44	3279	4608	0
1487	110	3275	4608	0
2191	110	2155	4608	0
2040	110	390	4608	0
2462	44	2277	4608	0
2277	110	1915	4632	0
3062	118	1892	4632	0
2501	78	981	4632	0
2679	101	1487	4632	0
2636	110	3378	4632	0
1925	41	2872	4632	0
3279	77	3093	4632	0
507	118	984	4632	0
2464	109	1551	4632	0
348	118	307	4632	0
583	82	2214	4632	0
1512	41	1325	4632	0
1861	95	2941	4632	0
2465	84	3279	4632	0
3169	110	1537	4632	0
520	133	670	4632	0
2137	152	520	4632	0
984	68	2931	4632	0
1034	95	1863	4632	0
2595	41	2026	4632	0
2453	41	2464	4632	0
1564	77	169	4656	0
1991	110	2680	4656	0
131	110	340	4656	0
502	44	767	4656	0
3267	45	1102	4656	0
520	106	2679	4656	0
2827	41	2614	4656	0
1310	106	1807	4656	0
758	82	458	4656	0
2140	154	1564	4656	0
2679	5	3357	4656	0
2277	5	520	4656	0
701	66	520	4656	0
300	110	1564	4656	0
2679	110	749	4656	0
1170	84	763	4680	0
1548	110	831	4680	0
2158	102	2656	4680	0
2832	68	1179	4680	0
3217	110	1837	4680	0
902	110	2289	4680	0
2277	110	2515	4680	0
3069	82	3093	4680	0
800	44	559	4680	0
907	111	2556	4680	0
892	110	2679	4680	0
2679	110	1140	4680	0
860	41	920	4704	0
334	143	627	4704	0
1067	110	1562	4704	0
2979	41	393	4704	0
572	44	749	4704	0
3276	105	2927	4704	0
2704	102	554	4704	0
862	41	1846	4704	0
2947	77	3279	4704	0
1551	135	860	4704	0
2281	110	1566	4704	0
288	71	2832	4704	0
833	150	496	4704	0
860	118	2947	4704	0
1253	5	2703	4704	0
1662	79	3289	4704	0
3327	82	860	4704	0
765	105	3258	4704	0
520	62	1487	4704	0
3166	150	2652	4704	0
1382	44	984	4704	0
301	110	1487	4704	0
550	116	2178	4704	0
1969	41	2679	4728	0
2974	29	565	4728	0
2528	29	563	4728	0
1170	102	1487	4728	0
590	144	923	4728	0
1709	5	1711	4728	0
1532	133	161	4728	0
984	71	3289	4728	0
3305	110	1170	4728	0
701	110	1170	4728	0
2831	110	670	4728	0
1992	5	524	4728	0
2947	68	3279	4728	0
590	106	2957	4752	0
1168	5	354	4752	0
2835	110	1170	4752	0
1502	5	2707	4752	0
1448	110	353	4752	0
835	106	149	4752	0
520	106	2058	4752	0
3327	41	1362	4752	0
307	110	1474	4752	0
1286	82	2552	4752	0
3327	110	2947	4752	0
2831	41	1533	4752	0
1249	16	2886	4752	0
2947	93	1487	4752	0
2702	150	549	4752	0
3236	110	1904	4752	0
520	62	3149	4752	0
1656	105	261	4752	0
842	41	846	4752	0
932	110	355	4752	0
1093	110	3161	4752	0
3327	71	860	4752	0
24	68	913	4752	0
785	110	1970	4752	0
2450	110	2448	4752	0
1639	29	868	4776	0
2187	150	198	4776	0
1541	143	3069	4776	0
2947	44	1258	4776	0
863	110	409	4776	0
2831	44	301	4776	0
2635	106	307	4776	0
3400	110	1531	4776	0
3222	105	2465	4776	0
436	49	520	4776	0
2543	29	526	4776	0
2674	102	1121	4776	0
1028	110	3093	4776	0
4	105	3130	4776	0
538	106	2691	4776	0
2995	29	743	4776	0
3327	143	860	4776	0
1364	106	1203	4776	0
823	106	1170	4776	0
2515	39	520	4776	0
2953	84	2614	4776	0
0	7	301	4776	0
2058	49	1170	4776	0
985	118	984	4776	0
860	77	3327	4800	0
458	118	3020	4800	0
64	49	550	4800	0
3279	106	1683	4800	0
3228	84	161	4800	0
126	133	860	4800	0
116	16	2835	4800	0
768	106	1776	4800	0
3061	110	1581	4800	0
1458	106	1151	4800	0
436	106	520	4800	0
17	41	1404	4800	0
3250	110	2307	4800	0
327	155	554	4800	0
2281	44	1566	4800	0
1538	84	952	4800	0
860	71	2429	4800	0
3378	105	41	4800	0
1564	93	1557	4800	0
3023	150	490	4800	0
2385	84	765	4800	0
2466	110	3275	4800	0
2243	119	2702	4800	0
3378	71	3054	4824	0
391	110	2167	4824	0
2328	152	2081	4824	0
2328	5	2385	4824	0
2322	110	3142	4824	0
892	130	3118	4824	0
1224	41	3228	4824	0
2187	150	580	4824	0
2343	77	1683	4848	0
2463	120	1170	4848	0
2081	5	2679	4848	0
1191	69	2696	4848	0
1121	41	458	4848	0
227	106	520	4848	0
3380	65	2012	4848	0
1299	41	3228	4848	0
1885	41	1956	4848	0
2537	29	520	4848	0
2679	102	520	4848	0
526	115	1564	4848	0
1614	122	580	4848	0
3020	95	3378	4848	0
1551	110	3279	4848	0
473	115	3283	4848	0
2542	29	448	4848	0
121	105	1487	4872	0
2041	5	1866	4872	0
1487	29	2081	4872	0
734	152	520	4872	0
1153	61	409	4872	0
267	82	1733	4872	0
1886	41	2312	4872	0
174	152	482	4872	0
41	95	1311	4872	0
520	130	2627	4872	0
267	68	1733	4872	0
1177	70	1580	4872	0
24	62	3283	4872	0
2277	110	1170	4872	0
3302	95	3218	4872	0
414	110	699	4872	0
2002	110	2996	4872	0
3378	84	3089	4872	0
1842	84	2931	4872	0
1862	105	161	4872	0
1309	110	928	4872	0
457	102	494	4872	0
2947	95	300	4872	0
487	62	3283	4872	0
2857	63	670	4872	0
1866	109	1170	4896	0
3207	110	3095	4896	0
1299	110	2157	4896	0
1329	110	2574	4896	0
1981	110	1564	4896	0
1990	110	2167	4896	0
1740	41	3234	4896	0
1690	41	329	4896	0
208	110	1892	4896	0
3327	112	860	4896	0
572	84	3089	4896	0
520	44	670	4896	0
1551	5	987	4896	0
3378	105	2951	4896	0
3279	105	3250	4896	0
2460	41	391	4896	0
3224	95	2028	4896	0
3244	41	1054	4896	0
2313	106	595	4896	0
971	105	300	4896	0
2465	5	860	4896	0
1470	105	3250	4896	0
1564	67	630	4920	0
1487	106	520	4920	0
114	5	1626	4920	0
1999	110	2703	4920	0
2947	84	3089	4920	0
1212	34	2811	4920	0
140	84	1362	4920	0
854	29	747	4920	0
2695	29	542	4920	0
1024	63	1565	4920	0
1382	41	1588	4920	0
2797	119	1487	4920	0
1296	84	873	4920	0
2656	29	441	4920	0
2460	41	2041	4920	0
3279	71	1551	4920	0
3161	118	675	4920	0
3378	82	2862	4944	0
2465	95	2238	4944	0
1127	106	572	4944	0
2703	41	2762	4944	0
573	41	1369	4944	0
2385	144	301	4944	0
1871	41	471	4944	0
924	105	3097	4944	0
3291	84	3093	4944	0
550	5	14	4944	0
30	5	719	4944	0
3089	95	765	4944	0
3279	95	778	4944	0
334	84	458	4944	0
670	44	301	4944	0
467	62	3283	4944	0
1577	110	3378	4944	0
1102	110	924	4944	0
2895	137	267	4944	0
984	143	3279	4944	0
1731	118	3302	4944	0
860	105	981	4944	0
296	135	3199	4968	0
1251	5	1177	4968	0
1933	110	3272	4968	0
1645	84	1302	4968	0
267	41	203	4968	0
670	5	1170	4968	0
3337	44	293	4968	0
458	118	489	4968	0
2601	41	1966	4968	0
1102	49	1861	4968	0
624	58	1554	4968	0
2707	110	746	4968	0
2297	112	3276	4968	0
3327	105	1034	4992	0
907	29	505	4992	0
773	108	315	4992	0
907	34	505	4992	0
3069	71	2107	4992	0
2430	44	1177	4992	0
1793	127	458	4992	0
1249	110	2021	4992	0
1695	106	3119	4992	0
1084	41	954	4992	0
1603	110	3373	4992	0
2377	44	301	4992	0
2108	41	2126	4992	0
2912	71	860	5016	0
2925	5	595	5016	0
121	41	2874	5016	0
2965	110	2385	5016	0
209	110	1170	5016	0
629	152	2178	5016	0
1099	41	3166	5016	0
1487	118	2277	5016	0
3263	105	1487	5016	0
1795	41	3240	5016	0
3327	71	458	5016	0
2712	29	2095	5016	0
1147	5	2656	5016	0
228	118	1551	5016	0
41	95	458	5016	0
173	33	473	5040	0
3373	121	1793	5040	0
2679	29	63	5040	0
2886	110	430	5040	0
2679	110	734	5040	0
405	105	2465	5040	0
2038	110	1153	5040	0
3147	41	2756	5040	0
2757	41	1329	5040	0
580	155	2212	5040	0
495	48	644	5040	0
520	62	3283	5040	0
987	110	1333	5040	0
1143	106	3166	5040	0
9	106	1196	5040	0
153	14	1328	5040	0
1170	109	1487	5040	0
3373	41	2953	5040	0
10	65	3033	5064	0
170	155	605	5064	0
701	106	2385	5064	0
479	130	260	5064	0
3093	95	458	5064	0
1002	42	356	5064	0
3161	143	2651	5064	0
3348	16	3272	5064	0
458	44	1375	5064	0
3032	41	1567	5064	0
2486	95	2333	5064	0
312	47	621	5064	0
1087	110	3069	5064	0
274	108	3163	5064	0
301	5	1170	5064	0
391	110	1487	5064	0
3285	44	1085	5064	0
1305	110	597	5064	0
2645	29	1749	5064	0
2707	110	2996	5064	0
1462	84	2465	5064	0
3172	84	3033	5064	0
2947	77	3250	5064	0
2947	84	1580	5064	0
520	5	1170	5064	0
1333	105	3279	5064	0
932	62	3283	5064	0
2305	110	3243	5064	0
260	29	2071	5064	0
1755	110	2656	5064	0
173	152	2217	5064	0
734	152	24	5064	0
1100	110	3302	5088	0
109	5	339	5088	0
2814	119	2738	5088	0
2032	110	77	5088	0
647	110	3004	5088	0
288	118	2198	5088	0
267	84	296	5088	0
1912	41	3082	5088	0
1331	84	523	5088	0
2971	110	3250	5088	0
1567	84	2947	5088	0
3279	77	984	5088	0
1008	110	2278	5088	0
1085	110	1597	5088	0
2679	122	447	5088	0
635	59	2500	5088	0
2929	110	3223	5088	0
2985	142	2464	5088	0
1567	84	1425	5088	0
1882	106	903	5112	0
2639	118	406	5112	0
3250	110	3279	5112	0
635	152	3153	5112	0
387	44	2158	5112	0
3302	82	767	5112	0
3161	85	1277	5112	0
3085	95	1292	5112	0
1345	41	2126	5112	0
2947	95	3279	5112	0
1564	110	293	5112	0
175	152	2663	5112	0
1912	5	2679	5112	0
3033	41	2333	5112	0
2058	44	3290	5112	0
2353	41	2448	5112	0
918	110	925	5112	0
520	5	845	5112	0
2679	110	1390	5112	0
835	106	3272	5112	0
860	118	2465	5112	0
1881	71	984	5112	0
308	48	2974	5112	0
1249	106	520	5112	0
3118	62	1170	5112	0
2030	110	670	5112	0
2679	48	3392	5112	0
1990	110	1170	5112	0
821	41	301	5112	0
3093	95	1848	5112	0
2679	96	520	5136	0
2330	41	1099	5136	0
670	106	520	5136	0
2041	110	2385	5136	0
2126	84	3069	5136	0
2043	17	1557	5136	0
2340	49	2873	5136	0
1727	110	3093	5136	0
763	106	520	5136	0
1558	38	559	5136	0
2947	48	3260	5136	0
405	112	3343	5136	0
2187	150	198	5136	0
2507	41	1278	5136	0
1313	105	806	5136	0
1258	44	1085	5136	0
3033	105	3069	5136	0
627	41	3279	5136	0
1408	110	334	5136	0
260	29	2071	5136	0
1916	41	227	5136	0
1371	110	1209	5136	0
859	110	228	5136	0
2854	41	701	5160	0
1170	138	520	5160	0
88	110	3260	5160	0
1990	5	301	5160	0
3386	5	594	5160	0
391	84	2385	5160	0
458	41	2465	5160	0
1381	105	924	5160	0
409	133	2019	5160	0
2824	95	967	5160	0
1267	88	496	5160	0
1912	110	1648	5160	0
1941	49	984	5160	0
962	32	520	5184	0
69	44	301	5184	0
3084	150	2133	5184	0
2965	106	3392	5184	0
391	110	2460	5184	0
1638	110	1563	5184	0
2328	119	3283	5184	0
109	95	1136	5184	0
520	117	1487	5184	0
1580	95	1846	5184	0
1623	110	1589	5184	0
1866	110	670	5184	0
2591	14	130	5208	0
3192	95	1115	5208	0
1172	68	1541	5208	0
3166	150	767	5208	0
1248	110	1166	5208	0
814	110	2947	5208	0
2947	95	2850	5208	0
3279	95	1078	5208	0
984	44	3279	5208	0
149	118	3094	5208	0
1305	110	1017	5208	0
1293	110	1219	5208	0
701	70	2936	5208	0
3395	41	3273	5208	0
1866	110	670	5208	0
1885	110	1506	5208	0
149	107	1171	5208	0
479	106	692	5208	0
3126	119	2657	5208	0
277	84	3275	5208	0
1888	133	860	5208	0
250	110	2485	5208	0
2453	106	2751	5208	0
1170	144	2679	5232	0
409	109	2974	5232	0
2081	106	1497	5232	0
2912	84	1293	5232	0
1212	108	1551	5232	0
491	11	409	5232	0
2831	110	2385	5232	0
3327	41	2929	5232	0
1640	71	2498	5232	0
23	62	2667	5232	0
3250	84	3279	5232	0
2512	31	1642	5232	0
2277	41	3180	5232	0
2453	65	2473	5232	0
2441	41	3199	5232	0
76	110	2187	5232	0
2930	143	1626	5232	0
1917	107	1659	5232	0
3098	29	520	5232	0
471	110	409	5232	0
100	110	2620	5232	0
3296	5	627	5232	0
3199	44	2373	5256	0
2608	29	559	5256	0
654	16	1154	5256	0
1551	95	2912	5256	0
821	110	1170	5256	0
1121	143	3097	5256	0
1055	84	500	5256	0
458	118	1906	5256	0
2929	144	559	5256	0
2465	95	2126	5256	0
425	102	520	5256	0
1783	110	1684	5256	0
969	105	1793	5256	0
3062	82	520	5256	0
3279	110	1506	5256	0
1612	110	2465	5256	0
520	44	1487	5256	0
2732	155	2104	5256	0
734	155	379	5256	0
2534	44	2464	5256	0
2385	65	2254	5256	0
1221	110	2311	5256	0
1293	110	2465	5256	0
1875	18	520	5256	0
2984	110	1659	5256	0
520	66	272	5256	0
2660	110	816	5280	0
984	106	2444	5280	0
2343	105	1506	5280	0
3279	98	1551	5280	0
1381	98	2947	5280	0
2548	41	3293	5280	0
1551	95	2912	5280	0
3275	68	2513	5280	0
724	117	3043	5280	0
1856	110	300	5280	0
1417	19	3404	5280	0
520	44	301	5280	0
2109	118	457	5280	0
297	95	3243	5280	0
2390	41	2391	5280	0
482	84	520	5280	0
1564	67	630	5280	0
604	16	528	5280	0
2094	155	2181	5280	0
2732	5	994	5280	0
227	41	1329	5280	0
3296	20	627	5304	0
1113	41	2953	5304	0
3275	95	328	5304	0
3260	109	594	5304	0
2155	150	3166	5304	0
2081	115	1487	5304	0
59	150	2556	5304	0
2947	85	2645	5304	0
306	110	458	5304	0
3250	29	2876	5304	0
1070	105	627	5304	0
1126	44	1170	5304	0
2679	5	520	5328	0
3275	82	1551	5328	0
2417	118	2187	5328	0
2506	106	491	5328	0
3026	150	2169	5328	0
528	62	3283	5328	0
273	118	2940	5328	0
391	110	845	5328	0
2155	150	39	5328	0
121	77	1430	5328	0
2228	150	2133	5352	0
2385	110	301	5352	0
3104	110	3064	5352	0
3237	110	1392	5352	0
3250	29	2876	5352	0
546	133	1348	5352	0
2473	95	3327	5352	0
17	89	832	5352	0
2947	44	2209	5352	0
39	110	2217	5352	0
875	63	550	5352	0
2266	106	499	5352	0
267	143	1662	5352	0
2689	29	2087	5376	0
3392	106	2460	5376	0
481	147	1561	5376	0
1576	41	1050	5376	0
2192	122	593	5376	0
313	141	2874	5376	0
2187	110	1989	5376	0
1318	95	765	5376	0
1689	130	2582	5376	0
458	102	495	5376	0
1517	106	2530	5376	0
3260	41	3276	5376	0
3146	118	3259	5376	0
2587	106	581	5376	0
899	84	1034	5376	0
1501	105	1487	5376	0
1779	110	860	5376	0
860	98	1551	5376	0
1958	41	762	5376	0
1287	110	2929	5376	0
580	147	3153	5376	0
1738	106	1150	5400	0
2110	133	29	5400	0
3165	61	1580	5400	0
1487	95	1074	5400	0
900	110	892	5400	0
2947	68	2548	5400	0
1096	108	2947	5400	0
2217	150	640	5400	0
3261	68	2308	5400	0
259	71	1095	5400	0
1531	152	2155	5400	0
2471	106	2021	5400	0
3250	71	1242	5400	0
3069	29	2096	5400	0
2947	77	3250	5400	0
3279	118	2444	5400	0
550	63	2628	5400	0
3279	143	3288	5400	0
3165	135	1177	5424	0
1733	125	2947	5424	0
2228	102	941	5424	0
2438	118	667	5424	0
458	110	1101	5424	0
459	41	3383	5424	0
2831	41	2595	5424	0
1070	84	2508	5424	0
2385	110	301	5424	0
2665	39	457	5424	0
3168	71	2862	5424	0
2929	110	458	5424	0
520	155	2167	5424	0
2167	110	2179	5424	0
2546	29	563	5424	0
2588	82	586	5424	0
3315	110	3077	5424	0
391	110	301	5424	0
533	106	3120	5424	0
138	108	1121	5424	0
3250	95	3168	5424	0
2449	29	1999	5424	0
3166	116	2155	5424	0
3076	105	301	5424	0
3254	105	3327	5424	0
2947	68	2896	5448	0
2652	110	236	5448	0
3276	24	273	5448	0
505	62	3283	5448	0
1309	143	2263	5448	0
391	110	1487	5448	0
2947	29	587	5448	0
2656	136	479	5448	0
1266	110	1566	5448	0
1007	41	3072	5448	0
2548	44	1487	5448	0
2720	102	1484	5448	0
2659	150	487	5448	0
2537	110	1554	5448	0
1487	107	1705	5448	0
975	71	1292	5448	0
173	33	3353	5448	0
2679	110	2411	5448	0
1563	150	39	5448	0
784	110	1170	5448	0
3279	71	458	5448	0
860	44	1643	5448	0
2205	105	3279	5448	0
2044	5	2687	5448	0
3087	110	231	5448	0
161	95	1576	5472	0
1436	105	1557	5472	0
458	82	3279	5472	0
447	152	2201	5472	0
1580	105	2947	5472	0
3156	44	145	5472	0
339	106	550	5472	0
2917	122	447	5472	0
525	116	1557	5472	0
786	105	1487	5472	0
520	106	3149	5472	0
138	106	2522	5472	0
1255	68	317	5472	0
3286	84	1668	5472	0
2277	41	2830	5496	0
1436	68	458	5496	0
2621	62	2548	5496	0
3075	105	3030	5496	0
1911	122	1482	5496	0
1910	110	932	5496	0
3386	150	1256	5496	0
1566	29	527	5496	0
2650	136	3279	5496	0
3243	105	2562	5496	0
3098	110	701	5496	0
334	95	1320	5496	0
2058	106	301	5496	0
1246	118	920	5496	0
3392	110	1170	5496	0
192	155	3357	5496	0
1329	105	2548	5520	0
689	29	498	5520	0
1487	41	2549	5520	0
391	110	1170	5520	0
2666	29	729	5520	0
122	106	2520	5520	0
2465	95	3378	5520	0
860	110	3198	5520	0
227	110	301	5520	0
391	110	1043	5520	0
1683	143	860	5520	0
2460	84	3344	5520	0
300	41	2404	5544	0
2679	110	1487	5544	0
260	95	136	5544	0
2703	122	450	5544	0
2167	29	3062	5544	0
597	110	1151	5544	0
1445	120	1487	5544	0
2187	154	3187	5544	0
231	84	1487	5544	0
3279	29	2083	5544	0
2211	110	2185	5544	0
2947	41	1102	5544	0
1885	41	1846	5544	0
2444	110	1220	5544	0
3239	71	1394	5544	0
2974	95	2849	5544	0
3287	110	3233	5544	0
3250	35	3279	5544	0
149	118	3093	5544	0
1885	110	458	5544	0
1487	82	2679	5544	0
168	152	550	5544	0
2711	106	562	5568	0
2507	143	1060	5568	0
3343	143	1060	5568	0
587	155	2730	5568	0
907	73	505	5568	0
1436	105	1557	5568	0
1554	29	3362	5568	0
2719	29	2099	5568	0
1551	68	1487	5568	0
1170	121	520	5568	0
2679	102	1767	5568	0
880	110	3407	5568	0
2652	110	3166	5568	0
2712	44	1362	5568	0
1531	0	473	5568	0
1118	32	2947	5592	0
810	132	2057	5592	0
1612	105	1564	5592	0
670	106	391	5592	0
2732	150	3275	5592	0
1850	118	1906	5592	0
2947	84	563	5592	0
134	84	2574	5592	0
2929	110	440	5592	0
717	29	455	5592	0
2724	29	583	5592	0
2886	72	231	5592	0
3310	62	3283	5592	0
2357	75	1551	5592	0
1554	5	1701	5592	0
1380	5	2947	5592	0
3061	84	458	5592	0
1921	110	227	5592	0
2780	110	695	5592	0
2718	29	2008	5592	0
3327	41	860	5592	0
2541	133	520	5592	0
508	68	1889	5592	0
2781	84	1487	5592	0
1875	105	1249	5616	0
3089	39	1006	5616	0
1487	29	2969	5616	0
1997	110	1903	5616	0
3089	133	3279	5616	0
534	152	2690	5616	0
3216	130	1906	5616	0
2351	105	1506	5616	0
2546	29	2095	5616	0
344	143	3373	5616	0
860	41	3327	5616	0
587	72	2638	5616	0
1668	68	3075	5616	0
2958	106	3272	5616	0
3344	110	2385	5616	0
3139	103	1487	5616	0
2463	110	1459	5616	0
39	106	2548	5616	0
3279	82	1198	5616	0
3061	110	987	5616	0
2892	41	1690	5616	0
700	74	517	5616	0
1723	110	3275	5616	0
2826	106	2882	5616	0
1308	77	2740	5616	0
860	105	3069	5616	0
2126	41	1485	5640	0
734	62	3283	5640	0
1426	110	2186	5640	0
972	44	984	5640	0
559	74	225	5640	0
1551	84	2947	5640	0
391	110	670	5640	0
3327	41	2108	5640	0
1906	5	3216	5640	0
2884	41	1605	5640	0
300	68	764	5640	0
424	127	3276	5640	0
2661	150	239	5640	0
2058	110	1497	5640	0
2679	29	1234	5640	0
3275	110	676	5640	0
1423	41	3279	5640	0
1298	71	1327	5640	0
3276	95	149	5640	0
2265	49	3276	5640	0
3378	82	524	5664	0
355	110	1487	5664	0
860	41	2988	5664	0
2988	41	1420	5664	0
1475	82	978	5664	0
520	84	1487	5664	0
3224	105	978	5664	0
3008	106	2988	5664	0
391	88	734	5664	0
2227	150	559	5664	0
2188	122	583	5664	0
1247	106	1120	5664	0
1423	107	532	5688	0
2169	43	293	5688	0
2385	77	3357	5688	0
1553	130	1955	5688	0
479	84	260	5688	0
312	41	3351	5688	0
214	44	2335	5688	0
3275	108	3279	5688	0
1847	110	3275	5688	0
2277	143	1170	5688	0
458	77	3275	5688	0
1487	29	2137	5688	0
3295	105	1487	5688	0
2679	5	734	5688	0
2988	106	312	5688	0
2650	72	520	5688	0
1487	29	520	5688	0
520	84	1487	5688	0
137	84	2890	5688	0
156	5	515	5688	0
1423	107	1793	5688	0
2564	41	701	5712	0
1551	84	3250	5712	0
2862	65	3199	5712	0
2126	84	1487	5712	0
37	110	2569	5712	0
1507	110	260	5712	0
3166	110	2947	5712	0
231	105	2548	5712	0
301	55	2201	5712	0
1506	95	2988	5712	0
2904	110	3163	5712	0
2088	63	1904	5712	0
479	5	348	5712	0
2698	29	544	5712	0
3302	84	3161	5712	0
602	84	116	5712	0
2281	110	1176	5712	0
1565	64	555	5736	0
431	120	490	5736	0
2204	150	533	5736	0
3199	84	765	5736	0
24	62	3283	5736	0
301	106	1912	5736	0
1846	105	340	5736	0
1404	110	1121	5736	0
1622	143	70	5736	0
1431	150	2371	5736	0
1990	110	750	5736	0
2556	44	3279	5736	0
520	44	2831	5736	0
2464	102	2947	5736	0
1732	98	1220	5736	0
2595	5	3145	5736	0
559	106	1542	5736	0
491	44	1153	5736	0
391	41	2835	5736	0
1994	41	458	5736	0
1912	110	301	5736	0
1121	105	3407	5760	0
1557	95	2748	5760	0
1769	44	3279	5760	0
3089	68	99	5760	0
1653	110	1487	5760	0
901	84	1818	5760	0
3275	71	984	5760	0
260	145	479	5760	0
1176	44	924	5760	0
2081	62	3283	5760	0
2378	41	1746	5760	0
69	5	3063	5760	0
3224	71	2360	5760	0
1636	110	2543	5760	0
3378	110	41	5760	0
2764	110	2659	5760	0
2444	110	334	5760	0
3279	98	2947	5760	0
386	62	3283	5760	0
656	117	520	5784	0
1487	95	2898	5784	0
3260	118	1163	5784	0
3275	82	1667	5784	0
2679	117	447	5784	0
81	105	458	5784	0
1752	1	1837	5784	0
2831	44	208	5784	0
421	110	984	5784	0
1564	143	1551	5784	0
710	49	559	5784	0
1170	44	2617	5784	0
1517	110	353	5784	0
3279	41	126	5784	0
491	106	2263	5784	0
3250	68	1704	5784	0
2947	71	1212	5784	0
2259	5	479	5784	0
520	44	220	5784	0
477	62	887	5784	0
1468	41	3164	5784	0
25	110	2528	5784	0
1854	105	3093	5808	0
2008	110	626	5808	0
523	44	2031	5808	0
1580	41	352	5808	0
2476	41	1740	5808	0
1416	41	820	5808	0
2290	110	3279	5808	0
2926	110	860	5808	0
1219	110	3030	5808	0
1487	29	550	5808	0
2569	110	1452	5808	0
2847	41	1249	5808	0
3063	110	1878	5808	0
1487	138	520	5808	0
2126	105	2465	5808	0
2125	84	228	5808	0
423	110	773	5808	0
2556	150	1564	5808	0
1676	155	3312	5808	0
2385	105	1102	5808	0
1485	118	458	5808	0
2430	106	3093	5808	0
1667	143	3275	5808	0
1487	110	2831	5832	0
1390	84	1399	5832	0
1656	95	3327	5832	0
3141	44	487	5832	0
907	105	2556	5832	0
2277	110	1414	5832	0
2023	122	580	5832	0
245	117	591	5832	0
149	41	3378	5856	0
2679	152	1170	5856	0
520	155	734	5856	0
1199	34	559	5856	0
2574	62	3283	5856	0
2564	119	670	5856	0
301	62	670	5856	0
670	110	2595	5856	0
458	42	3089	5856	0
1487	95	1875	5856	0
24	62	3283	5856	0
1631	118	458	5856	0
1181	118	1470	5856	0
2526	68	163	5856	0
590	106	2589	5880	0
1102	95	3048	5880	0
267	68	3250	5880	0
1905	110	255	5880	0
2644	114	2645	5880	0
874	105	1853	5880	0
491	106	2571	5880	0
458	118	3130	5880	0
458	118	835	5880	0
3250	68	267	5880	0
2337	108	331	5880	0
2430	44	3279	5880	0
605	110	1199	5880	0
458	118	978	5880	0
528	106	2518	5880	0
3279	30	3178	5880	0
218	110	1805	5904	0
1614	95	148	5904	0
100	41	1523	5904	0
2385	105	3279	5904	0
2409	110	1998	5904	0
291	110	2264	5904	0
1616	41	1587	5904	0
1613	41	2988	5904	0
983	105	3345	5904	0
458	82	1667	5904	0
627	93	2556	5904	0
2062	133	2701	5904	0
391	84	520	5904	0
1724	44	2569	5904	0
972	71	3250	5904	0
3276	84	773	5904	0
2859	88	496	5904	0
122	44	2974	5904	0
1117	110	2285	5904	0
2528	5	1140	5904	0
3279	84	2460	5904	0
286	110	1744	5904	0
2816	44	1872	5904	0
1788	29	563	5928	0
2733	29	2475	5928	0
1347	110	1908	5928	0
2679	150	447	5928	0
3276	106	2947	5928	0
312	110	2567	5928	0
1667	68	2448	5928	0
1564	67	1551	5928	0
2008	44	326	5928	0
1054	41	88	5928	0
2465	95	2343	5928	0
1853	110	2775	5928	0
1367	84	17	5928	0
88	105	458	5928	0
3357	62	3283	5928	0
3403	105	1487	5928	0
3276	106	3250	5928	0
2679	110	379	5928	0
932	62	3283	5928	0
301	147	3357	5928	0
509	44	2988	5928	0
1580	42	267	5928	0
975	95	17	5928	0
425	110	2058	5928	0
2448	68	41	5928	0
2842	110	340	5928	0
3199	40	3275	5928	0
254	106	2058	5928	0
3378	118	1464	5928	0
41	41	2353	5928	0
410	110	1153	5928	0
2463	106	2679	5952	0
138	41	2862	5952	0
1897	109	2465	5952	0
520	74	701	5952	0
676	44	391	5952	0
2171	105	3093	5952	0
2664	106	491	5952	0
3085	41	975	5952	0
2296	84	138	5952	0
1102	116	1476	5952	0
3199	118	2421	5952	0
2679	29	734	5952	0
3279	113	458	5952	0
1175	44	1938	5952	0
797	110	734	5952	0
701	110	1170	5952	0
1487	82	3279	5952	0
2947	82	3250	5952	0
3332	71	1547	5952	0
2263	84	889	5952	0
526	44	300	5952	0
957	110	355	5952	0
2418	54	3133	5952	0
2947	95	3061	5952	0
458	95	2914	5952	0
1293	41	2862	5976	0
508	62	3283	5976	0
2724	29	583	5976	0
3250	112	2947	5976	0
2058	44	3062	5976	0
2277	106	520	5976	0
769	84	138	5976	0
1742	84	2279	5976	0
2947	106	3272	5976	0
425	102	1487	5976	0
550	44	1019	5976	0
290	130	1491	5976	0
860	110	2947	5976	0
3093	71	2465	5976	0
1576	110	39	5976	0
2680	102	521	5976	0
1551	95	3250	5976	0
301	21	1892	5976	0
835	5	2162	5976	0
1565	155	451	5976	0
3139	0	520	5976	0
3250	105	1293	5976	0
3260	41	3102	5976	0
1551	41	295	5976	0
84	71	3378	5976	0
2400	84	3061	6000	0
2524	110	2149	6000	0
784	41	1969	6000	0
932	5	670	6000	0
1551	41	2947	6000	0
20	36	3283	6000	0
1230	110	1170	6000	0
1635	49	1170	6000	0
121	44	670	6000	0
1552	44	3151	6000	0
2679	29	2081	6000	0
950	44	1487	6000	0
1615	110	1976	6000	0
2058	110	1249	6024	0
520	44	1431	6024	0
2679	150	932	6024	0
1526	152	2652	6024	0
267	95	138	6024	0
3030	41	88	6024	0
2424	5	1167	6024	0
932	0	2574	6024	0
1753	16	536	6024	0
2187	39	580	6024	0
3118	5	2679	6048	0
328	110	3275	6048	0
2563	41	1613	6048	0
3279	129	3173	6048	0
3308	110	3302	6048	0
439	84	2947	6048	0
2026	41	1740	6048	0
2674	29	2069	6048	0
2343	84	2465	6048	0
2569	84	487	6048	0
3279	29	1542	6048	0
458	68	2947	6048	0
3098	34	1489	6048	0
409	29	491	6048	0
847	110	2145	6048	0
386	110	2385	6048	0
520	49	1170	6048	0
2343	143	1683	6048	0
3343	16	458	6048	0
608	41	2737	6048	0
3404	84	668	6048	0
2947	68	2465	6048	0
1551	43	2187	6048	0
3031	41	2	6048	0
2679	150	670	6072	0
1547	71	161	6072	0
2966	108	907	6072	0
2131	110	468	6072	0
226	41	1591	6072	0
458	68	3069	6072	0
1683	110	987	6072	0
295	68	1551	6072	0
2797	115	1487	6072	0
1399	102	520	6072	0
27	126	2585	6072	0
1689	118	2651	6072	0
3061	110	1177	6072	0
1497	152	301	6072	0
2015	110	95	6072	0
1184	109	359	6072	0
279	106	3272	6072	0
1651	105	2438	6072	0
3279	98	2455	6072	0
1249	109	301	6072	0
1580	68	2947	6096	0
458	44	3279	6096	0
1459	42	2947	6096	0
340	84	261	6096	0
3279	95	928	6096	0
973	106	307	6096	0
462	84	2465	6096	0
951	110	1551	6096	0
2756	41	3147	6096	0
2666	29	729	6096	0
3327	71	3061	6096	0
458	95	41	6096	0
590	14	287	6096	0
670	110	301	6096	0
457	118	3093	6096	0
559	152	2707	6096	0
1097	44	2570	6096	0
2874	118	24	6096	0
208	63	3304	6096	0
1138	41	3260	6096	0
3093	83	2465	6120	0
984	68	2464	6120	0
2656	29	2071	6120	0
3386	116	3385	6120	0
3198	41	3018	6120	0
3039	110	1352	6120	0
583	68	3276	6120	0
457	68	458	6120	0
2343	71	1683	6120	0
217	41	3263	6120	0
2874	5	520	6120	0
1444	150	2974	6120	0
3275	5	563	6120	0
860	41	2947	6120	0
458	105	2947	6120	0
984	98	587	6120	0
511	62	3283	6120	0
3275	5	2095	6120	0
2628	95	984	6120	0
2831	44	2277	6120	0
3279	106	2748	6120	0
3121	62	3283	6120	0
2797	62	3283	6120	0
2707	35	605	6120	0
1244	105	1872	6120	0
2527	122	2645	6120	0
2453	105	1102	6144	0
1118	41	267	6144	0
2862	84	3327	6144	0
1444	110	2975	6144	0
2300	41	1977	6144	0
2186	150	3094	6144	0
2929	105	1564	6144	0
1309	41	1851	6144	0
860	44	3376	6144	0
2733	155	479	6144	0
2499	84	978	6144	0
2862	84	1362	6144	0
267	95	300	6144	0
1199	109	3123	6144	0
3093	129	1551	6144	0
2947	43	293	6144	0
391	106	1170	6144	0
41	105	2951	6144	0
3302	41	3148	6144	0
2712	108	3103	6144	0
3327	110	837	6144	0
3196	118	3061	6168	0
676	109	1920	6168	0
3151	68	1034	6168	0
3063	110	2965	6168	0
301	110	391	6168	0
2343	84	1683	6168	0
2686	101	1580	6168	0
2583	24	2602	6168	0
2167	5	1170	6168	0
3295	110	2617	6168	0
2831	41	355	6168	0
2353	106	550	6168	0
656	118	3234	6168	0
1697	106	957	6192	0
1861	84	2651	6192	0
2719	5	573	6192	0
2746	41	2343	6192	0
1723	110	2732	6192	0
2418	110	1487	6216	0
1487	133	520	6216	0
1025	110	260	6216	0
518	72	2276	6216	0
1920	41	2277	6216	0
3339	110	1311	6216	0
2377	110	1170	6216	0
2847	110	3274	6216	0
1343	110	3012	6216	0
1039	77	1102	6216	0
340	105	2931	6216	0
1183	110	1566	6216	0
642	29	473	6216	0
591	44	2943	6216	0
511	62	1477	6216	0
1920	105	1487	6216	0
1487	110	3118	6216	0
2925	105	3095	6216	0
3166	150	2155	6216	0
262	105	267	6216	0
573	118	1369	6216	0
3380	41	1470	6216	0
458	110	3151	6216	0
1289	106	670	6240	0
1683	41	2343	6240	0
2343	71	1681	6240	0
458	95	463	6240	0
3275	29	590	6240	0
2000	110	2465	6240	0
620	7	757	6240	0
781	110	99	6240	0
1963	41	2259	6240	0
3279	120	2735	6240	0
2977	110	1718	6240	0
2963	84	574	6240	0
3327	110	2947	6240	0
2465	95	3388	6240	0
3316	110	3275	6240	0
0	106	391	6240	0
2277	65	1431	6240	0
2179	150	2548	6240	0
1212	118	2947	6240	0
1258	95	3209	6240	0
919	5	1650	6240	0
1580	82	3093	6264	0
1549	41	1385	6264	0
1739	105	2931	6264	0
2651	61	984	6264	0
704	29	657	6264	0
839	41	2654	6264	0
3014	106	2061	6264	0
0	5	670	6264	0
3332	110	3268	6264	0
670	62	3283	6264	0
2790	106	2668	6264	0
1683	71	3279	6264	0
590	62	3283	6264	0
2768	41	2911	6264	0
3079	14	1281	6264	0
2427	68	3302	6264	0
1358	110	2651	6264	0
2081	152	379	6264	0
296	95	1032	6264	0
310	110	305	6264	0
709	29	2771	6264	0
2687	29	766	6264	0
2465	95	1683	6264	0
128	77	1439	6264	0
1686	41	1651	6264	0
275	44	2385	6288	0
1740	5	670	6288	0
1487	118	1485	6288	0
2453	84	3279	6288	0
2555	68	3384	6288	0
2548	106	2974	6288	0
567	84	3335	6288	0
2679	110	3200	6288	0
2729	97	3264	6288	0
2679	102	313	6288	0
2483	68	3384	6288	0
2664	110	728	6288	0
1683	121	3093	6288	0
670	110	2460	6288	0
2718	29	749	6288	0
1683	84	860	6288	0
977	68	3267	6288	0
215	110	1565	6288	0
3285	110	984	6288	0
559	155	2707	6288	0
3279	150	458	6288	0
1683	71	860	6312	0
2707	29	864	6312	0
3199	44	984	6312	0
1287	110	674	6312	0
1773	84	3019	6312	0
234	5	1551	6312	0
3267	106	3272	6312	0
2467	41	790	6312	0
860	95	1358	6312	0
2715	102	569	6312	0
3269	82	2963	6312	0
1876	84	3083	6312	0
3279	95	3061	6312	0
1176	110	1566	6312	0
966	105	858	6312	0
319	105	2121	6312	0
1487	95	3276	6312	0
3267	132	2947	6312	0
1793	29	738	6312	0
2058	44	1170	6312	0
3295	110	1487	6312	0
479	44	3216	6312	0
3079	110	138	6312	0
3172	65	2126	6312	0
2233	150	726	6312	0
98	84	3279	6312	0
2251	118	2947	6312	0
1465	41	330	6312	0
1783	39	3093	6312	0
1465	41	3033	6312	0
3364	18	2080	6336	0
2845	110	670	6336	0
3309	110	916	6336	0
2548	110	2974	6336	0
2257	110	99	6336	0
2707	110	746	6336	0
588	106	534	6336	0
2185	150	988	6336	0
1350	110	15	6336	0
1551	5	2974	6336	0
1279	110	1219	6336	0
2247	29	580	6336	0
1767	66	520	6336	0
2201	110	1433	6336	0
2041	110	1817	6336	0
2659	29	487	6336	0
1621	110	1017	6360	0
1325	41	1888	6360	0
458	110	3275	6360	0
3259	105	3279	6360	0
3279	95	1587	6360	0
2242	152	1855	6360	0
1390	5	670	6360	0
2253	41	355	6360	0
860	41	2887	6360	0
2377	105	3279	6360	0
2058	44	1170	6360	0
2467	29	2095	6360	0
1199	110	2645	6360	0
3279	110	2465	6360	0
892	110	2679	6360	0
391	108	1920	6384	0
3158	29	1280	6384	0
783	110	409	6384	0
2275	110	3025	6384	0
2378	110	1823	6384	0
1859	41	2325	6384	0
267	68	2342	6384	0
2728	29	585	6384	0
3118	62	1280	6384	0
860	110	3061	6384	0
520	44	1170	6384	0
1557	82	2556	6384	0
1487	29	892	6384	0
3306	110	1564	6384	0
3229	84	2297	6384	0
1084	41	2524	6384	0
3327	41	293	6384	0
2460	41	1969	6384	0
3118	62	932	6384	0
1102	110	1551	6408	0
2481	43	2902	6408	0
2521	5	867	6408	0
3191	110	43	6408	0
2947	144	3279	6408	0
1417	138	2866	6408	0
1651	84	1568	6408	0
339	16	1570	6408	0
103	110	1551	6408	0
1547	71	161	6408	0
3054	77	3055	6408	0
1572	105	3279	6408	0
1467	63	1564	6408	0
2385	84	2422	6408	0
1369	84	907	6408	0
149	41	2453	6408	0
2343	110	3061	6408	0
3061	71	2465	6408	0
2556	150	1564	6408	0
2333	41	3343	6408	0
1107	110	1170	6408	0
1287	110	2929	6408	0
2748	105	977	6408	0
3032	110	2947	6408	0
2189	113	3153	6408	0
790	5	526	6408	0
860	118	2465	6408	0
458	41	1102	6408	0
1551	110	3250	6408	0
3319	105	296	6408	0
877	106	1619	6408	0
3378	41	458	6432	0
520	44	301	6432	0
3260	112	860	6432	0
2353	110	2448	6432	0
860	93	1564	6432	0
2315	84	3151	6432	0
3373	118	3267	6432	0
232	16	550	6432	0
2443	82	470	6432	0
3061	110	3276	6432	0
3093	71	2465	6432	0
457	19	1542	6432	0
3392	110	1487	6432	0
2974	106	1121	6432	0
458	63	860	6432	0
0	5	670	6432	0
2831	118	2058	6432	0
2456	108	1487	6432	0
3279	41	984	6432	0
3279	41	2638	6432	0
697	71	1632	6432	0
39	84	1554	6432	0
2507	110	458	6432	0
913	102	2058	6432	0
3250	84	1121	6432	0
99	118	2739	6432	0
2783	110	1857	6432	0
1782	110	2421	6432	0
613	110	1580	6432	0
458	41	2947	6432	0
3327	84	267	6432	0
1789	110	2331	6432	0
1377	133	2554	6432	0
44	44	3150	6432	0
2638	118	3279	6432	0
1617	41	1838	6432	0
3276	105	1580	6432	0
67	110	1487	6432	0
150	118	3276	6432	0
75	105	2548	6432	0
1293	110	3276	6456	0
2368	118	476	6456	0
827	110	3143	6456	0
2082	152	2412	6456	0
1042	41	1152	6456	0
2639	110	3302	6456	0
2647	110	984	6456	0
149	105	1580	6456	0
295	41	203	6456	0
2929	44	2425	6456	0
340	41	1258	6456	0
2679	122	2081	6456	0
334	118	3260	6456	0
3262	102	500	6456	0
2862	82	1121	6456	0
1189	68	541	6456	0
860	71	3061	6456	0
1954	118	1506	6456	0
2574	44	1488	6456	0
1035	82	2019	6456	0
925	110	1223	6456	0
3033	41	3183	6456	0
300	5	1411	6456	0
2001	110	1565	6456	0
189	152	2215	6456	0
2638	105	3279	6456	0
