10	65	3033	1211	1211
3407	84	1566	1038	1038
261	44	518	1010	1010
3279	49	940	1088	1088
2836	41	301	1079	1079
1112	105	1098	1073	1073
1588	110	1121	1047	1047
3279	40	3296	1035	1035
3165	135	1177	1226	1226
1576	5	458	1177	1177
1547	118	2346	1030	1030
2277	110	1915	1193	1193
1089	41	405	1135	1135
721	110	2947	1012	1012
2326	110	3053	1011	1011
701	110	2631	1032	1032
3407	95	19	1072	1072
1022	150	1279	1076	1076
2033	110	769	1163	1163
1969	41	2679	1197	1197
2463	110	1564	1010	1010
301	62	116	1183	1183
249	106	2723	1066	1066
2679	96	520	1214	1214
2126	41	1485	1235	1235
70	105	3212	1177	1177
769	110	2947	1134	1134
458	41	1704	1072	1072
2058	34	932	1143	1143
1510	110	1170	1192	1192
2076	152	655	1090	1090
1137	108	569	1003	1003
3260	105	3153	1053	1053
1875	105	1249	1234	1234
520	62	3283	1135	1135
1748	41	1463	1108	1108
526	152	2807	1090	1090
2246	0	577	1052	1052
93	105	3267	1071	1071
2066	49	569	1107	1107
1755	110	596	1035	1035
1678	105	1580	1032	1032
1629	110	2343	1120	1120
458	133	812	1033	1033
698	29	1734	1113	1113
3279	95	2333	1109	1109
590	106	2957	1198	1198
1906	68	1541	1086	1086
2708	70	2674	1016	1016
1728	84	402	1147	1147
1683	41	860	1174	1174
3118	5	520	1042	1042
3122	110	2448	1120	1120
755	5	595	1028	1028
191	155	39	1179	1179
408	29	3009	1095	1095
3378	82	2862	1206	1206
121	105	1487	1203	1203
924	108	3279	1114	1114
2272	110	1125	1189	1189
2150	155	2947	1064	1064
1423	107	532	1237	1237
2666	52	1760	1024	1024
1193	110	2698	1017	1017
3199	44	2373	1219	1219
3250	79	1554	1074	1074
2983	41	2856	1094	1094
1593	110	261	1028	1028
3250	43	198	1076	1076
1865	5	3301	1035	1035
0	84	520	1120	1120
409	41	2109	1090	1090
1305	49	487	1144	1144
2912	71	860	1209	1209
761	95	3302	1115	1115
1455	110	990	1054	1054
2495	143	1564	1116	1116
2679	29	520	1113	1113
480	155	238	1069	1069
2228	150	2133	1223	1223
2385	41	2843	1086	1086
3378	82	524	1236	1236
161	95	1576	1228	1228
2330	41	1099	1214	1214
580	152	639	1025	1025
860	77	3327	1200	1200
2925	5	595	1209	1209
2679	150	520	1057	1057
260	95	860	1173	1173
2679	141	3362	1079	1079
749	152	3091	1054	1054
2807	62	2224	1148	1148
2798	62	3283	1120	1120
2465	118	458	1087	1087
170	155	605	1211	1211
300	41	2404	1231	1231
897	110	1147	1182	1182
2058	106	1170	1072	1072
2277	41	2830	1229	1229
424	29	2164	1104	1104
3124	41	2234	1020	1020
597	118	85	1074	1074
555	136	1564	1012	1012
2495	105	3275	1101	1101
2150	152	2947	1128	1128
1892	41	2842	1086	1086
2056	44	1872	1023	1023
2343	84	458	1070	1070
2679	106	520	1185	1185
1654	110	203	1101	1101
2679	22	1170	1070	1070
2591	14	130	1217	1217
2862	44	1302	1161	1161
3035	16	2596	1126	1126
1100	110	3302	1212	1212
487	37	3283	1147	1147
2965	110	301	1048	1048
1329	109	1170	1086	1086
2946	105	1881	1047	1047
2448	106	550	1080	1080
340	143	840	1183	1183
3267	84	2947	1175	1175
1487	95	3061	1085	1085
2383	77	512	1191	1191
2263	110	695	1136	1136
821	44	1487	1191	1191
520	109	2385	1127	1127
2679	29	447	1114	1114
2336	105	3279	1072	1072
1470	108	267	1046	1046
1220	138	819	1164	1164
409	110	860	1158	1158
3092	95	2909	1031	1031
2679	102	520	1017	1017
1942	84	3279	1037	1037
409	44	3279	1051	1051
2465	95	2238	1206	1206
1361	118	1640	1053	1053
2947	68	2896	1227	1227
1978	110	2465	1135	1135
860	41	920	1196	1196
301	110	3263	1023	1023
1054	41	2465	1122	1122
1068	5	1888	1121	1121
1170	84	763	1195	1195
1487	95	3275	1150	1150
2441	84	860	1171	1171
4	41	58	1081	1081
520	62	3283	1180	1180
924	105	458	1005	1005
2652	110	236	1227	1227
1747	144	540	1039	1039
1436	105	1557	1228	1228
2221	150	2553	1174	1174
409	118	984	1086	1086
701	106	2385	1211	1211
3276	84	3033	1108	1108
1943	105	340	1038	1038
2679	151	2797	1095	1095
2278	41	2120	1139	1139
670	96	301	1053	1053
2113	144	3275	1145	1145
2377	16	520	1001	1001
790	110	2151	1085	1085
1667	95	3194	1161	1161
2909	84	503	1059	1059
1580	118	3279	1163	1163
493	62	3283	1036	1036
1564	67	630	1205	1205
1379	105	1102	1096	1096
479	130	260	1211	1211
458	95	1099	1163	1163
1639	29	868	1199	1199
458	44	1487	1066	1066
1822	106	1472	1051	1051
1258	95	1588	1118	1118
39	110	173	1054	1054
2155	150	473	1175	1175
1102	95	3061	1171	1171
81	106	499	1000	1000
334	143	627	1196	1196
1304	105	2630	1104	1104
1170	106	994	1157	1157
1732	110	689	1008	1008
2166	150	512	1038	1038
2682	29	509	1114	1114
3042	110	2548	1099	1099
3250	150	3153	1078	1078
2820	5	2470	1021	1021
1577	110	1151	1078	1078
2851	44	2385	1185	1185
173	33	2155	1028	1028
3017	110	3292	1030	1030
3260	44	1217	1156	1156
3368	77	1731	1024	1024
1645	106	1061	1172	1172
550	106	2353	1043	1043
3275	118	3279	1043	1043
2608	29	559	1219	1219
1382	41	3197	1152	1152
2167	155	2137	1179	1179
2536	106	590	1055	1055
1170	110	1866	1086	1086
1099	105	2439	1170	1170
2187	150	198	1199	1199
388	41	1245	1135	1135
1121	29	580	1070	1070
670	44	301	1175	1175
2679	110	1487	1231	1231
3279	95	1920	1066	1066
3058	41	2457	1100	1100
860	110	3275	1127	1127
2689	29	2087	1224	1224
670	106	520	1214	1214
2929	41	1357	1118	1118
2453	41	3327	1140	1140
530	49	2832	1168	1168
2012	110	754	1144	1144
1000	62	3283	1041	1041
984	41	3161	1080	1080
520	109	1487	1073	1073
3250	150	2248	1023	1023
3033	84	3045	1107	1107
1846	105	1508	1009	1009
1342	41	2785	1192	1192
520	138	2679	1180	1180
1906	118	228	1075	1075
549	62	773	1192	1192
2336	105	3275	1072	1072
860	82	2947	1003	1003
711	102	2654	1024	1024
2564	41	701	1238	1238
296	135	3199	1207	1207
763	29	520	1021	1021
301	106	142	1074	1074
355	110	160	1024	1024
3061	82	531	1012	1012
2781	106	520	1106	1106
1487	110	3234	1024	1024
479	152	260	1166	1166
1111	106	2020	1077	1077
2134	155	2220	1090	1090
2679	5	520	1222	1222
2883	118	17	1156	1156
1142	110	851	1071	1071
1717	41	391	1175	1175
2680	29	521	1044	1044
411	84	3279	1186	1186
2092	44	1456	1188	1188
1487	73	3037	1151	1151
3260	41	3033	1079	1079
3263	82	648	1151	1151
1438	95	3378	1129	1129
3093	84	1683	1064	1064
2904	65	2339	1032	1032
3089	68	668	1033	1033
1170	144	2679	1218	1218
1300	108	2406	1137	1137
458	95	2460	1112	1112
1961	41	1868	1135	1135
909	71	3390	1130	1130
3243	110	944	1150	1150
1173	44	1555	1020	1020
3392	106	2460	1224	1224
962	32	520	1216	1216
1882	106	903	1213	1213
1329	110	1497	1034	1034
1300	110	1802	1022	1022
1222	44	1551	1128	1128
3243	105	3150	1108	1108
900	5	520	1037	1037
520	77	2058	1080	1080
3224	71	2385	1064	1064
860	52	300	1063	1063
2354	106	585	1174	1174
3132	150	3130	1143	1143
2976	150	2975	1047	1047
1067	41	984	1135	1135
636	152	2448	1061	1061
2840	110	3210	1090	1090
2444	106	592	1148	1148
722	0	559	1081	1081
81	105	978	1026	1026
2953	44	3153	1142	1142
405	77	2387	1179	1179
3102	110	3153	1034	1034
1995	41	787	1018	1018
2854	41	701	1215	1215
984	41	458	1176	1176
1644	82	810	1007	1007
91	118	2849	1032	1032
567	84	2947	1077	1077
2447	41	2448	1056	1056
524	5	1173	1129	1129
3135	41	2041	1156	1156
520	62	3283	1155	1155
2400	41	3061	1071	1071
33	41	3148	1128	1128
2230	155	3267	1021	1021
2679	150	3118	1055	1055
2897	110	3036	1120	1120
3279	110	3186	1001	1001
3275	95	3199	1124	1124
3042	41	2125	1086	1086
2343	106	2465	1145	1145
1563	150	554	1092	1092
3363	152	3130	1135	1135
3089	39	1006	1234	1234
1835	118	2945	1181	1181
654	16	1154	1219	1219
192	152	520	1156	1156
2091	38	1099	1052	1052
2461	84	2574	1063	1063
1551	68	2947	1096	1096
1487	29	734	1072	1072
1058	92	1628	1021	1021
24	62	3283	1189	1189
1487	29	520	1176	1176
75	147	3385	1022	1022
1206	73	3350	1101	1101
3250	29	585	1021	1021
1633	41	1714	1018	1018
3343	71	2507	1191	1191
3072	110	2679	1153	1153
2362	106	524	1162	1162
3016	118	2929	1171	1171
2679	150	670	1052	1052
2189	150	3154	1021	1021
1580	71	2465	1163	1163
2201	44	2058	1028	1028
2212	118	293	1062	1062
1110	105	409	1024	1024
1548	110	831	1195	1195
1196	5	1350	1024	1024
1738	106	1150	1225	1225
296	95	984	1077	1077
593	149	2777	1128	1128
907	29	2134	1041	1041
391	34	520	1186	1186
2353	128	2951	1080	1080
2955	110	54	1189	1189
2158	102	2656	1195	1195
1218	143	984	1015	1015
2041	5	1866	1203	1203
2617	44	2385	1029	1029
2448	118	205	1134	1134
409	109	2974	1218	1218
2709	110	1405	1191	1191
2766	44	595	1184	1184
3015	5	2628	1169	1169
1027	110	3275	1101	1101
1909	106	520	1085	1085
2405	84	2465	1067	1067
2385	110	301	1223	1223
2679	29	447	1101	1101
1279	106	1545	1078	1078
2568	109	2326	1086	1086
1165	118	1551	1126	1126
3386	150	75	1044	1044
481	147	1561	1224	1224
2639	118	406	1213	1213
355	49	1170	1097	1097
1777	5	559	1147	1147
2825	125	1551	1101	1101
1118	110	1129	1025	1025
3279	118	3166	1004	1004
3276	16	1503	1147	1147
1866	109	1170	1204	1204
2319	110	2679	1184	1184
1551	41	3250	1035	1035
1576	41	3302	1025	1025
3394	110	1177	1175	1175
2353	84	1099	1070	1070
2638	118	983	1163	1163
3279	98	364	1086	1086
2059	110	1557	1044	1044
2655	110	2453	1111	1111
491	84	653	1024	1024
2495	95	924	1079	1079
458	95	261	1116	1116
1551	71	3250	1092	1092
1356	5	3296	1052	1052
2126	49	1551	1140	1140
1034	41	860	1177	1177
2169	43	293	1237	1237
309	41	12	1098	1098
458	118	3020	1200	1200
69	44	301	1216	1216
2651	41	1459	1171	1171
2679	117	520	1003	1003
3275	82	1551	1222	1222
2190	155	3267	1181	1181
2987	153	2732	1097	1097
2660	110	816	1220	1220
2528	106	2546	1036	1036
3049	44	2353	1045	1045
1107	110	2672	1086	1086
2645	110	3161	1039	1039
3093	95	1344	1037	1037
984	16	2947	1180	1180
3118	144	892	1052	1052
2769	41	2672	1088	1088
1437	95	3099	1092	1092
1168	5	354	1198	1198
2035	49	595	1070	1070
924	105	1121	1109	1109
1054	110	1154	1067	1067
260	95	136	1231	1231
3327	105	1034	1208	1208
1110	105	409	1085	1085
3289	41	1704	1163	1163
2453	110	2895	1157	1157
1184	118	1859	1081	1081
1755	110	1259	1018	1018
2311	110	3302	1032	1032
121	41	2874	1209	1209
1868	118	1146	1135	1135
2534	69	3250	1089	1089
3279	5	1551	1016	1016
24	62	3283	1002	1002
2484	105	812	1106	1106
563	5	3327	1044	1044
173	33	473	1210	1210
3279	43	3250	1085	1085
466	110	710	1054	1054
723	141	3113	1141	1141
3093	29	2099	1179	1179
1551	84	3250	1238	1238
3224	95	1051	1136	1136
1740	84	676	1183	1183
2052	110	2871	1004	1004
860	110	1265	1038	1038
1276	110	817	1026	1026
2711	106	562	1232	1232
3250	110	2189	1050	1050
2063	110	2645	1177	1177
925	106	595	1014	1014
2333	84	2108	1116	1116
520	139	1487	1190	1190
447	44	2679	1179	1179
1683	105	2465	1050	1050
2058	133	2917	1137	1137
2036	51	290	1043	1043
794	110	62	1016	1016
2842	110	1487	1099	1099
1421	110	3052	1115	1115
3279	106	458	1015	1015
2947	43	293	1113	1113
1814	110	1716	1070	1070
458	82	3279	1228	1228
886	110	1200	1080	1080
3296	20	627	1221	1221
1987	110	201	1036	1036
328	110	1110	1112	1112
2833	41	3035	1183	1183
3264	41	2951	1129	1129
3207	110	3095	1204	1204
1569	118	1085	1052	1052
981	71	3275	1077	1077
3327	105	2947	1054	1054
862	47	984	1059	1059
860	65	924	1131	1131
1486	118	550	1010	1010
2716	29	527	1060	1060
2931	41	261	1106	1106
1193	150	2860	1131	1131
3104	110	3064	1223	1223
241	152	509	1080	1080
981	105	2947	1086	1086
2831	84	1487	1053	1053
734	62	3283	1235	1235
2947	82	1793	1037	1037
1209	110	872	1121	1121
1360	105	3250	1015	1015
3266	84	1667	1151	1151
1102	74	3275	1073	1073
1358	41	984	1066	1066
2947	29	2013	1148	1148
3051	82	939	1111	1111
987	110	293	1099	1099
3275	147	2947	1074	1074
2828	71	1192	1073	1073
860	26	2467	1010	1010
1551	95	2912	1219	1219
301	133	1280	1064	1064
2622	37	3283	1127	1127
758	68	2342	1105	1105
31	41	1912	1090	1090
1872	105	334	1024	1024
2058	133	834	1091	1091
2973	84	2081	1112	1112
3093	95	458	1211	1211
590	62	860	1164	1164
1013	102	563	1127	1127
3276	24	273	1227	1227
984	68	2464	1174	1174
3343	105	1580	1106	1106
301	48	2679	1011	1011
88	105	758	1039	1039
860	118	3327	1085	1085
3279	106	2947	1059	1059
3	71	3276	1190	1190
1768	106	702	1086	1086
1815	110	1258	1015	1015
1397	143	1387	1037	1037
1067	110	1562	1196	1196
3327	110	3153	1138	1138
254	110	1170	1109	1109
1991	110	2756	1101	1101
3343	110	161	1140	1140
1541	143	3069	1199	1199
3342	41	809	1165	1165
1487	5	208	1039	1039
1519	41	1270	1122	1122
1999	110	743	1189	1189
2167	150	631	1063	1063
1487	19	520	1082	1082
333	44	520	1016	1016
1565	64	555	1239	1239
217	44	802	1139	1139
3047	118	3089	1001	1001
2465	95	2126	1168	1168
1009	143	1279	1175	1175
1329	105	2548	1230	1230
3237	110	1392	1223	1223
983	84	3074	1065	1065
1199	71	800	1115	1115
1054	110	458	1137	1137
824	71	2954	1024	1024
984	106	2444	1220	1220
16	44	1213	1106	1106
1299	110	2157	1204	1204
301	41	121	1101	1101
1580	118	3192	1042	1042
3276	82	1846	1097	1097
821	110	1170	1163	1163
2953	105	2352	1100	1100
1113	41	2953	1221	1221
125	110	753	1130	1130
2125	112	2489	1104	1104
2058	98	701	1128	1128
1487	29	2969	1234	1234
1102	95	1692	1095	1095
2679	29	278	1180	1180
2353	110	323	1043	1043
338	150	2372	1064	1064
1311	106	3116	1134	1134
2343	105	1506	1220	1220
3267	95	3058	1120	1120
1733	125	2947	1226	1226
1908	103	1894	1058	1058
2343	77	1683	1202	1202
3276	106	627	1185	1185
686	118	2427	1097	1097
2278	110	3279	1129	1129
2358	110	1199	1178	1178
2974	95	2419	1000	1000
2109	68	3279	1098	1098
850	110	2707	1093	1093
1130	105	296	1070	1070
425	110	2021	1137	1137
458	34	2074	1190	1190
2947	44	1258	1199	1199
3192	95	1115	1217	1217
35	105	332	1103	1103
1788	110	3275	1149	1149
497	44	1156	1141	1141
1983	110	2217	1141	1141
2110	133	29	1225	1225
1139	105	1219	1071	1071
3310	5	2081	1164	1164
2277	14	0	1151	1151
2182	150	2947	1057	1057
2081	106	1497	1218	1218
301	106	2679	1029	1029
712	66	383	1092	1092
2081	62	3283	1166	1166
3279	98	1551	1220	1220
907	29	505	1208	1208
1487	29	2081	1203	1203
1890	118	2163	1107	1107
2722	150	369	1032	1032
2495	105	3275	1077	1077
1576	41	1050	1224	1224
1631	95	2967	1100	1100
2803	119	2226	1073	1073
2212	110	2151	1066	1066
2280	41	2116	1050	1050
119	72	550	1010	1010
1593	110	1102	1017	1017
3146	110	1487	1079	1079
458	41	3346	1152	1152
64	49	550	1200	1200
3327	41	3260	1025	1025
583	109	3192	1146	1146
2461	84	1487	1132	1132
1127	106	572	1206	1206
2041	41	656	1188	1188
860	105	41	1065	1065
1997	110	1903	1234	1234
3404	68	140	1121	1121
3275	118	2423	1159	1159
2343	110	2465	1127	1127
3279	63	3250	1079	1079
3276	127	295	1050	1050
1172	68	1541	1217	1217
2703	122	450	1231	1231
3217	110	3275	1002	1002
2300	110	1206	1037	1037
1683	82	2343	1135	1135
3289	41	2947	1072	1072
2951	44	2713	1058	1058
3089	133	3279	1234	1234
627	68	984	1168	1168
2929	110	2645	1149	1149
837	110	3267	1018	1018
860	41	137	1182	1182
2657	138	948	1080	1080
1767	84	520	1041	1041
860	44	532	1146	1146
2189	110	3250	1045	1045
1690	41	1494	1149	1149
3275	95	328	1221	1221
1199	120	1005	1171	1171
3273	118	3279	1183	1183
2832	68	1179	1195	1195
3228	41	1224	1102	1102
1080	106	1542	1142	1142
3378	71	3054	1201	1201
3275	40	984	1163	1163
2465	94	3093	1136	1136
1147	106	1803	1178	1178
2377	118	157	1142	1142
122	24	1357	1053	1053
924	84	138	1152	1152
1329	16	932	1143	1143
3250	110	641	1084	1084
2730	29	2379	1080	1080
3373	121	1793	1210	1210
860	44	117	1089	1089
1669	133	1148	1169	1169
2679	110	670	1156	1156
2703	41	2762	1206	1206
845	13	784	1078	1078
2465	84	2343	1088	1088
640	116	39	1141	1141
3152	95	2377	1027	1027
520	5	2021	1093	1093
1528	0	3122	1077	1077
2333	44	3279	1087	1087
1102	106	860	1107	1107
2929	110	1193	1102	1102
1881	143	1258	1176	1176
2507	99	2572	1028	1028
3166	106	591	1046	1046
1888	44	3279	1051	1051
3200	152	520	1075	1075
1529	152	3085	1121	1121
1118	32	2947	1233	1233
2947	29	3362	1051	1051
2862	65	3199	1238	1238
726	155	350	1071	1071
1662	41	3151	1023	1023
1424	110	2181	1133	1133
3276	118	2694	1129	1129
1102	118	2931	1106	1106
1564	95	3305	1176	1176
1904	110	2385	1149	1149
2399	110	2947	1133	1133
2465	68	2349	1022	1022
2580	44	256	1068	1068
601	41	1645	1134	1134
1487	29	3357	1123	1123
2212	80	2101	1191	1191
810	132	2057	1233	1233
761	110	3279	1008	1008
2328	152	520	1188	1188
1688	105	1487	1120	1120
2797	62	3283	1153	1153
1564	144	2947	1002	1002
2679	155	734	1112	1112
3276	118	279	1096	1096
3279	95	1661	1123	1123
662	143	800	1134	1134
3279	130	3093	1175	1175
1283	150	520	1177	1177
2835	110	1170	1198	1198
1924	110	1195	1072	1072
2927	41	984	1157	1157
2992	84	1306	1072	1072
1564	155	2556	1088	1088
2058	133	520	1139	1139
2041	41	3135	1156	1156
2478	106	2063	1011	1011
3035	84	1861	1123	1123
860	110	1683	1107	1107
2417	118	2187	1222	1222
505	62	3283	1227	1227
2259	110	1147	1129	1129
1919	44	2617	1055	1055
2912	41	1085	1150	1150
3279	150	1563	1043	1043
1329	110	2574	1204	1204
2679	29	3357	1173	1173
2533	29	584	1010	1010
458	77	2645	1126	1126
3062	118	1892	1193	1193
1562	41	3396	1184	1184
1381	98	2947	1220	1220
391	110	1170	1010	1010
97	110	2004	1029	1029
109	5	339	1212	1212
1013	41	90	1136	1136
685	88	585	1045	1045
2638	71	1105	1148	1148
1487	84	2385	1060	1060
395	71	2206	1018	1018
177	155	509	1084	1084
1975	65	2002	1120	1120
804	130	573	1105	1105
221	110	2687	1070	1070
520	152	283	1145	1145
1288	41	2041	1105	1105
1990	110	2385	1107	1107
44	106	550	1120	1120
1554	95	1487	1090	1090
668	83	2667	1134	1134
1844	143	2382	1081	1081
3152	95	3374	1029	1029
2385	105	1506	1151	1151
3276	105	3279	1008	1008
977	82	981	1175	1175
1848	105	1506	1019	1019
2801	119	2174	1111	1111
3069	68	458	1073	1073
2041	110	2385	1214	1214
796	118	3279	1024	1024
1170	138	520	1215	1215
179	0	1548	1015	1015
1382	94	3275	1012	1012
458	42	767	1080	1080
1099	105	41	1066	1066
2108	84	3250	1009	1009
1981	110	1564	1204	1204
548	106	1194	1051	1051
1295	41	2878	1078	1078
2125	41	2343	1043	1043
1369	84	2929	1152	1152
2506	106	491	1222	1222
1748	5	875	1039	1039
2913	41	1793	1184	1184
1331	110	1551	1072	1072
836	41	322	1149	1149
1426	110	2186	1235	1235
2634	110	260	1083	1083
478	62	3283	1116	1116
1170	133	520	1056	1056
1502	5	2707	1198	1198
863	110	409	1199	1199
1707	82	1662	1039	1039
2975	154	565	1055	1055
94	110	1085	1100	1100
1793	82	2947	1037	1037
1866	118	670	1189	1189
591	84	777	1010	1010
3378	41	1311	1100	1100
2041	41	2254	1188	1188
2228	102	941	1226	1226
473	152	39	1119	1119
479	32	348	1127	1127
2794	115	3283	1065	1065
300	133	2651	1026	1026
2501	78	981	1193	1193
2507	143	1060	1232	1232
573	41	1369	1206	1206
2414	150	2448	1079	1079
129	44	2947	1035	1035
534	152	2690	1234	1234
821	102	1487	1098	1098
1436	68	458	1229	1229
2974	29	565	1197	1197
52	41	1126	1041	1041
3327	110	2297	1185	1185
3011	49	648	1015	1015
2748	106	501	1110	1110
2947	71	3093	1172	1172
2465	49	3279	1136	1136
821	110	1170	1219	1219
1293	118	1631	1117	1117
1576	118	3302	1024	1024
560	106	984	1163	1163
2126	84	3069	1214	1214
200	152	3386	1108	1108
3093	84	2465	1006	1006
91	41	3327	1134	1134
520	117	3200	1157	1157
957	68	355	1036	1036
2755	82	458	1138	1138
198	59	2187	1114	1114
2965	110	2385	1209	1209
1842	82	3093	1147	1147
2126	84	1487	1238	1238
1904	106	1506	1051	1051
1563	150	2947	1139	1139
2931	95	1106	1059	1059
3344	71	3177	1169	1169
2043	17	1557	1214	1214
260	95	1873	1087	1087
2463	120	1170	1202	1202
2277	110	2617	1175	1175
391	71	1000	1155	1155
2852	110	668	1149	1149
1755	109	2071	1139	1139
2679	101	1487	1193	1193
2538	106	592	1087	1087
1311	95	3378	1103	1103
479	11	2540	1079	1079
267	41	3163	1030	1030
2639	41	3343	1090	1090
3153	5	1551	1144	1144
1085	105	2338	1079	1079
924	110	99	1149	1149
339	106	550	1186	1186
3279	106	1683	1200	1200
3026	150	2169	1222	1222
1833	15	3269	1120	1120
480	44	2111	1107	1107
1933	110	1212	1011	1011
591	106	830	1159	1159
1487	84	138	1104	1104
1614	143	1487	1060	1060
2284	5	1745	1157	1157
2336	84	3279	1070	1070
1102	73	1560	1112	1112
2615	41	431	1084	1084
2600	73	524	1108	1108
2679	44	2058	1091	1091
3217	110	1837	1195	1195
972	44	984	1235	1235
1064	144	11	1089	1089
28	32	583	1181	1181
2058	138	2781	1004	1004
3320	44	1487	1167	1167
2836	44	2041	1064	1064
1551	29	591	1030	1030
1823	118	682	1078	1078
1417	143	345	1129	1129
3323	105	3279	1157	1157
907	68	458	1181	1181
1382	65	3327	1078	1078
3343	143	1060	1232	1232
1099	110	3327	1153	1153
3250	110	3279	1213	1213
1573	105	2067	1158	1158
1912	44	301	1143	1143
2947	118	3093	1008	1008
3033	41	2947	1032	1032
3035	77	2745	1095	1095
1722	106	584	1072	1072
2169	155	1564	1129	1129
587	155	2730	1232	1232
1861	41	977	1079	1079
2720	29	3028	1099	1099
2548	41	3293	1220	1220
3199	110	776	1190	1190
131	106	282	1116	1116
2343	77	1683	1151	1151
2328	152	932	1180	1180
2615	41	3378	1171	1171
523	62	1172	1109	1109
701	133	520	1135	1135
1548	118	2502	1179	1179
1680	105	458	1106	1106
537	62	3283	1112	1112
355	110	1487	1236	1236
1892	44	520	1145	1145
3119	84	3161	1087	1087
2301	84	3163	1099	1099
1439	110	1121	1081	1081
2674	150	1067	1075	1075
758	95	88	1041	1041
3369	110	2269	1064	1064
1847	44	3275	1101	1101
2692	102	539	1040	1040
1329	126	932	1174	1174
2167	29	3062	1231	1231
130	84	570	1062	1062
3250	150	3153	1064	1064
307	5	1906	1071	1071
3192	29	583	1156	1156
502	44	2252	1089	1089
2636	110	3378	1193	1193
101	110	1551	1170	1170
2979	41	393	1196	1196
1858	71	2937	1092	1092
3383	110	3279	1035	1035
959	143	1626	1064	1064
3042	41	1646	1095	1095
2018	110	911	1074	1074
1683	110	1197	1114	1114
859	110	1213	1060	1060
2912	41	2855	1098	1098
2722	29	751	1007	1007
37	110	2569	1238	1238
3279	77	3093	1173	1173
837	110	2947	1043	1043
2807	62	3283	1088	1088
2656	5	441	1017	1017
2030	76	301	1020	1020
983	41	675	1180	1180
3097	29	509	1094	1094
3216	130	1906	1234	1234
2548	41	3289	1043	1043
2679	29	63	1210	1210
769	84	130	1158	1158
2262	108	350	1035	1035
520	44	208	1005	1005
1218	5	2947	1187	1187
2947	68	1551	1092	1092
2679	96	24	1150	1150
3250	116	1554	1154	1154
1253	5	1486	1141	1141
290	110	280	1108	1108
1189	95	2862	1061	1061
2221	29	1012	1018	1018
670	41	2030	1081	1081
528	60	2191	1154	1154
28	48	1213	1039	1039
3000	110	2881	1023	1023
79	110	3279	1128	1128
3048	84	3378	1158	1158
2515	84	2679	1025	1025
1782	110	1573	1189	1189
2385	144	301	1206	1206
689	29	498	1230	1230
3089	121	3192	1019	1019
1410	110	120	1051	1051
1626	143	2906	1050	1050
355	5	520	1184	1184
881	84	2765	1098	1098
3279	130	2947	1029	1029
296	95	131	1080	1080
3250	110	2629	1040	1040
2786	110	3302	1182	1182
3261	34	453	1133	1133
2831	44	301	1199	1199
902	110	2289	1195	1195
734	152	520	1203	1203
528	14	3061	1073	1073
3266	110	1667	1169	1169
242	155	520	1120	1120
904	41	2784	1144	1144
2947	105	2465	1142	1142
590	109	3275	1096	1096
92	84	984	1192	1192
950	77	1670	1136	1136
749	117	572	1099	1099
3279	49	99	1185	1185
1990	110	2167	1204	1204
3032	105	3095	1022	1022
3228	84	161	1200	1200
1353	146	2556	1035	1035
2679	5	520	1068	1068
1487	106	520	1205	1205
2604	110	96	1070	1070
1085	5	2994	1086	1086
1121	143	3097	1219	1219
520	44	670	1028	1028
860	95	1906	1052	1052
1487	84	301	1078	1078
1487	110	425	1058	1058
860	16	2947	1179	1179
1112	110	3275	1026	1026
3216	44	1906	1052	1052
1551	44	1102	1001	1001
1786	29	2189	1130	1130
204	41	2201	1144	1144
597	110	1151	1231	1231
1564	77	169	1194	1194
2947	43	458	1150	1150
3327	41	2862	1094	1094
1551	66	523	1013	1013
2221	151	2797	1075	1075
3279	41	1325	1093	1093
1507	110	260	1238	1238
242	152	520	1092	1092
860	41	2988	1236	1236
1776	7	87	1145	1145
1215	47	3153	1025	1025
1445	120	1487	1231	1231
391	44	301	1076	1076
409	128	1085	1086	1086
114	5	1626	1205	1205
1925	41	2872	1193	1193
1055	84	500	1219	1219
520	117	24	1065	1065
980	121	1881	1135	1135
267	143	1118	1039	1039
2353	41	339	1177	1177
69	118	2574	1073	1073
2340	49	2873	1214	1214
1888	110	3276	1050	1050
622	112	155	1086	1086
2535	73	2129	1048	1048
2947	150	3275	1025	1025
520	91	2515	1021	1021
1163	84	1811	1056	1056
2433	105	3061	1099	1099
2277	110	2515	1195	1195
1083	110	1219	1185	1185
1897	62	2343	1093	1093
301	110	1487	1140	1140
670	29	1585	1042	1042
3379	110	1154	1150	1150
2187	154	3187	1231	1231
409	84	2630	1098	1098
559	74	225	1235	1235
40	71	1192	1128	1128
1146	61	161	1088	1088
734	144	2961	1161	1161
17	71	975	1176	1176
2679	155	520	1159	1159
334	82	2496	1140	1140
2315	110	2191	1028	1028
572	44	749	1196	1196
1764	5	732	1015	1015
2679	110	892	1137	1137
1564	67	3153	1103	1103
1448	110	353	1198	1198
143	36	3283	1081	1081
2656	5	3223	1010	1010
3279	41	3034	1031	1031
210	5	68	1074	1074
3165	61	1580	1225	1225
1985	84	334	1188	1188
2877	44	564	1192	1192
2187	150	2151	1009	1009
2192	122	593	1224	1224
462	118	1683	1087	1087
2270	143	2336	1188	1188
2173	150	3153	1015	1015
3161	120	297	1058	1058
3267	41	984	1151	1151
2108	110	2189	1168	1168
88	110	3260	1215	1215
458	49	2465	1141	1141
1081	110	2645	1090	1090
1556	41	1819	1060	1060
1902	105	334	1191	1191
490	5	3023	1139	1139
209	110	1170	1209	1209
337	110	1102	1158	1158
2126	5	458	1031	1031
1382	110	2465	1150	1150
520	63	1969	1110	1110
2282	110	1177	1130	1130
2924	102	2947	1106	1106
989	150	633	1102	1102
3250	29	2876	1223	1223
3298	16	83	1036	1036
3179	5	2462	1053	1053
520	108	2058	1105	1105
1901	105	1551	1131	1131
1612	105	1564	1233	1233
3344	84	2835	1159	1159
3208	41	2438	1093	1093
1551	95	2912	1220	1220
3151	143	3279	1128	1128
3276	110	1113	1179	1179
2707	150	2645	1014	1014
2965	105	301	1145	1145
2947	50	3267	1030	1030
2590	41	1360	1101	1101
3172	105	1438	1081	1081
1596	106	3275	1103	1103
3362	155	97	1039	1039
984	44	269	1128	1128
791	41	2336	1166	1166
1390	84	2515	1000	1000
2912	84	1293	1218	1218
2857	106	520	1176	1176
2114	106	499	1148	1148
1683	112	3061	1132	1132
2256	5	39	1020	1020
4	41	2336	1063	1063
2947	118	1143	1168	1168
3036	84	2566	1114	1114
1740	41	3234	1204	1204
458	82	2947	1161	1161
1999	110	2703	1205	1205
1547	71	1146	1141	1141
2323	118	1604	1018	1018
3279	68	2645	1067	1067
1733	130	531	1086	1086
3097	41	1701	1178	1178
860	72	3302	1044	1044
3250	41	3327	1093	1093
3279	148	1220	1140	1140
2351	105	1506	1234	1234
2532	110	1484	1156	1156
208	5	1170	1041	1041
340	82	984	1011	1011
1251	5	1177	1207	1207
2635	106	307	1199	1199
934	37	1400	1078	1078
431	120	490	1239	1239
861	105	1487	1053	1053
17	105	2630	1100	1100
860	44	458	1179	1179
69	110	2385	1006	1006
2277	106	520	1179	1179
2150	152	3267	1130	1130
2189	150	638	1032	1032
302	110	1170	1073	1073
2617	62	3283	1038	1038
457	29	496	1148	1148
2707	150	559	1040	1040
1727	110	3093	1214	1214
1897	65	3393	1051	1051
1794	41	860	1161	1161
2673	29	2410	1094	1094
1121	41	1580	1164	1164
3166	110	2947	1238	1238
670	110	3118	1088	1088
521	38	2680	1133	1133
1857	110	2289	1155	1155
2079	11	3279	1151	1151
1824	105	340	1079	1079
1990	41	1969	1146	1146
1017	44	1577	1179	1179
765	108	3089	1049	1049
2512	73	2867	1121	1121
276	41	2327	1064	1064
2528	29	563	1197	1197
984	144	199	1164	1164
2132	152	473	1046	1046
3102	41	1229	1024	1024
452	152	2708	1089	1089
2707	29	2094	1133	1133
513	84	2885	1108	1108
2126	105	2343	1163	1163
322	65	98	1086	1086
3408	95	925	1001	1001
2679	138	1740	1092	1092
3033	71	1094	1096	1096
2420	110	2626	1192	1192
665	109	2862	1190	1190
458	118	1906	1219	1219
670	150	301	1157	1157
3275	95	1269	1050	1050
1064	110	353	1143	1143
1704	95	2862	1175	1175
3256	84	1733	1156	1156
2679	110	2058	1109	1109
1662	65	2473	1106	1106
3267	118	295	1179	1179
300	143	1957	1177	1177
2058	138	520	1119	1119
2343	71	1683	1146	1146
2679	114	1487	1103	1103
1329	130	301	1063	1063
2546	29	2095	1234	1234
563	72	2947	1078	1078
3386	118	2249	1186	1186
3061	110	1580	1121	1121
532	152	1411	1076	1076
1904	110	2334	1130	1130
838	118	2652	1016	1016
3279	5	1551	1102	1102
3263	82	670	1151	1151
231	105	2548	1238	1238
419	110	2748	1121	1121
67	105	2167	1122	1122
3275	68	2513	1220	1220
1990	5	301	1215	1215
1293	110	1551	1051	1051
301	106	932	1159	1159
910	84	3066	1014	1014
1004	110	1196	1043	1043
1235	144	2465	1162	1162
3279	77	3093	1193	1193
2507	41	3341	1106	1106
2113	84	776	1035	1035
1714	16	618	1141	1141
924	70	1325	1035	1035
2353	109	223	1170	1170
2749	5	198	1146	1146
3206	41	3031	1007	1007
977	68	3151	1049	1049
171	150	2239	1130	1130
3166	150	767	1217	1217
3129	110	1487	1052	1052
1524	133	45	1026	1026
510	62	1813	1150	1150
1329	106	1170	1086	1086
710	84	257	1108	1108
2947	84	3089	1205	1205
670	106	391	1233	1233
984	82	267	1127	1127
763	106	520	1214	1214
562	62	3283	1028	1028
884	118	3275	1105	1105
1487	95	1074	1225	1225
491	44	1759	1172	1172
1580	41	3279	1120	1120
670	48	913	1101	1101
1871	41	471	1206	1206
3224	118	2423	1157	1157
2288	84	2889	1176	1176
1825	118	1186	1014	1014
1153	61	409	1203	1203
2437	105	2908	1024	1024
39	150	2152	1077	1077
1933	110	3272	1207	1207
2621	62	2548	1229	1229
3034	110	3279	1093	1093
1782	110	1573	1074	1074
3166	150	2217	1031	1031
2678	39	1438	1138	1138
1740	5	520	1034	1034
773	108	315	1208	1208
2385	77	3357	1237	1237
1242	41	3071	1035	1035
1118	10	2947	1142	1142
3250	84	2947	1056	1056
2732	150	3275	1233	1233
91	41	3344	1097	1097
273	5	2824	1011	1011
1882	106	1203	1017	1017
3166	38	39	1104	1104
1821	41	3061	1021	1021
116	110	1000	1095	1095
325	102	1969	1113	1113
1261	110	2991	1118	1118
3327	84	924	1137	1137
41	68	3279	1049	1049
1487	95	1105	1079	1079
611	106	5	1171	1171
1487	29	442	1131	1131
458	121	3296	1185	1185
447	152	2201	1228	1228
2644	77	559	1060	1060
2699	110	741	1057	1057
1407	110	1103	1058	1058
933	48	18	1028	1028
126	133	860	1200	1200
1219	94	334	1121	1121
1690	41	329	1204	1204
1580	105	2947	1228	1228
853	110	3250	1078	1078
860	110	1643	1160	1160
2485	44	3360	1191	1191
1849	106	1147	1048	1048
2548	41	39	1076	1076
2703	29	3360	1148	1148
2886	110	430	1210	1210
2679	29	1675	1082	1082
520	62	355	1147	1147
3279	68	99	1082	1082
3260	109	594	1221	1221
1556	37	2469	1004	1004
300	110	1565	1149	1149
2376	41	1731	1093	1093
2438	118	667	1226	1226
860	44	1643	1178	1178
734	117	520	1053	1053
1070	105	458	1025	1025
3276	105	2447	1141	1141
2328	152	520	1109	1109
1485	41	2548	1192	1192
2704	110	3279	1097	1097
1002	42	356	1211	1211
458	71	860	1135	1135
907	73	505	1232	1232
3033	71	1100	1081	1081
3224	105	1580	1146	1146
2493	110	2578	1098	1098
978	95	3033	1066	1066
1888	110	1600	1122	1122
1487	41	2947	1155	1155
947	143	1509	1037	1037
484	133	986	1077	1077
479	32	2428	1121	1121
1740	110	301	1186	1186
1487	68	3020	1113	1113
1939	110	658	1188	1188
2824	84	666	1095	1095
1551	84	2947	1235	1235
2912	84	3254	1095	1095
352	68	1102	1009	1009
1212	108	1551	1218	1218
2194	41	129	1126	1126
3146	72	3061	1088	1088
3327	96	563	1003	1003
3075	105	3030	1229	1229
3279	95	2473	1018	1018
3400	110	1531	1199	1199
1794	118	1683	1160	1160
3297	110	3011	1093	1093
3095	143	260	1075	1075
3222	105	2465	1199	1199
2801	62	3283	1112	1112
1968	41	82	1072	1072
2679	110	734	1210	1210
1770	138	526	1063	1063
208	110	1892	1204	1204
1085	110	984	1081	1081
458	110	1101	1226	1226
491	11	409	1218	1218
1309	143	2263	1227	1227
1937	105	1102	1046	1046
924	105	3097	1206	1206
2947	42	2465	1034	1034
3291	84	3093	1206	1206
635	152	3153	1213	1213
2807	119	1565	1015	1015
3010	41	1496	1100	1100
3343	71	311	1141	1141
3166	112	2878	1013	1013
355	41	391	1190	1190
485	106	1150	1115	1115
98	84	2273	1044	1044
2674	29	511	1031	1031
2054	110	857	1095	1095
962	77	2797	1105	1105
2807	62	3283	1133	1133
590	44	2987	1058	1058
3343	110	260	1066	1066
1717	138	734	1044	1044
3172	105	1613	1175	1175
1120	105	334	1115	1115
2679	117	447	1171	1171
3409	118	340	1162	1162
520	0	2679	1088	1088
2668	29	3153	1055	1055
575	152	2720	1083	1083
1131	41	2560	1155	1155
2674	138	1327	1095	1095
2974	71	907	1108	1108
41	5	458	1039	1039
2947	131	97	1150	1150
2792	62	2674	1026	1026
2679	114	1487	1047	1047
3152	121	407	1073	1073
900	110	892	1225	1225
2947	68	2548	1225	1225
1102	143	1121	1127	1127
1740	5	2026	1182	1182
986	105	761	1115	1115
2153	152	3250	1031	1031
2082	147	2680	1126	1126
1580	77	458	1006	1006
1102	68	99	1086	1086
1034	82	1121	1174	1174
1099	105	161	1042	1042
2277	5	670	1145	1145
3153	67	555	1116	1116
313	141	2874	1224	1224
2187	110	1989	1224	1224
1254	41	2707	1085	1085
3269	105	3264	1191	1191
1487	68	3089	1121	1121
3161	143	2651	1211	1211
279	95	3260	1117	1117
3279	110	2189	1037	1037
1096	108	2947	1225	1225
3378	65	138	1076	1076
2644	110	2527	1151	1151
3273	41	3254	1010	1010
3327	112	860	1204	1204
1345	110	2289	1183	1183
2929	105	458	1105	1105
116	16	2835	1200	1200
3279	139	721	1072	1072
1558	38	559	1214	1214
599	110	458	1023	1023
629	152	2178	1209	1209
1701	73	2940	1149	1149
391	110	670	1235	1235
331	95	458	1098	1098
2947	48	3260	1214	1214
447	106	2058	1130	1130
1487	106	3276	1039	1039
1551	82	1487	1047	1047
3250	68	203	1017	1017
1580	105	3030	1014	1014
769	40	1102	1098	1098
427	110	1161	1158	1158
2842	118	1740	1039	1039
3093	68	2465	1034	1034
294	110	3250	1077	1077
3093	95	1576	1175	1175
2724	110	3192	1045	1045
2628	5	743	1123	1123
2633	105	3302	1145	1145
1893	44	2282	1117	1117
546	133	1348	1223	1223
344	143	3373	1234	1234
774	105	1564	1176	1176
1393	77	564	1134	1134
2053	150	590	1192	1192
3216	5	2988	1052	1052
2508	64	891	1133	1133
1248	110	1166	1217	1217
860	144	2947	1034	1034
1755	110	2375	1157	1157
2081	5	2679	1202	1202
39	110	640	1130	1130
1902	105	3275	1091	1091
1487	95	1332	1013	1013
1436	105	1557	1232	1232
1563	144	3095	1117	1117
634	118	1551	1071	1071
3327	41	2453	1142	1142
860	144	984	1142	1142
2353	94	2951	1077	1077
2894	41	1301	1114	1114
1551	68	1554	1035	1035
1911	122	1482	1229	1229
2831	7	2385	1116	1116
458	135	3279	1177	1177
387	44	2158	1213	1213
2679	114	1487	1113	1113
2217	150	3166	1022	1022
3327	41	836	1127	1127
1700	137	1554	1089	1089
1875	41	670	1063	1063
2119	95	405	1042	1042
1487	92	544	1145	1145
1053	110	457	1031	1031
724	117	3043	1220	1220
3319	118	2458	1070	1070
3348	16	3272	1211	1211
458	44	1375	1211	1211
3276	105	2927	1196	1196
2721	70	1785	1009	1009
2382	95	925	1018	1018
3097	110	400	1106	1106
1382	41	2336	1079	1079
2189	150	2187	1043	1043
3308	105	1121	1184	1184
2595	49	3072	1067	1067
2433	71	795	1024	1024
2377	106	3180	1180	1180
1382	84	2465	1068	1068
1458	24	1154	1192	1192
1859	84	1498	1071	1071
1917	5	1170	1076	1076
2655	151	2453	1105	1105
2548	110	2553	1050	1050
3069	82	3093	1195	1195
2842	72	892	1001	1001
3378	71	1274	1089	1089
511	152	2223	1049	1049
2870	95	1358	1044	1044
3411	105	458	1176	1176
837	110	2947	1081	1081
2462	118	1706	1058	1058
208	110	2836	1037	1037
2929	144	559	1219	1219
3279	130	506	1010	1010
1331	84	1487	1044	1044
1990	110	892	1007	1007
209	106	913	1113	1113
1220	5	2122	1077	1077
860	110	328	1192	1192
2929	105	1438	1103	1103
2796	119	2678	1007	1007
1564	49	229	1058	1058
2041	110	3297	1086	1086
3199	110	2987	1019	1019
1346	110	1907	1043	1043
1016	112	2333	1134	1134
2916	24	2947	1170	1170
2679	29	932	1038	1038
2679	29	1497	1023	1023
194	152	2171	1153	1153
458	143	3279	1143	1143
2845	106	3157	1114	1114
2974	77	2497	1165	1165
1991	110	2680	1194	1194
638	154	2947	1037	1037
2454	71	2458	1144	1144
2947	110	860	1162	1162
960	41	376	1072	1072
1191	69	2696	1202	1202
821	95	300	1016	1016
2831	110	2385	1218	1218
2824	68	1551	1169	1169
1892	72	520	1098	1098
1212	29	623	1147	1147
2814	119	2738	1212	1212
3273	128	2824	1012	1012
1791	110	3340	1022	1022
1209	153	3028	1154	1154
1084	95	1066	1128	1128
1557	95	1550	1136	1136
1487	41	2549	1230	1230
978	88	817	1037	1037
520	84	325	1157	1157
860	71	3327	1142	1142
3267	68	3279	1025	1025
2679	150	701	1028	1028
520	152	2385	1103	1103
436	49	520	1199	1199
1091	41	1067	1050	1050
1015	29	487	1023	1023
1024	67	3153	1043	1043
2931	95	1098	1088	1088
1212	34	2811	1205	1205
907	34	505	1208	1208
2993	41	413	1191	1191
3276	118	1370	1178	1178
3172	110	1580	1104	1104
1906	95	924	1121	1121
2704	102	554	1196	1196
670	110	2385	1171	1171
3267	84	1121	1095	1095
1130	84	2651	1145	1145
3327	84	2465	1163	1163
835	106	149	1198	1198
1682	71	1382	1137	1137
1841	89	377	1035	1035
2988	41	1420	1236	1236
2353	77	420	1039	1039
814	110	2947	1217	1217
3386	5	594	1215	1215
138	71	2614	1179	1179
2707	150	3188	1071	1071
2224	41	2807	1137	1137
1219	40	1102	1144	1144
458	41	2	1074	1074
2168	150	524	1132	1132
2862	110	3153	1108	1108
2465	71	860	1145	1145
288	74	2947	1127	1127
1861	105	3279	1133	1133
555	155	2180	1032	1032
2947	118	3166	1100	1100
2827	84	3097	1136	1136
3279	150	293	1100	1100
1856	110	300	1220	1220
2679	141	447	1082	1082
734	152	520	1118	1118
1826	106	2060	1051	1051
391	110	1170	1230	1230
458	41	2947	1152	1152
2657	29	482	1023	1023
860	44	2465	1031	1031
2736	138	2666	1030	1030
1274	110	848	1032	1032
3250	95	1113	1137	1137
2679	155	520	1033	1033
2623	37	3283	1117	1117
264	143	2909	1044	1044
2875	110	1196	1182	1182
411	68	458	1022	1022
2465	56	3279	1192	1192
3374	110	1213	1183	1183
2679	141	447	1183	1183
2491	144	1300	1105	1105
2473	95	3327	1223	1223
2353	41	316	1042	1042
2385	71	1646	1130	1130
3380	110	62	1112	1112
2155	150	3166	1221	1221
1855	150	991	1135	1135
1522	110	2953	1018	1018
1731	112	3192	1093	1093
1170	102	1487	1197	1197
3279	144	1212	1100	1100
2524	5	181	1112	1112
3085	34	2097	1036	1036
2508	29	2906	1189	1189
1849	44	479	1163	1163
2953	72	1654	1070	1070
2297	122	2947	1052	1052
3327	41	2929	1218	1218
296	41	1874	1155	1155
1262	107	2036	1073	1073
726	152	2218	1037	1037
212	110	3295	1111	1111
1158	110	810	1182	1182
1687	41	3093	1116	1116
3250	29	1602	1039	1039
2343	106	458	1090	1090
210	85	1487	1187	1187
1800	85	3161	1074	1074
1170	108	447	1136	1136
3327	143	2638	1183	1183
572	84	3089	1204	1204
391	110	2167	1201	1201
2217	150	640	1225	1225
2032	110	77	1212	1212
2679	150	520	1182	1182
3327	112	2862	1010	1010
2543	29	526	1199	1199
1640	71	2498	1218	1218
1850	118	1906	1233	1233
2389	32	617	1086	1086
585	106	1551	1011	1011
3279	61	3093	1060	1060
2377	44	301	1088	1088
1475	82	978	1236	1236
260	138	479	1100	1100
1946	110	758	1108	1108
280	153	479	1112	1112
907	44	1564	1003	1003
984	44	629	1060	1060
2847	110	2650	1048	1048
1605	118	1883	1185	1185
23	62	2667	1218	1218
2353	41	1075	1128	1128
3376	110	984	1024	1024
606	139	2185	1048	1048
3069	71	2107	1208	1208
736	152	2685	1011	1011
3152	95	860	1031	1031
520	84	1487	1171	1171
3282	44	1551	1071	1071
3289	41	3250	1119	1119
1778	68	2064	1134	1134
1036	102	447	1145	1145
3279	121	3074	1108	1108
1329	110	1487	1052	1052
701	49	913	1116	1116
2438	108	1544	1100	1100
3275	150	3279	1104	1104
2277	62	3283	1185	1185
862	41	1846	1196	1196
2027	128	3152	1029	1029
3276	106	1566	1019	1019
924	110	1102	1052	1052
1170	29	520	1052	1052
267	82	1733	1203	1203
3201	141	449	1018	1018
3261	68	2308	1225	1225
2167	155	520	1028	1028
2947	106	3279	1087	1087
1565	155	451	1142	1142
2465	95	2126	1219	1219
489	37	3283	1135	1135
1605	112	1016	1156	1156
2674	102	1121	1199	1199
2444	5	591	1141	1141
260	110	2259	1132	1132
860	143	3093	1088	1088
3033	105	41	1071	1071
3279	44	3276	1165	1165
1272	84	3250	1038	1038
127	105	301	1109	1109
701	29	520	1137	1137
1412	150	1399	1038	1038
3302	143	2341	1092	1092
459	41	3383	1226	1226
2831	41	2595	1226	1226
131	110	340	1194	1194
1252	118	1187	1156	1156
2679	29	3357	1170	1170
2081	115	1487	1221	1221
1596	133	590	1099	1099
1689	118	3319	1017	1017
2794	119	2676	1072	1072
2509	5	1590	1126	1126
590	144	923	1197	1197
2011	110	3250	1020	1020
900	110	1170	1003	1003
2977	95	1323	1067	1067
301	82	3392	1098	1098
924	110	1102	1070	1070
1291	41	870	1046	1046
301	62	3283	1083	1083
1185	143	42	1094	1094
1551	41	2947	1105	1105
1888	41	2385	1041	1041
24	62	3283	1003	1003
2743	133	520	1160	1160
3279	95	3061	1137	1137
300	41	112	1058	1058
1765	29	113	1044	1044
502	62	3283	1120	1120
2603	106	1906	1172	1172
1553	130	1955	1237	1237
228	105	1906	1075	1075
1961	112	1110	1161	1161
3385	39	1444	1182	1182
528	62	3283	1222	1222
458	143	3279	1112	1112
1580	82	3302	1025	1025
301	5	391	1127	1127
2274	105	1011	1016	1016
2679	106	1170	1139	1139
1722	106	1214	1008	1008
1242	105	3069	1147	1147
2809	62	2712	1027	1027
555	62	3283	1101	1101
2842	41	701	1188	1188
2465	110	2530	1136	1136
1982	41	1951	1187	1187
3048	84	987	1129	1129
2204	150	533	1239	1239
3032	41	1567	1211	1211
2840	84	1487	1133	1133
1293	110	2862	1094	1094
2197	16	505	1039	1039
2298	102	569	1129	1129
2465	41	3093	1009	1009
487	62	3283	1104	1104
2377	71	2840	1057	1057
1886	41	2312	1203	1203
1481	41	924	1148	1148
231	84	1487	1231	1231
2680	29	521	1114	1114
2975	150	2974	1030	1030
336	106	592	1140	1140
2056	44	487	1036	1036
1102	95	2442	1079	1079
1121	41	3275	1139	1139
2656	39	2071	1192	1192
1034	143	3279	1128	1128
615	84	2465	1169	1169
3077	110	3078	1028	1028
1626	108	496	1126	1126
273	44	3085	1100	1100
1447	110	458	1108	1108
1085	106	1218	1072	1072
3385	29	200	1106	1106
1089	105	1506	1056	1056
2656	155	2071	1027	1027
2664	72	1492	1164	1164
2430	44	1177	1208	1208
520	106	2679	1039	1039
1000	62	2679	1171	1171
98	143	1134	1164	1164
1487	95	3064	1064	1064
1922	41	2310	1111	1111
1102	41	1121	1112	1112
3302	82	767	1213	1213
895	110	246	1050	1050
2831	84	1487	1077	1077
1135	110	1147	1036	1036
2468	41	3005	1049	1049
2512	29	412	1083	1083
2679	39	1487	1065	1065
767	41	1662	1058	1058
1709	5	1711	1197	1197
3275	106	776	1051	1051
2947	95	2850	1217	1217
2947	138	1451	1026	1026
2456	41	1613	1059	1059
550	5	14	1206	1206
1580	143	457	1159	1159
530	152	2687	1149	1149
200	155	2974	1184	1184
121	110	2385	1189	1189
752	110	2724	1143	1143
391	110	1487	1227	1227
2187	150	185	1184	1184
647	110	3004	1212	1212
1099	41	3166	1209	1209
140	84	1362	1205	1205
1487	42	458	1103	1103
30	5	719	1206	1206
3033	65	922	1101	1101
3389	105	1580	1051	1051
3295	110	932	1141	1141
3250	150	2245	1024	1024
2679	29	1675	1150	1150
1316	143	3033	1141	1141
1645	84	1302	1207	1207
2353	84	550	1098	1098
1855	67	166	1088	1088
507	118	984	1193	1193
3213	110	2969	1021	1021
2700	29	519	1112	1112
2465	133	2126	1163	1163
3069	29	2096	1026	1026
511	109	1477	1100	1100
3033	105	295	1148	1148
3250	29	2153	1144	1144
2905	110	1888	1015	1015
1209	110	412	1021	1021
764	77	2947	1116	1116
1542	29	2147	1093	1093
2644	29	3361	1027	1027
3161	85	1277	1213	1213
3253	150	2153	1031	1031
1121	41	458	1202	1202
502	44	767	1194	1194
471	41	3018	1163	1163
2277	128	69	1122	1122
1029	68	370	1148	1148
520	62	3283	1190	1190
3221	105	1487	1180	1180
2473	82	860	1015	1015
1264	109	1118	1143	1143
146	143	2659	1186	1186
391	84	2385	1215	1215
2279	110	2309	1063	1063
140	110	2565	1103	1103
520	106	2058	1198	1198
1567	71	3086	1153	1153
860	41	3061	1162	1162
2376	68	3192	1051	1051
173	152	473	1022	1022
152	128	1265	1144	1144
695	29	491	1036	1036
2465	95	646	1109	1109
520	5	734	1029	1029
549	51	773	1163	1163
3085	95	1292	1213	1213
2465	84	3279	1058	1058
3260	41	88	1015	1015
363	105	2947	1080	1080
301	55	2201	1238	1238
2679	77	520	1140	1140
1487	29	3081	1169	1169
1547	44	1145	1169	1169
768	106	1776	1200	1200
1487	105	1643	1053	1053
3061	77	860	1115	1115
2734	114	3289	1118	1118
2657	29	482	1092	1092
2343	41	1683	1123	1123
3180	133	121	1130	1130
1073	110	3279	1107	1107
1070	84	2508	1226	1226
2947	77	3279	1196	1196
2436	41	976	1019	1019
267	41	203	1207	1207
1345	41	2126	1213	1213
3279	71	2465	1107	1107
1505	110	1755	1023	1023
3199	110	258	1105	1105
2056	110	1872	1032	1032
1098	110	3275	1182	1182
2385	110	301	1226	1226
758	109	981	1122	1122
2947	89	3250	1092	1092
715	110	1209	1081	1081
3279	95	1078	1217	1217
3327	41	1362	1198	1198
484	62	3283	1050	1050
3275	95	3117	1106	1106
1431	41	1294	1028	1028
2385	95	2343	1190	1190
1417	19	3404	1220	1220
3234	110	1487	1047	1047
2333	144	1541	1111	1111
2277	110	892	1100	1100
984	44	3279	1217	1217
860	41	3327	1234	1234
425	102	520	1219	1219
1301	110	260	1124	1124
1598	65	2705	1043	1043
800	44	559	1195	1195
3199	84	765	1239	1239
1666	71	2613	1029	1029
712	29	569	1100	1100
3258	43	3386	1183	1183
2353	71	860	1119	1119
288	118	2198	1212	1212
2187	110	3153	1105	1105
1690	71	1365	1043	1043
17	89	832	1223	1223
520	84	1487	1236	1236
1910	110	932	1229	1229
1952	44	1151	1170	1170
1717	62	3283	1032	1032
2947	95	3279	1213	1213
2947	44	2209	1223	1223
860	68	3378	1135	1135
300	41	1306	1164	1164
862	105	3254	1114	1114
1774	110	2397	1008	1008
821	106	355	1114	1114
2175	149	541	1100	1100
3273	84	1382	1060	1060
1255	110	1683	1071	1071
2857	52	2831	1108	1108
520	5	3391	1156	1156
2947	95	3327	1064	1064
1906	110	1506	1074	1074
2974	95	2823	1046	1046
2353	29	743	1052	1052
72	110	2232	1027	1027
3130	77	978	1095	1095
1367	49	1205	1035	1035
1000	119	1170	1163	1163
812	84	458	1176	1176
1753	106	1140	1170	1170
2216	110	2231	1015	1015
1783	110	1684	1219	1219
2703	151	2805	1107	1107
174	152	482	1203	1203
1588	41	131	1044	1044
1551	135	860	1196	1196
328	84	1016	1119	1119
1099	44	1617	1051	1051
2299	110	2228	1054	1054
2387	84	922	1060	1060
2947	84	563	1233	1233
854	29	747	1205	1205
1660	105	1253	1056	1056
2910	110	2063	1140	1140
562	12	1334	1016	1016
1242	41	458	1130	1130
748	152	569	1115	1115
259	71	1095	1225	1225
3151	111	2465	1077	1077
3227	71	3093	1142	1142
3061	110	1581	1200	1200
1258	106	3250	1092	1092
676	79	803	1143	1143
1228	19	3279	1076	1076
3250	95	2354	1172	1172
3275	41	3267	1078	1078
838	110	2652	1100	1100
2126	110	2465	1150	1150
1879	106	520	1064	1064
3069	29	748	1116	1116
2665	39	457	1226	1226
193	152	1552	1186	1186
563	144	747	1141	1141
45	126	773	1148	1148
252	133	1872	1092	1092
637	152	2185	1121	1121
2382	29	545	1162	1162
407	110	2904	1170	1170
178	117	2081	1134	1134
2696	39	2346	1054	1054
3033	105	3407	1066	1066
307	110	1474	1198	1198
1290	110	285	1046	1046
590	32	2027	1081	1081
1054	5	2416	1019	1019
2486	95	2333	1211	1211
3392	41	391	1155	1155
3250	41	2947	1117	1117
137	106	542	1180	1180
2630	29	1536	1035	1035
24	62	3283	1239	1239
573	44	607	1167	1167
328	105	3192	1042	1042
3279	132	2465	1092	1092
2934	84	884	1029	1029
1906	41	795	1053	1053
1089	35	1580	1088	1088
520	141	2679	1143	1143
2679	110	734	1165	1165
1842	41	2116	1050	1050
1944	84	147	1140	1140
1988	41	3276	1031	1031
521	152	1171	1073	1073
3061	84	3327	1144	1144
2833	41	760	1111	1111
3343	84	2970	1010	1010
1881	84	1258	1133	1133
1427	71	2191	1019	1019
458	84	3279	1127	1127
1794	118	1683	1162	1162
3093	95	1683	1118	1118
2376	120	544	1077	1077
2815	74	3300	1122	1122
572	63	3089	1028	1028
2993	41	1927	1118	1118
3279	95	2352	1073	1073
1024	150	3153	1011	1011
3101	44	2853	1102	1102
2817	110	464	1035	1035
405	112	3343	1214	1214
409	82	260	1107	1107
2317	49	1182	1049	1049
1096	110	3279	1046	1046
2947	84	721	1015	1015
2628	52	1196	1093	1093
569	84	551	1151	1151
587	72	2638	1234	1234
1625	110	1868	1046	1046
1506	95	2988	1238	1238
2121	105	2858	1150	1150
3279	57	1551	1143	1143
227	106	520	1202	1202
1170	110	2819	1002	1002
2270	49	3355	1028	1028
1566	41	1102	1008	1008
1315	110	758	1083	1083
1576	40	553	1071	1071
2461	110	1487	1050	1050
2421	110	1368	1178	1178
1028	110	3093	1199	1199
638	155	3153	1170	1170
2333	41	1593	1135	1135
1179	144	2832	1038	1038
1325	41	3279	1093	1093
520	32	0	1077	1077
1646	71	2385	1098	1098
3172	106	3323	1042	1042
1236	110	1068	1017	1017
1580	77	3093	1078	1078
2235	29	577	1134	1134
312	47	621	1211	1211
520	44	670	1204	1204
3386	150	565	1147	1147
1916	110	1170	1022	1022
2684	102	300	1038	1038
2427	82	548	1161	1161
2281	110	1566	1196	1196
1319	110	810	1174	1174
3275	29	2077	1007	1007
670	5	1170	1207	1207
520	106	2679	1166	1166
3137	110	2310	1188	1188
301	110	303	1078	1078
1891	49	984	1048	1048
1934	105	330	1094	1094
2071	141	3113	1136	1136
884	110	1733	1001	1001
3380	65	2012	1202	1202
2485	49	44	1112	1112
2385	110	1487	1078	1078
138	118	1439	1186	1186
2947	71	3302	1133	1133
2494	41	1733	1063	1063
520	44	301	1220	1220
273	118	2940	1222	1222
158	84	457	1030	1030
283	110	2385	1169	1169
129	70	1799	1114	1114
1633	71	1714	1024	1024
476	106	1801	1170	1170
2947	143	1614	1177	1177
3276	110	458	1163	1163
3093	71	3279	1163	1163
524	44	1173	1180	1180
2344	95	679	1009	1009
1094	110	3163	1124	1124
1099	110	2517	1151	1151
3166	71	1143	1016	1016
1487	118	2277	1209	1209
583	118	1213	1122	1122
1542	29	474	1118	1118
2137	155	2679	1082	1082
2277	21	1487	1007	1007
222	95	224	1113	1113
520	44	892	1024	1024
1121	95	2423	1109	1109
3005	41	2167	1078	1078
3250	84	3279	1218	1218
3089	95	765	1206	1206
3015	44	1922	1036	1036
860	84	563	1190	1190
1683	84	2343	1106	1106
708	29	550	1045	1045
1170	110	2058	1016	1016
2707	110	2181	1112	1112
1311	72	2392	1177	1177
2345	82	559	1108	1108
267	84	296	1212	1212
3263	106	2277	1058	1058
3386	150	1256	1229	1229
2439	93	2896	1149	1149
134	84	2574	1233	1233
1480	105	3279	1154	1154
3337	44	293	1207	1207
1424	118	1975	1060	1060
3031	41	3279	1045	1045
1916	110	2058	1022	1022
2190	155	3267	1147	1147
3192	106	2724	1014	1014
520	5	1170	1095	1095
860	84	1541	1066	1066
3155	105	2947	1016	1016
1149	41	859	1066	1066
999	115	3283	1016	1016
955	144	1147	1101	1101
821	108	3062	1100	1100
2377	72	2650	1166	1166
366	41	1923	1127	1127
1037	110	1153	1177	1177
2607	106	520	1151	1151
1624	118	418	1081	1081
2558	122	556	1014	1014
1564	110	293	1213	1213
2385	105	1564	1064	1064
2868	105	1580	1093	1093
2704	110	182	1113	1113
2657	29	482	1017	1017
149	118	3094	1217	1217
2887	110	1551	1106	1106
1329	41	1487	1088	1088
1487	95	2831	1042	1042
2453	71	2503	1116	1116
1845	84	812	1140	1140
1499	32	1176	1127	1127
864	137	2527	1141	1141
1872	95	3370	1122	1122
769	118	2905	1108	1108
1085	84	140	1063	1063
34	118	523	1160	1160
1554	29	3362	1232	1232
2791	115	1118	1160	1160
482	5	388	1116	1116
1920	105	3279	1168	1168
3383	84	573	1086	1086
3264	109	1296	1029	1029
862	105	340	1135	1135
968	41	1068	1028	1028
3276	126	942	1137	1137
1286	82	2552	1198	1198
135	106	1118	1060	1060
559	17	1199	1177	1177
2778	133	3216	1095	1095
2556	150	1564	1102	1102
592	44	2444	1035	1035
41	41	44	1028	1028
2679	102	2081	1105	1105
969	105	1793	1219	1219
2717	29	869	1095	1095
3279	95	1360	1099	1099
1912	118	157	1142	1142
3327	110	2947	1198	1198
1878	41	3392	1135	1135
2947	68	3254	1056	1056
3279	29	2083	1231	1231
1580	77	1506	1142	1142
2655	151	2787	1112	1112
1382	41	2465	1143	1143
2007	110	2185	1016	1016
1170	110	1514	1112	1112
1299	41	3228	1202	1202
458	84	3275	1139	1139
1325	41	2187	1088	1088
1087	110	3069	1211	1211
1643	84	2385	1021	1021
44	106	1962	1026	1026
1318	95	765	1224	1224
405	105	2465	1210	1210
1551	84	984	1129	1129
692	29	479	1115	1115
1369	84	2947	1165	1165
2947	29	587	1227	1227
2584	110	3093	1053	1053
3031	44	860	1012	1012
1551	44	300	1048	1048
4	105	3130	1199	1199
3168	71	2862	1226	1226
1853	106	533	1140	1140
2947	109	3279	1014	1014
862	106	3250	1043	1043
526	152	1599	1023	1023
917	102	678	1077	1077
175	152	2663	1213	1213
3378	118	2385	1115	1115
2026	110	1740	1114	1114
3276	41	1435	1121	1121
871	41	301	1185	1185
883	110	1170	1012	1012
2831	41	1533	1198	1198
3199	41	3070	1051	1051
2656	136	479	1227	1227
458	82	3246	1143	1143
3032	65	1040	1117	1117
3241	110	1611	1117	1117
1683	84	860	1142	1142
3172	84	1846	1027	1027
2835	41	1170	1187	1187
2388	133	3357	1046	1046
1912	44	301	1171	1171
6	95	3280	1115	1115
1551	5	1564	1127	1127
2947	46	3279	1101	1101
2187	150	198	1214	1214
592	49	1220	1090	1090
2940	41	860	1080	1080
2548	41	2974	1038	1038
1358	77	1588	1010	1010
1755	110	692	1062	1062
1177	35	352	1161	1161
2459	105	458	1168	1168
462	41	1683	1122	1122
2971	105	2465	1183	1183
1685	106	2343	1040	1040
3250	111	1662	1085	1085
2065	44	566	1085	1085
479	84	260	1237	1237
1981	110	3153	1143	1143
121	41	1487	1071	1071
1458	106	1151	1200	1200
2175	29	541	1093	1093
2929	110	440	1233	1233
2947	77	3279	1158	1158
1312	105	761	1066	1066
1554	29	2101	1042	1042
2664	108	1608	1045	1045
3102	110	149	1025	1025
2602	105	17	1144	1144
828	110	2448	1058	1058
1487	44	3108	1142	1142
1950	41	2112	1030	1030
3156	44	145	1228	1228
2679	102	1740	1102	1102
59	150	2556	1221	1221
1563	147	1202	1110	1110
301	106	1912	1239	1239
2534	110	3252	1023	1023
2125	105	3092	1179	1179
2589	44	590	1176	1176
1733	68	3279	1094	1094
1399	93	734	1097	1097
974	49	1487	1052	1052
1846	105	340	1239	1239
3327	41	2108	1235	1235
2038	110	1153	1210	1210
2862	106	347	1058	1058
2333	41	149	1114	1114
3259	106	149	1164	1164
1262	110	1147	1073	1073
2617	110	2831	1041	1041
458	83	2376	1066	1066
508	5	1162	1046	1046
2947	106	3267	1077	1077
3279	109	3385	1159	1159
3098	29	2081	1010	1010
978	71	417	1114	1114
1521	110	226	1180	1180
391	110	1170	1186	1186
862	118	1306	1116	1116
2465	143	3093	1150	1150
1576	105	1580	1179	1179
590	106	2767	1044	1044
436	106	520	1200	1200
2037	110	680	1030	1030
1541	122	587	1023	1023
2352	110	1551	1100	1100
44	118	2382	1127	1127
1458	9	2696	1154	1154
2848	106	3272	1170	1170
1506	95	2334	1130	1130
2546	66	1539	1130	1130
300	84	3327	1188	1188
1338	77	1291	1025	1025
39	105	2548	1043	1043
3260	110	2947	1101	1101
1912	41	3082	1212	1212
1219	82	1564	1025	1025
520	5	2277	1143	1143
849	110	2706	1149	1149
1266	110	1566	1227	1227
1566	106	1911	1168	1168
1253	49	550	1109	1109
1362	110	365	1043	1043
2736	39	2192	1179	1179
274	108	3163	1211	1211
1733	95	1643	1192	1192
502	108	129	1060	1060
3231	143	3373	1043	1043
3357	5	2277	1137	1137
1806	110	351	1162	1162
2679	110	3118	1020	1020
2402	110	2225	1042	1042
961	110	1121	1168	1168
1085	110	3276	1051	1051
758	68	3030	1098	1098
2758	41	1969	1055	1055
2679	106	520	1054	1054
1933	44	3153	1103	1103
1404	110	1121	1239	1239
520	72	1652	1073	1073
1121	106	1102	1109	1109
2573	110	469	1168	1168
2947	82	3250	1092	1092
1613	105	279	1028	1028
2419	110	397	1081	1081
907	95	2336	1065	1065
3263	105	1487	1209	1209
458	87	279	1179	1179
585	152	2154	1088	1088
2645	41	1065	1042	1042
2695	29	542	1205	1205
495	106	458	1098	1098
1885	41	1956	1202	1202
1793	71	138	1172	1172
78	150	3085	1032	1032
2355	110	1187	1162	1162
301	5	1170	1211	1211
2684	151	2799	1056	1056
2464	109	1551	1193	1193
261	95	3275	1190	1190
566	5	1672	1051	1051
701	110	1497	1057	1057
2512	31	1642	1218	1218
1024	63	1565	1205	1205
1249	16	2886	1198	1198
1315	44	1157	1107	1107
843	84	261	1184	1184
2707	118	1502	1015	1015
2013	110	3268	1011	1011
123	110	3030	1028	1028
860	128	3275	1017	1017
391	110	1487	1211	1211
769	118	535	1189	1189
1329	110	227	1086	1086
458	41	2465	1215	1215
2347	44	267	1070	1070
767	122	3192	1186	1186
3302	118	296	1133	1133
41	95	1311	1203	1203
3285	44	1085	1211	1211
2795	62	1627	1011	1011
1873	110	1135	1161	1161
3279	95	778	1206	1206
2645	29	559	1177	1177
1649	109	520	1094	1094
1331	84	523	1212	1212
860	118	1212	1098	1098
355	41	957	1155	1155
520	5	1817	1079	1079
1566	29	527	1229	1229
1293	65	138	1129	1129
581	106	3125	1096	1096
301	110	2058	1145	1145
2286	110	1343	1025	1025
2211	110	2185	1231	1231
2707	29	524	1022	1022
2359	110	3392	1053	1053
3349	41	1977	1141	1141
2862	110	3279	1133	1133
1382	84	1683	1156	1156
149	72	2612	1149	1149
1465	41	3066	1067	1067
1572	133	3275	1108	1108
538	106	2691	1199	1199
1243	133	1295	1049	1049
1564	5	2001	1100	1100
140	95	2337	1102	1102
860	118	1683	1109	1109
2447	41	429	1127	1127
3317	105	1861	1044	1044
2929	77	2438	1117	1117
2556	93	1564	1166	1166
650	108	426	1183	1183
36	106	593	1036	1036
2328	152	2679	1102	1102
2679	29	2365	1078	1078
656	41	283	1149	1149
159	143	112	1042	1042
670	102	913	1086	1086
2831	41	670	1143	1143
3161	95	1031	1080	1080
1487	108	520	1047	1047
2058	106	2679	1033	1033
744	152	2704	1018	1018
2571	106	409	1094	1094
860	84	1683	1122	1122
2537	29	520	1202	1202
1314	41	2928	1133	1133
3275	95	984	1080	1080
327	77	2551	1053	1053
3132	133	3385	1105	1105
2403	44	301	1189	1189
765	110	3350	1100	1100
956	106	724	1063	1063
1215	105	3085	1053	1053
2465	41	3279	1161	1161
2725	114	424	1166	1166
3266	105	3089	1150	1150
1417	106	1566	1161	1161
3215	102	1487	1099	1099
2384	106	520	1160	1160
2310	110	1218	1009	1009
2947	118	3093	1031	1031
1487	82	2574	1125	1125
2453	84	2947	1163	1163
1683	84	3378	1147	1147
625	82	513	1078	1078
3033	26	3275	1071	1071
3357	5	2770	1191	1191
1664	105	3250	1112	1112
3238	78	2755	1017	1017
1996	110	788	1018	1018
2645	95	2929	1091	1091
3069	95	3279	1159	1159
288	71	2832	1196	1196
1305	110	1017	1217	1217
1689	130	2582	1224	1224
3346	110	409	1151	1151
2058	109	1487	1093	1093
301	7	1170	1174	1174
2109	82	627	1003	1003
1163	87	1554	1037	1037
1576	41	3048	1137	1137
1791	29	595	1045	1045
1564	5	931	1086	1086
761	95	986	1115	1115
3002	110	2176	1128	1128
425	110	2058	1115	1115
2070	77	3255	1016	1016
1293	110	1551	1128	1128
47	133	520	1018	1018
3275	95	860	1186	1186
1919	110	1497	1183	1183
1332	110	3279	1065	1065
1755	106	2055	1114	1114
2465	44	3093	1093	1093
270	48	3279	1025	1025
1487	95	301	1122	1122
2179	110	2167	1162	1162
523	62	3283	1143	1143
2376	143	3276	1179	1179
2435	118	458	1091	1091
1382	41	1588	1205	1205
1007	41	3072	1227	1227
17	41	1404	1200	1200
1565	73	1009	1040	1040
2115	118	1408	1043	1043
3250	124	3153	1033	1033
1100	89	603	1126	1126
3279	95	2353	1118	1118
2703	106	2805	1108	1108
3199	84	1943	1182	1182
2453	84	1654	1115	1115
1212	143	2247	1049	1049
1030	41	2336	1066	1066
2947	93	1487	1198	1198
977	41	1861	1164	1164
45	106	1046	1128	1128
1534	25	982	1161	1161
179	138	1548	1015	1015
3302	35	3279	1016	1016
1630	84	3267	1015	1015
2909	106	3250	1046	1046
3199	17	2448	1106	1106
520	62	355	1152	1152
235	150	1854	1168	1168
2343	84	3069	1147	1147
646	44	2605	1050	1050
2995	29	743	1199	1199
670	44	227	1166	1166
3250	40	2629	1047	1047
39	127	2165	1105	1105
2328	152	2081	1201	1201
2974	95	273	1102	1102
2385	110	3087	1125	1125
520	130	2627	1203	1203
2150	138	563	1097	1097
3267	45	1102	1194	1194
2674	102	1121	1107	1107
1454	84	3267	1163	1163
984	148	2947	1164	1164
335	110	2447	1172	1172
2656	39	260	1157	1157
1622	143	70	1239	1239
2515	110	2770	1184	1184
121	110	2385	1097	1097
1444	71	1222	1152	1152
391	110	69	1008	1008
1242	84	1118	1116	1116
2277	106	520	1106	1106
1531	152	2155	1225	1225
458	95	3347	1037	1037
1580	71	3093	1133	1133
1667	95	1374	1191	1191
458	82	2448	1099	1099
2947	41	1102	1231	1231
334	84	458	1206	1206
1137	108	2298	1010	1010
833	150	496	1196	1196
1761	29	3358	1152	1152
1933	110	1691	1086	1086
1293	110	1219	1217	1217
1162	110	978	1189	1189
3172	84	3033	1189	1189
1693	110	2912	1074	1074
701	106	913	1018	1018
1121	29	511	1191	1191
2947	120	1564	1154	1154
924	84	614	1057	1057
1932	110	1443	1169	1169
670	44	301	1206	1206
1551	5	987	1204	1204
1580	82	1614	1120	1120
3216	106	1906	1050	1050
2548	44	1487	1227	1227
1758	44	2195	1078	1078
3250	132	2154	1012	1012
2548	29	2419	1187	1187
1906	5	3216	1235	1235
892	71	391	1037	1037
3093	105	3372	1064	1064
2618	126	2575	1008	1008
409	112	810	1141	1141
2686	29	1994	1101	1101
1487	84	227	1134	1134
1630	105	409	1051	1051
2278	41	1551	1132	1132
2719	29	2099	1232	1232
1743	14	1580	1067	1067
1431	62	3283	1130	1130
1554	29	524	1162	1162
3250	110	2307	1200	1200
2146	147	1904	1151	1151
2704	29	2093	1022	1022
2904	110	3163	1238	1238
2544	91	531	1046	1046
314	110	984	1168	1168
2679	110	900	1068	1068
138	110	1121	1183	1183
2806	115	3283	1104	1104
3062	82	520	1219	1219
2947	95	1683	1154	1154
1777	5	298	1170	1170
3148	118	810	1119	1119
2839	41	3063	1101	1101
1771	35	74	1058	1058
2922	62	3283	1147	1147
860	105	260	1172	1172
2679	29	2081	1109	1109
2041	62	3283	1177	1177
391	106	2385	1112	1112
2471	106	2021	1225	1225
2720	102	1484	1227	1227
2971	110	3250	1212	1212
717	29	455	1233	1233
986	110	457	1086	1086
327	155	554	1200	1200
260	44	458	1156	1156
3279	150	456	1064	1064
1618	110	3161	1080	1080
906	110	1765	1091	1091
3079	41	469	1182	1182
1872	5	1757	1096	1096
1079	44	1487	1073	1073
555	62	3283	1096	1096
2308	110	3267	1093	1093
312	41	3351	1237	1237
300	105	3279	1068	1068
1551	68	1487	1232	1232
2088	63	1904	1238	1238
714	126	437	1157	1157
3275	150	3153	1101	1101
1657	110	2267	1154	1154
173	33	39	1111	1111
2448	71	2353	1183	1183
1130	142	2029	1088	1088
3302	68	2947	1093	1093
458	95	1518	1042	1042
1249	106	2221	1187	1187
2929	110	458	1226	1226
334	118	592	1177	1177
1121	143	1102	1120	1120
2222	29	523	1126	1126
2679	102	447	1109	1109
1869	110	2906	1049	1049
2387	71	149	1094	1094
713	29	2098	1016	1016
1309	110	409	1028	1028
1683	41	2343	1110	1110
2947	106	1978	1141	1141
701	70	2936	1217	1217
2460	110	1487	1083	1083
2979	49	2516	1154	1154
2353	95	2909	1071	1071
2960	106	2511	1066	1066
740	152	2697	1175	1175
3276	41	3032	1087	1087
1332	44	1175	1183	1183
1668	68	3075	1234	1234
2507	84	3343	1087	1087
3226	122	3094	1046	1046
2679	29	2021	1037	1037
2679	102	520	1202	1202
2292	19	550	1192	1192
2150	152	2947	1078	1078
845	102	1170	1079	1079
2748	44	558	1018	1018
39	110	2217	1223	1223
812	110	1487	1171	1171
2707	150	559	1073	1073
3147	41	2756	1210	1210
1993	110	1279	1076	1076
1118	95	1380	1019	1019
1864	41	3410	1035	1035
559	109	2645	1132	1132
1487	42	3279	1106	1106
2126	110	1580	1151	1151
2432	118	3302	1035	1035
2659	150	487	1227	1227
3033	84	378	1046	1046
1708	110	789	1002	1002
409	68	2109	1179	1179
520	152	1487	1053	1053
2862	77	3327	1129	1129
3084	150	2133	1216	1216
458	110	3346	1153	1153
86	41	2638	1154	1154
1381	105	924	1215	1215
458	82	3045	1066	1066
3032	110	2464	1093	1093
2638	118	1470	1102	1102
2788	125	1872	1093	1093
1912	5	2679	1213	1213
3275	71	2107	1021	1021
351	42	3130	1031	1031
2965	106	3392	1216	1216
61	110	1487	1187	1187
2334	110	2376	1076	1076
520	49	1170	1173	1173
2665	29	2073	1014	1014
734	0	656	1058	1058
3093	106	1580	1133	1133
571	152	3084	1058	1058
149	106	1155	1014	1014
520	62	3283	1127	1127
3267	130	2947	1159	1159
629	0	450	1062	1062
2447	82	2448	1094	1094
3250	150	3279	1014	1014
2599	110	2539	1004	1004
412	41	1979	1096	1096
3265	150	586	1185	1185
2702	150	549	1198	1198
882	41	1097	1037	1037
2119	95	1872	1107	1107
3030	71	2947	1092	1092
293	41	3327	1145	1145
1305	110	597	1211	1211
2728	138	2011	1177	1177
8	118	3053	1169	1169
2707	155	746	1159	1159
1576	110	3153	1045	1045
965	70	520	1162	1162
1128	105	1121	1150	1150
860	41	3061	1088	1088
161	84	334	1064	1064
1637	44	529	1038	1038
550	108	2353	1106	1106
2947	118	1212	1054	1054
2103	117	479	1147	1147
2507	41	1278	1214	1214
575	119	2720	1084	1084
301	41	2277	1062	1062
523	62	3283	1007	1007
1698	110	2750	1107	1107
2929	41	660	1095	1095
1506	143	3246	1185	1185
3250	71	1242	1225	1225
2679	102	447	1064	1064
1487	66	520	1058	1058
2281	44	1566	1200	1200
2645	29	1749	1211	1211
1777	35	559	1129	1129
670	5	1249	1136	1136
2277	110	2679	1166	1166
1551	49	152	1105	1105
3166	150	2155	1030	1030
317	136	2719	1128	1128
391	110	845	1222	1222
2909	105	1732	1033	1033
1582	118	2824	1062	1062
559	144	1777	1047	1047
3267	68	3097	1154	1154
293	41	1293	1103	1103
3316	105	296	1080	1080
2419	49	39	1003	1003
2831	5	2385	1085	1085
2732	29	590	1121	1121
3199	110	1381	1077	1077
1098	110	328	1143	1143
3279	98	2947	1086	1086
1754	110	251	1105	1105
2299	110	2332	1098	1098
1877	5	1170	1190	1190
2126	41	1687	1187	1187
3098	29	520	1005	1005
2719	29	573	1085	1085
391	110	2460	1216	1216
106	105	2947	1114	1114
2724	29	583	1233	1233
2991	133	89	1077	1077
977	68	1102	1022	1022
2947	85	2645	1221	1221
2812	62	3283	1040	1040
471	110	409	1149	1149
3243	41	3271	1099	1099
1551	44	1172	1053	1053
3033	110	3279	1129	1129
2666	29	729	1230	1230
2058	49	2679	1162	1162
214	44	2335	1237	1237
3329	110	2369	1100	1100
1170	121	520	1232	1232
2624	95	2348	1040	1040
2707	110	2996	1211	1211
3058	41	898	1095	1095
1551	123	3153	1116	1116
526	115	1564	1202	1202
1085	44	479	1072	1072
2901	110	2947	1072	1072
3324	110	2947	1045	1045
2707	110	746	1154	1154
913	41	227	1051	1051
2343	110	860	1145	1145
3236	110	1904	1198	1198
2556	150	1565	1118	1118
2556	44	860	1133	1133
3224	105	978	1236	1236
3302	41	3097	1178	1178
3100	135	458	1151	1151
2006	110	2066	1175	1175
2109	118	457	1220	1220
2947	133	3275	1072	1072
1487	110	2058	1080	1080
2537	110	1554	1227	1227
907	111	2556	1195	1195
44	95	1882	1028	1028
2947	77	2109	1170	1170
2670	82	507	1143	1143
860	71	1683	1171	1171
3275	108	3279	1237	1237
3260	105	279	1114	1114
2196	110	2155	1027	1027
2058	110	1487	1184	1184
2648	41	98	1038	1038
1748	44	1196	1022	1022
1487	150	2376	1178	1178
1348	84	1846	1163	1163
1231	110	1639	1066	1066
2333	41	984	1187	1187
2679	122	447	1174	1174
2559	41	1571	1050	1050
2456	105	161	1055	1055
3327	41	1293	1105	1105
552	106	1829	1168	1168
1162	71	2742	1141	1141
1121	29	511	1039	1039
1487	107	1705	1227	1227
2431	110	1786	1067	1067
3166	133	214	1191	1191
2982	84	486	1157	1157
300	71	2456	1031	1031
2738	110	2592	1164	1164
2679	110	3200	1142	1142
860	112	3327	1020	1020
3327	118	2393	1145	1145
260	5	479	1044	1044
469	144	138	1165	1165
2126	105	2465	1133	1133
2757	84	1487	1146	1146
2201	150	520	1184	1184
1258	84	1881	1021	1021
1667	143	2447	1182	1182
520	115	3283	1148	1148
458	102	495	1224	1224
1789	110	2906	1099	1099
3374	84	3152	1009	1009
2377	110	3234	1126	1126
458	95	373	1082	1082
1293	128	1551	1001	1001
1279	41	2848	1072	1072
49	41	3341	1189	1189
1843	110	2947	1025	1025
825	12	946	1016	1016
2137	155	2167	1135	1135
1449	135	3279	1109	1109
2884	41	1605	1235	1235
2353	118	1322	1023	1023
1703	110	2523	1176	1176
328	74	2909	1022	1022
366	110	3112	1024	1024
2807	62	1564	1151	1151
860	105	3374	1012	1012
346	143	74	1093	1093
1885	110	1187	1130	1130
3327	44	3279	1060	1060
2167	113	1487	1045	1045
1462	84	2465	1211	1211
3033	41	2333	1213	1213
3003	110	2467	1134	1134
511	63	3077	1118	1118
3130	95	17	1121	1121
458	153	3279	1143	1143
2221	150	2136	1119	1119
1078	95	1089	1119	1119
1626	128	2861	1028	1028
339	106	550	1228	1228
3279	110	1506	1219	1219
602	110	301	1175	1175
2516	8	2782	1045	1045
1638	110	1563	1216	1216
1898	130	2862	1110	1110
3070	118	1122	1040	1040
532	62	3283	1059	1059
260	84	3294	1175	1175
1787	5	2731	1125	1125
2467	109	3275	1171	1171
60	150	3153	1043	1043
3275	44	2947	1073	1073
1122	106	1174	1002	1002
670	110	301	1009	1009
1586	152	2187	1096	1096
212	71	670	1148	1148
1517	106	2530	1224	1224
860	84	296	1177	1177
1446	41	1441	1135	1135
1551	110	3279	1172	1172
2151	84	3153	1120	1120
1121	41	344	1074	1074
1085	110	3327	1080	1080
3202	152	538	1148	1148
1741	41	1658	1110	1110
1102	41	3279	1052	1052
2465	84	522	1089	1089
916	105	3225	1063	1063
997	110	1563	1038	1038
1277	41	1099	1012	1012
1612	110	2465	1219	1219
2507	71	2283	1134	1134
1614	122	580	1202	1202
3260	118	2577	1007	1007
3398	5	2380	1078	1078
1380	110	716	1067	1067
2438	41	2385	1024	1024
1884	105	3275	1035	1035
520	106	2679	1194	1194
2574	44	1329	1013	1013
3008	72	1906	1143	1143
860	118	2947	1196	1196
3260	41	3276	1224	1224
3008	106	2988	1236	1236
518	44	1169	1017	1017
656	5	520	1079	1079
580	5	1641	1016	1016
3185	155	2178	1128	1128
860	106	1220	1140	1140
3033	84	3302	1077	1077
2036	102	479	1176	1176
78	150	2185	1021	1021
2512	29	2097	1047	1047
1693	110	1683	1162	1162
1178	133	1564	1093	1093
240	152	445	1077	1077
3220	105	3246	1188	1188
2977	110	936	1102	1102
2507	71	3343	1189	1189
1253	5	2703	1196	1196
3146	118	3259	1224	1224
1047	118	3270	1102	1102
1023	67	166	1077	1077
2712	155	2095	1098	1098
1432	105	1487	1048	1048
520	44	1487	1219	1219
860	44	984	1169	1169
2377	118	2277	1072	1072
2991	17	260	1132	1132
261	118	3275	1097	1097
555	60	1564	1088	1088
210	110	2385	1182	1182
348	118	307	1193	1193
1342	84	2352	1058	1058
2797	119	1487	1205	1205
520	155	2167	1226	1226
2394	144	2640	1136	1136
1740	110	656	1181	1181
3152	95	1683	1159	1159
2185	116	3085	1017	1017
1383	84	3289	1109	1109
1567	84	2947	1212	1212
2587	106	581	1224	1224
2346	5	1411	1121	1121
1115	41	402	1170	1170
2831	5	2377	1102	1102
2958	106	3272	1234	1234
1861	118	2338	1133	1133
116	41	2277	1130	1130
1918	118	921	1050	1050
2679	29	75	1097	1097
1046	143	1094	1119	1119
1329	110	116	1061	1061
2519	29	2334	1175	1175
3061	84	860	1152	1152
300	118	1362	1078	1078
1409	41	2962	1073	1073
2385	41	1646	1097	1097
479	5	348	1238	1238
2947	102	183	1049	1049
52	71	391	1148	1148
2947	95	161	1021	1021
1542	49	696	1184	1184
1345	102	914	1131	1131
827	110	2679	1133	1133
2964	41	860	1182	1182
2479	44	1816	1171	1171
1861	143	1733	1045	1045
1683	77	1369	1123	1123
1197	44	3093	1079	1079
2259	110	2656	1082	1082
3302	95	2415	1067	1067
1580	118	3376	1106	1106
2058	44	3290	1213	1213
2666	102	1760	1028	1028
2126	105	2465	1143	1143
2333	110	1551	1117	1117
1109	116	2448	1032	1032
306	105	458	1174	1174
458	68	1580	1064	1064
548	5	2537	1018	1018
122	44	1564	1087	1087
242	155	3041	1119	1119
3069	29	2096	1225	1225
520	62	3149	1198	1198
1656	105	261	1198	1198
701	106	520	1015	1015
2947	133	3267	1025	1025
3334	110	3134	1063	1063
2946	112	2862	1192	1192
899	84	1034	1224	1224
2381	133	1598	1182	1182
301	5	670	1071	1071
275	71	670	1154	1154
1551	29	523	1069	1069
1551	68	3250	1106	1106
1102	74	3279	1098	1098
1735	32	591	1007	1007
528	106	216	1070	1070
2132	152	2155	1063	1063
2487	84	2935	1039	1039
1690	110	612	1154	1154
2034	110	3377	1079	1079
3344	110	2385	1234	1234
842	41	846	1198	1198
1847	110	3275	1237	1237
1667	95	405	1067	1067
1846	105	1506	1127	1127
403	143	1201	1078	1078
3279	106	2548	1179	1179
1949	16	558	1103	1103
555	152	1565	1092	1092
2795	119	2677	1120	1120
1329	110	1740	1149	1149
2452	125	2947	1172	1172
1313	105	806	1214	1214
549	62	3283	1114	1114
2684	29	526	1099	1099
301	63	670	1085	1085
938	15	2063	1114	1114
3179	106	1249	1165	1165
2679	29	3357	1160	1160
1717	62	3283	1149	1149
1377	84	3313	1034	1034
984	84	1881	1102	1102
1971	110	2686	1067	1067
1290	110	1227	1117	1117
860	110	984	1101	1101
1170	106	520	1132	1132
391	110	1487	1017	1017
2353	106	979	1184	1184
328	41	1593	1072	1072
2395	110	3152	1049	1049
1080	128	2548	1007	1007
227	75	1487	1085	1085
672	44	2168	1180	1180
107	118	1415	1191	1191
2058	29	313	1189	1189
1379	128	1564	1133	1133
572	62	3089	1095	1095
3060	110	1580	1051	1051
3279	41	1683	1065	1065
2947	110	55	1106	1106
2652	110	2155	1075	1075
563	62	3283	1120	1120
2638	82	984	1186	1186
3279	82	592	1079	1079
1859	44	1551	1161	1161
1580	95	2126	1179	1179
3395	41	3273	1217	1217
2650	136	3279	1229	1229
862	144	3275	1107	1107
151	29	1305	1084	1084
3279	49	3130	1157	1157
3172	84	3033	1211	1211
3323	84	2912	1158	1158
2925	44	1808	1148	1148
313	5	1170	1056	1056
984	110	138	1112	1112
2353	110	772	1057	1057
1273	150	3279	1047	1047
2947	68	3279	1178	1178
1779	110	721	1157	1157
2679	122	520	1061	1061
355	110	1487	1176	1176
3279	77	984	1212	1212
460	110	970	1021	1021
1643	110	1153	1169	1169
2666	110	729	1013	1013
1487	95	2438	1026	1026
1221	106	855	1017	1017
2292	5	3015	1003	1003
301	106	391	1131	1131
168	152	2448	1046	1046
458	118	489	1207	1207
409	82	2752	1075	1075
260	29	479	1024	1024
2698	29	544	1238	1238
2112	84	2503	1051	1051
1531	152	1143	1004	1004
1121	68	1551	1072	1072
2187	150	3190	1163	1163
3138	41	1077	1146	1146
233	95	2353	1118	1118
812	110	3153	1022	1022
267	68	1733	1203	1203
2757	41	1329	1210	1210
306	110	458	1221	1221
1177	70	1580	1203	1203
2947	29	2013	1155	1155
2277	41	3180	1218	1218
2068	44	2466	1157	1157
1018	110	334	1007	1007
473	152	2155	1003	1003
3130	84	2963	1172	1172
1580	95	1576	1179	1179
301	110	2221	1131	1131
1594	41	761	1005	1005
2255	41	208	1008	1008
1384	110	3302	1171	1171
860	41	2336	1088	1088
3335	84	267	1174	1174
1170	85	520	1093	1093
458	68	1102	1008	1008
1085	41	384	1162	1162
3139	103	1487	1234	1234
2947	77	3250	1225	1225
2807	62	1099	1137	1137
2862	110	3250	1059	1059
1564	150	745	1037	1037
405	110	458	1033	1033
2439	51	773	1170	1170
984	41	2646	1050	1050
1264	41	1466	1078	1078
2123	105	2931	1064	1064
3378	105	2951	1204	1204
2053	133	1241	1170	1170
1379	65	1325	1081	1081
717	49	2366	1112	1112
2112	44	532	1086	1086
1818	118	1411	1127	1127
3131	138	2186	1028	1028
3061	110	1683	1118	1118
2112	110	1793	1129	1129
3216	110	260	1147	1147
3033	26	3279	1184	1184
2805	106	3015	1079	1079
2463	110	1459	1234	1234
1121	118	3275	1074	1074
301	5	2965	1097	1097
2917	122	447	1228	1228
776	142	1441	1028	1028
2328	119	3283	1216	1216
1258	44	1085	1214	1214
2252	110	1604	1012	1012
1329	110	301	1032	1032
1225	68	3230	1129	1129
236	33	2396	1120	1120
520	44	1170	1119	1119
742	152	548	1179	1179
2167	44	520	1153	1153
2719	102	1796	1021	1021
580	155	2212	1210	1210
3250	143	1210	1004	1004
391	88	734	1236	1236
2119	95	1592	1057	1057
758	5	3030	1029	1029
1327	125	511	1161	1161
3275	85	3273	1138	1138
2353	41	2448	1213	1213
3392	105	1487	1106	1106
1391	110	771	1185	1185
563	82	1263	1033	1033
1947	32	2683	1171	1171
818	3	945	1016	1016
3001	150	1574	1075	1075
2837	110	2291	1070	1070
2679	102	1767	1232	1232
2679	29	3357	1185	1185
520	115	3283	1153	1153
1411	37	3283	1087	1087
3279	95	1052	1017	1017
2947	120	3153	1026	1026
3243	105	2562	1229	1229
432	41	3195	1091	1091
260	95	1906	1184	1184
2453	65	2473	1218	1218
2609	41	367	1013	1013
2527	29	2094	1060	1060
860	144	3153	1101	1101
2287	41	3276	1007	1007
1121	143	810	1192	1192
3193	41	2640	1049	1049
3402	84	3250	1127	1127
2551	41	327	1027	1027
1067	105	1250	1097	1097
616	106	581	1054	1054
1398	133	479	1184	1184
524	84	1554	1078	1078
1439	110	1121	1185	1185
520	44	2886	1123	1123
2167	110	2179	1226	1226
984	77	458	1176	1176
2707	150	2094	1106	1106
301	63	670	1121	1121
2187	110	2189	1047	1047
1885	41	1846	1231	1231
2407	110	2155	1028	1028
3279	71	1683	1161	1161
349	42	3153	1109	1109
447	106	892	1019	1019
2445	84	2374	1034	1034
2313	110	1791	1140	1140
2124	110	1852	1076	1076
932	62	3283	1026	1026
3276	106	627	1108	1108
932	110	355	1198	1198
2328	5	2385	1201	1201
892	110	2679	1195	1195
355	126	196	1127	1127
1643	84	3013	1105	1105
3061	77	1645	1011	1011
1793	127	458	1208	1208
3380	41	1026	1088	1088
2244	141	3360	1144	1144
3275	77	984	1158	1158
1442	102	1196	1074	1074
3279	84	2109	1113	1113
1551	68	3276	1180	1180
2353	41	860	1119	1119
2904	41	2919	1137	1137
907	95	2352	1062	1062
975	71	1292	1227	1227
263	41	937	1191	1191
2732	155	2104	1219	1219
734	155	520	1120	1120
550	106	2353	1030	1030
24	62	3283	1203	1203
2963	41	3160	1095	1095
1382	41	2465	1080	1080
3378	49	458	1025	1025
214	108	39	1029	1029
1912	41	210	1086	1086
1701	71	2824	1051	1051
352	110	458	1120	1120
1249	110	2021	1208	1208
2625	41	2732	1051	1051
1717	5	520	1123	1123
1943	71	1846	1101	1101
3279	128	1085	1114	1114
2686	102	559	1037	1037
1363	112	860	1031	1031
2377	41	2679	1002	1002
1702	110	1701	1099	1099
1643	77	3061	1142	1142
790	110	2495	1114	1114
1554	108	3279	1087	1087
3273	95	2385	1035	1035
2791	62	3283	1044	1044
1855	155	739	1030	1030
2929	84	2643	1063	1063
28	82	1213	1137	1137
1362	41	3061	1143	1143
2679	102	2058	1182	1182
2413	5	2463	1181	1181
559	44	148	1165	1165
860	41	1683	1130	1130
3172	44	860	1036	1036
2015	110	891	1010	1010
987	110	1351	1031	1031
301	110	2595	1112	1112
520	104	1487	1180	1180
1266	112	2651	1032	1032
1662	79	3289	1196	1196
3327	82	860	1196	1196
3279	110	3275	1104	1104
1715	44	1164	1122	1122
561	141	3357	1005	1005
3192	29	509	1094	1094
527	84	3035	1132	1132
3266	41	3373	1123	1123
994	44	1431	1029	1029
330	29	725	1183	1183
323	138	2448	1079	1079
2041	110	2385	1186	1186
3243	95	1804	1169	1169
3128	115	3407	1057	1057
3098	110	701	1229	1229
737	117	2086	1120	1120
3166	150	2155	1057	1057
1564	44	1793	1046	1046
301	110	1487	1087	1087
1580	77	3093	1098	1098
413	105	689	1087	1087
2679	151	24	1158	1158
1406	95	2557	1049	1049
1487	95	65	1023	1023
48	41	2128	1056	1056
391	110	1170	1139	1139
520	62	3283	1089	1089
3275	41	2333	1134	1134
275	5	670	1097	1097
2679	110	327	1156	1156
2167	155	520	1027	1027
1957	110	2651	1114	1114
1580	29	1504	1081	1081
1546	118	267	1080	1080
1296	84	873	1205	1205
409	105	3069	1159	1159
2827	41	2614	1194	1194
2277	110	1170	1203	1203
2479	44	2929	1065	1065
1564	67	3153	1147	1147
2125	71	3061	1037	1037
121	118	2385	1045	1045
984	98	3296	1099	1099
2662	5	22	1003	1003
1102	44	860	1126	1126
924	84	1121	1106	1106
3279	105	3250	1204	1204
1407	147	592	1120	1120
198	110	293	1105	1105
3137	41	2978	1141	1141
3235	106	528	1107	1107
3276	110	3094	1137	1137
409	133	2019	1215	1215
1310	106	1807	1194	1194
984	41	405	1045	1045
3035	84	2596	1097	1097
1093	110	3161	1198	1198
2886	72	231	1233	1233
372	41	2336	1066	1066
885	110	1297	1154	1154
2	5	860	1059	1059
3031	110	1102	1127	1127
2933	71	2974	1102	1102
3035	41	1959	1094	1094
3310	62	3283	1233	1233
1695	106	3119	1208	1208
3061	84	1683	1158	1158
1564	95	3279	1188	1188
2947	128	1098	1079	1079
3378	105	458	1104	1104
1487	44	301	1119	1119
214	106	473	1091	1091
2324	49	984	1125	1125
1565	150	555	1115	1115
2447	105	1307	1038	1038
1170	5	2886	1184	1184
1487	95	121	1066	1066
583	82	2214	1193	1193
3394	110	1580	1177	1177
2718	150	572	1060	1060
525	116	1557	1228	1228
523	62	2516	1179	1179
3061	84	1733	1010	1010
1623	118	3161	1148	1148
1431	150	2371	1239	1239
1054	118	668	1069	1069
592	44	3296	1140	1140
301	44	3392	1094	1094
2357	75	1551	1233	1233
780	110	758	1024	1024
2045	110	984	1130	1130
1501	105	1487	1224	1224
984	106	1566	1161	1161
2714	106	566	1046	1046
1084	41	954	1208	1208
643	155	509	1098	1098
1433	41	143	1078	1078
734	147	447	1081	1081
2441	41	3199	1218	1218
3279	73	1056	1051	1051
2187	152	992	1135	1135
2465	109	3279	1119	1119
1913	71	1613	1025	1025
2584	110	1207	1143	1143
765	105	3258	1196	1196
1492	144	491	1154	1154
2993	84	413	1190	1190
1419	84	2156	1128	1128
1557	109	3275	1173	1173
2688	150	358	1163	1163
880	110	3407	1232	1232
1580	82	1541	1134	1134
2160	106	1413	1177	1177
520	44	1487	1014	1014
2343	82	860	1114	1114
300	68	764	1235	1235
3162	117	894	1174	1174
758	82	458	1194	1194
495	48	644	1210	1210
1830	118	2477	1029	1029
2378	77	2112	1037	1037
1487	106	208	1080	1080
76	110	2187	1218	1218
297	95	3243	1220	1220
458	143	2947	1113	1113
2303	41	1239	1056	1056
918	110	925	1213	1213
2322	110	3142	1201	1201
2679	150	520	1016	1016
1984	110	227	1184	1184
520	5	845	1213	1213
2546	29	563	1226	1226
2679	110	1390	1213	1213
1846	112	1369	1127	1127
2805	62	2449	1106	1106
187	152	583	1137	1137
3279	109	2465	1036	1036
2014	110	2987	1004	1004
1377	84	664	1034	1034
837	110	3267	1084	1084
2659	110	164	1073	1073
2058	29	734	1164	1164
2947	29	587	1168	1168
2889	41	3007	1182	1182
1341	41	1643	1190	1190
2444	110	1220	1231	1231
694	88	1305	1188	1188
2947	44	3275	1072	1072
260	73	479	1142	1142
479	84	2504	1118	1118
2024	84	1403	1124	1124
3093	121	2301	1148	1148
173	33	3353	1227	1227
212	44	2385	1192	1192
2652	110	3166	1232	1232
1487	133	520	1161	1161
1253	110	1196	1051	1051
2058	66	2081	1109	1109
3138	41	2929	1010	1010
1643	106	2438	1155	1155
2549	150	2167	1036	1036
1038	122	544	1095	1095
2385	84	2947	1133	1133
38	106	2353	1030	1030
1016	108	267	1039	1039
19	41	1793	1047	1047
892	110	1170	1110	1110
3250	41	2947	1100	1100
149	118	1011	1109	1109
167	0	3359	1146	1146
2187	154	580	1068	1068
3033	84	3209	1169	1169
2650	110	1170	1155	1155
1740	106	2679	1110	1110
1572	72	548	1153	1153
2129	62	3283	1034	1034
3012	106	1343	1140	1140
39	106	2548	1234	1234
3279	110	3056	1144	1144
2807	62	1565	1102	1102
1026	108	3279	1023	1023
2679	133	520	1097	1097
2640	20	684	1016	1016
1990	110	750	1239	1239
2282	106	3093	1039	1039
3192	41	2376	1009	1009
2240	154	2974	1109	1109
3033	105	3069	1214	1214
2611	124	1793	1037	1037
2588	82	586	1226	1226
2465	110	3279	1055	1055
2187	150	2151	1079	1079
1506	29	735	1167	1167
1788	102	590	1058	1058
2707	110	746	1179	1179
180	38	3279	1053	1053
1102	87	1163	1106	1106
1520	110	1124	1183	1183
599	85	890	1136	1136
2959	84	3279	1148	1148
2304	71	3102	1075	1075
2292	41	1999	1129	1129
467	62	3283	1206	1206
476	133	2999	1061	1061
860	109	3275	1063	1063
2947	77	3250	1211	1211
2930	143	1626	1218	1218
1740	5	69	1137	1137
1440	106	1893	1126	1126
1513	44	1121	1011	1011
3020	95	3378	1202	1202
1487	138	520	1065	1065
2418	44	520	1143	1143
1512	41	1325	1193	1193
3279	41	2824	1136	1136
1846	84	1613	1123	1123
3327	77	2385	1002	1002
2277	143	1170	1237	1237
3342	41	3378	1071	1071
734	0	447	1067	1067
1048	84	2947	1090	1090
458	77	3275	1237	1237
814	41	3307	1022	1022
2257	110	1145	1189	1189
149	106	3276	1035	1035
5	95	2318	1174	1174
3093	95	1568	1063	1063
428	110	683	1115	1115
1683	41	2343	1104	1104
132	105	761	1065	1065
801	56	572	1147	1147
2761	41	2505	1038	1038
2810	119	1121	1085	1085
875	63	550	1223	1223
2346	29	543	1157	1157
826	110	1449	1170	1170
2947	84	1580	1211	1211
2385	118	2462	1101	1101
520	62	1487	1196	1196
265	41	1999	1123	1123
1538	84	952	1200	1200
3142	110	2202	1125	1125
2651	41	3275	1192	1192
692	29	2071	1039	1039
1170	77	3127	1110	1110
458	44	3275	1112	1112
860	5	458	1147	1147
3302	95	3218	1203	1203
3070	118	2597	1058	1058
1779	110	860	1224	1224
3302	84	3161	1238	1238
520	35	2679	1096	1096
1551	110	3279	1202	1202
1861	95	2941	1193	1193
301	110	2595	1029	1029
860	98	1551	1224	1224
2909	41	2112	1045	1045
1948	102	2263	1101	1101
2137	152	1487	1040	1040
1683	84	860	1078	1078
342	41	2831	1039	1039
30	62	3283	1061	1061
2909	5	2974	1118	1118
1554	5	1701	1233	1233
3336	105	458	1047	1047
433	110	1213	1164	1164
1566	29	381	1123	1123
1906	110	1279	1134	1134
3166	150	2652	1196	1196
267	106	984	1046	1046
3029	106	520	1188	1188
2068	49	539	1121	1121
2353	29	2581	1135	1135
198	96	580	1062	1062
1795	41	3240	1209	1209
2016	110	925	1175	1175
1380	5	2947	1233	1233
835	106	3272	1213	1213
3166	106	1219	1058	1058
1362	41	1612	1181	1181
1555	110	934	1056	1056
1329	110	301	1157	1157
1172	5	1564	1093	1093
2693	110	2802	1047	1047
1108	44	2448	1063	1063
301	5	670	1101	1101
2465	71	860	1144	1144
414	110	699	1203	1203
860	84	3152	1019	1019
3279	68	3093	1114	1114
2109	82	627	1004	1004
300	41	337	1156	1156
1287	110	2929	1046	1046
2909	5	458	1065	1065
3212	143	2824	1121	1121
3030	143	458	1183	1183
1044	110	267	1163	1163
109	95	1136	1216	1216
3378	41	3045	1159	1159
862	71	2638	1130	1130
334	95	1320	1229	1229
555	62	1564	1133	1133
2556	44	3279	1239	1239
409	110	3279	1142	1142
1121	84	3267	1157	1157
533	62	3283	1056	1056
1487	72	520	1029	1029
1085	108	401	1185	1185
1939	106	1334	1012	1012
2152	152	998	1072	1072
706	5	532	1094	1094
3247	106	584	1013	1013
2507	41	1377	1088	1088
520	77	619	1073	1073
1861	118	3267	1175	1175
1901	44	2853	1093	1093
1329	108	2965	1056	1056
860	105	3275	1147	1147
458	82	1541	1185	1185
301	110	1170	1159	1159
2712	29	563	1178	1178
129	77	984	1164	1164
1732	49	3296	1038	1038
1687	118	3279	1187	1187
860	77	2385	1039	1039
3291	49	3017	1086	1086
841	70	2668	1177	1177
3296	82	2558	1115	1115
1733	95	1358	1176	1176
912	71	1516	1016	1016
1080	19	1542	1141	1141
479	11	260	1177	1177
2295	110	1188	1072	1072
3086	41	3257	1135	1135
1969	5	1488	1035	1035
520	117	1487	1216	1216
2947	29	563	1080	1080
2553	150	2137	1096	1096
385	41	371	1012	1012
3093	84	409	1085	1085
2656	5	3354	1111	1111
595	37	3283	1030	1030
3327	84	2946	1140	1140
1732	95	2909	1040	1040
3234	44	1170	1077	1077
2903	29	2106	1070	1070
1683	41	860	1192	1192
3239	71	1394	1231	1231
457	150	161	1111	1111
520	44	2831	1239	1239
860	71	2429	1200	1200
1603	110	3373	1208	1208
3074	68	1118	1136	1136
1846	84	3249	1056	1056
2002	110	2996	1203	1203
1904	108	1506	1047	1047
580	62	2187	1068	1068
1133	29	505	1068	1068
2363	104	2071	1021	1021
1100	110	2435	1186	1186
2562	49	334	1111	1111
1102	150	3153	1172	1172
1324	82	446	1091	1091
1382	44	984	1196	1196
3327	65	2862	1175	1175
121	106	932	1056	1056
2931	95	905	1103	1103
1487	29	2137	1237	1237
1654	106	2258	1094	1094
3371	41	1872	1094	1094
2109	73	2090	1187	1187
2712	102	3204	1086	1086
2862	110	3251	1166	1166
2679	110	2411	1227	1227
2320	110	2321	1032	1032
813	84	984	1045	1045
3093	95	1683	1131	1131
2724	110	752	1021	1021
2807	62	1565	1089	1089
1866	110	670	1217	1217
2656	150	2071	1043	1043
424	127	3276	1235	1235
572	144	1206	1044	1044
907	143	99	1080	1080
3180	44	301	1049	1049
2464	102	2947	1239	1239
355	93	3118	1103	1103
1202	118	761	1080	1080
3279	118	2444	1225	1225
391	87	1000	1125	1125
2126	84	458	1157	1157
3367	40	759	1048	1048
977	143	810	1189	1189
2601	41	1966	1207	1207
1487	106	301	1087	1087
1577	110	3378	1206	1206
1846	105	1506	1132	1132
1551	82	267	1119	1119
1900	44	1699	1144	1144
1487	41	458	1026	1026
2377	44	301	1208	1208
2651	41	3074	1032	1032
483	155	296	1128	1128
987	5	458	1166	1166
1983	110	2155	1090	1090
3061	84	458	1233	1233
2148	152	2698	1116	1116
2679	29	734	1145	1145
2480	16	2353	1157	1157
3093	71	1683	1105	1105
3273	118	1793	1190	1190
907	138	505	1001	1001
2547	133	2947	1032	1032
3273	128	2824	1147	1147
3327	71	458	1209	1209
2390	41	2391	1220	1220
3279	82	1198	1234	1234
1673	41	3045	1113	1113
1000	41	2041	1023	1023
1766	106	2818	1173	1173
860	112	1683	1127	1127
2909	128	41	1072	1072
520	44	1249	1137	1137
889	95	2838	1070	1070
913	63	670	1159	1159
1417	106	140	1087	1087
1732	95	2125	1103	1103
1733	112	977	1092	1092
822	14	1215	1107	1107
978	84	975	1178	1178
3338	41	293	1189	1189
2962	65	3327	1044	1044
1258	143	1881	1185	1185
1354	110	3296	1156	1156
1177	110	935	1109	1109
786	105	1487	1228	1228
3234	41	208	1017	1017
2448	29	3122	1017	1017
3171	41	120	1035	1035
2656	29	441	1205	1205
2058	5	2515	1147	1147
520	36	3283	1007	1007
162	110	2747	1042	1042
2277	41	391	1053	1053
3048	41	3032	1141	1141
1154	143	3279	1146	1146
1301	44	260	1000	1000
810	95	2606	1136	1136
1530	152	580	1066	1066
2974	95	2849	1231	1231
3326	143	844	1044	1044
627	41	3279	1214	1214
260	29	2071	1098	1098
2791	62	3283	1053	1053
1085	95	2893	1088	1088
1076	110	689	1032	1032
1885	110	1506	1217	1217
3130	95	1102	1114	1114
3243	110	3279	1081	1081
3385	110	1559	1029	1029
1102	77	3275	1117	1117
482	84	520	1220	1220
1408	110	334	1214	1214
3275	68	984	1056	1056
227	44	913	1018	1018
2879	41	140	1126	1126
2460	41	2041	1205	1205
2912	105	458	1099	1099
2661	150	239	1235	1235
1336	118	3327	1077	1077
1146	96	477	1136	1136
149	107	1171	1217	1217
141	110	3272	1031	1031
3295	105	1487	1237	1237
2702	29	549	1032	1032
2115	84	2881	1000	1000
1870	109	689	1070	1070
2448	29	550	1153	1153
3118	119	3283	1027	1027
2263	84	1965	1044	1044
2140	154	1564	1194	1194
1662	41	1704	1074	1074
1935	29	542	1168	1168
1563	150	39	1227	1227
321	71	812	1142	1142
907	41	1094	1004	1004
2125	41	3327	1003	1003
3061	110	987	1234	1234
1	108	1487	1109	1109
2947	82	1580	1041	1041
2679	29	3357	1135	1135
1921	110	227	1233	1233
1990	110	1170	1044	1044
3089	143	1487	1154	1154
2514	29	514	1024	1024
1288	110	1969	1074	1074
2947	143	3275	1121	1121
1572	52	2465	1031	1031
3276	19	1160	1035	1035
3353	106	1143	1036	1036
3046	41	301	1101	1101
3093	41	1687	1116	1116
2797	110	2385	1097	1097
374	44	3302	1046	1046
108	105	1551	1121	1121
340	41	2651	1045	1045
520	5	1170	1211	1211
3315	110	3077	1226	1226
3279	49	2465	1048	1048
1340	41	2908	1024	1024
3295	105	1487	1171	1171
2448	95	924	1184	1184
984	82	761	1003	1003
3378	105	41	1200	1200
260	29	2071	1214	1214
131	41	600	1055	1055
1085	110	3275	1141	1141
2947	130	1098	1112	1112
2277	41	602	1070	1070
1102	110	924	1206	1206
3273	128	2824	1051	1051
689	95	3276	1131	1131
3378	84	3089	1203	1203
122	106	2520	1230	1230
3375	143	458	1141	1141
1487	143	1102	1071	1071
3271	106	590	1030	1030
2438	105	3302	1035	1035
1861	82	981	1047	1047
812	110	458	1042	1042
2465	84	3279	1193	1193
3020	95	3088	1121	1121
1764	39	1121	1112	1112
2831	44	301	1136	1136
1487	95	1646	1101	1101
3275	5	2104	1047	1047
1551	144	2119	1080	1080
1487	44	1170	1089	1089
860	118	2465	1213	1213
1487	43	520	1029	1029
1458	110	1667	1080	1080
129	143	3078	1180	1180
1532	133	161	1197	1197
984	71	3289	1197	1197
3327	143	860	1199	1199
987	110	3327	1092	1092
2712	44	1362	1232	1232
3199	106	860	1010	1010
1917	107	1659	1218	1218
301	5	2965	1098	1098
2010	105	810	1067	1067
1258	105	458	1168	1168
1364	106	1203	1199	1199
2126	110	3343	1164	1164
812	108	3093	1063	1063
3199	41	860	1124	1124
495	106	458	1095	1095
1881	71	984	1213	1213
3166	110	2132	1020	1020
3279	95	2288	1078	1078
3073	73	3205	1159	1159
3036	105	2947	1122	1122
860	44	1197	1038	1038
670	125	242	1078	1078
237	104	479	1161	1161
520	62	3283	1210	1210
2679	5	3357	1194	1194
559	106	2063	1024	1024
1576	105	3287	1171	1171
892	133	1170	1005	1005
2149	152	550	1114	1114
1049	106	3279	1101	1101
2115	41	2856	1044	1044
301	44	0	1122	1122
1293	65	138	1185	1185
2130	110	2465	1134	1134
458	143	1102	1115	1115
144	110	260	1177	1177
520	106	3149	1228	1228
13	95	1487	1058	1058
3275	41	1102	1151	1151
296	29	483	1025	1025
301	49	520	1008	1008
523	5	1551	1192	1192
562	62	3283	1024	1024
1143	44	473	1006	1006
301	110	1487	1085	1085
3093	105	2947	1071	1071
131	41	3107	1015	1015
3027	118	1104	1022	1022
1090	110	3269	1127	1127
2688	29	531	1163	1163
1487	41	301	1093	1093
2895	137	267	1206	1206
2674	102	1479	1161	1161
1861	95	3181	1133	1133
2227	150	559	1236	1236
3094	41	202	1128	1128
2905	84	1258	1029	1029
1333	105	3279	1211	1211
3080	74	3074	1174	1174
2938	84	2556	1175	1175
1842	84	2931	1203	1203
701	133	1284	1051	1051
2679	102	734	1090	1090
2977	105	1118	1029	1029
3151	82	1487	1100	1100
978	110	458	1028	1028
1717	49	1000	1164	1164
2657	39	2779	1067	1067
458	102	1580	1052	1052
1914	143	1119	1174	1174
670	110	391	1105	1105
2289	110	2829	1124	1124
102	41	3327	1192	1192
2712	29	2095	1209	1209
1916	41	227	1214	1214
784	110	1170	1227	1227
1008	110	2278	1212	1212
694	102	1872	1023	1023
2089	106	2055	1100	1100
2058	110	1497	1235	1235
2947	118	3045	1140	1140
3405	110	458	1078	1078
1016	41	984	1021	1021
2705	102	555	1079	1079
1067	110	1551	1030	1030
2155	150	628	1138	1138
2909	105	1614	1039	1039
3093	108	2929	1144	1144
1564	93	1557	1200	1200
823	106	1170	1199	1199
2988	110	260	1020	1020
3250	29	2876	1221	1221
3098	29	520	1218	1218
1257	41	3267	1058	1058
573	5	511	1040	1040
2241	152	1563	1006	1006
602	84	116	1238	1238
3279	106	1033	1046	1046
2679	29	1234	1235	1235
925	105	1386	1005	1005
39	110	1736	1055	1055
1551	68	984	1160	1160
1071	41	1081	1110	1110
2459	41	458	1169	1169
1565	41	2947	1167	1167
3279	110	3268	1084	1084
3279	120	3267	1056	1056
981	110	1580	1117	1117
3382	49	2159	1043	1043
3093	118	3378	1087	1087
824	84	3033	1040	1040
2899	110	1854	1011	1011
833	30	504	1107	1107
1543	41	953	1136	1136
1541	44	2947	1087	1087
520	149	932	1169	1169
3152	95	3374	1023	1023
1149	128	1085	1085	1085
396	44	2619	1189	1189
984	143	3279	1206	1206
1082	41	1564	1027	1027
2184	113	3069	1160	1160
2356	44	520	1145	1145
2826	106	2882	1164	1164
1293	65	924	1114	1114
66	110	227	1020	1020
978	68	1268	1161	1161
2138	152	2169	1185	1185
1016	16	1096	1056	1056
3093	82	2465	1116	1116
861	105	1487	1052	1052
2561	106	559	1082	1082
520	44	670	1036	1036
965	106	3096	1187	1187
550	63	2628	1225	1225
3061	105	3093	1039	1039
56	110	3276	1074	1074
2715	39	748	1164	1164
925	105	3407	1001	1001
1999	110	168	1016	1016
1919	5	670	1005	1005
2645	110	458	1079	1079
294	110	3250	1017	1017
3089	84	1487	1151	1151
2137	152	520	1115	1115
769	41	3242	1121	1121
860	84	3296	1050	1050
520	106	3140	1059	1059
3279	41	761	1014	1014
99	73	1473	1180	1180
479	106	692	1217	1217
1249	41	301	1134	1134
865	152	487	1073	1073
355	110	391	1103	1103
323	132	550	1080	1080
2822	105	3273	1133	1133
2638	110	3267	1102	1102
1034	73	563	1087	1087
3365	62	3283	1027	1027
3044	110	2260	1186	1186
3139	110	24	1118	1118
2085	155	1473	1040	1040
1580	108	2465	1162	1162
1958	41	762	1224	1224
3250	77	2947	1019	1019
458	109	3279	1060	1060
2979	110	1551	1073	1073
640	70	2652	1167	1167
181	0	2448	1017	1017
3090	41	426	1128	1128
3102	112	292	1024	1024
479	49	2656	1149	1149
458	41	1683	1092	1092
792	110	2183	1100	1100
770	150	2679	1105	1105
2659	106	487	1030	1030
520	84	2595	1180	1180
2656	102	2071	1146	1146
1777	5	559	1003	1003
860	71	138	1116	1116
3314	5	595	1066	1066
2638	41	2923	1094	1094
1990	110	2377	1184	1184
267	82	3045	1098	1098
2460	41	391	1204	1204
2465	143	3093	1079	1079
3033	110	3267	1149	1149
1784	110	248	1116	1116
3169	110	1537	1193	1193
66	110	210	1158	1158
1564	110	908	1065	1065
811	68	3399	1178	1178
2448	122	550	1079	1079
3276	27	3153	1051	1051
2353	41	2314	1003	1003
860	82	2464	1130	1130
1651	84	409	1010	1010
138	110	2370	1076	1076
2974	150	2135	1176	1176
10	84	458	1110	1110
987	110	1333	1210	1210
2780	110	695	1233	1233
2011	110	924	1004	1004
504	152	2906	1107	1107
1437	82	3243	1001	1001
471	110	409	1218	1218
2949	117	404	1119	1119
3042	110	458	1099	1099
1939	110	2284	1036	1036
2886	41	2277	1067	1067
1487	106	2947	1171	1171
2336	105	3279	1078	1078
3279	68	690	1134	1134
3327	95	3378	1158	1158
703	29	2084	1022	1022
2213	110	2723	1048	1048
3343	95	2435	1091	1091
3219	105	260	1032	1032
1322	44	509	1016	1016
3118	35	1584	1075	1075
520	84	2385	1168	1168
1897	62	3283	1132	1132
3275	110	676	1235	1235
2126	110	2465	1117	1117
1605	105	1102	1147	1147
355	106	1170	1029	1029
2490	110	3264	1190	1190
647	41	2435	1033	1033
3	105	3054	1163	1163
3015	118	1748	1045	1045
1143	106	3166	1210	1210
2386	118	673	1126	1126
2678	96	1438	1026	1026
520	133	670	1193	1193
2112	41	2785	1185	1185
2704	110	744	1022	1022
3130	41	1059	1139	1139
1564	67	630	1220	1220
996	110	3153	1044	1044
805	118	2250	1077	1077
1634	5	994	1094	1094
3048	84	3289	1085	1085
1369	84	2465	1101	1101
3264	77	3170	1125	1125
1423	41	3279	1235	1235
3089	29	2098	1105	1105
2236	110	2353	1102	1102
1170	110	355	1144	1144
2385	84	3275	1087	1087
2118	110	244	1076	1076
1021	100	1861	1026	1026
2651	112	977	1067	1067
1359	110	1200	1045	1045
590	84	2987	1191	1191
1793	41	2203	1037	1037
3036	108	2112	1052	1052
557	152	2562	1036	1036
1687	110	2465	1055	1055
520	133	670	1143	1143
129	71	3330	1149	1149
1431	41	827	1101	1101
2833	84	1118	1129	1129
3114	117	479	1041	1041
1551	143	2947	1174	1174
1654	41	2616	1113	1113
520	106	24	1068	1068
2728	29	2153	1144	1144
3279	45	3275	1099	1099
296	106	3275	1149	1149
932	110	355	1086	1086
1797	95	2465	1041	1041
2595	41	2377	1031	1031
1233	95	3183	1052	1052
2465	95	3378	1230	1230
924	110	1102	1098	1098
2679	5	734	1237	1237
2892	41	1690	1234	1234
3327	71	860	1198	1198
1551	29	523	1015	1015
458	106	3272	1071	1071
3250	41	1118	1105	1105
2548	107	2947	1050	1050
2302	143	1940	1031	1031
1732	98	1220	1239	1239
1541	106	984	1080	1080
2343	41	1683	1113	1113
458	29	3136	1126	1126
2842	131	734	1165	1165
2679	110	2167	1018	1018
391	110	301	1226	1226
336	110	334	1097	1097
1540	16	1832	1084	1084
2336	105	3275	1058	1058
3111	110	1551	1012	1012
2144	155	447	1129	1129
2385	41	3053	1144	1144
2021	110	3139	1181	1181
881	106	3279	1179	1179
3383	84	1860	1081	1081
2252	72	329	1032	1032
1118	106	3272	1148	1148
609	41	1928	1035	1035
3076	44	845	1047	1047
2041	110	1170	1041	1041
8	110	2880	1005	1005
1275	110	3250	1022	1022
405	94	2108	1073	1073
43	110	1751	1044	1044
357	42	1731	1065	1065
3378	110	2385	1117	1117
860	110	3198	1230	1230
1102	49	1861	1207	1207
308	48	2974	1213	1213
2974	41	1102	1029	1029
1317	44	129	1190	1190
520	152	1399	1192	1192
1694	95	3030	1084	1084
3279	98	2465	1026	1026
3276	44	2177	1009	1009
1732	95	2748	1023	1023
373	44	409	1065	1065
1249	106	520	1213	1213
3327	84	261	1142	1142
415	110	2658	1043	1043
3394	110	2125	1032	1032
409	95	1110	1106	1106
2726	110	3214	1042	1042
1068	118	3279	1016	1016
1333	118	1547	1148	1148
2151	152	3153	1018	1018
2277	110	1170	1056	1056
1740	44	1170	1187	1187
1564	155	2556	1138	1138
1278	41	1831	1126	1126
3085	155	2133	1160	1160
310	110	2167	1011	1011
3275	67	3153	1121	1121
138	106	2522	1228	1228
2058	63	676	1136	1136
2712	110	2150	1058	1058
2041	5	268	1112	1112
3273	129	2824	1071	1071
3407	110	1506	1063	1063
2460	84	3032	1088	1088
2797	115	1487	1091	1091
1547	71	2974	1142	1142
1668	84	1733	1050	1050
2401	110	1551	1014	1014
1862	105	161	1203	1203
1309	110	928	1203	1203
720	110	693	1079	1079
3118	62	1170	1213	1213
829	41	1674	1095	1095
3057	105	2940	1161	1161
3311	136	3276	1131	1131
1258	41	98	1179	1179
532	106	1182	1154	1154
1123	133	2353	1022	1022
3279	109	1411	1030	1030
78	150	3265	1091	1091
1411	113	3153	1121	1121
870	41	1291	1046	1046
57	150	3166	1134	1134
1362	41	3254	1066	1066
1085	110	1597	1212	1212
1253	106	3360	1170	1170
520	153	2679	1080	1080
624	58	1554	1207	1207
2808	62	3283	1177	1177
3272	81	3093	1008	1008
17	84	3269	1121	1121
1793	5	2576	1114	1114
2679	122	447	1154	1154
2432	110	860	1177	1177
526	152	1565	1156	1156
1982	41	2550	1109	1109
3061	84	458	1185	1185
605	110	2707	1162	1162
382	110	137	1103	1103
1514	41	2385	1123	1123
590	62	1837	1087	1087
3250	143	203	1060	1060
1953	110	1159	1010	1010
3378	110	458	1102	1102
301	110	1487	1196	1196
3275	41	1085	1072	1072
1906	105	1580	1011	1011
3279	67	571	1091	1091
328	110	3275	1021	1021
2642	110	3275	1151	1151
3279	78	1551	1171	1171
2507	41	1094	1113	1113
1311	110	1154	1191	1191
3275	102	721	1076	1076
277	110	3130	1053	1053
2207	15	1527	1035	1035
1402	5	2187	1080	1080
100	110	2620	1218	1218
242	152	2679	1078	1078
2316	143	281	1086	1086
227	5	116	1172	1172
1450	41	1969	1020	1020
3321	144	1170	1072	1072
2679	29	932	1188	1188
1861	29	535	1123	1123
733	152	1268	1112	1112
1793	95	2974	1058	1058
2167	150	2179	1059	1059
2295	118	1199	1077	1077
2137	152	520	1193	1193
458	84	1580	1102	1102
700	74	517	1234	1234
2385	41	2593	1113	1113
984	68	2931	1193	1193
591	44	579	1011	1011
2988	106	312	1237	1237
1298	71	1327	1235	1235
3289	95	1270	1112	1112
210	110	2058	1185	1185
1020	110	3068	1184	1184
2465	95	1683	1048	1048
3385	95	3276	1184	1184
987	6	1212	1063	1063
590	44	3275	1158	1158
1102	93	3302	1176	1176
1875	105	1487	1100	1100
2679	49	520	1058	1058
3279	41	1121	1157	1157
3310	152	2679	1015	1015
2947	41	203	1031	1031
2440	49	3110	1021	1021
323	150	1499	1076	1076
3305	110	1170	1197	1197
670	110	301	1072	1072
1500	106	300	1008	1008
2017	106	1219	1170	1170
958	106	3335	1154	1154
176	152	465	1000	1000
2210	144	197	1106	1106
473	115	3283	1202	1202
3232	110	1102	1066	1066
2219	43	407	1044	1044
765	105	3275	1108	1108
1819	49	1554	1059	1059
1506	77	458	1103	1103
1379	110	2189	1021	1021
554	119	2704	1009	1009
2178	155	550	1050	1050
2464	2	1861	1192	1192
2650	72	520	1237	1237
2685	150	2141	1047	1047
482	152	2657	1038	1038
458	121	978	1170	1170
2995	110	2944	1115	1115
3074	41	2651	1025	1025
3279	143	2947	1118	1118
1487	29	520	1237	1237
734	155	379	1219	1219
323	0	550	1126	1126
1580	77	1904	1192	1192
1961	41	2909	1035	1035
206	143	1013	1107	1107
3069	108	569	1103	1103
2772	16	559	1046	1046
1740	41	1920	1052	1052
2946	84	2947	1140	1140
932	62	3283	1211	1211
2997	144	1564	1156	1156
1371	110	1209	1214	1214
136	105	2651	1101	1101
731	110	1762	1058	1058
2281	110	1176	1238	1238
1783	110	1460	1183	1183
2718	29	2008	1233	1233
892	130	3118	1201	1201
1264	41	1045	1113	1113
1986	41	3331	1073	1073
1070	105	627	1221	1221
2444	44	3279	1192	1192
178	152	2781	1058	1058
1030	110	1752	1120	1120
970	41	1683	1099	1099
3287	110	3233	1231	1231
487	5	350	1095	1095
1565	150	3153	1043	1043
2385	41	924	1059	1059
670	5	2385	1001	1001
2188	122	583	1236	1236
1687	105	3093	1187	1187
1514	106	1218	1124	1124
138	44	860	1185	1185
2277	5	301	1012	1012
1579	49	1170	1060	1060
701	110	1170	1197	1197
3235	110	394	1102	1102
3023	150	490	1200	1200
2226	151	2803	1072	1072
2305	110	3243	1211	1211
983	44	3273	1185	1185
2507	106	3279	1036	1036
3061	71	1683	1160	1160
3245	41	341	1047	1047
2719	39	3093	1106	1106
44	150	925	1027	1027
3199	110	3327	1077	1077
3036	106	2616	1110	1110
2707	150	3189	1102	1102
1717	41	2385	1056	1056
9	106	1196	1210	1210
2718	29	572	1030	1030
2595	5	3145	1239	1239
2266	106	499	1223	1223
260	29	2071	1211	1211
2193	150	2951	1107	1107
2228	67	3085	1143	1143
2108	74	3066	1005	1005
2679	29	3357	1086	1086
2261	110	3022	1069	1069
510	109	2896	1080	1080
3327	41	860	1233	1233
2343	41	3048	1024	1024
656	41	957	1111	1111
2637	108	399	1083	1083
1694	95	870	1037	1037
39	29	2652	1001	1001
2748	105	2613	1017	1017
3279	19	458	1122	1122
328	105	161	1140	1140
2947	95	1067	1134	1134
1170	87	520	1132	1132
313	110	2167	1158	1158
2434	110	878	1120	1120
3373	41	1547	1112	1112
1564	154	3153	1177	1177
3061	105	2119	1119	1119
2680	29	1001	1035	1035
3129	110	2610	1154	1154
3166	84	1418	1189	1189
2824	95	967	1215	1215
227	110	301	1230	1230
1930	84	2912	1073	1073
592	133	1899	1054	1054
2921	106	924	1144	1144
1453	110	1170	1025	1025
1888	110	860	1013	1013
1565	113	1564	1095	1095
860	84	3152	1009	1009
301	41	670	1102	1102
2229	150	2154	1085	1085
1836	68	1121	1036	1036
984	121	2929	1026	1026
1280	49	1170	1108	1108
641	152	2189	1057	1057
2343	82	3061	1119	1119
1487	131	342	1053	1053
186	33	473	1026	1026
2187	154	3190	1178	1178
3074	41	2651	1032	1032
2293	109	2465	1107	1107
2277	5	520	1194	1194
1224	41	3228	1201	1201
300	105	1121	1155	1155
520	84	1487	1237	1237
1553	110	1551	1012	1012
1121	105	3327	1137	1137
1580	95	1846	1216	1216
1916	5	2328	1055	1055
2515	39	520	1199	1199
254	110	1170	1138	1138
1213	41	1072	1052	1052
236	0	473	1019	1019
391	118	121	1035	1035
1069	110	1566	1106	1106
3167	41	932	1067	1067
1683	143	970	1063	1063
80	143	2956	1130	1130
1723	110	3275	1234	1234
734	62	3283	1180	1180
1102	110	984	1176	1176
1170	153	520	1086	1086
2534	44	2464	1219	1219
2003	110	2711	1091	1091
563	109	2536	1096	1096
2343	65	3061	1077	1077
688	110	893	1033	1033
2947	41	3250	1018	1018
977	95	1580	1125	1125
521	153	392	1186	1186
3279	44	458	1178	1178
3105	41	3387	1158	1158
3279	77	3093	1051	1051
585	62	3283	1020	1020
3303	68	3380	1114	1114
1282	150	443	1002	1002
710	46	2929	1136	1136
1220	105	1057	1030	1030
1646	84	2385	1095	1095
2385	65	2254	1219	1219
3279	71	1551	1205	1205
2831	110	670	1197	1197
360	32	539	1154	1154
1132	110	1667	1066	1066
2947	67	2142	1034	1034
3299	16	558	1010	1010
1389	41	1967	1068	1068
1588	105	3254	1057	1057
153	14	1328	1210	1210
473	49	2980	1094	1094
2947	106	271	1029	1029
2707	110	3159	1152	1152
3061	41	1686	1039	1039
1762	110	1102	1099	1099
1580	95	2465	1127	1127
1152	41	1378	1151	1151
807	118	1218	1157	1157
1221	110	2311	1219	1219
301	118	919	1086	1086
1755	49	479	1031	1031
2679	122	447	1212	1212
1429	110	267	1177	1177
301	110	1488	1123	1123
2657	29	2072	1062	1062
2681	29	523	1117	1117
2346	95	2989	1121	1121
2201	118	2167	1116	1116
2221	110	2137	1063	1063
2656	84	260	1142	1142
1180	118	88	1016	1016
1205	94	2367	1085	1085
605	110	2968	1141	1141
761	118	2444	1149	1149
1170	85	1399	1085	1085
1105	84	1487	1074	1074
860	71	2465	1087	1087
1809	44	984	1184	1184
1700	138	580	1022	1022
2486	41	661	1051	1051
2826	106	2882	1234	1234
1126	44	1170	1221	1221
2109	73	591	1033	1033
2353	110	1196	1030	1030
2155	150	39	1222	1222
1212	116	3153	1109	1109
806	68	2510	1176	1176
2630	71	1356	1132	1132
1034	95	1863	1193	1193
3317	84	340	1074	1074
1098	110	978	1180	1180
458	106	1580	1022	1022
2679	110	900	1122	1122
1335	110	1178	1169	1169
1170	110	391	1134	1134
2862	106	585	1173	1173
391	110	1043	1230	1230
520	48	701	1152	1152
2341	68	267	1077	1077
2048	44	290	1153	1153
2444	68	411	1097	1097
814	110	3276	1028	1028
458	41	3093	1126	1126
1293	84	267	1014	1014
2333	105	3089	1162	1162
3284	110	3302	1186	1186
2680	5	2350	1167	1167
2915	143	2963	1186	1186
533	106	3120	1226	1226
3224	95	2028	1204	1204
610	5	473	1050	1050
328	105	259	1041	1041
21	44	1579	1143	1143
2452	84	1265	1058	1058
458	71	1102	1056	1056
2446	44	981	1070	1070
307	44	2448	1064	1064
2975	150	184	1043	1043
2704	102	554	1016	1016
863	133	491	1135	1135
2679	29	1271	1028	1028
1255	68	317	1228	1228
2458	84	2126	1139	1139
2385	106	1487	1066	1066
1731	118	3302	1206	1206
2709	120	2349	1050	1050
2679	110	1140	1195	1195
3289	84	1673	1084	1084
2947	41	922	1102	1102
458	77	3279	1023	1023
2947	95	1240	1030	1030
97	106	563	1123	1123
2875	14	2353	1182	1182
1337	110	2172	1127	1127
2679	29	242	1179	1179
2463	102	3254	1104	1104
2724	5	2102	1089	1089
301	95	304	1168	1168
1820	82	1566	1147	1147
924	110	458	1005	1005
3276	95	149	1235	1235
3244	41	1054	1204	1204
1487	110	3275	1192	1192
1625	5	516	1169	1169
203	41	2947	1134	1134
563	72	2948	1038	1038
3133	41	2595	1132	1132
2835	41	1170	1050	1050
2947	84	1102	1050	1050
3319	41	884	1185	1185
2191	110	2155	1192	1192
2221	150	2137	1190	1190
1010	77	2482	1035	1035
2385	7	1170	1036	1036
483	84	296	1184	1184
10	84	458	1035	1035
3327	105	3250	1093	1093
458	95	306	1174	1174
1971	102	343	1109	1109
1564	32	526	1130	1130
1382	41	138	1085	1085
3275	143	2947	1121	1121
3126	119	2657	1217	1217
362	63	2207	1156	1156
1487	118	2385	1186	1186
2953	84	2614	1199	1199
1635	110	1170	1151	1151
2947	150	3279	1014	1014
526	147	1564	1057	1057
1099	118	1564	1088	1088
1683	89	2126	1128	1128
11	49	1188	1049	1049
457	102	494	1203	1203
0	7	301	1199	1199
3279	71	458	1227	1227
2541	133	520	1233	1233
3033	84	1404	1128	1128
458	82	2645	1015	1015
1839	110	2974	1126	1126
2703	152	2805	1106	1106
1531	0	473	1232	1232
1305	153	487	1077	1077
701	133	520	1018	1018
3008	5	2603	1152	1152
2055	29	2071	1087	1087
1170	110	2167	1117	1117
1731	84	458	1009	1009
984	143	3267	1107	1107
1366	105	3093	1098	1098
2681	29	523	1100	1100
1102	95	2435	1091	1091
1362	108	3045	1158	1158
1308	77	2740	1234	1234
2058	106	301	1229	1229
1551	29	2998	1034	1034
398	84	2338	1074	1074
2947	150	730	1045	1045
2947	44	3279	1097	1097
152	128	1265	1142	1142
1750	108	2234	1102	1102
1487	110	2460	1087	1087
23	62	668	1133	1133
24	68	913	1198	1198
2030	110	670	1213	1213
1237	41	1960	1031	1031
2974	150	3385	1063	1063
907	82	3246	1141	1141
3172	110	1580	1070	1070
458	143	2465	1129	1129
3328	110	41	1156	1156
2465	133	2343	1167	1167
3279	82	3093	1118	1118
2207	110	2703	1021	1021
1329	5	2081	1166	1166
2004	41	2605	1053	1053
979	133	3387	1023	1023
1565	110	1279	1100	1100
559	106	1542	1239	1239
591	7	574	1163	1163
2444	84	2556	1128	1128
144	110	1906	1045	1045
3279	150	2187	1169	1169
559	72	2181	1185	1185
907	5	2824	1011	1011
1726	110	2472	1058	1058
479	108	2259	1064	1064
3357	106	1170	1066	1066
3279	84	2763	1021	1021
1610	41	288	1080	1080
2863	110	3174	1013	1013
3351	41	458	1146	1146
1099	41	300	1018	1018
458	41	2947	1114	1114
137	84	2890	1237	1237
1651	71	3323	1066	1066
562	87	1778	1088	1088
3077	110	1361	1116	1116
995	72	577	1149	1149
3166	150	236	1163	1163
458	110	3136	1127	1127
1147	5	2656	1209	1209
260	95	1112	1042	1042
860	44	1643	1227	1227
1380	118	2893	1011	1011
2679	29	2081	1117	1117
491	84	409	1157	1157
701	66	520	1194	1194
448	49	1330	1143	1143
1896	5	3089	1059	1059
2804	119	2702	1152	1152
2040	110	390	1192	1192
1846	118	3176	1179	1179
458	68	41	1111	1111
261	68	1551	1109	1109
3279	98	352	1055	1055
2703	155	550	1084	1084
3250	35	3279	1231	1231
1092	110	3250	1031	1031
1054	41	1609	1092	1092
2831	41	301	1011	1011
131	105	296	1122	1122
670	51	210	1018	1018
2139	152	2170	1054	1054
210	5	1487	1186	1186
2438	84	1572	1071	1071
523	5	2681	1072	1072
2679	48	3392	1213	1213
960	110	1153	1073	1073
138	108	1121	1226	1226
2947	77	978	1068	1068
2679	120	520	1087	1087
1267	88	496	1215	1215
2474	105	2773	1130	1130
2695	69	3279	1165	1165
2679	106	2058	1009	1009
3286	84	1668	1228	1228
550	152	1004	1004	1004
1384	71	3061	1152	1152
2680	122	521	1044	1044
1990	110	1170	1213	1213
3276	102	2465	1058	1058
1992	5	524	1197	1197
924	84	3378	1003	1003
3153	120	2187	1073	1073
2755	68	458	1081	1081
2058	49	1170	1199	1199
3217	106	2466	1099	1099
491	44	1153	1239	1239
635	59	2500	1212	1212
1601	118	1596	1088	1088
3378	107	1506	1135	1135
479	133	375	1119	1119
1683	41	1382	1111	1111
590	62	3283	1081	1081
1067	84	1662	1072	1072
2465	41	2126	1150	1150
1077	105	2947	1098	1098
3250	95	3168	1226	1226
3093	29	573	1169	1169
3161	118	675	1205	1205
2081	36	3283	1127	1127
102	41	2947	1191	1191
1487	109	520	1035	1035
2109	95	130	1003	1003
3021	29	573	1165	1165
604	16	528	1220	1220
1578	5	2679	1118	1118
3158	29	3357	1183	1183
821	41	301	1213	1213
300	110	1564	1194	1194
2385	84	765	1200	1200
1238	118	1902	1092	1092
131	49	2741	1096	1096
1246	118	920	1229	1229
3327	105	1580	1037	1037
478	84	203	1155	1155
1916	5	301	1023	1023
121	84	2981	1107	1107
767	69	2947	1089	1089
1755	110	2656	1211	1211
1293	44	1102	1104	1104
2862	44	3279	1089	1089
2920	44	2929	1085	1085
277	84	3275	1217	1217
391	41	2835	1239	1239
1912	110	1648	1215	1215
487	48	1015	1097	1097
2638	106	984	1063	1063
2137	152	1487	1050	1050
1842	134	3070	1168	1168
663	5	2306	1078	1078
163	155	473	1021	1021
2947	68	3279	1197	1197
494	105	3288	1128	1128
1293	110	2465	1219	1219
365	98	563	1102	1102
2205	105	3279	1227	1227
1205	122	1854	1047	1047
1204	84	1721	1010	1010
1888	133	860	1217	1217
2081	152	2679	1160	1160
2007	110	2228	1095	1095
1566	128	1085	1084	1084
3097	118	2827	1134	1134
1683	138	591	1129	1129
3378	82	3061	1123	1123
837	110	1116	1014	1014
3319	118	687	1191	1191
1994	41	458	1239	1239
3276	109	3153	1186	1186
1147	5	1849	1063	1063
2655	29	478	1109	1109
1580	118	1683	1073	1073
1683	143	860	1230	1230
1798	110	458	1173	1173
1170	109	1487	1210	1210
409	29	491	1153	1153
1287	110	2929	1224	1224
1892	5	649	1113	1113
2277	110	301	1097	1097
2703	29	743	1057	1057
3296	5	627	1218	1218
352	78	1511	1182	1182
2947	84	1551	1060	1060
2632	118	1491	1095	1095
2793	119	2675	1034	1034
538	5	207	1151	1151
1000	110	1487	1043	1043
926	41	3276	1084	1084
137	118	860	1183	1183
2953	41	2336	1061	1061
2044	5	2687	1227	1227
1147	109	632	1107	1107
250	110	2485	1217	1217
2606	118	139	1031	1031
2353	107	550	1073	1073
849	110	2329	1113	1113
3095	105	260	1073	1073
1329	84	520	1099	1099
133	128	1564	1134	1134
2167	150	1487	1106	1106
3250	72	3033	1117	1117
2050	41	984	1085	1085
1515	110	388	1191	1191
1646	84	1487	1095	1095
2813	62	2444	1149	1149
2452	110	3260	1040	1040
2833	41	84	1151	1151
2679	35	520	1019	1019
228	118	1551	1209	1209
2548	53	458	1191	1191
3289	68	1580	1190	1190
2313	106	595	1204	1204
1564	143	3093	1025	1025
2651	110	3279	1065	1065
2657	110	2364	1161	1161
2680	110	243	1041	1041
3087	110	231	1227	1227
2119	95	3061	1121	1121
1580	106	3376	1171	1171
555	62	1564	1096	1096
412	118	2827	1132	1132
474	44	1277	1020	1020
1888	106	3276	1051	1051
3302	82	228	1046	1046
3065	29	568	1066	1066
1396	110	2990	1109	1109
3319	106	2748	1130	1130
1711	110	927	1186	1186
1593	41	1605	1147	1147
3279	44	2465	1048	1048
2947	65	3327	1101	1101
2918	62	3283	1060	1060
520	41	2515	1028	1028
3375	133	3161	1157	1157
2588	150	586	1106	1106
2707	110	746	1207	1207
907	102	2556	1059	1059
1329	110	2574	1101	1101
41	95	458	1209	1209
3250	116	580	1021	1021
1498	143	1184	1002	1002
1957	41	3319	1144	1144
1063	128	2947	1088	1088
2277	71	213	1069	1069
1565	41	1422	1056	1056
457	143	627	1188	1188
1880	110	434	1053	1053
569	106	366	1157	1157
2422	95	2277	1030	1030
1293	105	1487	1044	1044
2542	29	448	1202	1202
1901	110	3278	1138	1138
2108	41	2126	1208	1208
1790	110	2538	1136	1136
2924	102	2947	1128	1128
1571	118	981	1136	1136
3378	95	1683	1154	1154
2465	29	591	1121	1121
563	72	1487	1002	1002
1436	84	2630	1015	1015
1147	110	723	1172	1172
1395	150	3192	1066	1066
3093	84	573	1118	1118
3146	41	3323	1007	1007
509	86	1102	1103	1103
2041	49	1170	1171	1171
2548	106	2422	1064	1064
561	106	3276	1008	1008
2449	29	1999	1226	1226
856	41	779	1002	1002
860	105	981	1206	1206
1487	95	1936	1080	1080
2353	110	2448	1074	1074
508	68	1889	1233	1233
147	110	775	1109	1109
3327	105	3254	1100	1100
1329	105	2556	1043	1043
3020	95	924	1035	1035
2912	71	1054	1121	1121
2259	44	888	1162	1162
2462	44	2277	1192	1192
334	95	2333	1099	1099
3279	110	3093	1056	1056
3031	108	591	1023	1023
391	110	1170	1017	1017
129	110	984	1096	1096
3406	110	458	1094	1094
1306	41	2638	1146	1146
520	84	2418	1168	1168
550	116	2178	1196	1196
691	41	2891	1169	1169
524	152	2223	1107	1107
591	109	51	1138	1138
2460	84	3344	1230	1230
39	41	2464	1045	1045
138	84	987	1109	1109
1146	143	1547	1157	1157
3279	95	1325	1114	1114
1487	110	425	1063	1063
520	44	2679	1055	1055
591	5	2950	1128	1128
900	68	892	1008	1008
860	82	2343	1074	1074
1775	46	226	1073	1073
1014	18	1814	1044	1044
640	116	39	1070	1070
2595	41	2026	1193	1193
210	36	3283	1163	1163
1730	110	2856	1057	1057
328	106	2947	1042	1042
391	5	2831	1115	1115
1912	110	301	1239	1239
1941	49	984	1215	1215
2492	7	1170	1014	1014
2645	77	3093	1119	1119
173	152	2217	1211	1211
1564	44	3278	1083	1083
1487	5	670	1173	1173
971	105	300	1204	1204
2595	41	2594	1017	1017
2679	110	749	1194	1194
1740	44	2058	1017	1017
1875	18	520	1219	1219
984	44	3250	1037	1037
1623	110	1589	1216	1216
670	5	1249	1008	1008
1797	41	2301	1017	1017
149	118	3093	1231	1231
2556	110	3279	1039	1039
111	5	1216	1133	1133
2644	110	746	1142	1142
515	63	260	1120	1120
1099	105	2630	1042	1042
1333	84	987	1178	1178
458	41	1487	1081	1081
2278	110	1551	1152	1152
1247	106	1120	1236	1236
2759	110	1170	1051	1051
2679	29	3357	1067	1067
2781	84	1487	1233	1233
3392	110	1170	1229	1229
2297	112	3276	1207	1207
1305	109	334	1004	1004
1007	49	1487	1098	1098
1683	71	2343	1134	1134
2984	110	1659	1219	1219
952	71	92	1035	1035
2094	155	2181	1220	1220
121	84	279	1168	1168
1505	41	2435	1087	1087
2465	5	860	1204	1204
785	110	1970	1198	1198
1457	110	2181	1046	1046
1487	95	301	1134	1134
172	105	3289	1036	1036
1737	118	1732	1165	1165
2947	95	300	1203	1203
1885	70	2773	1040	1040
520	152	2797	1092	1092
892	144	447	1039	1039
1321	105	3055	1036	1036
1110	41	860	1160	1160
1487	82	2548	1066	1066
985	118	984	1199	1199
3407	95	2947	1066	1066
296	128	1085	1085	1085
2202	110	2169	1169	1169
391	52	1280	1066	1066
1085	110	3279	1113	1113
156	5	515	1237	1237
2947	95	3164	1130	1130
124	110	2593	1095	1095
2125	148	2465	1053	1053
1921	44	1170	1015	1015
2915	41	2963	1178	1178
1369	41	1683	1160	1160
2671	110	930	1068	1068
1885	110	458	1231	1231
2343	41	2929	1155	1155
924	110	3153	1106	1106
138	84	136	1077	1077
3192	82	1731	1001	1001
1683	41	860	1006	1006
580	147	3153	1224	1224
3199	105	458	1031	1031
984	71	3030	1038	1038
2041	110	1487	1187	1187
121	77	1430	1222	1222
260	143	1580	1159	1159
1719	110	1972	1050	1050
3182	110	1840	1031	1031
3352	44	138	1165	1165
491	16	1260	1026	1026
3276	112	2739	1035	1035
2310	110	1710	1083	1083
2929	110	3223	1212	1212
900	41	1329	1075	1075
1797	110	1218	1146	1146
83	68	758	1095	1095
3115	62	681	1085	1085
320	84	1904	1149	1149
2383	95	993	1018	1018
260	29	479	1035	1035
1147	106	888	1058	1058
2862	105	3250	1015	1015
2947	95	3327	1094	1094
1772	110	1779	1114	1114
3166	116	2155	1226	1226
2864	106	1564	1100	1100
2679	114	1487	1135	1135
1701	95	405	1039	1039
1679	82	495	1032	1032
520	44	3279	1017	1017
734	5	2679	1004	1004
279	29	482	1046	1046
2732	5	994	1220	1220
3093	95	1848	1213	1213
1098	110	3153	1105	1105
3275	143	1121	1113	1113
458	98	2465	1140	1140
1470	105	3250	1204	1204
718	133	2974	1086	1086
257	110	2929	1032	1032
3272	118	2343	1117	1117
3275	84	1110	1109	1109
3224	71	2385	1061	1061
1487	95	300	1038	1038
1483	118	1854	1128	1128
960	77	351	1127	1127
583	1	2640	1146	1146
2947	108	3166	1087	1087
1102	77	3275	1122	1122
1487	82	2679	1231	1231
860	84	3327	1154	1154
2465	5	3279	1135	1135
859	110	228	1214	1214
3276	44	3308	1056	1056
301	110	1487	1038	1038
2707	155	864	1044	1044
860	105	3069	1234	1234
2677	150	516	1021	1021
1096	44	1827	1053	1053
2546	29	563	1036	1036
3033	77	2333	1133	1133
2453	41	2464	1193	1193
3327	110	2992	1155	1155
2419	110	3275	1185	1185
3076	105	301	1226	1226
815	110	3089	1140	1140
2464	68	860	1060	1060
2466	110	3275	1200	1200
670	110	1990	1120	1120
391	108	670	1113	1113
2243	119	2702	1200	1200
105	88	582	1011	1011
192	155	3357	1229	1229
3203	20	2708	1044	1044
2886	41	2679	1155	1155
3093	95	3397	1157	1157
242	155	520	1038	1038
1564	150	1551	1131	1131
277	95	1096	1141	1141
2465	82	3093	1017	1017
1487	110	1892	1023	1023
355	51	520	1085	1085
2453	106	2751	1217	1217
520	44	2679	1101	1101
3378	84	458	1005	1005
1423	107	1793	1237	1237
3254	105	3327	1226	1226
2447	41	1908	1170	1170
396	110	671	1189	1189
3279	106	1580	1184	1184
3356	115	1268	1073	1073
267	143	1662	1223	1223
3275	150	3279	1107	1107
1855	29	75	1168	1168
1614	110	1564	1169	1169
168	152	550	1231	1231
2265	49	3276	1235	1235
487	62	3283	1203	1203
165	44	492	1032	1032
703	5	525	1138	1138
520	66	272	1219	1219
2377	109	520	1080	1080
2121	41	1594	1155	1155
2657	29	520	1109	1109
227	41	1329	1220	1220
3279	143	3288	1225	1225
734	152	24	1211	1211
1300	71	1016	1122	1122
2187	150	3153	1050	1050
3378	95	1339	1182	1182
2187	150	580	1201	1201
66	110	1487	1020	1020
1080	118	1689	1005	1005
2985	142	2464	1212	1212
2574	105	409	1052	1052
1551	71	984	1163	1163
2791	62	3283	1150	1150
2664	29	491	1159	1159
1487	41	1741	1056	1056
3166	150	39	1026	1026
3211	77	1945	1158	1158
915	110	2181	1102	1102
2056	110	422	1078	1078
2271	84	1326	1106	1106
2385	84	3152	1018	1018
1113	110	1793	1163	1163
1974	118	3059	1073	1073
1303	41	1964	1179	1179
1567	84	1425	1212	1212
3276	68	1208	1120	1120
1311	77	1334	1128	1128
1102	110	2904	1077	1077
3024	144	3381	1028	1028
1720	0	2109	1147	1147
1857	106	2289	1142	1142
1067	110	1551	1187	1187
3061	41	3327	1143	1143
1646	41	2385	1030	1030
1293	41	3378	1161	1161
813	71	2692	1143	1143
2190	122	454	1101	1101
1895	62	3283	1040	1040
1866	110	670	1216	1216
2039	110	1809	1008	1008
645	118	3106	1035	1035
1657	41	2252	1128	1128
1580	95	1846	1131	1131
1401	106	2022	1014	1014
3219	84	3279	1182	1182
1506	95	1885	1178	1178
1437	82	3243	1000	1000
1643	110	409	1031	1031
2450	110	2448	1198	1198
2857	63	670	1203	1203
3373	41	2953	1210	1210
959	44	860	1098	1098
2718	155	2098	1164	1164
3327	112	860	1184	1184
