subject	relation	object	time_step	datetime
ITALY	026 Appeal to others to meet or negotiate	HILLARY CLINTON	27180	2018-01-19 21:00
IRELAND	043 Host a visit	BISHOP	5535	2018-01-04 20:15
RESIDENTS	090 Investigate, not specified below	SECRET POLICE	1830	2018-01-02 06:30
ISRAEL	162 Reduce or stop aid, not specified below	PALESTINIAN	31740	2018-01-23 01:00
UNITED STATES	042 Make a visit	WRITER	13215	2018-01-10 04:15
BRITAIN	141 Demonstrate or rally	THERESA MAY	12225	2018-01-09 11:45
SUDANESE	190 Use conventional military force, not specified below	STUDENT PROTESTER	11370	2018-01-08 21:30
CYPRUS	190 Use conventional military force, not specified below	TERRORIST	6720	2018-01-05 16:00
VILLAGE	057 Sign formal agreement	UNITED STATES	31605	2018-01-22 22:45
KEDAH	042 Make a visit	SCHOOL	5235	2018-01-04 15:15
UNITED KINGDOM	010 Make statement, not specified below	UNIVERSITY	28995	2018-01-21 03:15
IRAN	010 Make statement, not specified below	IRANIAN	31710	2018-01-23 00:30
EMBASSY	036 Express intent to meet or negotiate	GERMANY	24060	2018-01-17 17:00
RUSSIA	150 Demonstrate military or police power, not specified below	NATO	4500	2018-01-04 03:00
ISLAMIC	042 Make a visit	ISRAELI	25545	2018-01-18 17:45
CHINESE	042 Make a visit	FRENCH	18945	2018-01-14 03:45
HOSPITAL	042 Make a visit	GOVERNMENT	2265	2018-01-02 13:45
NEW DELHI	010 Make statement, not specified below	GOVERNMENT	2145	2018-01-02 11:45
GERMANY	020 Appeal, not specified below	UN MISSION	4830	2018-01-04 08:30
MAGAZINE	042 Make a visit	ISRAELI	11190	2018-01-08 18:30
UNITED STATES	173 Arrest, detain, or charge with legal action 	POLICE	11655	2018-01-09 02:15
POLICE	130 Threaten, not specified below	POLE	22725	2018-01-16 18:45
THE WHITE HOUSE	111 Criticize or denounce 	UNITED STATES	25920	2018-01-19 00:00
UNITED STATES	042 Make a visit	GOVERNMENT	1965	2018-01-02 08:45
AFRICA	040 Consult, not specified below	EL SALVADOR	24525	2018-01-18 00:45
MELBOURNE	173 Arrest, detain, or charge with legal action 	AUSTRALIA	10305	2018-01-08 03:45
GENERAL ASSEMBLY	051 Praise or endorse	UNITED STATES	30975	2018-01-22 12:15
UNITED STATES	010 Make statement, not specified below	ATTORNEY	27525	2018-01-20 02:45
RUSSIA	012 Make pessimistic comment	TURKISH	30345	2018-01-22 01:45
WEST BANK	190 Use conventional military force, not specified below	RABBI	24060	2018-01-17 17:00
UNITED STATES	013 Make optimistic comment	CONGRESSMAN	18795	2018-01-14 01:15
AMERICAN	043 Host a visit	HONDURAS	11265	2018-01-08 19:45
WEST BANK	181 Abduct, hijack, or take hostage 	HAMAS	20685	2018-01-15 08:45
UNITED STATES	014 Consider policy option	MILITARY	25530	2018-01-18 17:30
GUNMAN	190 Use conventional military force, not specified below	UNITED STATES	13365	2018-01-10 06:45
NORTH AMERICA	010 Make statement, not specified below	JAPAN	34050	2018-01-24 15:30
SAUDI ARABIA	043 Host a visit	LAWYER	495	2018-01-01 08:15
PANAMA	030 Express intent to cooperate, not specified below	SOUTH KOREA	32385	2018-01-23 11:45
RUSSIA	0833 Accede to demands for rights	CRIMEA	33975	2018-01-24 14:15
AFGHANISTAN	080 Yield, not specified below 	PAKISTAN	7515	2018-01-06 05:15
MUMBAI	020 Appeal, not specified below	MINISTRY	30225	2018-01-21 23:45
CRIMINAL	063 Engage in judicial cooperation	NEW ZEALAND	18990	2018-01-14 04:30
KOLKATA	127 Reject plan, agreement to settle dispute	COMPANY	15495	2018-01-11 18:15
RIYADH	030 Express intent to cooperate, not specified below	TEL AVIV	13350	2018-01-10 06:30
VANCOUVER	140 Engage in political dissent, not specified below	CONSULATE	7305	2018-01-06 01:45
JOHANNESBURG	0831 Accede to demands for change in leadership	JACOB ZUMA	11085	2018-01-08 16:45
BANK	010 Make statement, not specified below	RESIDENTS	32535	2018-01-23 14:15
UNITED STATES	057 Sign formal agreement	CANADA	15390	2018-01-11 16:30
MADRID	084 Return, release, not specified below	SPAIN	5220	2018-01-04 15:00
OBAMA	042 Make a visit	UNITED KINGDOM	4800	2018-01-04 08:00
NIGERIA	020 Appeal, not specified below	JOURNALIST	16860	2018-01-12 17:00
PHILIPPINE	036 Express intent to meet or negotiate	PRESIDENT	4980	2018-01-04 11:00
SHENZHEN	166 Expel or withdraw, not specified below	UNITED STATES	16050	2018-01-12 03:30
GOVERNANCE	190 Use conventional military force, not specified below	UNITED STATES	15615	2018-01-11 20:15
TURKEY	111 Criticize or denounce 	COMMUNITY	25950	2018-01-19 00:30
POLICE	015 Acknowledge or claim responsibility	SANTIAGO	12900	2018-01-09 23:00
ATTORNEY	181 Abduct, hijack, or take hostage 	DOCTOR	34005	2018-01-24 14:45
UNITED STATES	043 Host a visit	SERVER	2760	2018-01-02 22:00
UNITED STATES	120 Reject, not specified below	PRISON	31410	2018-01-22 19:30
KING	051 Praise or endorse	UNITED STATES	21075	2018-01-15 15:15
NASA	120 Reject, not specified below	ADVOCATE	23775	2018-01-17 12:15
DEPUTIES	114 Complain officially 	CRIMINAL	6030	2018-01-05 04:30
ATTORNEY	084 Return, release, not specified below	UNITED STATES	16815	2018-01-12 16:15
GOVERNMENT	036 Express intent to meet or negotiate	PREACHER	4230	2018-01-03 22:30
CONGRESS	020 Appeal, not specified below	PRESIDENT	24255	2018-01-17 20:15
CONSTITUENT	040 Consult, not specified below	GEORGETOWN	13950	2018-01-10 16:30
PRESIDENT	042 Make a visit	ISRAEL	26880	2018-01-19 16:00
PRESIDENT	051 Praise or endorse	SOUTH AFRICAN	26490	2018-01-19 09:30
GUATEMALA	060 Engage in material cooperation, not specified below	AMERICAN	16185	2018-01-12 05:45
ADMINISTRATION	071 Provide economic aid	ALASKA	25095	2018-01-18 10:15
PEACEKEEPING TROOP	0861 Receive deployment of peacekeepers	SYRIAN	9885	2018-01-07 20:45
PRESIDENT	022 Appeal for diplomatic cooperation, such as policy support	UNITED STATES	30480	2018-01-22 04:00
UNITED KINGDOM	042 Make a visit	CABINET	3900	2018-01-03 17:00
PRISONER	173 Arrest, detain, or charge with legal action 	MOSUL	2850	2018-01-02 23:30
UZBEKISTAN	043 Host a visit	KAZAKHSTAN	28170	2018-01-20 13:30
DEPARTMENT OF EDUCATION	010 Make statement, not specified below	STUDENT	11520	2018-01-09 00:00
UNITED STATES	010 Make statement, not specified below	WRITER	32805	2018-01-23 18:45
SAUDI ARABIA	173 Arrest, detain, or charge with legal action 	NEW ORLEANS	13830	2018-01-10 14:30
UNITED STATES	036 Express intent to meet or negotiate	POLICE	4275	2018-01-03 23:15
ISRAEL	012 Make pessimistic comment	KENYA	11655	2018-01-09 02:15
MEXICO	010 Make statement, not specified below	CANADA	5190	2018-01-04 14:30
UNITED STATES	040 Consult, not specified below	GOVERNMENT	16860	2018-01-12 17:00
INVESTOR	010 Make statement, not specified below	CREDIT SUISSE	13350	2018-01-10 06:30
GERMANY	190 Use conventional military force, not specified below	DAVOS	20850	2018-01-15 11:30
EMMERSON MNANGAGWA	046 Engage in negotiation	ZAMBIAN	27060	2018-01-19 19:00
ZAMBIA	036 Express intent to meet or negotiate	NAMIBIA	16335	2018-01-12 08:15
PRESIDENT	161 Reduce or break diplomatic relations	PALESTINIAN	7710	2018-01-06 08:30
THERESA MAY	043 Host a visit	PRIME MINISTER	16545	2018-01-12 11:45
EMPLOYEE	057 Sign formal agreement	COMPANY	15930	2018-01-12 01:30
UNITED STATES	051 Praise or endorse	STUDENT	10860	2018-01-08 13:00
ITALY	042 Make a visit	ARGENTINA	28665	2018-01-20 21:45
PRIME MINISTER	043 Host a visit	CANADA	12975	2018-01-10 00:15
RUSSIAN	043 Host a visit	UZBEKISTAN	30360	2018-01-22 02:00
SAUDI ARABIA	020 Appeal, not specified below	PRODUCER	29430	2018-01-21 10:30
FARMER	040 Consult, not specified below	UNITED STATES	27435	2018-01-20 01:15
MINIST	040 Consult, not specified below	GALWAY	3960	2018-01-03 18:00
JUDGE	010 Make statement, not specified below	DETECTIVE	26100	2018-01-19 03:00
ADVISORY BOARD	010 Make statement, not specified below	UNITED STATES	27045	2018-01-19 18:45
CHAMBER	046 Engage in negotiation	COMMUNITY	8310	2018-01-06 18:30
RAJASTHAN	0841 Return, release person(s)	COMMUNITY	23685	2018-01-17 10:45
SCIENTIST	010 Make statement, not specified below	PANAMA	31395	2018-01-22 19:15
WARSAW	042 Make a visit	CABINET	12225	2018-01-09 11:45
KAZAKHSTAN	043 Host a visit	CHINA	7755	2018-01-06 09:15
POLICE	173 Arrest, detain, or charge with legal action 	WORKER	21165	2018-01-15 16:45
GOOGLE	111 Criticize or denounce 	COMPANY	16845	2018-01-12 16:45
PRESIDENT	040 Consult, not specified below	CORRESPONDENT	13050	2018-01-10 01:30
MUNICH	040 Consult, not specified below	UNITED KINGDOM	27210	2018-01-19 21:30
FRANCE	020 Appeal, not specified below	TURKEY	29685	2018-01-21 14:45
POLICE	040 Consult, not specified below	ONTARIO	24405	2018-01-17 22:45
PRIME MINISTER	060 Engage in material cooperation, not specified below	SRI LANKA	11235	2018-01-08 19:15
UNITED STATES	120 Reject, not specified below	BARACK OBAMA	29505	2018-01-21 11:45
ATTORNEY	112 Accuse, not specified below	UNITED STATES	14985	2018-01-11 09:45
RAKHINE	040 Consult, not specified below	UNHCR	32685	2018-01-23 16:45
MURRAY	017 Engage in symbolic act	CHRISTIAN	32895	2018-01-23 20:15
COSTA RICA	190 Use conventional military force, not specified below	UNITED STATES	3270	2018-01-03 06:30
UNITED STATES	026 Appeal to others to meet or negotiate	TRINIDAD AND TOBAGO	11550	2018-01-09 00:30
RESIDENTS	070 Provide aid, not specified below	BANK	34395	2018-01-24 21:15
SINGAPORE	060 Engage in material cooperation, not specified below	COMPANY	2280	2018-01-02 14:00
SENATE	040 Consult, not specified below	MANUFACTURER	33945	2018-01-24 13:45
UNITED STATES	042 Make a visit	BERLIN	14595	2018-01-11 03:15
JOURNALIST	050 Engage in diplomatic cooperation, not specified below	ADMINISTRATION	17595	2018-01-13 05:15
UNITED STATES	010 Make statement, not specified below	IRAN	12990	2018-01-10 00:30
MILWAUKEE	173 Arrest, detain, or charge with legal action 	LAW ENFORCEMENT OFFICER	3780	2018-01-03 15:00
COMPANY	193 Fight with small arms and light weapons	BULGARIA	10920	2018-01-08 14:00
BUSINESS	112 Accuse, not specified below	UNITED STATES	24690	2018-01-18 03:30
ACTIVIST	141 Demonstrate or rally	PRESIDENT	31050	2018-01-22 13:30
UNITED STATES	042 Make a visit	STUDENT	14565	2018-01-11 02:45
WORKER	040 Consult, not specified below	PRESIDENT	10980	2018-01-08 15:00
IRANIAN	040 Consult, not specified below	GERMAN	27810	2018-01-20 07:30
UNITED STATES	013 Make optimistic comment	PUERTO RICO	22515	2018-01-16 15:15
ECUADOR	084 Return, release, not specified below	UNITED KINGDOM	17355	2018-01-13 01:15
BAHAMA	060 Engage in material cooperation, not specified below	MINIST OF LABOUR	27300	2018-01-19 23:00
CHINA	100 Demand, not specified below	BEIJING	21060	2018-01-15 15:00
ARGENTINA	036 Express intent to meet or negotiate	PRISON	6855	2018-01-05 18:15
AMERICAN CIVIL LIBERTIES UNION	020 Appeal, not specified below	DEPARTMENT OF EDUCATION	12915	2018-01-09 23:15
HOSPITAL	010 Make statement, not specified below	NONTHABURI	6735	2018-01-05 16:15
GOVERNOR	040 Consult, not specified below	NIGERIA	12285	2018-01-09 12:45
BUSINESS	042 Make a visit	FRENCH	31830	2018-01-23 02:30
THE US	042 Make a visit	BUSINESS	24525	2018-01-18 00:45
CONGRESS	114 Complain officially 	PRESIDENT	23865	2018-01-17 13:45
UNITED STATES	046 Engage in negotiation	STUDENT	12840	2018-01-09 22:00
INDIGENOUS PEOPLE	014 Consider policy option	PHILIPPINE	31905	2018-01-23 03:45
KING	020 Appeal, not specified below	JERSEY	25365	2018-01-18 14:45
BANK	071 Provide economic aid	TEXAS	19425	2018-01-14 11:45
UNITED STATES	100 Demand, not specified below	OBAMA	25335	2018-01-18 14:15
EMPLOYEE	050 Engage in diplomatic cooperation, not specified below	GOVERNOR	17490	2018-01-13 03:30
ISRAEL	075 Grant asylum	SUDAN	16215	2018-01-12 06:15
NEW JERSEY	020 Appeal, not specified below	EDUCATION OFFICIAL	11235	2018-01-08 19:15
TELUS	040 Consult, not specified below	VANCOUVER	6690	2018-01-05 15:30
PAKISTAN	043 Host a visit	AFGHANISTAN	22845	2018-01-16 20:45
NEW DELHI	084 Return, release, not specified below	GOVERNMENT	22350	2018-01-16 12:30
PAKISTAN	010 Make statement, not specified below	CHINESE	4695	2018-01-04 06:15
RUSSIA	040 Consult, not specified below	VIETNAM	32280	2018-01-23 10:00
UNITED STATES	010 Make statement, not specified below	LEGISLATURE	2895	2018-01-03 00:15
ISRAEL	042 Make a visit	DOCTOR	5475	2018-01-04 19:15
CHAMBER	071 Provide economic aid	SCHOOL	7215	2018-01-06 00:15
UNIVERSITY	051 Praise or endorse	UNITED STATES	26820	2018-01-19 15:00
DETROIT	090 Investigate, not specified below	WORKER	7530	2018-01-06 05:30
PORTLAND	037 Express intent to settle dispute	SCHOOL	33435	2018-01-24 05:15
CHIEF MINISTER	1821 Sexually assault	POLICE	29220	2018-01-21 07:00
POLICE	173 Arrest, detain, or charge with legal action 	ORLANDO	18960	2018-01-14 04:00
UNITED NATIONS	036 Express intent to meet or negotiate	AMBASSADOR	25725	2018-01-18 20:45
PUNE	112 Accuse, not specified below	PRIME MINISTER	3660	2018-01-03 13:00
ACTIVIST	138 Threaten to use military force, not specified below	TRADE UNION	17025	2018-01-12 19:45
AUSTRALIA	042 Make a visit	CROOK	16905	2018-01-12 17:45
UNITED STATES	190 Use conventional military force, not specified below	ROMANIA	25710	2018-01-18 20:30
SPAIN	031 Express intent to engage in material cooperation,  not specified below	CATALONIA	21375	2018-01-15 20:15
SLOVAK	020 Appeal, not specified below	GREAT BRITAIN	23490	2018-01-17 07:30
NEW YORK	010 Make statement, not specified below	BUSINESS	12450	2018-01-09 15:30
SCHOOL	010 Make statement, not specified below	JEWISH	24285	2018-01-17 20:45
FINN	173 Arrest, detain, or charge with legal action 	UNITED STATES	870	2018-01-01 14:30
PARLIAMENT	040 Consult, not specified below	PRISON	29220	2018-01-21 07:00
SOUTH AFRICAN	036 Express intent to meet or negotiate	MEDIA	31140	2018-01-22 15:00
EMPLOYER	046 Engage in negotiation	ONTARIO	5655	2018-01-04 22:15
UNITED STATES	070 Provide aid, not specified below	BANK	29295	2018-01-21 08:15
BRITAIN	046 Engage in negotiation	THE EU	23790	2018-01-17 12:30
GUNMEN	193 Fight with small arms and light weapons	AFGHAN	32055	2018-01-23 06:15
TELEVISION	020 Appeal, not specified below	CONGRESS	12975	2018-01-10 00:15
ISRAEL	112 Accuse, not specified below	PALESTINIAN	32685	2018-01-23 16:45
FLORIDA	036 Express intent to meet or negotiate	AIR FORCE	27240	2018-01-19 22:00
COMPANY	127 Reject plan, agreement to settle dispute	KOLKATA	15495	2018-01-11 18:15
JOURNALIST	013 Make optimistic comment	NEW DELHI	5535	2018-01-04 20:15
PUNE	190 Use conventional military force, not specified below	POLICE	13950	2018-01-10 16:30
REGIME	196 Violate ceasefire 	SCHOOL	19860	2018-01-14 19:00
SINGAPORE	173 Arrest, detain, or charge with legal action 	INTELLIGENCE OFFICER	7425	2018-01-06 03:45
WORKER	112 Accuse, not specified below	CONGRESS	20865	2018-01-15 11:45
UNITED KINGDOM	182 Physically assault, not specified below	MUSLIM MIGRANT	195	2018-01-01 03:15
UNITED STATES	052 Defend verbally	SENATOR	31170	2018-01-22 15:30
UNITED STATES	071 Provide economic aid	CHINA	31110	2018-01-22 14:30
PALESTINIAN	050 Engage in diplomatic cooperation, not specified below	ISRAEL	12855	2018-01-09 22:15
UNITED ARAB EMIRATES	042 Make a visit	LONDON	22560	2018-01-16 16:00
THE WHITE HOUSE	010 Make statement, not specified below	RUSSIA	32490	2018-01-23 13:30
POLICE	090 Investigate, not specified below	HONDA	8835	2018-01-07 03:15
NEWS OUTLET	020 Appeal, not specified below	GOVERNMENT	22800	2018-01-16 20:00
AUTHORITIES	173 Arrest, detain, or charge with legal action 	TRINIDAD	5370	2018-01-04 17:30
CONGRESS	010 Make statement, not specified below	CHINESE	26760	2018-01-19 14:00
FLORIDA	020 Appeal, not specified below	SPEAKER OF THE HOUSE	14085	2018-01-10 18:45
JUDICIARY	040 Consult, not specified below	CRIMINAL	27165	2018-01-19 20:45
MALTA	173 Arrest, detain, or charge with legal action 	CRIMINAL	22800	2018-01-16 20:00
UNITED KINGDOM	111 Criticize or denounce 	GOVERNMENT	26085	2018-01-19 02:45
NEPAL	042 Make a visit	LAWYER	10320	2018-01-08 04:00
CONGRESS	030 Express intent to cooperate, not specified below	ADMINISTRATION	7215	2018-01-06 00:15
JAMAICA	051 Praise or endorse	LONDON	16665	2018-01-12 13:45
ILLEGAL IMMIGRANT	010 Make statement, not specified below	AMERICAN	32505	2018-01-23 13:45
UNITED STATES	052 Defend verbally	DETECTIVE	7635	2018-01-06 07:15
WORKER	036 Express intent to meet or negotiate	EMPLOYER	23880	2018-01-17 14:00
TALIBAN	112 Accuse, not specified below	PAKISTANI	33000	2018-01-23 22:00
CHINA	128 Defy norms, law	COMPANY	23535	2018-01-17 08:15
CHINA	014 Consider policy option	CHINESE	15	2018-01-01 00:15
UNITED STATES	040 Consult, not specified below	CANADA	25830	2018-01-18 22:30
CZECH REPUBLIC	010 Make statement, not specified below	PRIME MINISTER	14985	2018-01-11 09:45
UNITED STATES	112 Accuse, not specified below	SENATE	22200	2018-01-16 10:00
DEPUTY	190 Use conventional military force, not specified below	IRAN	1485	2018-01-02 00:45
MUSEVENI	043 Host a visit	KAMPALA	5550	2018-01-04 20:30
GERMANY	040 Consult, not specified below	CHRISTIAN	16245	2018-01-12 06:45
MILITANT	112 Accuse, not specified below	MILITARY	33990	2018-01-24 14:30
FLORIDA	090 Investigate, not specified below	STUDENT	14385	2018-01-10 23:45
A CABINET MEETING	114 Complain officially 	COMMUNITY	11970	2018-01-09 07:30
DUBAI	012 Make pessimistic comment	IRAN	3390	2018-01-03 08:30
ARMENIA	051 Praise or endorse	SYRIA	12045	2018-01-09 08:45
HASSAN	040 Consult, not specified below	SYRIA	24705	2018-01-18 03:45
GOVERNMENT	020 Appeal, not specified below	UNIVERSITY	4230	2018-01-03 22:30
ISRAEL	051 Praise or endorse	BUSINESS	4440	2018-01-04 02:00
JUDGE	110 Disapprove, not specified below	CHAMBER	31485	2018-01-22 20:45
STUDENT	172 Impose administrative sanctions, not specified below	GOVERNMENT	22095	2018-01-16 08:15
NEW YORK CITY	1313 Threaten to reduce or break relations	PRESIDENT	34230	2018-01-24 18:30
AIRLINE	043 Host a visit	NORTH KOREAN	3885	2018-01-03 16:45
EMPLOYEE	173 Arrest, detain, or charge with legal action 	PRISON	32445	2018-01-23 12:45
THE US	051 Praise or endorse	BUSINESS	23640	2018-01-17 10:00
TURKISH	190 Use conventional military force, not specified below	CIVILIAN	32610	2018-01-23 15:30
DIRECTOR GENERAL	010 Make statement, not specified below	SAMOA	6075	2018-01-05 05:15
THE US	162 Reduce or stop aid, not specified below	MILITARY	6225	2018-01-05 07:45
METHODIST CHURCH	012 Make pessimistic comment	UNITED STATES	28035	2018-01-20 11:15
ARGENTINA	090 Investigate, not specified below	RUSSIA	21645	2018-01-16 00:45
RETIRED	042 Make a visit	APACHE	24195	2018-01-17 19:15
LAOS	043 Host a visit	HO CHI MINH CITY	7890	2018-01-06 11:30
WORKER	040 Consult, not specified below	ADMINISTRATION	12915	2018-01-09 23:15
ISRAEL	051 Praise or endorse	PALESTINIAN	23415	2018-01-17 06:15
SENATE	111 Criticize or denounce 	GOVERNMENT	26025	2018-01-19 01:45
MUSLIM	042 Make a visit	BUDDHIST	19050	2018-01-14 05:30
ISRAEL	042 Make a visit	UNIVERSITY	10950	2018-01-08 14:30
FRENCH	036 Express intent to meet or negotiate	UNITED KINGDOM	23865	2018-01-17 13:45
UNITED STATES	036 Express intent to meet or negotiate	FIRST LADY	32265	2018-01-23 09:45
JORDAN	075 Grant asylum	JEWISH	31410	2018-01-22 19:30
NIGERIA	012 Make pessimistic comment	PRESIDENT	29775	2018-01-21 16:15
SECOND LIEUTENANT	010 Make statement, not specified below	MEDIA	10455	2018-01-08 06:15
MADHYA PRADESH	084 Return, release, not specified below	PRIME MINISTER	30870	2018-01-22 10:30
TOURISM INDUSTRY	013 Make optimistic comment	BEIJING	14475	2018-01-11 01:15
SYRIA	084 Return, release, not specified below	GOVERNMENT FORCES	17475	2018-01-13 03:15
APPEALS COURT	173 Arrest, detain, or charge with legal action 	UNITED STATES	28755	2018-01-20 23:15
UNITED STATES	042 Make a visit	PRESIDENT	27525	2018-01-20 02:45
FRENCH POLYNESIA	090 Investigate, not specified below	QATAR	16650	2018-01-12 13:30
MUSLIM	190 Use conventional military force, not specified below	FIGHTER	20070	2018-01-14 22:30
SEMI OFFICIAL	010 Make statement, not specified below	PALESTINE	23070	2018-01-17 00:30
BISHOP	043 Host a visit	CHILE	20775	2018-01-15 10:15
RIYADH	036 Express intent to meet or negotiate	ABDULLAH	5880	2018-01-05 02:00
GHANA	051 Praise or endorse	COMPANY	12330	2018-01-09 13:30
LAWYER	010 Make statement, not specified below	SMALL TOWN	11415	2018-01-08 22:15
PRIME MINISTER	036 Express intent to meet or negotiate	BULGARIA	3690	2018-01-03 13:30
NEW BRUNSWICK	030 Express intent to cooperate, not specified below	SAINT	15435	2018-01-11 17:15
INDIANA	036 Express intent to meet or negotiate	COMMUNITY	1560	2018-01-02 02:00
MINISTRY	010 Make statement, not specified below	MEXICO	25470	2018-01-18 16:30
INTERPOL	100 Demand, not specified below	ISRAELI	24300	2018-01-17 21:00
EDITOR IN CHIEF	0253 Appeal for release of persons or property	MYANMAR	11580	2018-01-09 01:00
PEPSICO	040 Consult, not specified below	COMPANY	25485	2018-01-18 16:45
ISRAEL	014 Consider policy option	NORTH KOREA	11265	2018-01-08 19:45
CANADA	160 Reduce relations, not specified below	IRAN	555	2018-01-01 09:15
UNITED STATES	040 Consult, not specified below	SCHOOL	3945	2018-01-03 17:45
ISLAMIC	180 Use unconventional violence, not specified below	AFGHANISTAN	30645	2018-01-22 06:45
ATTORNEY	173 Arrest, detain, or charge with legal action 	RESIDENTS	26940	2018-01-19 17:00
GALICIA	043 Host a visit	FRANCE	3435	2018-01-03 09:15
COMPANIES	111 Criticize or denounce 	UNITED STATES	11550	2018-01-09 00:30
FIRE MARSHAL	190 Use conventional military force, not specified below	UNITED STATES	3825	2018-01-03 15:45
TURKISH	042 Make a visit	GREEK	2250	2018-01-02 13:30
KARNATAKA	020 Appeal, not specified below	CONGRESS	15210	2018-01-11 13:30
CLERIC	051 Praise or endorse	ISLAMIC	3930	2018-01-03 17:30
PAKISTANI	173 Arrest, detain, or charge with legal action 	THAILAND	23010	2018-01-16 23:30
AUSTRALIA	010 Make statement, not specified below	HOSPITAL	11910	2018-01-09 06:30
RUSSIAN	190 Use conventional military force, not specified below	RUSSIA	13380	2018-01-10 07:00
BOSTON	071 Provide economic aid	SCHOOL	28590	2018-01-20 20:30
CANADIAN	043 Host a visit	CHINESE	22035	2018-01-16 07:15
PRESIDENT	173 Arrest, detain, or charge with legal action 	THE HAGUE	11040	2018-01-08 16:00
PRESIDENT	050 Engage in diplomatic cooperation, not specified below	DANIEL INOUYE	23865	2018-01-17 13:45
SECRETARY OF STATE	080 Yield, not specified below 	BUSINESS	6435	2018-01-05 11:15
UNITED STATES	1123 Accuse of aggression	RUSSIA	31215	2018-01-22 16:15
POLICEMEN	190 Use conventional military force, not specified below	HONDA	24825	2018-01-18 05:45
MICROSOFT	046 Engage in negotiation	PRESIDENT	25035	2018-01-18 09:15
THE US	173 Arrest, detain, or charge with legal action 	AUSTRALIAN	21570	2018-01-15 23:30
UNITED STATES	051 Praise or endorse	MASHHAD	12150	2018-01-09 10:30
LAHORE	042 Make a visit	PAKISTAN	33165	2018-01-24 00:45
PRESIDENT	0874 Retreat or surrender militarily	UNITED STATES	21585	2018-01-15 23:45
ADMINISTRATION	0232 Appeal for military aid	PROFESSOR	34005	2018-01-24 14:45
INVESTOR	120 Reject, not specified below	JACOB ZUMA	17970	2018-01-13 11:30
ISLAMABAD	084 Return, release, not specified below	AL QAEDA	9735	2018-01-07 18:15
SCHOOL	0874 Retreat or surrender militarily	PRINCE	4875	2018-01-04 09:15
IRAN	020 Appeal, not specified below	GOVERNMENT	4980	2018-01-04 11:00
COUNSEL	111 Criticize or denounce 	KADUNA	27990	2018-01-20 10:30
UNITED STATES	051 Praise or endorse	ISRAEL	19605	2018-01-14 14:45
UNITED STATES	0841 Return, release person(s)	CITIZEN	15900	2018-01-12 01:00
MADAGASCAR	010 Make statement, not specified below	SCIENTIST	19095	2018-01-14 06:15
THE EUROPEAN UNION	112 Accuse, not specified below	BRITAIN	18225	2018-01-13 15:45
BANGLADESH	040 Consult, not specified below	CABINET	21330	2018-01-15 19:30
NEVADA	173 Arrest, detain, or charge with legal action 	CRIMINAL	31395	2018-01-22 19:15
HONDA	042 Make a visit	REBEL	3180	2018-01-03 05:00
FRENCH	010 Make statement, not specified below	JOURNALIST	28830	2018-01-21 00:30
UNITED STATES	010 Make statement, not specified below	AFRICA	27690	2018-01-20 05:30
UNITED STATES	036 Express intent to meet or negotiate	NORTH AMERICA	27390	2018-01-20 00:30
HOSPITAL	043 Host a visit	UNITED STATES	5055	2018-01-04 12:15
ANDHRA PRADESH	071 Provide economic aid	GOVERNMENT	3525	2018-01-03 10:45
BELGIAN	170 Coerce, not specified below 	BELGIUM	17715	2018-01-13 07:15
RUSSIA	036 Express intent to meet or negotiate	EGYPT	31365	2018-01-22 18:45
SOUTH CAROLINA	163 Impose embargo, boycott, or sanctions	ISRAEL	15480	2018-01-11 18:00
BERLIN	046 Engage in negotiation	REFUGEE	33795	2018-01-24 11:15
INDIANA	0214 Appeal for intelligence	POLICE	5460	2018-01-04 19:00
JAPAN	040 Consult, not specified below	JOURNALIST	12360	2018-01-09 14:00
POLAND	021 Appeal for material cooperation, not specified below	BAVARIA	9825	2018-01-07 19:45
IRELAND	160 Reduce relations, not specified below	GUNMEN	9720	2018-01-07 18:00
BISHOP	100 Demand, not specified below	UNITED STATES	23775	2018-01-17 12:15
PAKISTANI	010 Make statement, not specified below	ARMY OFFICER	20670	2018-01-15 08:30
TURKEY	010 Make statement, not specified below	TURKISH	6750	2018-01-05 16:30
COMPANY	043 Host a visit	UNITED STATES	18945	2018-01-14 03:45
JERSEY	010 Make statement, not specified below	POLICE	9225	2018-01-07 09:45
POLICE	040 Consult, not specified below	CANADA	13380	2018-01-10 07:00
TEXAS	010 Make statement, not specified below	PHYSICIAN	21180	2018-01-15 17:00
RUSSIA	030 Express intent to cooperate, not specified below	FRANCE	12390	2018-01-09 14:30
CAPE TOWN	190 Use conventional military force, not specified below	AFRICA	4095	2018-01-03 20:15
CHINA	046 Engage in negotiation	UNITED STATES	20325	2018-01-15 02:45
UNITED STATES	013 Make optimistic comment	CHINESE	34020	2018-01-24 15:00
CHIEF MINISTER	040 Consult, not specified below	KARNATAKA	24210	2018-01-17 19:30
PRISON	020 Appeal, not specified below	MADRID	5040	2018-01-04 12:00
PARLIAMENT	020 Appeal, not specified below	ARMY	3015	2018-01-03 02:15
NIGERIA	020 Appeal, not specified below	GOVERNOR	27615	2018-01-20 04:15
MOROCCO	043 Host a visit	UGANDA	23910	2018-01-17 14:30
AUSTRALIA	071 Provide economic aid	INVESTOR	1110	2018-01-01 18:30
AMERICAN	043 Host a visit	UNITED STATES	4815	2018-01-04 08:15
UZBEK	040 Consult, not specified below	ASHRAF GHANI	32190	2018-01-23 08:30
AUSTRALIA	046 Engage in negotiation	AUSTRALIAN	11820	2018-01-09 05:00
FOREIGN MINIST	060 Engage in material cooperation, not specified below	VIETNAMESE	7965	2018-01-06 12:45
CANADA	036 Express intent to meet or negotiate	LAS VEGAS	17925	2018-01-13 10:45
SPAIN	040 Consult, not specified below	SIERRA LEONE	22050	2018-01-16 07:30
DEPUTIES	073 Provide humanitarian aid	UNITED STATES	21870	2018-01-16 04:30
THE ASSOCIATED PRESS	046 Engage in negotiation	WISCONSIN	11025	2018-01-08 15:45
UNITED STATES	040 Consult, not specified below	ATTORNEY	17595	2018-01-13 05:15
ADDIS ABABA	040 Consult, not specified below	WORLD BANK	3420	2018-01-03 09:00
POLICE	182 Physically assault, not specified below	MALE	7845	2018-01-06 10:45
AUTHORITIES	010 Make statement, not specified below	POLICE	16830	2018-01-12 16:30
RUSSIA	120 Reject, not specified below	THE UN	120	2018-01-01 02:00
CORRESPONDENT	040 Consult, not specified below	NIGERIA	17205	2018-01-12 22:45
GOVERNMENT	160 Reduce relations, not specified below	STUDENT	12930	2018-01-09 23:30
POLICE	130 Threaten, not specified below	WISCONSIN	33150	2018-01-24 00:30
AUSTRALIA	051 Praise or endorse	ADVOCATE	33165	2018-01-24 00:45
GHANA	043 Host a visit	UNITED STATES	20925	2018-01-15 12:45
HUN SEN	051 Praise or endorse	THAILAND	13665	2018-01-10 11:45
VILLAGE	036 Express intent to meet or negotiate	NORTH KOREAN	19035	2018-01-14 05:15
UNITED STATES	020 Appeal, not specified below	SCHOOL	30135	2018-01-21 22:15
AIR FORCE	020 Appeal, not specified below	COMPANY	31425	2018-01-22 19:45
UNITED STATES	042 Make a visit	ITALY	33135	2018-01-24 00:15
SAN FRANCISCO	036 Express intent to meet or negotiate	BANK	24360	2018-01-17 22:00
GAUTENG	042 Make a visit	AFRICA	28200	2018-01-20 14:00
ABDULLAH	040 Consult, not specified below	KING	31080	2018-01-22 14:00
FRANCE	043 Host a visit	IRAN	22110	2018-01-16 08:30
UNITED STATES	060 Engage in material cooperation, not specified below	CRIMINAL	7275	2018-01-06 01:15
NEWS AGENCY	010 Make statement, not specified below	MILITARY	9690	2018-01-07 17:30
CONNECTICUT	100 Demand, not specified below	UNITED STATES	14040	2018-01-10 18:00
AMERICAN	090 Investigate, not specified below	CHILE	11160	2018-01-08 18:00
MIAMI	190 Use conventional military force, not specified below	PHILIPPINE	3420	2018-01-03 09:00
UNITED STATES	046 Engage in negotiation	COMPANY	25155	2018-01-18 11:15
SWEDEN	042 Make a visit	HARARE	31590	2018-01-22 22:30
AMERICAN	111 Criticize or denounce 	UNITED STATES	23955	2018-01-17 15:15
ISRAELI	0841 Return, release person(s)	PALESTINIAN	3540	2018-01-03 11:00
RUSSIAN	050 Engage in diplomatic cooperation, not specified below	PAKISTAN	31935	2018-01-23 04:15
EUROPEAN	040 Consult, not specified below	WESTERN SAHARA	14535	2018-01-11 02:15
EMPLOYEE	070 Provide aid, not specified below	SCHOOL	3330	2018-01-03 07:30
AMBASSADOR	112 Accuse, not specified below	PAKISTAN	3000	2018-01-03 02:00
SYRIA	138 Threaten to use military force, not specified below	AIR FORCE	25350	2018-01-18 14:30
UNITED STATES	010 Make statement, not specified below	LAWMAKER	21690	2018-01-16 01:30
UNITED STATES	042 Make a visit	PRESIDENT	22620	2018-01-16 17:00
ISRAEL	020 Appeal, not specified below	BLOG	23580	2018-01-17 09:00
ADVOCATE	020 Appeal, not specified below	SALVADORAN	7380	2018-01-06 03:00
EGYPT	161 Reduce or break diplomatic relations	SYRIA	3330	2018-01-03 07:30
NORTH AMERICA	195 Employ aerial weapons	DETROIT	22800	2018-01-16 20:00
SOUTH KOREA	111 Criticize or denounce 	NORTH KOREAN	4290	2018-01-03 23:30
AUTHORITIES	020 Appeal, not specified below	NEIGHBORHOOD	9390	2018-01-07 12:30
INDONESIA	030 Express intent to cooperate, not specified below	ISLAMIC	3855	2018-01-03 16:15
REUTERS	035 Express intent to yield, not specified below	LONDON	25680	2018-01-18 20:00
UNITED STATES	020 Appeal, not specified below	COMMUNITY	3840	2018-01-03 16:00
UNITED STATES	020 Appeal, not specified below	PRESIDENT	28920	2018-01-21 02:00
DELEGATE	042 Make a visit	DPRK	11760	2018-01-09 04:00
AFGHAN	190 Use conventional military force, not specified below	PAKISTAN	17775	2018-01-13 08:15
SANTA ANA	173 Arrest, detain, or charge with legal action 	UNITED STATES	5820	2018-01-05 01:00
THE US	041 Discuss by telephone	PRESIDENT	24780	2018-01-18 05:00
EGYPT	046 Engage in negotiation	ETHIOPIA	12270	2018-01-09 12:30
FRENCH	036 Express intent to meet or negotiate	BRITISH	25140	2018-01-18 11:00
GOVERNMENT	193 Fight with small arms and light weapons	THE US	25650	2018-01-18 19:30
PAKISTAN	026 Appeal to others to meet or negotiate	US AMBASSADOR	2595	2018-01-02 19:15
GERMANY	090 Investigate, not specified below	RESISTANCE MOVEMENT	26535	2018-01-19 10:15
VOTER	120 Reject, not specified below	ALABAMA	4335	2018-01-04 00:15
PRESIDENT	020 Appeal, not specified below	ENGINEER	18780	2018-01-14 01:00
SYRIA	042 Make a visit	RETIRED	27915	2018-01-20 09:15
POLICE	013 Make optimistic comment	NEWS AGENCY	25335	2018-01-18 14:15
NASA	020 Appeal, not specified below	PRESIDENT	24630	2018-01-18 02:30
UNITED STATES	030 Express intent to cooperate, not specified below	KAZAKHSTAN	23220	2018-01-17 03:00
REGIME	130 Threaten, not specified below	UNITED STATES	14640	2018-01-11 04:00
IMMIGRANT	042 Make a visit	PRISON	12780	2018-01-09 21:00
PALESTINIAN	1712 Destroy property	ISRAEL	10635	2018-01-08 09:15
US OFFICIAL	043 Host a visit	ISRAEL	28635	2018-01-20 21:15
IRISH	051 Praise or endorse	COMPANIES	30990	2018-01-22 12:30
ROBBER	190 Use conventional military force, not specified below	PARIS	14550	2018-01-11 02:30
UNITED STATES	060 Engage in material cooperation, not specified below	RESIDENTS	11940	2018-01-09 07:00
NORWAY	040 Consult, not specified below	PRESIDENT	12930	2018-01-09 23:30
KENYA	013 Make optimistic comment	NAIROBI	17355	2018-01-13 01:15
POLICE	043 Host a visit	OFFICIAL SOURCE	6360	2018-01-05 10:00
MUMBAI	043 Host a visit	A US	28755	2018-01-20 23:15
STUDENT	042 Make a visit	FRENCH	27375	2018-01-20 00:15
SCHOOL	042 Make a visit	UNITED STATES	14130	2018-01-10 19:30
UNITED KINGDOM	0842 Return, release property	CITIZEN	21015	2018-01-15 14:15
SENATOR	080 Yield, not specified below 	DOCTOR	14640	2018-01-11 04:00
AID GROUP	020 Appeal, not specified below	MUSLIM	32130	2018-01-23 07:30
DELHI	051 Praise or endorse	PRIME MINISTER	3990	2018-01-03 18:30
OPERATIVE	043 Host a visit	AFRICA	705	2018-01-01 11:45
ENGINEER	040 Consult, not specified below	CANADIAN	21045	2018-01-15 14:45
SUPERTANKER	190 Use conventional military force, not specified below	BOEING	26595	2018-01-19 11:15
NORTH KOREA	020 Appeal, not specified below	WORKER	24555	2018-01-18 01:15
CAMEROONIAN	173 Arrest, detain, or charge with legal action 	CHADIAN	5145	2018-01-04 13:45
SETTLEMENT	046 Engage in negotiation	VERMONT	4020	2018-01-03 19:00
MINORITIES	011 Decline comment	TURKEY	23820	2018-01-17 13:00
EMPLOYEE	010 Make statement, not specified below	POLICE	11010	2018-01-08 15:30
AUSTRIA	010 Make statement, not specified below	GERMANY	22740	2018-01-16 19:00
SECRETARY OF STATE	120 Reject, not specified below	CUBA	12930	2018-01-09 23:30
PAKISTAN	112 Accuse, not specified below	ISRAEL	6435	2018-01-05 11:15
UNITED STATES	090 Investigate, not specified below	BURGUNDY	15780	2018-01-11 23:00
POPULATION	090 Investigate, not specified below	UNITED STATES	3870	2018-01-03 16:30
UNITED KINGDOM	036 Express intent to meet or negotiate	UNITED STATES	12210	2018-01-09 11:30
LIBERIAN	120 Reject, not specified below	LIBERIA	16515	2018-01-12 11:15
ISRAEL	046 Engage in negotiation	ISRAELI	13650	2018-01-10 11:30
NIGER	0841 Return, release person(s)	POLICE	7395	2018-01-06 03:15
PHILADELPHIA	046 Engage in negotiation	INDUSTRY	20085	2018-01-14 22:45
UNITED STATES	130 Threaten, not specified below	NORTH KOREA	23985	2018-01-17 15:45
COMMUNITY	042 Make a visit	HOSPITAL	30435	2018-01-22 03:15
SIAM	013 Make optimistic comment	PALESTINIAN	14205	2018-01-10 20:45
BLOG	051 Praise or endorse	CITIZEN	26190	2018-01-19 04:30
ATTORNEY	043 Host a visit	RICHARD NIXON	34005	2018-01-24 14:45
INTELLIGENCE AGENT	090 Investigate, not specified below	BURUNDI	27735	2018-01-20 06:15
ACTIVIST	130 Threaten, not specified below	SCOT	23490	2018-01-17 07:30
GHANA	010 Make statement, not specified below	EXPATRIATE	600	2018-01-01 10:00
UNITED STATES	010 Make statement, not specified below	GOVERNMENT	28530	2018-01-20 19:30
GERMANY	051 Praise or endorse	PARLIAMENT	34260	2018-01-24 19:00
THE WHITE HOUSE	041 Discuss by telephone	UNITED STATES	24330	2018-01-17 21:30
THE US	043 Host a visit	BARACK OBAMA	14115	2018-01-10 19:15
THE WHITE HOUSE	040 Consult, not specified below	PRESIDENT	28290	2018-01-20 15:30
SENATOR	010 Make statement, not specified below	LIEUTENANT	5280	2018-01-04 16:00
GOVERNMENT	084 Return, release, not specified below	COUNSEL	6510	2018-01-05 12:30
FARMER	190 Use conventional military force, not specified below	NIGERIA	12900	2018-01-09 23:00
UNITED STATES	190 Use conventional military force, not specified below	UNIVERSITY	5700	2018-01-04 23:00
UNITED STATES	036 Express intent to meet or negotiate	COMPANY	5385	2018-01-04 17:45
OBAMA	0332 Express intent to provide military aid	IRAQ	31755	2018-01-23 01:15
SCHOOL	030 Express intent to cooperate, not specified below	HOSPITAL	24285	2018-01-17 20:45
JAPANESE	036 Express intent to meet or negotiate	SEOUL	7305	2018-01-06 01:45
IRAQ	051 Praise or endorse	SERBIA	13110	2018-01-10 02:30
ISLAMIC	130 Threaten, not specified below	EUROPE	13545	2018-01-10 09:45
PRIME MINISTER	013 Make optimistic comment	NEW ZEALAND	25980	2018-01-19 01:00
ENGINEER	193 Fight with small arms and light weapons	COMPANIES	10905	2018-01-08 13:45
VIRGINIA	020 Appeal, not specified below	UNITED STATES	31050	2018-01-22 13:30
ROCHESTER	042 Make a visit	COMMUNITY	15585	2018-01-11 19:45
PARLIAMENT	040 Consult, not specified below	ZHANG DEJIANG	10590	2018-01-08 08:30
AFGHANISTAN	190 Use conventional military force, not specified below	VILLAGE	29655	2018-01-21 14:15
ADVOCATE	042 Make a visit	COMPANIES	27015	2018-01-19 18:15
SENATOR	100 Demand, not specified below	CUBA	12885	2018-01-09 22:45
FRENCH	014 Consider policy option	MARTINIQUAN	22725	2018-01-16 18:45
PAKISTANI	193 Fight with small arms and light weapons	MILITANT	22200	2018-01-16 10:00
STATE SUPREME COURT	020 Appeal, not specified below	CITIZEN	12435	2018-01-09 15:15
DELHI	051 Praise or endorse	COMPANY	3015	2018-01-03 02:15
THE US	163 Impose embargo, boycott, or sanctions	CHINESE	4755	2018-01-04 07:15
EDINBURGH	010 Make statement, not specified below	AUSTRIAN	27015	2018-01-19 18:15
WORKER	010 Make statement, not specified below	CONGRESS	19095	2018-01-14 06:15
PRESBYTERIAN	080 Yield, not specified below 	PITTSBURGH	13290	2018-01-10 05:30
MUSLIM	172 Impose administrative sanctions, not specified below	MAHARASHTRA	2790	2018-01-02 22:30
GERMANY	090 Investigate, not specified below	UNITED STATES	225	2018-01-01 03:45
TURKEY	040 Consult, not specified below	UNITED STATES	15300	2018-01-11 15:00
WRITER	1823 Kill by physical assault	BANGLADESH	32760	2018-01-23 18:00
THE ASSOCIATED PRESS	042 Make a visit	COLOMBIAN	6360	2018-01-05 10:00
COLOMBIAN	042 Make a visit	EUROPE	27105	2018-01-19 19:45
CHIEF OF STAFF	138 Threaten to use military force, not specified below	NORTH KOREA	12810	2018-01-09 21:30
MPUMALANGA	020 Appeal, not specified below	SCHOOL	7635	2018-01-06 07:15
SCHOOL	010 Make statement, not specified below	PRINCE	31725	2018-01-23 00:45
COMPANY	010 Make statement, not specified below	THERMO FISHER	20265	2018-01-15 01:45
COMMUNITY	051 Praise or endorse	SCHOOL	24240	2018-01-17 20:00
SOUTH CAROLINA	120 Reject, not specified below	SENATOR	30540	2018-01-22 05:00
TAGALOG	110 Disapprove, not specified below	PILIPINAS	19365	2018-01-14 10:45
POLICE	042 Make a visit	AUSTRALIA	24510	2018-01-18 00:30
UPRISING	193 Fight with small arms and light weapons	IRAN	735	2018-01-01 12:15
MICHIGAN	036 Express intent to meet or negotiate	UNIVERSITY	5550	2018-01-04 20:30
BUSINESS	042 Make a visit	EUROPEAN	4080	2018-01-03 20:00
WORKER	190 Use conventional military force, not specified below	OREGON	29835	2018-01-21 17:15
SAUDI ARABIAN	173 Arrest, detain, or charge with legal action 	JOURNALIST	7080	2018-01-05 22:00
UNITED STATES	020 Appeal, not specified below	DOCTOR	24075	2018-01-17 17:15
UNITED STATES	100 Demand, not specified below	AUSTRIA	2445	2018-01-02 16:45
SOCIAL WORKER	010 Make statement, not specified below	UNITED KINGDOM	16500	2018-01-12 11:00
GOVERNMENT	090 Investigate, not specified below	WEBSITE	25320	2018-01-18 14:00
NORTH KOREA	190 Use conventional military force, not specified below	RUSSIA	24270	2018-01-17 20:30
TURKEY	036 Express intent to meet or negotiate	FRENCH	7050	2018-01-05 21:30
CONGO	190 Use conventional military force, not specified below	UGANDAN	19515	2018-01-14 13:15
IRAN	010 Make statement, not specified below	UNITED STATES	6165	2018-01-05 06:45
UNITED STATES	138 Threaten to use military force, not specified below	LEGISLATOR	2685	2018-01-02 20:45
CHINESE	173 Arrest, detain, or charge with legal action 	ASEAN	14400	2018-01-11 00:00
CHIEF MINISTER	036 Express intent to meet or negotiate	AUSTRALIA	16320	2018-01-12 08:00
GERMANY	010 Make statement, not specified below	SYRIA	33570	2018-01-24 07:30
GOVERNMENT	043 Host a visit	VENEZUELA	2610	2018-01-02 19:30
KENYA	057 Sign formal agreement	QATAR	16020	2018-01-12 03:00
THE WHITE HOUSE	016 Deny responsibility	PUBLICATION	10875	2018-01-08 13:15
MINISTRY	040 Consult, not specified below	DEPUTY	29310	2018-01-21 08:30
COMMUNITY	057 Sign formal agreement	POLICE	12390	2018-01-09 14:30
CHILE	043 Host a visit	CHICAGO	28485	2018-01-20 18:45
GREEK	172 Impose administrative sanctions, not specified below	ALBANIAN	5235	2018-01-04 15:15
COLLEGE	036 Express intent to meet or negotiate	VILLAGE	15900	2018-01-12 01:00
COMPANY	043 Host a visit	UNITED STATES	33075	2018-01-23 23:15
AFGHANISTAN	012 Make pessimistic comment	SECURITY COUNCIL	24495	2018-01-18 00:15
TURKEY	020 Appeal, not specified below	MEDIA	17925	2018-01-13 10:45
PROFESSOR	010 Make statement, not specified below	UNITED STATES	26580	2018-01-19 11:00
JUDAISM	043 Host a visit	RABBI	31995	2018-01-23 05:15
JOURNALIST	190 Use conventional military force, not specified below	GOVERNMENT	7260	2018-01-06 01:00
GOVERNMENT	071 Provide economic aid	SCHOOL	11850	2018-01-09 05:30
FIREFIGHTER	111 Criticize or denounce 	CEBU	7695	2018-01-06 08:15
VIETNAM	1384 Threaten conventional attack  	MILITARY	33765	2018-01-24 10:45
CONGRESS	010 Make statement, not specified below	PRESIDENT	34095	2018-01-24 16:15
AUSTRALIA	046 Engage in negotiation	UNITED STATES	8730	2018-01-07 01:30
MINIST	036 Express intent to meet or negotiate	OMAN	18315	2018-01-13 17:15
RESIDENTS	190 Use conventional military force, not specified below	MOSUL	1815	2018-01-02 06:15
ADMINISTRATION	012 Make pessimistic comment	NIGERIA	8895	2018-01-07 04:15
MINIST OF TRANSPORT	010 Make statement, not specified below	LAGOS	31605	2018-01-22 22:45
CHAD	014 Consider policy option	FIREFIGHTER	15255	2018-01-11 14:15
SAN FRANCISCO	020 Appeal, not specified below	CITIZEN	33120	2018-01-24 00:00
CATHOLIC BISHOP	020 Appeal, not specified below	POLITICIAN	18270	2018-01-13 16:30
SYRIA	112 Accuse, not specified below	REBEL	33855	2018-01-24 12:15
INDUSTRY	070 Provide aid, not specified below	PHILIPPINE	28650	2018-01-20 21:30
CHRISTIAN	202 Engage in mass killings	ISRAELI	31560	2018-01-22 22:00
IRAN	043 Host a visit	ASSYRIAN	34095	2018-01-24 16:15
AMERICAN	051 Praise or endorse	ARMENIA	12345	2018-01-09 13:45
ATTORNEY	020 Appeal, not specified below	LOUISIANA	12975	2018-01-10 00:15
FRANCE	114 Complain officially 	UNITED STATES	7485	2018-01-06 04:45
LABOUR MINIST	090 Investigate, not specified below	REPATRIATE	33240	2018-01-24 02:00
COLLEGE	051 Praise or endorse	NEW YORK	30330	2018-01-22 01:30
HIT MAN	036 Express intent to meet or negotiate	UNITED STATES	5415	2018-01-04 18:15
BRITISH	061 Cooperate economically	NAVY	16950	2018-01-12 18:30
LONDON	042 Make a visit	UNITED KINGDOM	2550	2018-01-02 18:30
THE US	010 Make statement, not specified below	TURKEY	21480	2018-01-15 22:00
CALAIS	040 Consult, not specified below	SCHOOL	11340	2018-01-08 21:00
MAIN OPPOSITION	042 Make a visit	SIERRA LEONE	10365	2018-01-08 04:45
TERRORIST	190 Use conventional military force, not specified below	EGYPT	34245	2018-01-24 18:45
COMPANY	010 Make statement, not specified below	HOSPITAL	21105	2018-01-15 15:45
MILITARY	130 Threaten, not specified below	UNITED STATES	15795	2018-01-11 23:15
CANADA	114 Complain officially 	WORLD TRADE ORGANIZATION	14295	2018-01-10 22:15
FRENCH	010 Make statement, not specified below	WORLD ECONOMIC FORUM	34350	2018-01-24 20:30
DEMOCRATIC PARTY	020 Appeal, not specified below	ABUJA	33555	2018-01-24 07:15
RUSSIA	130 Threaten, not specified below	EUROPEAN	11520	2018-01-09 00:00
CHEROKEE	051 Praise or endorse	UNITED STATES	11355	2018-01-08 21:15
MAYOR	043 Host a visit	ZHUHAI	1740	2018-01-02 05:00
JAMAICA	043 Host a visit	MANCHESTER	28065	2018-01-20 11:45
EMPLOYEE	031 Express intent to engage in material cooperation,  not specified below	VICTORIA	9960	2018-01-07 22:00
ISRAELI	036 Express intent to meet or negotiate	ISRAEL	17460	2018-01-13 03:00
AFGHAN	190 Use conventional military force, not specified below	TALIBAN	15135	2018-01-11 12:15
PRESIDENT	010 Make statement, not specified below	FARMER	13380	2018-01-10 07:00
MALAYSIA	010 Make statement, not specified below	SINGAPORE	3885	2018-01-03 16:45
WASHINGTON	120 Reject, not specified below	PAKISTAN	32820	2018-01-23 19:00
ASSEMBLIES	043 Host a visit	GOVERNOR	13410	2018-01-10 07:30
OHIO	040 Consult, not specified below	ATTORNEY GENERAL	15840	2018-01-12 00:00
CANADA	010 Make statement, not specified below	THE ASSOCIATED PRESS	27255	2018-01-19 22:15
NURSULTAN NAZARBAYEV	042 Make a visit	KAZAKHSTAN	22845	2018-01-16 20:45
AFGHANISTAN	114 Complain officially 	PRESIDENT	17505	2018-01-13 03:45
NEW SOUTH WALES	010 Make statement, not specified below	AUSTRALIA	29175	2018-01-21 06:15
DELAWARE	020 Appeal, not specified below	UNDERCOVER AGENT	23775	2018-01-17 12:15
POLITICIAN	190 Use conventional military force, not specified below	SYRIAN	15225	2018-01-11 13:45
COMPANY	130 Threaten, not specified below	ARIZONA	2025	2018-01-02 09:45
NORWAY	130 Threaten, not specified below	MINISTRY	5700	2018-01-04 23:00
COMPANY	020 Appeal, not specified below	UNITED STATES	12795	2018-01-09 21:15
UNITED STATES	010 Make statement, not specified below	AUCKLAND	8835	2018-01-07 03:15
RUSSIA	046 Engage in negotiation	TURKISH	25200	2018-01-18 12:00
UNITED STATES	016 Deny responsibility	UNIVERSITY	12930	2018-01-09 23:30
UNITED STATES	173 Arrest, detain, or charge with legal action 	GANG	2535	2018-01-02 18:15
AMERICAN	193 Fight with small arms and light weapons	ITALY	5430	2018-01-04 18:30
POLICE OFFICER	193 Fight with small arms and light weapons	CREOLE	25725	2018-01-18 20:45
BORDER SECURITY	154 Mobilize or increase armed forces 	SYRIAN	19860	2018-01-14 19:00
KABUL	080 Yield, not specified below 	TALIBAN	15675	2018-01-11 21:15
CRIMINAL	013 Make optimistic comment	THOMSON REUTERS	31365	2018-01-22 18:45
CRIMINAL	173 Arrest, detain, or charge with legal action 	POLICE OFFICER	33195	2018-01-24 01:15
IRANIAN	1056 Demand de-escalation of military engagement106:[-5.0] Demand withdrawal	JAPAN	14535	2018-01-11 02:15
NEWSPAPER	010 Make statement, not specified below	UNITED KINGDOM	19965	2018-01-14 20:45
CHINESE	020 Appeal, not specified below	UNITED STATES	26010	2018-01-19 01:30
MEXICAN	043 Host a visit	NEW MEXICO	22890	2018-01-16 21:30
BRITAIN	190 Use conventional military force, not specified below	MANUFACTURER	5700	2018-01-04 23:00
TAMIL NADU	062 Cooperate militarily	JAPAN	17025	2018-01-12 19:45
UNITED STATES	036 Express intent to meet or negotiate	DEPARTMENT OF EDUCATION	25065	2018-01-18 09:45
FEDERAL COURT	020 Appeal, not specified below	NEW MEXICO	9720	2018-01-07 18:00
PALESTINE	010 Make statement, not specified below	CZECH REPUBLIC	12555	2018-01-09 17:15
GANG	190 Use conventional military force, not specified below	NIGERIA	2805	2018-01-02 22:45
WORLD ECONOMIC FORUM	0841 Return, release person(s)	OXFAM	30690	2018-01-22 07:30
IRAN	190 Use conventional military force, not specified below	REGIME	19935	2018-01-14 20:15
AFRICA	010 Make statement, not specified below	RWANDA	90	2018-01-01 01:30
SOUTH CAROLINA	193 Fight with small arms and light weapons	DEPUTIES	23130	2018-01-17 01:30
PRIME MINISTER	043 Host a visit	ANDHRA PRADESH	33990	2018-01-24 14:30
ISRAEL	046 Engage in negotiation	PAKISTAN	23850	2018-01-17 13:30
CALIFORNIA	020 Appeal, not specified below	TRAVELER	29625	2018-01-21 13:45
UNITED KINGDOM	012 Make pessimistic comment	INTELLIGENCE	31110	2018-01-22 14:30
CRIMINAL	051 Praise or endorse	BUSINESS	31740	2018-01-23 01:00
ENVOY	081 Ease administrative sanctions, not specified below	KUWAIT	31620	2018-01-22 23:00
UNITED STATES	051 Praise or endorse	EMPLOYEE	28695	2018-01-20 22:15
UNITED ARAB EMIRATES	042 Make a visit	CHIEF OF STAFF	10215	2018-01-08 02:15
CONGRESS	110 Disapprove, not specified below	COMPANIES	16290	2018-01-12 07:30
CHINA	085 Ease economic sanctions, boycott, embargo	IRAN	19605	2018-01-14 14:45
CONSTITUENT ASSEMBLY	1044 Demand change in institutions, regime	PARTY LEADER	3915	2018-01-03 17:15
UHURU KENYATTA	010 Make statement, not specified below	DEPUTY	28320	2018-01-20 16:00
POLICE	1711 Confiscate property	LAWYER	15195	2018-01-11 13:15
BUSINESS	020 Appeal, not specified below	UNITED KINGDOM	26670	2018-01-19 12:30
LOCKHEED MARTIN	051 Praise or endorse	SAUDI ARABIA	14535	2018-01-11 02:15
US GOVERNMENT	012 Make pessimistic comment	ILLEGAL IMMIGRANT	28290	2018-01-20 15:30
CANADA	055 Apologize	MEDIA	6015	2018-01-05 04:15
UNITED STATES	046 Engage in negotiation	UTAH	31110	2018-01-22 14:30
IRANIAN	073 Provide humanitarian aid	KUWAIT	14145	2018-01-10 19:45
IRAN	020 Appeal, not specified below	DOHA	22770	2018-01-16 19:30
BANK	057 Sign formal agreement	MINISTRY	14415	2018-01-11 00:15
TURKEY	193 Fight with small arms and light weapons	ARMY	28485	2018-01-20 18:45
AUSTRALIA	112 Accuse, not specified below	GOVERNMENT	18060	2018-01-13 13:00
THAILAND	036 Express intent to meet or negotiate	STUDENT	15060	2018-01-11 11:00
ISRAEL	014 Consider policy option	ARMY CHIEF	17700	2018-01-13 07:00
SENATE PRESIDENT	010 Make statement, not specified below	ADMINISTRATION	30180	2018-01-21 23:00
JAPAN	036 Express intent to meet or negotiate	MEXICO	14010	2018-01-10 17:30
SCHOOL	057 Sign formal agreement	ATTORNEY	24315	2018-01-17 21:15
FARMER	020 Appeal, not specified below	GOVERNOR	6150	2018-01-05 06:30
ANGELA MERKEL	1233 Reject request for rights	GERMANY	9840	2018-01-07 20:00
PRESIDENTIAL PALACE	042 Make a visit	EGYPTIAN	18840	2018-01-14 02:00
TAIPEI	040 Consult, not specified below	CHINA	28380	2018-01-20 17:00
ECUADOR	014 Consider policy option	MINISTRY	16830	2018-01-12 16:30
DAVOS	010 Make statement, not specified below	JOURNALIST	29025	2018-01-21 03:45
MAHAMOUD ALI YOUSSOUF	010 Make statement, not specified below	THE US	31935	2018-01-23 04:15
NEIGHBORHOOD	042 Make a visit	UNITED STATES	8535	2018-01-06 22:15
ISRAEL	040 Consult, not specified below	EGYPTIAN	26340	2018-01-19 07:00
PHYSICIAN	190 Use conventional military force, not specified below	THE WHITE HOUSE	24765	2018-01-18 04:45
REBEL	190 Use conventional military force, not specified below	OCCIDENTAL PETROLEUM	14160	2018-01-10 20:00
RULING PARTY	100 Demand, not specified below	MALAYSIA	17895	2018-01-13 10:15
PALESTINIAN	020 Appeal, not specified below	ISRAEL	24150	2018-01-17 18:30
NIGERIA	013 Make optimistic comment	JOURNALIST	0	2018-01-01 00:00
COMMUNITY	111 Criticize or denounce 	SCHOOL	14250	2018-01-10 21:30
AVIGDOR LIEBERMAN	090 Investigate, not specified below	TERRORIST	13725	2018-01-10 12:45
CANADA	042 Make a visit	STUDENT	10890	2018-01-08 13:30
UNITED STATES	013 Make optimistic comment	COMMUNITY	19530	2018-01-14 13:30
MEXICO	010 Make statement, not specified below	COMMITTEE TO PROTECT JOURNALISTS	33180	2018-01-24 01:00
CHIEF EXECUTIVE	013 Make optimistic comment	GERMAN	25185	2018-01-18 11:45
NORTH AMERICA	042 Make a visit	RALEIGH	26025	2018-01-19 01:45
DEPUTIES	173 Arrest, detain, or charge with legal action 	UNITED STATES	27765	2018-01-20 06:45
UNITED STATES	042 Make a visit	MAYOR	14910	2018-01-11 08:30
ISRAEL	035 Express intent to yield, not specified below	UNITED STATES	21255	2018-01-15 18:15
ACTOR	040 Consult, not specified below	WEBSITE	20265	2018-01-15 01:45
WORKER	042 Make a visit	ABUJA	20280	2018-01-15 02:00
POLICE	010 Make statement, not specified below	LAGOS	28935	2018-01-21 02:15
SYRIA	020 Appeal, not specified below	NORTH KOREA	11025	2018-01-08 15:45
CHRISTIAN	043 Host a visit	TEXAS	22890	2018-01-16 21:30
HAITIAN	111 Criticize or denounce 	HAITI	21585	2018-01-15 23:45
SENATOR	040 Consult, not specified below	UNITED STATES	33495	2018-01-24 06:15
COMPANY	111 Criticize or denounce 	AFRICA	33570	2018-01-24 07:30
POLICE CHIEF	010 Make statement, not specified below	UNITED STATES	31590	2018-01-22 22:30
BUSINESS	036 Express intent to meet or negotiate	EUROPE	8205	2018-01-06 16:45
VILLAGE	036 Express intent to meet or negotiate	MILITARY	27990	2018-01-20 10:30
PROSECUTING ATTORNEY	125 Reject proposal to meet, discuss, or negotiate	UNITED STATES	4410	2018-01-04 01:30
INDONESIA	014 Consider policy option	JAKARTA	13605	2018-01-10 10:45
CHINA	173 Arrest, detain, or charge with legal action 	BANK	23040	2018-01-17 00:00
MILITARY	040 Consult, not specified below	RUSSIA	28305	2018-01-20 15:45
UNITED STATES	046 Engage in negotiation	RESIDENTS	26985	2018-01-19 17:45
HASSAN	010 Make statement, not specified below	SOMALIA	26520	2018-01-19 10:00
STUDENT	112 Accuse, not specified below	ADMINISTRATION	15345	2018-01-11 15:45
MEDIA	051 Praise or endorse	SENATOR	4830	2018-01-04 08:30
RUSSIAN	040 Consult, not specified below	PROFESSOR	34290	2018-01-24 19:30
NEWSPAPER	010 Make statement, not specified below	LAWYER	32070	2018-01-23 06:30
COMPANY	111 Criticize or denounce 	THE US	11745	2018-01-09 03:45
AL JAZEERA	040 Consult, not specified below	ISRAEL	28815	2018-01-21 00:15
UNITED KINGDOM	036 Express intent to meet or negotiate	ECONOMY SECRETARY	14430	2018-01-11 00:30
AIR FORCE	051 Praise or endorse	AFGHANISTAN	11415	2018-01-08 22:15
MONTREAL	043 Host a visit	CANADA	33990	2018-01-24 14:30
PRESIDENT	043 Host a visit	SAUDI ARABIA	10320	2018-01-08 04:00
IRELAND	120 Reject, not specified below	TRADER	7020	2018-01-05 21:00
OBAMA	051 Praise or endorse	WHOREHOUSE	1800	2018-01-02 06:00
PARIS	070 Provide aid, not specified below	UNITED STATES	2880	2018-01-03 00:00
VILLAGE	043 Host a visit	TERRORIST	12225	2018-01-09 11:45
WASHINGTON	163 Impose embargo, boycott, or sanctions	RUSSIA	21645	2018-01-16 00:45
NEW DELHI	010 Make statement, not specified below	CHINESE	26175	2018-01-19 04:15
PRESIDENT	0311 Express intent to cooperate economically	MASTERCARD	32685	2018-01-23 16:45
UNITED STATES	1822 Torture	SAGA	4005	2018-01-03 18:45
INDUSTRY	010 Make statement, not specified below	FARMER	20940	2018-01-15 13:00
NEW DELHI	020 Appeal, not specified below	HOSPITAL	18450	2018-01-13 19:30
PALESTINE	042 Make a visit	PALESTINIAN	26910	2018-01-19 16:30
UZBEK	010 Make statement, not specified below	MINISTRY	25020	2018-01-18 09:00
REBEL	075 Grant asylum	CIVILIAN	10080	2018-01-08 00:00
UNITED STATES	143 Conduct strike or boycott, not specified below	CATHOLIC	31080	2018-01-22 14:00
SYRIA	060 Engage in material cooperation, not specified below	TURKEY	30120	2018-01-21 22:00
SWITZERLAND	192 Occupy territory	LAKE CONSTANCE	16980	2018-01-12 19:00
PAKISTAN	190 Use conventional military force, not specified below	MILITANT	22380	2018-01-16 13:00
CUBAN	017 Engage in symbolic act	PRESIDENT	17505	2018-01-13 03:45
IRELAND	020 Appeal, not specified below	THE EU	12195	2018-01-09 11:15
UNITED STATES	036 Express intent to meet or negotiate	MEXICO CITY	7020	2018-01-05 21:00
MANCHURIA	154 Mobilize or increase armed forces 	JAPAN	27840	2018-01-20 08:00
MALAYS	062 Cooperate militarily	ARMED FORCES	29655	2018-01-21 14:15
RWANDA	010 Make statement, not specified below	CHIEF EXECUTIVE	405	2018-01-01 06:45
GIBRALTAR	060 Engage in material cooperation, not specified below	CHIEF MINISTER	32055	2018-01-23 06:15
USAID	071 Provide economic aid	UNITED STATES	32730	2018-01-23 17:30
TEXAS	051 Praise or endorse	WORKER	5370	2018-01-04 17:30
COMPANIES	046 Engage in negotiation	EMPLOYEE	32985	2018-01-23 21:45
UNITED STATES	042 Make a visit	ATTORNEY	19200	2018-01-14 08:00
POLICE	042 Make a visit	TOURIST	11205	2018-01-08 18:45
DEPUTIES	042 Make a visit	BANK	8670	2018-01-07 00:30
ISRAEL	071 Provide economic aid	PALESTINIAN	33930	2018-01-24 13:30
IRANIAN	051 Praise or endorse	SAUDI	30075	2018-01-21 21:15
CHILE	036 Express intent to meet or negotiate	BISHOP	23085	2018-01-17 00:45
ISRAELI	043 Host a visit	BUSINESS	21240	2018-01-15 18:00
CANADA	060 Engage in material cooperation, not specified below	CATHOLIC	3000	2018-01-03 02:00
MOROCCO	110 Disapprove, not specified below	JEWISH	24420	2018-01-17 23:00
ADMINISTRATION	1712 Destroy property	TENANTS	12375	2018-01-09 14:15
ISRAELI	182 Physically assault, not specified below	PALESTINIAN	5880	2018-01-05 02:00
RUSSIA	111 Criticize or denounce 	THE US	20985	2018-01-15 13:45
PUNE	084 Return, release, not specified below	MAHARASHTRA	6480	2018-01-05 12:00
MUMBAI	051 Praise or endorse	SENA	33840	2018-01-24 12:00
KABUL	043 Host a visit	NEW DELHI	21240	2018-01-15 18:00
THERESA MAY	020 Appeal, not specified below	UNITED KINGDOM	28515	2018-01-20 19:15
NAPLES	042 Make a visit	GANG	23580	2018-01-17 09:00
CHIEF OF STAFF	010 Make statement, not specified below	LAWMAKER	24480	2018-01-18 00:00
LOUISIANA	013 Make optimistic comment	BRITISH	25695	2018-01-18 20:15
WORKER	073 Provide humanitarian aid	UNITED STATES	14685	2018-01-11 04:45
PALESTINIAN	057 Sign formal agreement	NORWAY	32265	2018-01-23 09:45
UNITED KINGDOM	010 Make statement, not specified below	ACTOR	20295	2018-01-15 02:15
COMPANIES	070 Provide aid, not specified below	CHILE	26235	2018-01-19 05:15
CANADA	042 Make a visit	KING	34200	2018-01-24 18:00
COUNSEL	013 Make optimistic comment	HOSPITAL	31095	2018-01-22 14:15
AMERICAN	040 Consult, not specified below	MURRAY	22710	2018-01-16 18:30
KENYA	043 Host a visit	UNIVERSITY	19320	2018-01-14 10:00
GOVERNOR	020 Appeal, not specified below	UNITED STATES	24135	2018-01-17 18:15
PRESIDENT	043 Host a visit	BOTSWANA	20490	2018-01-15 05:30
THE UN	154 Mobilize or increase armed forces 	DR CONGO	7485	2018-01-06 04:45
COMCAST	193 Fight with small arms and light weapons	POLICE	31785	2018-01-23 01:45
CHINA	046 Engage in negotiation	VANCOUVER	21630	2018-01-16 00:30
MAYOR	010 Make statement, not specified below	POLICE	20715	2018-01-15 09:15
UNITED STATES	043 Host a visit	STUDENT	12720	2018-01-09 20:00
GOVERNMENT	071 Provide economic aid	SCHOOL	32100	2018-01-23 07:00
ACTIVIST	190 Use conventional military force, not specified below	ITALIAN	12315	2018-01-09 13:15
COMPANY	070 Provide aid, not specified below	TEXAS	27120	2018-01-19 20:00
UNITED STATES	051 Praise or endorse	PRESIDENT	13320	2018-01-10 06:00
UNITED STATES	040 Consult, not specified below	ADMINISTRATION	32610	2018-01-23 15:30
LEBANESE	071 Provide economic aid	THE EU	32955	2018-01-23 21:15
ADDIS ABABA	057 Sign formal agreement	ZAMBIA	23175	2018-01-17 02:15
SENATE	130 Threaten, not specified below	UNITED KINGDOM	22005	2018-01-16 06:45
GREECE	043 Host a visit	VIETNAM	26805	2018-01-19 14:45
DUTCH	173 Arrest, detain, or charge with legal action 	EMPLOYEE	11970	2018-01-09 07:30
WASHINGTON	046 Engage in negotiation	ADMINISTRATION	13200	2018-01-10 04:00
PRESIDENT	046 Engage in negotiation	AFRICA	20175	2018-01-15 00:15
NORWAY	040 Consult, not specified below	PROFESSOR	4170	2018-01-03 21:30
UNITED KINGDOM	193 Fight with small arms and light weapons	POLICE	30900	2018-01-22 11:00
UKRAINE	071 Provide economic aid	RUSSIA	13680	2018-01-10 12:00
JUDGE	020 Appeal, not specified below	UNITED STATES	11730	2018-01-09 03:30
STUDENTS AND TEACHER	040 Consult, not specified below	MEDIA	13095	2018-01-10 02:15
PHILIPPINE	042 Make a visit	RED CROSS	15375	2018-01-11 16:15
GOVERNMENT	042 Make a visit	THE POOR	14805	2018-01-11 06:45
RUSSIA	192 Occupy territory	OPERATIVE	23895	2018-01-17 14:15
OHIO	043 Host a visit	THE US	4305	2018-01-03 23:45
INVESTOR	060 Engage in material cooperation, not specified below	AUSSIE	6690	2018-01-05 15:30
PAKISTAN	010 Make statement, not specified below	AFGHANISTAN	7155	2018-01-05 23:15
YEMEN	070 Provide aid, not specified below	MEXICO	11610	2018-01-09 01:30
REPRESENTATIVES	040 Consult, not specified below	SCOTTISH	16950	2018-01-12 18:30
CANADA	120 Reject, not specified below	VENEZUELA	29985	2018-01-21 19:45
TURKEY	042 Make a visit	RUSSIA	7215	2018-01-06 00:15
KIRIBATI	173 Arrest, detain, or charge with legal action 	NEW ZEALAND	30570	2018-01-22 05:30
SENATOR	010 Make statement, not specified below	DEMOCRATIC PARTY	11040	2018-01-08 16:00
GUNMEN	193 Fight with small arms and light weapons	NIGERIA	3705	2018-01-03 13:45
NEW YORK	110 Disapprove, not specified below	GOVERNMENT	18480	2018-01-13 20:00
PROFESSOR	043 Host a visit	MINIST	18015	2018-01-13 12:15
PROFESSOR	010 Make statement, not specified below	COSTA RICA	15225	2018-01-11 13:45
HUMAN RIGHTS GROUP	160 Reduce relations, not specified below	SAUDI	23970	2018-01-17 15:30
TUNISIAN	071 Provide economic aid	STUDENT	21300	2018-01-15 19:00
ISLAMABAD	141 Demonstrate or rally	JOURNALIST	18555	2018-01-13 21:15
VILLAGE	080 Yield, not specified below 	NEWS AGENCY	3615	2018-01-03 12:15
PRESIDENT	043 Host a visit	MANILA	10740	2018-01-08 11:00
GOVERNOR	160 Reduce relations, not specified below	NIGERIA	18825	2018-01-14 01:45
AMERICAN	070 Provide aid, not specified below	NEWSPAPER PUBLISHER	17175	2018-01-12 22:15
FRANCE	111 Criticize or denounce 	MARCHE	32715	2018-01-23 17:15
DUBAI	043 Host a visit	AMERICAN	25350	2018-01-18 14:30
PARTY PRESIDENT	060 Engage in material cooperation, not specified below	UGANDA	30060	2018-01-21 21:00
UGANDA	111 Criticize or denounce 	MUSEVENI	1485	2018-01-02 00:45
PROTESTER	010 Make statement, not specified below	AL JAZEERA	32610	2018-01-23 15:30
THE US	131 Threaten non-force, not specified below	PALESTINIAN	25020	2018-01-18 09:00
UNITED KINGDOM	054 Grant diplomatic recognition	UNITED STATES	16860	2018-01-12 17:00
AUSTRALIA	015 Acknowledge or claim responsibility	POLICE	21690	2018-01-16 01:30
NEW YORK CITY	042 Make a visit	CANADA	435	2018-01-01 07:15
MEDIA	014 Consider policy option	MEMBER OF PARLIAMENT	15855	2018-01-12 00:15
NORTH KOREA	046 Engage in negotiation	UNITED STATES	14100	2018-01-10 19:00
SOUTH KOREA	071 Provide economic aid	JAPAN	32190	2018-01-23 08:30
HARARE	111 Criticize or denounce 	AFRICA	17190	2018-01-12 22:30
ARMED MEN	193 Fight with small arms and light weapons	MALE	18780	2018-01-14 01:00
UNITED STATES	042 Make a visit	GUNMAN	23835	2018-01-17 13:15
CANADA	043 Host a visit	SWITZERLAND	31920	2018-01-23 04:00
DAVOS	042 Make a visit	WORLD ECONOMIC FORUM	31545	2018-01-22 21:45
MOSCOW	111 Criticize or denounce 	THE US	24090	2018-01-17 17:30
UGANDA	042 Make a visit	REFUGEE	33765	2018-01-24 10:45
LONDON	043 Host a visit	SYDNEY	25935	2018-01-19 00:15
PROFESSOR	051 Praise or endorse	UNITED STATES	11265	2018-01-08 19:45
TAJIKISTAN	042 Make a visit	ARMENIA	22185	2018-01-16 09:45
NIGERIA	010 Make statement, not specified below	CONGRESS	11235	2018-01-08 19:15
RIGHTS GROUP	071 Provide economic aid	ALABAMA	13140	2018-01-10 03:00
INTERNATIONAL ATOMIC ENERGY AGENCY	090 Investigate, not specified below	MILITARY	19920	2018-01-14 20:00
NEW DELHI	190 Use conventional military force, not specified below	JEWISH	22050	2018-01-16 07:30
NETHERLANDS	020 Appeal, not specified below	ISLAM	2115	2018-01-02 11:15
ARCHBISHOP	042 Make a visit	GREECE	17160	2018-01-12 22:00
AFRICA	141 Demonstrate or rally	REGIME	15375	2018-01-11 16:15
DEFENSE SECRETARY	041 Discuss by telephone	UNITED STATES	28590	2018-01-20 20:30
COMPANY	043 Host a visit	UNITED STATES	29145	2018-01-21 05:45
ADMINISTRATION	010 Make statement, not specified below	PARTY MEMBER	33660	2018-01-24 09:00
CUBA	125 Reject proposal to meet, discuss, or negotiate	GAZETTE	17805	2018-01-13 08:45
WEST BANK	173 Arrest, detain, or charge with legal action 	ISRAEL	31230	2018-01-22 16:30
BANGLADESH	180 Use unconventional violence, not specified below	MILITARY	7875	2018-01-06 11:15
POLICE	020 Appeal, not specified below	INTELLECTUAL	21345	2018-01-15 19:45
CREDIT SUISSE	010 Make statement, not specified below	RAYMOND JAMES FINANCIAL	6165	2018-01-05 06:45
STATE SUPREME COURT	190 Use conventional military force, not specified below	UNITED STATES	26640	2018-01-19 12:00
BELGIUM	070 Provide aid, not specified below	EUROPE	23685	2018-01-17 10:45
MIGRANT	160 Reduce relations, not specified below	LIBYA	1995	2018-01-02 09:15
SENATE	190 Use conventional military force, not specified below	UNITED STATES	17310	2018-01-13 00:30
RUSSIA	030 Express intent to cooperate, not specified below	TURKEY	25590	2018-01-18 18:30
AFRICA	040 Consult, not specified below	JACOB ZUMA	24600	2018-01-18 02:00
SENATE	173 Arrest, detain, or charge with legal action 	POLICE	28260	2018-01-20 15:00
WORSHIPPER	111 Criticize or denounce 	STATE GOVERNOR	1995	2018-01-02 09:15
LAWYER	040 Consult, not specified below	UNITED STATES	4395	2018-01-04 01:15
UNITED STATES	051 Praise or endorse	SCHOLAR	27300	2018-01-19 23:00
KENYA	010 Make statement, not specified below	UGANDA	19440	2018-01-14 12:00
TRINIDAD AND TOBAGO	036 Express intent to meet or negotiate	TRINIDAD	6600	2018-01-05 14:00
ANKARA	172 Impose administrative sanctions, not specified below	KURDISTAN WORKERS PARTY	21150	2018-01-15 16:30
RESIDENTS	0874 Retreat or surrender militarily	UNITED STATES	9090	2018-01-07 07:30
UNITED STATES	040 Consult, not specified below	ASSOCIATED PRESS	3000	2018-01-03 02:00
UNIVERSITY	057 Sign formal agreement	TEXAS	12750	2018-01-09 20:30
ISRAELI	043 Host a visit	ISRAEL	16830	2018-01-12 16:30
PAKISTAN	010 Make statement, not specified below	NEW YORK	15105	2018-01-11 11:45
SOUTH CAROLINA	010 Make statement, not specified below	COMPANY	10950	2018-01-08 14:30
SYRIA	057 Sign formal agreement	RUSSIA	20925	2018-01-15 12:45
ARMY	072 Provide military aid	COMMANDER	15090	2018-01-11 11:30
HAITI	051 Praise or endorse	PORT AU PRINCE	15420	2018-01-11 17:00
NORTH CAROLINA	111 Criticize or denounce 	CLOROX COMPANY	32460	2018-01-23 13:00
AFRICA	173 Arrest, detain, or charge with legal action 	NETHERLANDS	16830	2018-01-12 16:30
MEDIA	042 Make a visit	BOEING	13365	2018-01-10 06:45
RWANDA	057 Sign formal agreement	UGANDA	32130	2018-01-23 07:30
RUSSIAN	043 Host a visit	MEDIA	18915	2018-01-14 03:15
POLICE	050 Engage in diplomatic cooperation, not specified below	KWAZULU NATAL	12480	2018-01-09 16:00
TUNISIA	043 Host a visit	AFRICA	4335	2018-01-04 00:15
MILITARY	130 Threaten, not specified below	TURKEY	21450	2018-01-15 21:30
SAN DIEGO	051 Praise or endorse	HOSPITAL	1470	2018-01-02 00:30
COMMUNITY	046 Engage in negotiation	PLANNING COMMISSION	31980	2018-01-23 05:00
SAMSUNG	010 Make statement, not specified below	SECRETARIAT	23880	2018-01-17 14:00
TURKEY	110 Disapprove, not specified below	UNITED STATES	3075	2018-01-03 03:15
THAILAND	043 Host a visit	SOUTHEAST ASIA	15810	2018-01-11 23:30
BRITISH COLUMBIA	042 Make a visit	SOUTH KOREA	11400	2018-01-08 22:00
THE UN	111 Criticize or denounce 	ISRAEL	27540	2018-01-20 03:00
GOVERNMENT	190 Use conventional military force, not specified below	CONGRESS	3870	2018-01-03 16:30
SENATOR	043 Host a visit	WASHINGTON	33105	2018-01-23 23:45
WEST BANK	190 Use conventional military force, not specified below	FIREFIGHTER	27600	2018-01-20 04:00
UNITED STATES	010 Make statement, not specified below	COLLEGE	2625	2018-01-02 19:45
ACTIVIST	016 Deny responsibility	MILITANT	32205	2018-01-23 08:45
JUDGE	120 Reject, not specified below	KYIV	2220	2018-01-02 13:00
MUJAHIDEEN	046 Engage in negotiation	SRINAGAR	12315	2018-01-09 13:15
GOODLUCK JONATHAN	161 Reduce or break diplomatic relations	GOVERNMENT	10350	2018-01-08 04:30
GOVERNMENT	017 Engage in symbolic act	GRENADA	1530	2018-01-02 01:30
ADMINISTRATION	081 Ease administrative sanctions, not specified below	ALASKA	26595	2018-01-19 11:15
LONDON	036 Express intent to meet or negotiate	TOURIST	7215	2018-01-06 00:15
KIEV	042 Make a visit	MEDIA	11925	2018-01-09 06:45
JAPAN	040 Consult, not specified below	JAPANESE	6105	2018-01-05 05:45
CANBERRA	042 Make a visit	SINGAPORE	21600	2018-01-16 00:00
CANADIAN	071 Provide economic aid	TAKINGITGLOBAL	28620	2018-01-20 21:00
MILITARY OFFICER	130 Threaten, not specified below	AUSTRALIAN	5640	2018-01-04 22:00
GOVERNOR	046 Engage in negotiation	HASSAN	24585	2018-01-18 01:45
IRAQ	190 Use conventional military force, not specified below	SYRIA	11175	2018-01-08 18:15
HAWAII	042 Make a visit	MIYAGI	21255	2018-01-15 18:15
VOTER	112 Accuse, not specified below	SENATE	30270	2018-01-22 00:30
MADRAS	120 Reject, not specified below	HIGH COURT	12600	2018-01-09 18:00
MUSLIM	1712 Destroy property	SAUDI ARABIA	32640	2018-01-23 16:00
MANILA	020 Appeal, not specified below	MANUFACTURER	16500	2018-01-12 11:00
PERSIAN GULF	042 Make a visit	IRANIAN	8070	2018-01-06 14:30
GOVERNMENT	120 Reject, not specified below	EMPLOYEE	25995	2018-01-19 01:15
VILLAGE	190 Use conventional military force, not specified below	WEST BANK	26040	2018-01-19 02:00
REUTERS	043 Host a visit	CANADIAN	31935	2018-01-23 04:15
VIETNAM	043 Host a visit	JAKARTA	31080	2018-01-22 14:00
IRANIAN	112 Accuse, not specified below	IRAN	5655	2018-01-04 22:15
MEXICO	040 Consult, not specified below	STUDENT	32955	2018-01-23 21:15
UNITED STATES	017 Engage in symbolic act	PRESIDENT	34320	2018-01-24 20:00
CHANCELLOR	040 Consult, not specified below	COLLEGE	7785	2018-01-06 09:45
PRIME MINISTER	060 Engage in material cooperation, not specified below	CENTRAL BANK	14460	2018-01-11 01:00
TURKEY	0253 Appeal for release of persons or property	TURKISH	5415	2018-01-04 18:15
OBAMA	046 Engage in negotiation	UNITED STATES	25140	2018-01-18 11:00
UNITED STATES	084 Return, release, not specified below	CIVILIAN	1875	2018-01-02 07:15
UNITED STATES	013 Make optimistic comment	PROSECUTOR	14475	2018-01-11 01:15
JOAQUIM CHISSANO	030 Express intent to cooperate, not specified below	ROBERT MUGABE	25020	2018-01-18 09:00
SYRIAN	111 Criticize or denounce 	MILITARY	29025	2018-01-21 03:45
GERMANY	043 Host a visit	FINLAND	16710	2018-01-12 14:30
MEXICO	010 Make statement, not specified below	WALL STREET JOURNAL	17385	2018-01-13 01:45
PRINCE	080 Yield, not specified below 	AFRICA	30960	2018-01-22 12:00
HOSPITAL	042 Make a visit	AUSTRALIA	10275	2018-01-08 03:15
GERMANY	060 Engage in material cooperation, not specified below	GANGSTER	4125	2018-01-03 20:45
GERMAN	080 Yield, not specified below 	GERMANY	25590	2018-01-18 18:30
GOVERNOR	051 Praise or endorse	NASA	29805	2018-01-21 16:45
AMSTERDAM	162 Reduce or stop aid, not specified below	PALESTINIAN	26820	2018-01-19 15:00
AFRICA	030 Express intent to cooperate, not specified below	AUSTRALIA	12150	2018-01-09 10:30
GUJARAT	191 Impose blockade, restrict movement 	PROTESTER	5205	2018-01-04 14:45
ISRAEL	043 Host a visit	UNITED STATES	30180	2018-01-21 23:00
UNITED STATES	111 Criticize or denounce 	STUDENT	32790	2018-01-23 18:30
IRAQ	043 Host a visit	UNITED STATES	14175	2018-01-10 20:15
OVAL OFFICE	090 Investigate, not specified below	KENYA	29460	2018-01-21 11:00
UNITED STATES	070 Provide aid, not specified below	GOVERNOR	25875	2018-01-18 23:15
CATHOLIC	040 Consult, not specified below	EDUCATION MINIST	33960	2018-01-24 14:00
PAKISTANI	162 Reduce or stop aid, not specified below	PAKISTAN	5880	2018-01-05 02:00
LEGISLATURE	011 Decline comment	HIGH COURT	33600	2018-01-24 08:00
CHRISTOPHER TUFTON	046 Engage in negotiation	JAMAICA	24645	2018-01-18 02:45
WASHINGTON	012 Make pessimistic comment	SYRIAN	33120	2018-01-24 00:00
UNITED STATES	051 Praise or endorse	SOFIA	2655	2018-01-02 20:15
THE EUROPEAN UNION	051 Praise or endorse	UNITED KINGDOM	15720	2018-01-11 22:00
UNITED STATES	182 Physically assault, not specified below	LAWYER	23640	2018-01-17 10:00
PRESIDENT	042 Make a visit	DHAKA	19425	2018-01-14 11:45
ELECTION COMMISSION	1821 Sexually assault	HARYANA	28185	2018-01-20 13:45
GOVERNMENT	173 Arrest, detain, or charge with legal action 	FARMER	16560	2018-01-12 12:00
BANGKOK	046 Engage in negotiation	MUMBAI	3870	2018-01-03 16:30
MANUFACTURER	030 Express intent to cooperate, not specified below	UNITED STATES	22740	2018-01-16 19:00
COMMUNITY	090 Investigate, not specified below	UNITED STATES	27420	2018-01-20 01:00
TURKEY	012 Make pessimistic comment	IRAN	15540	2018-01-11 19:00
UNITED KINGDOM	190 Use conventional military force, not specified below	CIVILIAN	960	2018-01-01 16:00
PROTESTER	145 Protest violently, riot	BANK	18825	2018-01-14 01:45
UNITED STATES	010 Make statement, not specified below	BUSINESS	34410	2018-01-24 21:30
PRESIDENT	040 Consult, not specified below	THERESA MAY	22245	2018-01-16 10:45
SPAIN	036 Express intent to meet or negotiate	SPANISH	5340	2018-01-04 17:00
HAITI	046 Engage in negotiation	UNITED STATES	19755	2018-01-14 17:15
CHURCH OF CHRIST	043 Host a visit	SCIENTIST	16215	2018-01-12 06:15
EUROPEAN	071 Provide economic aid	SOVEREIGN	27060	2018-01-19 19:00
SINGAPORE	174 Expel or deport individuals	CANADIAN	21090	2018-01-15 15:30
UNITED STATES	046 Engage in negotiation	COLLEGE	30615	2018-01-22 06:15
UNITED STATES	100 Demand, not specified below	LAWYER	7215	2018-01-06 00:15
BOGOTA	051 Praise or endorse	RELIGION	19905	2018-01-14 19:45
BALI	042 Make a visit	THAILAND	8685	2018-01-07 00:45
NAMIBIA	057 Sign formal agreement	CHINA	31530	2018-01-22 21:30
PAEDOPHILE	0841 Return, release person(s)	QUEENSLAND	23190	2018-01-17 02:30
NEW ZEALAND	173 Arrest, detain, or charge with legal action 	CRIMINAL	27540	2018-01-20 03:00
KANO	173 Arrest, detain, or charge with legal action 	NIGERIA	13050	2018-01-10 01:30
ISRAELI	175 Use tactics of violent repression  	AIR FORCE	26370	2018-01-19 07:30
LIEUTENANT	036 Express intent to meet or negotiate	UNITED STATES	34020	2018-01-24 15:00
UNITED STATES	020 Appeal, not specified below	BANK	23835	2018-01-17 13:15
JEDDAH	020 Appeal, not specified below	UNITED STATES	32850	2018-01-23 19:30
SOUTH SUDAN	020 Appeal, not specified below	UPRISING	21960	2018-01-16 06:00
NORTH AMERICA	043 Host a visit	JEWISH	21240	2018-01-15 18:00
HAITI	042 Make a visit	UNITED STATES	19905	2018-01-14 19:45
HOUSE SPEAKER	051 Praise or endorse	KING	34515	2018-01-24 23:15
ZURICH	057 Sign formal agreement	FINANCE MINIST	31455	2018-01-22 20:15
COLLEGE	030 Express intent to cooperate, not specified below	UNITED STATES	25605	2018-01-18 18:45
RUSSIA	090 Investigate, not specified below	UNITED KINGDOM	13005	2018-01-10 00:45
THE EU	0841 Return, release person(s)	JUDICIARY	14910	2018-01-11 08:30
JORDAN	042 Make a visit	UNITED STATES	12240	2018-01-09 12:00
UNITED STATES	040 Consult, not specified below	MEDIA	4485	2018-01-04 02:45
RUSSIA	036 Express intent to meet or negotiate	EUROPE	13395	2018-01-10 07:15
AFRICA	042 Make a visit	ABUJA	20745	2018-01-15 09:45
SPOKESMAN	138 Threaten to use military force, not specified below	SOUTH SUDAN	12180	2018-01-09 11:00
MINIST FOR AGRICULTURE	010 Make statement, not specified below	INDUSTRY	32040	2018-01-23 06:00
JEWISH	042 Make a visit	UNITED STATES	21240	2018-01-15 18:00
ADMINISTRATION	051 Praise or endorse	NORTH KOREA	24795	2018-01-18 05:15
VATICAN	084 Return, release, not specified below	PERU	26145	2018-01-19 03:45
IRELAND	042 Make a visit	VIENNA	28545	2018-01-20 19:45
COLLEGE	042 Make a visit	WISCONSIN	16830	2018-01-12 16:30
ITALY	043 Host a visit	CRIMINAL	15390	2018-01-11 16:30
PROTESTER	017 Engage in symbolic act	PUNE	2100	2018-01-02 11:00
PRISON	063 Engage in judicial cooperation	ST VINCENT	22380	2018-01-16 13:00
REFUGEE	075 Grant asylum	CLERGY	15015	2018-01-11 10:15
FRESNO	020 Appeal, not specified below	POLITICIAN	9105	2018-01-07 07:45
ISRAEL	040 Consult, not specified below	OSLO	22140	2018-01-16 09:00
RUSSIA	112 Accuse, not specified below	MEXICO	10965	2018-01-08 14:45
AUTHORITIES	193 Fight with small arms and light weapons	PHILIPPINE	15915	2018-01-12 01:15
RUSSIA	043 Host a visit	RUSSIAN	33645	2018-01-24 08:45
SYDNEY	081 Ease administrative sanctions, not specified below	CRIMINAL	12690	2018-01-09 19:30
KING	051 Praise or endorse	CHRISTIANITY	15495	2018-01-11 18:15
PERPETRATOR	090 Investigate, not specified below	PALESTINIAN	13425	2018-01-10 07:45
SIKH	046 Engage in negotiation	PAKISTAN	25710	2018-01-18 20:30
AFRICA	125 Reject proposal to meet, discuss, or negotiate	SCHOOL	30330	2018-01-22 01:30
ROME	043 Host a visit	EUROPEAN	13275	2018-01-10 05:15
WEST BANK	040 Consult, not specified below	ISRAEL	24375	2018-01-17 22:15
THE EU	120 Reject, not specified below	TURKEY	780	2018-01-01 13:00
ATLANTA	173 Arrest, detain, or charge with legal action 	PRISON	23055	2018-01-17 00:15
UNITED KINGDOM	042 Make a visit	HAITI	9795	2018-01-07 19:15
UNITED STATES	172 Impose administrative sanctions, not specified below	EL SALVADOR	4440	2018-01-04 02:00
ETHIOPIA	072 Provide military aid	ERITREA	12105	2018-01-09 09:45
KUWAIT	120 Reject, not specified below	ISRAELI	31125	2018-01-22 14:45
YASHWANT SINHA	020 Appeal, not specified below	CABINET MINISTER	17925	2018-01-13 10:45
WORKER	040 Consult, not specified below	UNITED STATES	22200	2018-01-16 10:00
ENGINEER	046 Engage in negotiation	MALAWI	24345	2018-01-17 21:45
DHAKA	090 Investigate, not specified below	POLICE	32355	2018-01-23 11:15
AUSTRALIAN	042 Make a visit	CONVICTS	12015	2018-01-09 08:15
GREECE	173 Arrest, detain, or charge with legal action 	EUROPEAN	29805	2018-01-21 16:45
MANAGING EDITOR	020 Appeal, not specified below	COMPANY	21660	2018-01-16 01:00
UNITED STATES	190 Use conventional military force, not specified below	INVESTOR	27375	2018-01-20 00:15
JAPANESE	012 Make pessimistic comment	MYANMAR	30840	2018-01-22 10:00
MEDIA	173 Arrest, detain, or charge with legal action 	BUSINESS	22275	2018-01-16 11:15
THE US	193 Fight with small arms and light weapons	IRANIAN	20655	2018-01-15 08:15
JOURNALIST	112 Accuse, not specified below	DENMARK	33465	2018-01-24 05:45
ITALY	036 Express intent to meet or negotiate	UNITED STATES	1305	2018-01-01 21:45
FINANCE MINIST	120 Reject, not specified below	MALTA	4815	2018-01-04 08:15
CHINA	128 Defy norms, law	TAIWAN	13965	2018-01-10 16:45
AUSTRALIA	173 Arrest, detain, or charge with legal action 	UNITED ARAB EMIRATES	11310	2018-01-08 20:30
ANKARA	160 Reduce relations, not specified below	TURKEY	17805	2018-01-13 08:45
SRI LANKA	190 Use conventional military force, not specified below	RESIDENTS	29865	2018-01-21 17:45
POLICE	173 Arrest, detain, or charge with legal action 	AFRICA	12165	2018-01-09 10:45
NASA	010 Make statement, not specified below	UNITED STATES	14340	2018-01-10 23:00
GOVERNMENT TROOPS	190 Use conventional military force, not specified below	REBEL	28320	2018-01-20 16:00
TURKEY	061 Cooperate economically	ISRAEL	25245	2018-01-18 12:45
SYRIA	190 Use conventional military force, not specified below	SYRIAN	16500	2018-01-12 11:00
UNITED KINGDOM	061 Cooperate economically	AUSTRALIA	21600	2018-01-16 00:00
AMNESTY INTERNATIONAL	010 Make statement, not specified below	ISRAELI	24285	2018-01-17 20:45
FREIGHTER	042 Make a visit	TOKYO	23565	2018-01-17 08:45
DONETSK	190 Use conventional military force, not specified below	SERVICEMEN	15615	2018-01-11 20:15
GHANA	112 Accuse, not specified below	FULANI	19230	2018-01-14 08:30
MAYOR	0353 Express intent to release persons or property	UNITED STATES	31860	2018-01-23 03:00
JAPANESE	124 Refuse to yield, not specified below	AUSTRALIA	24210	2018-01-17 19:30
THE OPPOSITION	040 Consult, not specified below	BASHAR AL ASSAD	15210	2018-01-11 13:30
REUTERS	040 Consult, not specified below	THE WHITE HOUSE	15855	2018-01-12 00:15
NEW YORK	046 Engage in negotiation	TOURIST	30405	2018-01-22 02:45
MILITIA	010 Make statement, not specified below	WASHINGTON	20865	2018-01-15 11:45
UNITED STATES	173 Arrest, detain, or charge with legal action 	SUPERIOR COURT	13065	2018-01-10 01:45
COMPANY	084 Return, release, not specified below	EUROPE	14355	2018-01-10 23:15
MILITANT	190 Use conventional military force, not specified below	EGYPTIAN	12450	2018-01-09 15:30
GERMANY	043 Host a visit	FRANCE	11580	2018-01-09 01:00
DISTRICT OF COLUMBIA	120 Reject, not specified below	VOTER	5865	2018-01-05 01:45
SAMI	010 Make statement, not specified below	REUTERS	31155	2018-01-22 15:15
EUROPE	040 Consult, not specified below	EUROPEAN COMMISSION	9900	2018-01-07 21:00
ACTIVIST	173 Arrest, detain, or charge with legal action 	KARACHI	14610	2018-01-11 03:30
COMMUNITY	012 Make pessimistic comment	DEPUTY	5820	2018-01-05 01:00
MEDIA	020 Appeal, not specified below	IRELAND	31770	2018-01-23 01:30
NIGERIAN	061 Cooperate economically	CAMEROON	23760	2018-01-17 12:00
IRAN	020 Appeal, not specified below	PRESIDENT	32490	2018-01-23 13:30
LLOYDS BANKING	043 Host a visit	ENTREPRENEUR	29790	2018-01-21 16:30
CIVILIAN	017 Engage in symbolic act	ARMED FORCES	9345	2018-01-07 11:45
THE WHITE HOUSE	010 Make statement, not specified below	CONGRESS	9825	2018-01-07 19:45
CITIZEN	114 Complain officially 	CIVIL SERVANT	11115	2018-01-08 17:15
UNITED STATES	130 Threaten, not specified below	COMPANIES	31680	2018-01-23 00:00
PRIME MINISTER	061 Cooperate economically	AZERBAIJAN	21990	2018-01-16 06:30
FRANCE	050 Engage in diplomatic cooperation, not specified below	CHINA	13275	2018-01-10 05:15
BELIZE	042 Make a visit	VILLAGE	31245	2018-01-22 16:45
PRESIDENT	020 Appeal, not specified below	UNITED KINGDOM	25530	2018-01-18 17:30
LAS VEGAS	051 Praise or endorse	REFUGEE	32430	2018-01-23 12:30
MOSCOW	172 Impose administrative sanctions, not specified below	CHRISTIAN	23280	2018-01-17 04:00
WORKER	010 Make statement, not specified below	ASYLUM SEEKER	25740	2018-01-18 21:00
CAMBODIAN	1125 Accuse of espionage, treason	CAMBODIA	13575	2018-01-10 10:15
GOVERNMENT	0841 Return, release person(s)	ARMY STAFF	5175	2018-01-04 14:15
CHINA	043 Host a visit	IRELAND	10050	2018-01-07 23:30
ARIZONA	042 Make a visit	MINORITIES	14025	2018-01-10 17:45
UNITED KINGDOM	051 Praise or endorse	SECRETARY OF STATE	11520	2018-01-09 00:00
UNITED STATES	051 Praise or endorse	MAYOR	16155	2018-01-12 05:15
OMAN	020 Appeal, not specified below	PUNE	8895	2018-01-07 04:15
PRIME MINISTER	020 Appeal, not specified below	BANGLADESH	14205	2018-01-10 20:45
NIGERIA	012 Make pessimistic comment	IJAW	1065	2018-01-01 17:45
SAUDI ARABIA	010 Make statement, not specified below	UNITED NATIONS	30645	2018-01-22 06:45
PUNE	084 Return, release, not specified below	MAHARASHTRA	23685	2018-01-17 10:45
MEXICO	190 Use conventional military force, not specified below	POLICE	6120	2018-01-05 06:00
SYDNEY	042 Make a visit	SCHOOL	13185	2018-01-10 03:45
WASHINGTON	051 Praise or endorse	OBAMA	2835	2018-01-02 23:15
CANADIAN	073 Provide humanitarian aid	TALIBAN	3195	2018-01-03 05:15
UNITED STATES	036 Express intent to meet or negotiate	GOOGLE	24285	2018-01-17 20:45
CALCUTTA	173 Arrest, detain, or charge with legal action 	JUDGE	13905	2018-01-10 15:45
FRANCE	042 Make a visit	SCHOOL	30195	2018-01-21 23:15
ASSOCIATED PRESS	070 Provide aid, not specified below	DUBAI	6105	2018-01-05 05:45
ATTORNEY	051 Praise or endorse	STUDENT	27135	2018-01-19 20:15
DAVOS	043 Host a visit	SWEDEN	32160	2018-01-23 08:00
UNITED STATES	010 Make statement, not specified below	OBAMA	22275	2018-01-16 11:15
UNITED STATES	080 Yield, not specified below 	RESIDENTS	5235	2018-01-04 15:15
HAMAS	100 Demand, not specified below	SYRIA	930	2018-01-01 15:30
WORKER	190 Use conventional military force, not specified below	MOZAMBIQUE	24945	2018-01-18 07:45
REUTERS	173 Arrest, detain, or charge with legal action 	MYANMAR	13635	2018-01-10 11:15
AMERICAN	020 Appeal, not specified below	RED CROSS	21420	2018-01-15 21:00
DOCTOR	010 Make statement, not specified below	RUSSIA	21750	2018-01-16 02:30
PAKISTAN	141 Demonstrate or rally	UNITED KINGDOM	20190	2018-01-15 00:30
COMMUNITY	040 Consult, not specified below	BUSINESS	15525	2018-01-11 18:45
TURKEY	050 Engage in diplomatic cooperation, not specified below	BULGARIA	9285	2018-01-07 10:45
COMPANIES	040 Consult, not specified below	PRESIDENT	3045	2018-01-03 02:45
GOVERNANCE	071 Provide economic aid	CALIFORNIA	12480	2018-01-09 16:00
COLLEGE	040 Consult, not specified below	SCHOOL	21720	2018-01-16 02:00
BUSINESS	036 Express intent to meet or negotiate	HANOVER	5640	2018-01-04 22:00
ARMY	010 Make statement, not specified below	CIVILIAN	34410	2018-01-24 21:30
RUSSIAN	071 Provide economic aid	DENMARK	3750	2018-01-03 14:30
UNITED STATES	043 Host a visit	JOURNALIST	17580	2018-01-13 05:00
GOVERNOR	112 Accuse, not specified below	WORKER	22305	2018-01-16 11:45
GREECE	010 Make statement, not specified below	LEBANON	4050	2018-01-03 19:30
IMMIGRANT	040 Consult, not specified below	CHILE	25080	2018-01-18 10:00
UNITED STATES	015 Acknowledge or claim responsibility	MAGISTRATE	26895	2018-01-19 16:15
UNITED STATES	114 Complain officially 	DOCTOR	29595	2018-01-21 13:15
RESIDENTS	110 Disapprove, not specified below	AFRICA	3150	2018-01-03 04:30
UNITED STATES	023 Appeal for aid, not specified below	RUSSIA	7200	2018-01-06 00:00
MYANMAR	190 Use conventional military force, not specified below	KACHIN	7095	2018-01-05 22:15
GOVERNOR	141 Demonstrate or rally	STUDENT	34095	2018-01-24 16:15
UNITED STATES	060 Engage in material cooperation, not specified below	RUSSIA	24555	2018-01-18 01:15
DEPUTIES	010 Make statement, not specified below	MEXICO	14250	2018-01-10 21:30
UNITED STATES	040 Consult, not specified below	RUSSIA	4425	2018-01-04 01:45
DENVER	051 Praise or endorse	UNITED STATES	12345	2018-01-09 13:45
POLICE CHIEF	010 Make statement, not specified below	STUDENT	5790	2018-01-05 00:30
WASHINGTON	043 Host a visit	MEDIA	24435	2018-01-17 23:15
NEIGHBORHOOD	020 Appeal, not specified below	UNITED STATES	32565	2018-01-23 14:45
UNITED STATES	040 Consult, not specified below	JERSEY	18585	2018-01-13 21:45
DEPUTIES	090 Investigate, not specified below	PRISONER	26010	2018-01-19 01:30
ISRAEL	030 Express intent to cooperate, not specified below	JORDAN	25710	2018-01-18 20:30
REFUGEE	010 Make statement, not specified below	UNITED STATES	33375	2018-01-24 04:15
REGIMENT	173 Arrest, detain, or charge with legal action 	REBEL	26490	2018-01-19 09:30
UNITED STATES	020 Appeal, not specified below	REPRESENTATIVES	11460	2018-01-08 23:00
INTERNATIONAL PRESS INSTITUTE	043 Host a visit	SAMOA	32895	2018-01-23 20:15
FRENCH	112 Accuse, not specified below	UNITED STATES	23205	2018-01-17 02:45
GHANA	043 Host a visit	NETHERLANDS	16860	2018-01-12 17:00
ISRAEL	040 Consult, not specified below	ISRAELI	20730	2018-01-15 09:30
UNITED KINGDOM	040 Consult, not specified below	SCOTTISH	20310	2018-01-15 02:30
POLICE OFFICER	193 Fight with small arms and light weapons	PROTESTER	14055	2018-01-10 18:15
JEWISH	010 Make statement, not specified below	CHRISTIAN	25485	2018-01-18 16:45
FRANCE	100 Demand, not specified below	TURKEY	19440	2018-01-14 12:00
REGULATOR	160 Reduce relations, not specified below	WEBSITE	14310	2018-01-10 22:30
MINIST	030 Express intent to cooperate, not specified below	BUSINESS	24750	2018-01-18 04:30
EGYPT	010 Make statement, not specified below	ETHIOPIA	26595	2018-01-19 11:15
INDUSTRY	036 Express intent to meet or negotiate	CHINESE	3510	2018-01-03 10:30
UNITED KINGDOM	173 Arrest, detain, or charge with legal action 	DOCTOR	26115	2018-01-19 03:15
PERU	044 Meet at a ÒhirdÓlocation	BOLIVIA	31710	2018-01-23 00:30
YOSEMITE	042 Make a visit	NEWSPAPER	5085	2018-01-04 12:45
NETFLIX	112 Accuse, not specified below	UNITED STATES	32520	2018-01-23 14:00
SEPARATIST	173 Arrest, detain, or charge with legal action 	CAMEROON	10785	2018-01-08 11:45
AFGHAN	052 Defend verbally	GREEK	26760	2018-01-19 14:00
GOVERNMENT	010 Make statement, not specified below	UNITED STATES	10920	2018-01-08 14:00
PUBLICATION	052 Defend verbally	UNITED STATES	12900	2018-01-09 23:00
HOUSE SPEAKER	013 Make optimistic comment	UNITED STATES	28095	2018-01-20 12:15
FRANCE	051 Praise or endorse	IRAN	4320	2018-01-04 00:00
UNITED STATES	120 Reject, not specified below	GOVERNMENT	7365	2018-01-06 02:45
FYROM	110 Disapprove, not specified below	GREECE	11985	2018-01-09 07:45
POPULATION	114 Complain officially 	PHYSICIAN	8520	2018-01-06 22:00
JAPAN	013 Make optimistic comment	JAPANESE	24255	2018-01-17 20:15
GERMANY	012 Make pessimistic comment	IRAN	4080	2018-01-03 20:00
MOROCCO	040 Consult, not specified below	DENMARK	7350	2018-01-06 02:30
GERMAN	042 Make a visit	COMMANDER	150	2018-01-01 02:30
UNITED STATES	051 Praise or endorse	BUSINESS	18075	2018-01-13 13:15
ISRAELI	036 Express intent to meet or negotiate	GUJARAT	20730	2018-01-15 09:30
TERRORIST GROUP	061 Cooperate economically	IRAQ	29745	2018-01-21 15:45
GOVERNMENT	084 Return, release, not specified below	CONVICTS	25635	2018-01-18 19:15
NICK SMITH	100 Demand, not specified below	AUSTRALIA	21435	2018-01-15 21:15
MILITARY OFFICIAL	190 Use conventional military force, not specified below	SOUTH CAROLINA	13875	2018-01-10 15:15
TEHRAN	173 Arrest, detain, or charge with legal action 	LOCAL MEDIA	2295	2018-01-02 14:15
BREMEN	030 Express intent to cooperate, not specified below	SCHOOL	11610	2018-01-09 01:30
TURKEY	051 Praise or endorse	STUDENT	13800	2018-01-10 14:00
UNITED STATES	010 Make statement, not specified below	PRISON	30600	2018-01-22 06:00
INDUSTRY	071 Provide economic aid	CHINA	13575	2018-01-10 10:15
AFGHANISTAN	190 Use conventional military force, not specified below	THE ASSOCIATED PRESS	30405	2018-01-22 02:45
GOVERNMENT	040 Consult, not specified below	SERBIA	20865	2018-01-15 11:45
INTERNATIONAL CIVIL AVIATION ORGANIZATION	040 Consult, not specified below	UGANDA	3945	2018-01-03 17:45
PUTRAJAYA	120 Reject, not specified below	THE OPPOSITION	29640	2018-01-21 14:00
PRESIDENT	139 Give ultimatum	UNITED STATES	11685	2018-01-09 02:45
UNITED STATES	042 Make a visit	FRANCE	12900	2018-01-09 23:00
LAWYER	010 Make statement, not specified below	GOVERNMENT	33285	2018-01-24 02:45
CHIEF EXECUTIVE	036 Express intent to meet or negotiate	THE US	33405	2018-01-24 04:45
NEWS OUTLET	012 Make pessimistic comment	UNITED STATES	26745	2018-01-19 13:45
SOUTH AFRICAN	0353 Express intent to release persons or property	COMPANY	25530	2018-01-18 17:30
MILITARY	010 Make statement, not specified below	YEMEN	28170	2018-01-20 13:30
UNITED NATIONS	051 Praise or endorse	CIVILIAN	33915	2018-01-24 13:15
NIGERIA	036 Express intent to meet or negotiate	BANK	10260	2018-01-08 03:00
REUTERS	160 Reduce relations, not specified below	PAPUA NEW GUINEA	19200	2018-01-14 08:00
LEGISLATOR	190 Use conventional military force, not specified below	ORGANIZED CRIME	5655	2018-01-04 22:15
FARMER	040 Consult, not specified below	COMMUNITY	24030	2018-01-17 16:30
AUSTIN	120 Reject, not specified below	UNITED STATES	11430	2018-01-08 22:30
INDIANA	192 Occupy territory	UNIVERSITY	27420	2018-01-20 01:00
CITIZEN	033 Express intent to provide matyerial aid, not specified below	UNITED STATES	7080	2018-01-05 22:00
MINIST	070 Provide aid, not specified below	NIGERIA	12960	2018-01-10 00:00
PHILIPPINE	051 Praise or endorse	ROMAN CATHOLIC	34545	2018-01-24 23:45
CYPRUS	031 Express intent to engage in material cooperation,  not specified below	TURKISH	6825	2018-01-05 17:45
HAITI	014 Consider policy option	STUDENT	3960	2018-01-03 18:00
NIGERIA	051 Praise or endorse	ADMINISTRATION	3465	2018-01-03 09:45
LEGISLATOR	051 Praise or endorse	MINIST OF ENERGY	7935	2018-01-06 12:15
DANISH	193 Fight with small arms and light weapons	GUNMAN	33450	2018-01-24 05:30
HOSPITAL	019 Express accord	ILLINOIS	14385	2018-01-10 23:45
UNITED STATES	071 Provide economic aid	GOVERNMENT	25680	2018-01-18 20:00
SWAZILAND	051 Praise or endorse	JAPAN	31980	2018-01-23 05:00
MARINES	042 Make a visit	HAWAII	34470	2018-01-24 22:30
PRISON	173 Arrest, detain, or charge with legal action 	UNITED STATES	24765	2018-01-18 04:45
GUNMEN	081 Ease administrative sanctions, not specified below	CRIMINAL	13815	2018-01-10 14:15
FRENCH	043 Host a visit	UNITED KINGDOM	20145	2018-01-14 23:45
LEGISLATIVE COUNCIL	010 Make statement, not specified below	GOVERNMENT	6000	2018-01-05 04:00
UNITED STATES	120 Reject, not specified below	INTERNATIONAL COURT OF JUSTICE	21390	2018-01-15 20:30
ISLAMIC	012 Make pessimistic comment	SYRIAN	29715	2018-01-21 15:15
TOYOTA	042 Make a visit	KENTUCKY	14265	2018-01-10 21:45
NEIGHBORHOOD	043 Host a visit	ARMY	30285	2018-01-22 00:45
UNITED STATES	023 Appeal for aid, not specified below	IRAN	17700	2018-01-13 07:00
TERRORIST	180 Use unconventional violence, not specified below	NIGERIAN	13110	2018-01-10 02:30
NEW DELHI	012 Make pessimistic comment	POPULATION	22560	2018-01-16 16:00
KATHMANDU	046 Engage in negotiation	GOVERNOR	23895	2018-01-17 14:15
SAUDI ARABIA	100 Demand, not specified below	ISRAELI	22365	2018-01-16 12:45
INDUSTRY MINIST	040 Consult, not specified below	UNITED KINGDOM	20055	2018-01-14 22:15
NORTH KOREAN	046 Engage in negotiation	SEOUL	4305	2018-01-03 23:45
UNITED STATES	043 Host a visit	ASSOCIATED PRESS	25770	2018-01-18 21:30
COURT JUDGE	173 Arrest, detain, or charge with legal action 	UNITED STATES	2610	2018-01-02 19:30
SENATE	040 Consult, not specified below	GOVERNMENT	19650	2018-01-14 15:30
POLICE	112 Accuse, not specified below	COLORADO	31545	2018-01-22 21:45
SUPREME COURT	020 Appeal, not specified below	UNITED STATES	14910	2018-01-11 08:30
SYRIA	046 Engage in negotiation	TURKISH	25950	2018-01-19 00:30
FRANCE	050 Engage in diplomatic cooperation, not specified below	CHINA	12420	2018-01-09 15:00
BANGLADESH	042 Make a visit	MYANMAR	1890	2018-01-02 07:30
RETIRED	060 Engage in material cooperation, not specified below	SPOKESMAN	4710	2018-01-04 06:30
VOTER	014 Consider policy option	MASSACHUSETTS	11550	2018-01-09 00:30
ISRAEL	010 Make statement, not specified below	PALESTINE	28860	2018-01-21 01:00
SWISS	111 Criticize or denounce 	CHINESE	25005	2018-01-18 08:45
PROTESTER	042 Make a visit	SENATOR	25425	2018-01-18 15:45
IRAQ	043 Host a visit	CONGRESS	1545	2018-01-02 01:45
WORKER	042 Make a visit	SEATTLE	32580	2018-01-23 15:00
UNITED STATES	040 Consult, not specified below	COMMUNITY	28800	2018-01-21 00:00
TENNESSEE	020 Appeal, not specified below	UNITED STATES	34380	2018-01-24 21:00
PRESIDENT	010 Make statement, not specified below	BLOGGER	13035	2018-01-10 01:15
GOVERNMENT	060 Engage in material cooperation, not specified below	DEPUTY	25065	2018-01-18 09:45
UNITED STATES	043 Host a visit	MEDIA	2625	2018-01-02 19:45
DANISH	173 Arrest, detain, or charge with legal action 	JOURNALIST	32520	2018-01-23 14:00
TURKEY	190 Use conventional military force, not specified below	MILITIA	32295	2018-01-23 10:15
AUSTRALIAN	110 Disapprove, not specified below	ADMINISTRATION	8640	2018-01-07 00:00
RUSSIA	130 Threaten, not specified below	NORTH KOREA	21465	2018-01-15 21:45
ISRAEL	010 Make statement, not specified below	UNITED STATES	23100	2018-01-17 01:00
PANAMANIAN	1722 Ban political parties or politicians	GOVERNMENT	27585	2018-01-20 03:45
AUSTRALIA	112 Accuse, not specified below	GOVERNMENT	20280	2018-01-15 02:00
OHIO	120 Reject, not specified below	POPULATION	13365	2018-01-10 06:45
MILITARY	203 Engage in ethnic cleansing	BUDDHIST	9075	2018-01-07 07:15
SYRIAN	040 Consult, not specified below	ISLAM	25380	2018-01-18 15:00
QATAR	016 Deny responsibility	ABDULLAH	19935	2018-01-14 20:15
BOMBAY	120 Reject, not specified below	HIGH COURT	27030	2018-01-19 18:30
SCIENTIST	071 Provide economic aid	IRELAND	34185	2018-01-24 17:45
IRELAND	080 Yield, not specified below 	NEW ZEALAND	22305	2018-01-16 11:45
MILITARY OFFICIAL	010 Make statement, not specified below	NIGERIA	4710	2018-01-04 06:30
UNITED KINGDOM	043 Host a visit	AIR FORCE	21450	2018-01-15 21:30
LIBYA	173 Arrest, detain, or charge with legal action 	MIGRANT	15750	2018-01-11 22:30
CLERGY	040 Consult, not specified below	BUSINESS	18060	2018-01-13 13:00
HAMAS	042 Make a visit	ISRAEL	15285	2018-01-11 14:45
UNITED STATES	190 Use conventional military force, not specified below	VIETNAM	14850	2018-01-11 07:30
PAKISTAN	190 Use conventional military force, not specified below	CIVILIAN	28665	2018-01-20 21:45
IRAN	043 Host a visit	IRAQ	5310	2018-01-04 16:30
JORDAN	162 Reduce or stop aid, not specified below	PAKISTAN	7590	2018-01-06 06:30
ISRAEL	010 Make statement, not specified below	NEIGHBORHOOD	15180	2018-01-11 13:00
MEXICAN	012 Make pessimistic comment	CRIMINAL	18270	2018-01-13 16:30
UNITED STATES	020 Appeal, not specified below	OBAMA	29970	2018-01-21 19:30
PRESIDENT	042 Make a visit	JUDICIARY	22410	2018-01-16 13:30
BEIJING	190 Use conventional military force, not specified below	AUTHORITIES	13800	2018-01-10 14:00
PUBLICATION	010 Make statement, not specified below	UNITED STATES	28230	2018-01-20 14:30
WASHINGTON	125 Reject proposal to meet, discuss, or negotiate	LAWMAKER	17550	2018-01-13 04:30
NIGERIA	042 Make a visit	ATIKU ABUBAKAR	34170	2018-01-24 17:30
THE UN	193 Fight with small arms and light weapons	IRAQ	32430	2018-01-23 12:30
OBAMA	0241 Appeal for change in leadership	RUSSIA	24195	2018-01-17 19:15
LEBANESE	020 Appeal, not specified below	PRESIDENT	2475	2018-01-02 17:15
AFGHAN	0841 Return, release person(s)	AFGHANISTAN	20925	2018-01-15 12:45
BOSTON	130 Threaten, not specified below	RESIDENTS	4545	2018-01-04 03:45
CAMBODIAN	042 Make a visit	CHINA	14565	2018-01-11 02:45
UNITED STATES	051 Praise or endorse	SENATE	12480	2018-01-09 16:00
GOVERNMENT	0233 Appeal for humanitarian aid	AFRICA	14955	2018-01-11 09:15
UNITED STATES	051 Praise or endorse	IRAN	5715	2018-01-04 23:15
UNITED STATES	010 Make statement, not specified below	LEGISLATURE	32790	2018-01-23 18:30
AUSTRALIA	040 Consult, not specified below	ACTOR	17790	2018-01-13 08:30
SRINAGAR	190 Use conventional military force, not specified below	CIVILIAN	23025	2018-01-16 23:45
UNITED STATES	100 Demand, not specified below	GOVERNOR	34485	2018-01-24 22:45
ITALY	070 Provide aid, not specified below	VILLAGE	45	2018-01-01 00:45
MINIST FOR SCIENCE	046 Engage in negotiation	LUCKNOW	27915	2018-01-20 09:15
QATAR	010 Make statement, not specified below	AL JAZEERA	23970	2018-01-17 15:30
BAHRAIN	112 Accuse, not specified below	SAUDI ARABIA	21150	2018-01-15 16:30
NIGERIA	046 Engage in negotiation	BANK	18360	2018-01-13 18:00
CRIMINAL	114 Complain officially 	AUTHORITIES	3180	2018-01-03 05:00
HASSAN	020 Appeal, not specified below	KENYAN	9540	2018-01-07 15:00
UNITED STATES	052 Defend verbally	TREASURY SECRETARY	23100	2018-01-17 01:00
THAI	051 Praise or endorse	LONDON	16185	2018-01-12 05:45
ITALY	046 Engage in negotiation	PROFESSOR	26655	2018-01-19 12:15
ADMINISTRATION	036 Express intent to meet or negotiate	UNITED STATES	32295	2018-01-23 10:15
SOUTH KOREA	012 Make pessimistic comment	BRITISH	22500	2018-01-16 15:00
KIEV	051 Praise or endorse	RUSSIA	26760	2018-01-19 14:00
REFORMIST	0841 Return, release person(s)	IRAN	20265	2018-01-15 01:45
PRIME MINISTER	010 Make statement, not specified below	OUTLAW	32415	2018-01-23 12:15
CLERIC	173 Arrest, detain, or charge with legal action 	ACTIVIST	3060	2018-01-03 03:00
TELEVISION	051 Praise or endorse	ACTOR	10590	2018-01-08 08:30
OHIO	173 Arrest, detain, or charge with legal action 	ASSOCIATED PRESS	12975	2018-01-10 00:15
ISRAEL	010 Make statement, not specified below	UNITED STATES	24180	2018-01-17 19:00
MALAYSIAN	051 Praise or endorse	MALAYSIA	6375	2018-01-05 10:15
THE WHITE HOUSE	160 Reduce relations, not specified below	VOTER	13800	2018-01-10 14:00
SYRIAN	010 Make statement, not specified below	MILITARY	20070	2018-01-14 22:30
CHRISTIAN	051 Praise or endorse	RUSSIAN	30240	2018-01-22 00:00
CHINA	120 Reject, not specified below	RICHARD GORDON	22005	2018-01-16 06:45
KING	010 Make statement, not specified below	SCHOOL	5880	2018-01-05 02:00
DALIT	190 Use conventional military force, not specified below	PUNE	2115	2018-01-02 11:15
KANO	042 Make a visit	HOSPITAL	26910	2018-01-19 16:30
CANADA	0874 Retreat or surrender militarily	POLICE	26085	2018-01-19 02:45
PRIEST	042 Make a visit	CEBU	33750	2018-01-24 10:30
US OFFICIAL	010 Make statement, not specified below	GHANA	11970	2018-01-09 07:30
GOVERNMENT	172 Impose administrative sanctions, not specified below	BRITISH	30735	2018-01-22 08:15
BELIZE	057 Sign formal agreement	MAGISTRATE	7440	2018-01-06 04:00
DEPARTMENT OF AGRICULTURE	010 Make statement, not specified below	PRODUCER	14445	2018-01-11 00:45
INTELLIGENCE	112 Accuse, not specified below	HAFIZ SAEED	24210	2018-01-17 19:30
PAKISTAN	070 Provide aid, not specified below	UNITED STATES	1035	2018-01-01 17:15
CANADA	020 Appeal, not specified below	CANADIAN	24255	2018-01-17 20:15
PROVIDENCE	173 Arrest, detain, or charge with legal action 	PROSECUTOR	18045	2018-01-13 12:45
UNITED STATES	020 Appeal, not specified below	TRAVELER	4815	2018-01-04 08:15
ATTORNEY	173 Arrest, detain, or charge with legal action 	UNITED STATES	11415	2018-01-08 22:15
HOSPITAL	036 Express intent to meet or negotiate	INDIANAPOLIS	5610	2018-01-04 21:30
UNSC	030 Express intent to cooperate, not specified below	GOVERNMENT	21150	2018-01-15 16:30
COMMUNITY	190 Use conventional military force, not specified below	GOVERNMENT	5760	2018-01-05 00:00
DEFENSE LAWYER	010 Make statement, not specified below	UNITED STATES	27435	2018-01-20 01:15
DISTRICT COMMISSIONER	043 Host a visit	BANGLADESH	7245	2018-01-06 00:45
MANCHESTER	120 Reject, not specified below	ARMENIA	22485	2018-01-16 14:45
PAKISTAN	190 Use conventional military force, not specified below	LAWYER	31005	2018-01-22 12:45
HANOI	046 Engage in negotiation	PRESIDENT	13905	2018-01-10 15:45
SENATOR	036 Express intent to meet or negotiate	PRESIDENT	22830	2018-01-16 20:30
JAPAN	061 Cooperate economically	CHINA	30525	2018-01-22 04:45
LAWYER	036 Express intent to meet or negotiate	SAINT	13155	2018-01-10 03:15
TALLINN	010 Make statement, not specified below	LATVIA	18540	2018-01-13 21:00
COMPANY	120 Reject, not specified below	PENNSYLVANIA	21915	2018-01-16 05:15
GOOGLE	020 Appeal, not specified below	COMPANY	21555	2018-01-15 23:15
EUROPEAN	033 Express intent to provide matyerial aid, not specified below	COMPANY	12180	2018-01-09 11:00
LIBYA	190 Use conventional military force, not specified below	LIBYAN	21000	2018-01-15 14:00
BUSINESS	042 Make a visit	MILWAUKEE	24225	2018-01-17 19:45
LEGISLATURE	190 Use conventional military force, not specified below	UNITED STATES	6930	2018-01-05 19:30
WASHINGTON	040 Consult, not specified below	MEXICO	16965	2018-01-12 18:45
CANADA	130 Threaten, not specified below	POLICE	9765	2018-01-07 18:45
SCHOOL	046 Engage in negotiation	SWITZERLAND	25845	2018-01-18 22:45
FRANCE	110 Disapprove, not specified below	AFRICA	22815	2018-01-16 20:15
MAYOR	111 Criticize or denounce 	SENA	31875	2018-01-23 03:15
TRINIDAD	042 Make a visit	NIAGARA FALLS	6630	2018-01-05 14:30
UNITED STATES	020 Appeal, not specified below	RUSSIA	3900	2018-01-03 17:00
IRAN	112 Accuse, not specified below	PRESIDENT	13275	2018-01-10 05:15
VMWARE	013 Make optimistic comment	CHINESE	32790	2018-01-23 18:30
COLLEGE	012 Make pessimistic comment	SENATE	33360	2018-01-24 04:00
UNIVERSITY	043 Host a visit	OHIO	18480	2018-01-13 20:00
UNITED STATES	020 Appeal, not specified below	NEW ZEALAND	15495	2018-01-11 18:15
GOVERNOR	020 Appeal, not specified below	INSPECTOR GENERAL	33240	2018-01-24 02:00
FEDERAL JUDGE	120 Reject, not specified below	LAWMAKER	22800	2018-01-16 20:00
UTAH	036 Express intent to meet or negotiate	LEGISLATURE	12975	2018-01-10 00:15
ALGERIA	195 Employ aerial weapons	BENGHAZI	34350	2018-01-24 20:30
DETECTIVE	130 Threaten, not specified below	CRIMINAL	135	2018-01-01 02:15
UNITED STATES	017 Engage in symbolic act	UNIVERSITY	13575	2018-01-10 10:15
PAKISTAN	042 Make a visit	COMMANDER	31290	2018-01-22 17:30
RUSSIAN	042 Make a visit	VLADIMIR PUTIN	14085	2018-01-10 18:45
MINNESOTA	040 Consult, not specified below	PRODUCER	25425	2018-01-18 15:45
UNITED KINGDOM	030 Express intent to cooperate, not specified below	SCOTTISH	25185	2018-01-18 11:45
GERMAN	012 Make pessimistic comment	IRAN	28065	2018-01-20 11:45
QATAR	071 Provide economic aid	EXTREMIST	22230	2018-01-16 10:30
MARAUDER	112 Accuse, not specified below	POLICE	7065	2018-01-05 21:45
AUSTRALIA	180 Use unconventional violence, not specified below	POLICE OFFICER	20520	2018-01-15 06:00
PAKISTAN	1014 Demand intelligence cooperation	HIGH COURT	23850	2018-01-17 13:30
BISHOP	133 Threaten political dissent, protest	MICHELLE BACHELET	21990	2018-01-16 06:30
DAVOS	036 Express intent to meet or negotiate	WASHINGTON	15660	2018-01-11 21:00
NORWAY	060 Engage in material cooperation, not specified below	SERBIA	15270	2018-01-11 14:30
SAMSUNG	030 Express intent to cooperate, not specified below	QUALCOMM	24255	2018-01-17 20:15
RUSSIAN	030 Express intent to cooperate, not specified below	CANADIAN	32520	2018-01-23 14:00
COMPANY	073 Provide humanitarian aid	UNITED STATES	23985	2018-01-17 15:45
CRIMINAL	112 Accuse, not specified below	UNITED STATES	16770	2018-01-12 15:30
SCHOOL	017 Engage in symbolic act	IRELAND	20940	2018-01-15 13:00
YEREVAN	042 Make a visit	PARIS	14895	2018-01-11 08:15
CZECH REPUBLIC	128 Defy norms, law	EUROPEAN COMMISSION	9615	2018-01-07 16:15
AFGHAN	111 Criticize or denounce 	GUERILLA	30195	2018-01-21 23:15
TEHRAN	043 Host a visit	UNIVERSITY	11940	2018-01-09 07:00
POLICE	173 Arrest, detain, or charge with legal action 	EMPLOYEE	24855	2018-01-18 06:15
REUTERS	030 Express intent to cooperate, not specified below	UNITED STATES	16950	2018-01-12 18:30
CANADIAN	010 Make statement, not specified below	CANADA	11685	2018-01-09 02:45
UNITED STATES	051 Praise or endorse	MILITARY	32880	2018-01-23 20:00
EUROPEAN	010 Make statement, not specified below	UNITED STATES	18210	2018-01-13 15:30
PARLIAMENT	182 Physically assault, not specified below	POLICE	2760	2018-01-02 22:00
DIPLOMAT	020 Appeal, not specified below	RIGHTS GROUP	14715	2018-01-11 05:15
SOUTH KOREA	051 Praise or endorse	SERBIA	31830	2018-01-23 02:30
MINIST	051 Praise or endorse	SACRAMENTO	21585	2018-01-15 23:45
INDUSTRY MINIST	036 Express intent to meet or negotiate	WORLD ECONOMIC FORUM	30525	2018-01-22 04:45
UNITED STATES	051 Praise or endorse	IRANIAN	34110	2018-01-24 16:30
A US	040 Consult, not specified below	IRANIAN	16890	2018-01-12 17:30
JORDAN	043 Host a visit	VILLAGE	17070	2018-01-12 20:30
JAKARTA	043 Host a visit	PHILIPPINE	28305	2018-01-20 15:45
KAZAKHSTAN	036 Express intent to meet or negotiate	TRAVELLER	33450	2018-01-24 05:30
BUSINESS	190 Use conventional military force, not specified below	SIOUX	34365	2018-01-24 20:45
UNITED STATES	160 Reduce relations, not specified below	DEFENSE SECRETARY	27615	2018-01-20 04:15
POLICE	046 Engage in negotiation	PROSECUTOR	7200	2018-01-06 00:00
POLICE	173 Arrest, detain, or charge with legal action 	GREECE	22410	2018-01-16 13:30
POLICE	193 Fight with small arms and light weapons	HOUSTON	2490	2018-01-02 17:30
WEBSITE	043 Host a visit	LUCKNOW	6105	2018-01-05 05:45
SCHOOL	043 Host a visit	MUNDA	22605	2018-01-16 16:45
IOWA	020 Appeal, not specified below	BUSINESS	25545	2018-01-18 17:45
EUROPEAN	174 Expel or deport individuals	TURKEY	15255	2018-01-11 14:15
EL SALVADOR	043 Host a visit	GUATEMALA	5145	2018-01-04 13:45
CHINA	012 Make pessimistic comment	WORKER	20190	2018-01-15 00:30
THE WHITE HOUSE	111 Criticize or denounce 	TABLOID	5130	2018-01-04 13:30
HOUSE SPEAKER	014 Consider policy option	UNITED STATES	23340	2018-01-17 05:00
TANZANIA	030 Express intent to cooperate, not specified below	RWANDA	21000	2018-01-15 14:00
POLICE	172 Impose administrative sanctions, not specified below	DRUG PEDDLER	1170	2018-01-01 19:30
CHINESE	100 Demand, not specified below	EUROPEAN	31185	2018-01-22 15:45
NETFLIX	036 Express intent to meet or negotiate	BARACK OBAMA	6900	2018-01-05 19:00
UNITED STATES	172 Impose administrative sanctions, not specified below	OBAMA	18165	2018-01-13 14:45
GOOGLE	090 Investigate, not specified below	MANDALAY	27765	2018-01-20 06:45
UNITED STATES	040 Consult, not specified below	BARACK OBAMA	7260	2018-01-06 01:00
SECRETARY OF THE TREASURY	071 Provide economic aid	UNITED STATES	4065	2018-01-03 19:45
ADMINISTRATION	071 Provide economic aid	GAZA	21420	2018-01-15 21:00
CIVIL SOCIETY	020 Appeal, not specified below	GOVERNOR	33105	2018-01-23 23:45
COMPANY	100 Demand, not specified below	ARUBA	12915	2018-01-09 23:15
SOUTH KOREA	030 Express intent to cooperate, not specified below	UNITED STATES	15465	2018-01-11 17:45
OCCUPIED TERRITORIES	051 Praise or endorse	SYRIA	26670	2018-01-19 12:30
EMPLOYEE	090 Investigate, not specified below	BUSINESS	29910	2018-01-21 18:30
FEDERAL COURT	173 Arrest, detain, or charge with legal action 	UNITED STATES	17415	2018-01-13 02:15
UNITED STATES	071 Provide economic aid	GOVERNMENT	27525	2018-01-20 02:45
BUSINESS	046 Engage in negotiation	PRESIDENT	4290	2018-01-03 23:30
LEBANON	040 Consult, not specified below	SYRIA	15135	2018-01-11 12:15
ISLAMABAD	190 Use conventional military force, not specified below	DISSENTER	28875	2018-01-21 01:15
FULANI	1124 Accuse of war crimes	GOVERNMENT	23670	2018-01-17 10:30
STATE ASSEMBLY	051 Praise or endorse	GOVERNOR	16860	2018-01-12 17:00
UNITED STATES	100 Demand, not specified below	INDUSTRY	14655	2018-01-11 04:15
MINSK	013 Make optimistic comment	JOURNALIST	26805	2018-01-19 14:45
PRESIDENT	010 Make statement, not specified below	COMPANY	31080	2018-01-22 14:00
YEREVAN	042 Make a visit	CITIZEN	32400	2018-01-23 12:00
MINIST	112 Accuse, not specified below	UNITED KINGDOM	22170	2018-01-16 09:30
ADMINISTRATION	018 Make empathetic comment	AMERICAN	23925	2018-01-17 14:45
UNITED STATES	040 Consult, not specified below	CIVIL SOCIETY	2445	2018-01-02 16:45
SEOUL	046 Engage in negotiation	THE US	26445	2018-01-19 08:45
RETIRED	031 Express intent to engage in material cooperation,  not specified below	CAPTAIN	3855	2018-01-03 16:15
HAMAS	036 Express intent to meet or negotiate	MANAMA	11730	2018-01-09 03:30
MILITARY	150 Demonstrate military or police power, not specified below	MINDANAO	26940	2018-01-19 17:00
IRAQ	042 Make a visit	TEHRAN	29475	2018-01-21 11:15
MINIST	010 Make statement, not specified below	PAKISTAN	13740	2018-01-10 13:00
LONDON	020 Appeal, not specified below	MAYOR	11520	2018-01-09 00:00
SAUDI ARABIA	013 Make optimistic comment	REUTERS	31890	2018-01-23 03:30
MANILA	110 Disapprove, not specified below	HOUSE SPEAKER	4665	2018-01-04 05:45
CORRESPONDENT	040 Consult, not specified below	GERMANY	19815	2018-01-14 18:15
SOCIAL WELFARE MINIST	040 Consult, not specified below	BANGLADESH	5055	2018-01-04 12:15
PRISON	015 Acknowledge or claim responsibility	CRIMINAL	32430	2018-01-23 12:30
EUROPEAN	031 Express intent to engage in material cooperation,  not specified below	ITALIAN	27000	2018-01-19 18:00
UNITED STATES	020 Appeal, not specified below	POLICE	30450	2018-01-22 03:30
PRIME MINISTER	030 Express intent to cooperate, not specified below	PAKISTAN	5175	2018-01-04 14:15
COMMUNITY	040 Consult, not specified below	AUSTRALIA	20355	2018-01-15 03:15
UNITED KINGDOM	042 Make a visit	IRELAND	7965	2018-01-06 12:45
POLICE	173 Arrest, detain, or charge with legal action 	MAGAZINE	29985	2018-01-21 19:45
CANADA	010 Make statement, not specified below	JUDAISM	14115	2018-01-10 19:15
COMMUNITY	043 Host a visit	SCHOOL	2115	2018-01-02 11:15
UNITED STATES	112 Accuse, not specified below	BARACK OBAMA	2880	2018-01-03 00:00
BRUSSELS	042 Make a visit	MOSCOW	14985	2018-01-11 09:45
EUROPEAN	010 Make statement, not specified below	BUSINESS	33570	2018-01-24 07:30
BHUTAN	0841 Return, release person(s)	STUDENT	3285	2018-01-03 06:45
CHILE	042 Make a visit	PERU	13950	2018-01-10 16:30
LAWYER	030 Express intent to cooperate, not specified below	GOVERNOR	16035	2018-01-12 03:15
CHINA	170 Coerce, not specified below 	CANADIAN	16695	2018-01-12 14:15
RUSSIA	080 Yield, not specified below 	UKRAINIAN	19575	2018-01-14 14:15
MYANMAR	017 Engage in symbolic act	KACHIN	6945	2018-01-05 19:45
BLOGGER	040 Consult, not specified below	SAUDI	12195	2018-01-09 11:15
KENYA	020 Appeal, not specified below	NASA	23580	2018-01-17 09:00
PROSECUTOR	084 Return, release, not specified below	POLICE	18300	2018-01-13 17:00
BUFFALO	036 Express intent to meet or negotiate	VILLAGE	24645	2018-01-18 02:45
LEBANON	112 Accuse, not specified below	SYRIA	29295	2018-01-21 08:15
SOUTH SUDAN	010 Make statement, not specified below	KENYA	33450	2018-01-24 05:30
CANADA	080 Yield, not specified below 	WASHINGTON	8955	2018-01-07 05:15
UNITED STATES	043 Host a visit	BUSINESS	8235	2018-01-06 17:15
MANUFACTURER	040 Consult, not specified below	PRESIDENT	8625	2018-01-06 23:45
DALLAS	173 Arrest, detain, or charge with legal action 	PRISON	4245	2018-01-03 22:45
UNITED STATES	051 Praise or endorse	JAMES SMITH	26115	2018-01-19 03:15
PRIME MINISTER	020 Appeal, not specified below	ALBANIAN	16950	2018-01-12 18:30
ARMENIAN	051 Praise or endorse	HEAD OF STATE	26550	2018-01-19 10:30
KABUL	190 Use conventional military force, not specified below	GUNMEN	29415	2018-01-21 10:15
UNITED KINGDOM	040 Consult, not specified below	COMPANY	12030	2018-01-09 08:30
BRAZIL	0311 Express intent to cooperate economically	PRODUCER	22470	2018-01-16 14:30
SIERRA LEONE	173 Arrest, detain, or charge with legal action 	POLICE	25320	2018-01-18 14:00
NORTH KOREA	046 Engage in negotiation	UNITED STATES	6855	2018-01-05 18:15
UNITED STATES	057 Sign formal agreement	BUSINESS	11640	2018-01-09 02:00
BUFFALO	164 Halt negotiations	NEIGHBORHOOD	21135	2018-01-15 16:15
ISRAELI	090 Investigate, not specified below	WEST BANK	27135	2018-01-19 20:15
VENEZUELA	042 Make a visit	VALENCIA	12540	2018-01-09 17:00
KARACHI	042 Make a visit	HASSAN	21090	2018-01-15 15:30
EDUCATION MINIST	1712 Destroy property	SCHOOL	12585	2018-01-09 17:45
NIGERIAN	020 Appeal, not specified below	ADMINISTRATION	28485	2018-01-20 18:45
GOVERNOR	020 Appeal, not specified below	LEGISLATURE	720	2018-01-01 12:00
NATIONALS	014 Consider policy option	GOVERNMENT	33930	2018-01-24 13:30
KING	010 Make statement, not specified below	CLERGYMEN	21255	2018-01-15 18:15
WORKER	060 Engage in material cooperation, not specified below	AUTHORITIES	13740	2018-01-10 13:00
UNITED STATES	141 Demonstrate or rally	JORDAN	29040	2018-01-21 04:00
IRAN	110 Disapprove, not specified below	KYRGYZSTAN	24090	2018-01-17 17:30
UNITED STATES	114 Complain officially 	STAFF MEMBER	7410	2018-01-06 03:30
CORPORATION	1721 Impose restrictions on political freedoms  	PRESIDENT	4035	2018-01-03 19:15
PRESIDENT	020 Appeal, not specified below	LONDON	20250	2018-01-15 01:30
FRANCE	010 Make statement, not specified below	UNITED STATES	15675	2018-01-11 21:15
POLICE	040 Consult, not specified below	SCHOOL	25455	2018-01-18 16:15
GOVERNMENT	010 Make statement, not specified below	POLICE	14100	2018-01-10 19:00
ISRAEL	112 Accuse, not specified below	MILITANT	27165	2018-01-19 20:45
PROSECUTOR	190 Use conventional military force, not specified below	SOUTH KOREA	19140	2018-01-14 07:00
UNITED STATES	071 Provide economic aid	GOVERNMENT	29790	2018-01-21 16:30
ANGOLA	139 Give ultimatum	SALVADOREAN	12405	2018-01-09 14:45
NEW JERSEY	060 Engage in material cooperation, not specified below	SCHOOL	21000	2018-01-15 14:00
BANK	100 Demand, not specified below	CATALAN	14190	2018-01-10 20:30
PAKISTAN	051 Praise or endorse	PALESTINIAN	10335	2018-01-08 04:15
PARIS	057 Sign formal agreement	AUSTRALIA	17010	2018-01-12 19:30
UNITED STATES	010 Make statement, not specified below	IMMIGRANT	21945	2018-01-16 05:45
SAUDI	012 Make pessimistic comment	GOVERNMENT	5370	2018-01-04 17:30
ADMINISTRATION	0841 Return, release person(s)	ETHIOPIA	11865	2018-01-09 05:45
ISLAMIC	040 Consult, not specified below	LONDON	16890	2018-01-12 17:30
ASSEMBLIES	051 Praise or endorse	TRIPURA	24855	2018-01-18 06:15
PAKISTAN	100 Demand, not specified below	NEW DELHI	16050	2018-01-12 03:30
SENATOR	111 Criticize or denounce 	ADMINISTRATION	24990	2018-01-18 08:30
UNITED STATES	082 Ease political dissent 	HILLARY CLINTON	14010	2018-01-10 17:30
AUTHORITIES	173 Arrest, detain, or charge with legal action 	COMPANY	30255	2018-01-22 00:15
THE WHITE HOUSE	010 Make statement, not specified below	UNITED STATES	13995	2018-01-10 17:15
BUSINESS	010 Make statement, not specified below	CRETE	1620	2018-01-02 03:00
PRESIDENT	020 Appeal, not specified below	CHEROKEE	27960	2018-01-20 10:00
EMPLOYEE	173 Arrest, detain, or charge with legal action 	PRISON	17355	2018-01-13 01:15
PROSECUTOR	173 Arrest, detain, or charge with legal action 	FELON	13200	2018-01-10 04:00
MILITARY	020 Appeal, not specified below	PAKISTAN	630	2018-01-01 10:30
RHODE ISLAND	010 Make statement, not specified below	COMMUNITY	24645	2018-01-18 02:45
TURKEY	192 Occupy territory	SYRIA	29565	2018-01-21 12:45
DISNEY	071 Provide economic aid	EMPLOYEE	32985	2018-01-23 21:45
WORLD ECONOMIC FORUM	043 Host a visit	DAVOS	31830	2018-01-23 02:30
UNIVERSITY	111 Criticize or denounce 	GAMBIA	2955	2018-01-03 01:15
HAWAII	012 Make pessimistic comment	STUDENT	26010	2018-01-19 01:30
IRAQI	012 Make pessimistic comment	ISRAEL	31845	2018-01-23 02:45
UNITED STATES	1124 Accuse of war crimes	MILITANT	22440	2018-01-16 14:00
DEMOCRATIC PARTY	010 Make statement, not specified below	NIGERIA	13695	2018-01-10 12:15
LAWMAKER	010 Make statement, not specified below	UNITED STATES	32895	2018-01-23 20:15
AFRICA	010 Make statement, not specified below	HOSPITAL	33735	2018-01-24 10:15
AIR FORCE	042 Make a visit	IOWA	11580	2018-01-09 01:00
MICHIGAN	125 Reject proposal to meet, discuss, or negotiate	ATTORNEY GENERAL	26025	2018-01-19 01:45
ISLAM	154 Mobilize or increase armed forces 	BANGLADESH	33840	2018-01-24 12:00
NEWSPAPER	040 Consult, not specified below	IDAHO	15870	2018-01-12 00:30
PUBLIC PROSECUTOR	112 Accuse, not specified below	IRAN	11205	2018-01-08 18:45
CHINESE	141 Demonstrate or rally	AUSTRIAN	27090	2018-01-19 19:30
THE POOR	042 Make a visit	SCHOOL	9720	2018-01-07 18:00
SWEDEN	040 Consult, not specified below	NORWAY	26595	2018-01-19 11:15
INTERNAL REVENUE SERVICE	057 Sign formal agreement	INFOSYS	12420	2018-01-09 15:00
ATTORNEY	115 Bring lawsuit against 	COMPANIES	29055	2018-01-21 04:15
MUSLIM	014 Consider policy option	CHINESE	32280	2018-01-23 10:00
MILF	174 Expel or deport individuals	PHILIPPINE	31140	2018-01-22 15:00
COMMUNITY	043 Host a visit	EMPLOYEE	32670	2018-01-23 16:30
MADRID	042 Make a visit	EUROPE	28005	2018-01-20 10:45
BANGLADESH	043 Host a visit	PRANAB MUKHERJEE	29250	2018-01-21 07:30
HEALTH MINIST	016 Deny responsibility	UGANDA	6645	2018-01-05 14:45
FINLAND	071 Provide economic aid	BUSINESS	26865	2018-01-19 15:45
RUSSIA	013 Make optimistic comment	RUSSIAN	4995	2018-01-04 11:15
CHINA	012 Make pessimistic comment	NORTH KOREA	26820	2018-01-19 15:00
STUDENT	051 Praise or endorse	UNITED STATES	27390	2018-01-20 00:30
COMPANIES	012 Make pessimistic comment	CENTRAL BANK	2580	2018-01-02 19:00
UNITED STATES	090 Investigate, not specified below	CRIMINAL	14415	2018-01-11 00:15
UNITED STATES	043 Host a visit	GOVERNMENT	33315	2018-01-24 03:15
SCHOOL	036 Express intent to meet or negotiate	CINCINNATI	20205	2018-01-15 00:45
SCOTLAND	012 Make pessimistic comment	WORKER	2325	2018-01-02 14:45
BANGLADESH	040 Consult, not specified below	GOVERNMENT	25170	2018-01-18 11:30
RUSSIA	010 Make statement, not specified below	EDITOR IN CHIEF	16335	2018-01-12 08:15
IRANIAN	042 Make a visit	IRAN	31485	2018-01-22 20:45
IRAN	051 Praise or endorse	PAKISTAN	6390	2018-01-05 10:30
UNITED STATES	026 Appeal to others to meet or negotiate	IRAN	4650	2018-01-04 05:30
EGYPT	040 Consult, not specified below	THE US	13995	2018-01-10 17:15
UNITED STATES	1724 Impose state of emergency or martial law	JUDGE	15075	2018-01-11 11:15
BUFFALO	173 Arrest, detain, or charge with legal action 	CANADA	31920	2018-01-23 04:00
CUBA	192 Occupy territory	HAITI	18540	2018-01-13 21:00
SYRIA	190 Use conventional military force, not specified below	IRAN	8655	2018-01-07 00:15
UGANDA	1721 Impose restrictions on political freedoms  	MEDIA	10440	2018-01-08 06:00
GHANA	020 Appeal, not specified below	MEDIA	6420	2018-01-05 11:00
CALIFORNIA	193 Fight with small arms and light weapons	MEDIA	33195	2018-01-24 01:15
NIGERIA	051 Praise or endorse	THE AU	23880	2018-01-17 14:00
UNITED STATES	020 Appeal, not specified below	HAITIAN	16365	2018-01-12 08:45
POLICE	042 Make a visit	GHANA	23565	2018-01-17 08:45
ATLANTA	071 Provide economic aid	BANK	22590	2018-01-16 16:30
CHAMBER	129 Veto	UNITED STATES	13125	2018-01-10 02:45
ZIMBABWE	010 Make statement, not specified below	PRISON	7830	2018-01-06 10:30
UNITED STATES	012 Make pessimistic comment	ATTORNEY	12630	2018-01-09 18:30
EUROPE	111 Criticize or denounce 	CHINA	34470	2018-01-24 22:30
CHILE	042 Make a visit	AMERICAN	21885	2018-01-16 04:45
TREASURY SECRETARY	046 Engage in negotiation	SWISS	33990	2018-01-24 14:30
IRAN	042 Make a visit	AFGHANISTAN	13995	2018-01-10 17:15
ADDIS ABABA	120 Reject, not specified below	WORLD BANK	31890	2018-01-23 03:30
THE WHITE HOUSE	043 Host a visit	UNITED STATES	15465	2018-01-11 17:45
JOHANNESBURG	043 Host a visit	NEW YORK	33930	2018-01-24 13:30
RETIRED	115 Bring lawsuit against 	FIRE DEPARTMENT	5670	2018-01-04 22:30
UNITED STATES	020 Appeal, not specified below	BAHAMA	21375	2018-01-15 20:15
ISRAEL	046 Engage in negotiation	AFRICA	4095	2018-01-03 20:15
ADMINISTRATION	036 Express intent to meet or negotiate	UNITED STATES	6765	2018-01-05 16:45
JOHANNESBURG	010 Make statement, not specified below	CONGO	32205	2018-01-23 08:45
EMPLOYEE	120 Reject, not specified below	UNITED STATES	11460	2018-01-08 23:00
GOVERNMENT	051 Praise or endorse	IRELAND	28965	2018-01-21 02:45
NETHERLANDS	046 Engage in negotiation	COMPANY	31230	2018-01-22 16:30
JORDAN	046 Engage in negotiation	ISRAEL	28875	2018-01-21 01:15
UNITED STATES	010 Make statement, not specified below	COUNSEL	17415	2018-01-13 02:15
PRESIDENT	036 Express intent to meet or negotiate	SINGAPORE	33930	2018-01-24 13:30
CRIMINAL	173 Arrest, detain, or charge with legal action 	KING	24420	2018-01-17 23:00
UNITED STATES	173 Arrest, detain, or charge with legal action 	NON RESIDENT	16365	2018-01-12 08:45
DEFENSE SECRETARY	010 Make statement, not specified below	IRAQ	4650	2018-01-04 05:30
MILITARY	160 Reduce relations, not specified below	ZIMBABWE	33375	2018-01-24 04:15
POLICE	090 Investigate, not specified below	DEALER	17325	2018-01-13 00:45
ATTORNEY	190 Use conventional military force, not specified below	UNITED STATES	1050	2018-01-01 17:30
JUDGE	114 Complain officially 	CRIMINAL	12900	2018-01-09 23:00
BRITISH	040 Consult, not specified below	UNITED STATES	23775	2018-01-17 12:15
COUNSEL	090 Investigate, not specified below	PRESIDENT	5970	2018-01-05 03:30
GANG	180 Use unconventional violence, not specified below	POLICE	20925	2018-01-15 12:45
UNIVERSITY	193 Fight with small arms and light weapons	BUSINESS	16485	2018-01-12 10:45
GILAD ERDAN	163 Impose embargo, boycott, or sanctions	PRESIDENT	28815	2018-01-21 00:15
COMPANY	051 Praise or endorse	AIRCRAFT CARRIER	31980	2018-01-23 05:00
WASHINGTON	042 Make a visit	THE WHITE HOUSE	28800	2018-01-21 00:00
NORTH KOREA	050 Engage in diplomatic cooperation, not specified below	DIPLOMAT	12825	2018-01-09 21:45
GOVERNMENT OFFICIAL	017 Engage in symbolic act	POLITICIAN	25365	2018-01-18 14:45
BELGIUM	043 Host a visit	SUPREME COURT	16890	2018-01-12 17:30
COMMUNITY	046 Engage in negotiation	UNITED STATES	34410	2018-01-24 21:30
THE US	0841 Return, release person(s)	GOVERNMENT	27150	2018-01-19 20:30
UNITED STATES	190 Use conventional military force, not specified below	TEXAS	16590	2018-01-12 12:30
PENNSYLVANIA	046 Engage in negotiation	POLICE	5430	2018-01-04 18:30
UNITED STATES	020 Appeal, not specified below	PERU	28890	2018-01-21 01:30
SENATOR	071 Provide economic aid	UNITED STATES	11700	2018-01-09 03:00
IRAN	190 Use conventional military force, not specified below	IRANIAN	21525	2018-01-15 22:45
DEPUTY	010 Make statement, not specified below	AFGHAN	1830	2018-01-02 06:30
PAKISTAN	040 Consult, not specified below	INSPECTOR GENERAL	26535	2018-01-19 10:15
PENNSYLVANIA	043 Host a visit	PRESIDENT	24525	2018-01-18 00:45
JAKARTA	051 Praise or endorse	POLICE	15120	2018-01-11 12:00
ISRAEL	190 Use conventional military force, not specified below	BANK	26130	2018-01-19 03:30
UNITED STATES	020 Appeal, not specified below	COMMUNITY	11295	2018-01-08 20:15
NORTH KOREA	112 Accuse, not specified below	REGIME	27435	2018-01-20 01:15
GHANA	042 Make a visit	ASHANTI	3645	2018-01-03 12:45
NARAYANGANJ	017 Engage in symbolic act	KHALEDA ZIA	27060	2018-01-19 19:00
DISNEY	042 Make a visit	UNITED STATES	34455	2018-01-24 22:15
ENGINEER	090 Investigate, not specified below	GUATEMALA	21225	2018-01-15 17:45
UNITED STATES	042 Make a visit	HOSPITAL	30330	2018-01-22 01:30
CHINA	042 Make a visit	WORLD HEALTH ASSEMBLY	14190	2018-01-10 20:30
ISRAELI	112 Accuse, not specified below	ISRAEL	27510	2018-01-20 02:30
YEMEN	190 Use conventional military force, not specified below	SAUDI ARABIA	18060	2018-01-13 13:00
ALABAMA	115 Bring lawsuit against 	ATTORNEY	5745	2018-01-04 23:45
THE US	072 Provide military aid	IRAN	6735	2018-01-05 16:15
BEIJING	042 Make a visit	SOUTH KOREA	2835	2018-01-02 23:15
UKRAINE	051 Praise or endorse	INSURGENT	2490	2018-01-02 17:30
THAILAND	0331 Express intent to provide economic aid	GOVERNMENT	14265	2018-01-10 21:45
THE EU	100 Demand, not specified below	CHINA	22335	2018-01-16 12:15
GOVERNMENT	111 Criticize or denounce 	ATHEIST	5715	2018-01-04 23:15
AZERBAIJANI	017 Engage in symbolic act	ADMINISTRATION	4995	2018-01-04 11:15
SCHOOL	030 Express intent to cooperate, not specified below	UNITED STATES	11745	2018-01-09 03:45
PRIME MINISTER	010 Make statement, not specified below	SERBIA	23820	2018-01-17 13:00
WALL STREET JOURNAL	051 Praise or endorse	PRESIDENT	6600	2018-01-05 14:00
STUDENT	031 Express intent to engage in material cooperation,  not specified below	UNITED STATES	17145	2018-01-12 21:45
MEDIA	020 Appeal, not specified below	FRENCH	20865	2018-01-15 11:45
UNITED STATES	010 Make statement, not specified below	DISTRICT COURT	16575	2018-01-12 12:15
PRESIDENT	141 Demonstrate or rally	OVAL OFFICE	28680	2018-01-20 22:00
LAWYER	010 Make statement, not specified below	CANADA	31785	2018-01-23 01:45
ISRAEL	043 Host a visit	THE US	30135	2018-01-21 22:15
TURKEY	173 Arrest, detain, or charge with legal action 	JOURNALIST	23895	2018-01-17 14:15
HINDU	112 Accuse, not specified below	GOVERNMENT	18780	2018-01-14 01:00
SENATE	051 Praise or endorse	WASHINGTON	25455	2018-01-18 16:15
SYRIAN	012 Make pessimistic comment	TURKISH	31755	2018-01-23 01:15
WORKER	120 Reject, not specified below	SHARECROPPER	31305	2018-01-22 17:45
NIGERIA	042 Make a visit	CHIEF EXECUTIVE	7260	2018-01-06 01:00
HAWAII	043 Host a visit	THE US	18480	2018-01-13 20:00
GUATEMALA	043 Host a visit	MEXICO	27780	2018-01-20 07:00
ADMINISTRATION	090 Investigate, not specified below	BROOKINGS INSTITUT	5085	2018-01-04 12:45
SCHOOL	182 Physically assault, not specified below	GERMANY	22215	2018-01-16 10:15
NIGERIA	190 Use conventional military force, not specified below	SETTLEMENT	26355	2018-01-19 07:15
EGYPT	063 Engage in judicial cooperation	EGYPTIAN	18045	2018-01-13 12:45
BANGLADESH	082 Ease political dissent 	GOVERNMENT	13425	2018-01-10 07:45
PHILIPPINE	130 Threaten, not specified below	ARMY	2310	2018-01-02 14:30
ADMINISTRATION	111 Criticize or denounce 	TURKEY	29790	2018-01-21 16:30
COLLEGE	042 Make a visit	CALCUTTA	16560	2018-01-12 12:00
MEDIA	010 Make statement, not specified below	ECONOMY SECRETARY	11145	2018-01-08 17:45
POLICE	042 Make a visit	LAWYER	20340	2018-01-15 03:00
PORT OF SPAIN	042 Make a visit	HAVANA	20415	2018-01-15 04:15
DEPUTY	060 Engage in material cooperation, not specified below	KAZAKHSTAN	11805	2018-01-09 04:45
DIRECTOR GENERAL	190 Use conventional military force, not specified below	MILITANT	16230	2018-01-12 06:30
PRISON	163 Impose embargo, boycott, or sanctions	IRAN	5130	2018-01-04 13:30
DEMONSTRATOR	042 Make a visit	MAINE	29550	2018-01-21 12:30
TERRORIST	080 Yield, not specified below 	PAKISTAN	16425	2018-01-12 09:45
TANZANIA	154 Mobilize or increase armed forces 	REBEL GROUP	24030	2018-01-17 16:30
COMMUNITY	046 Engage in negotiation	SHOP OWNER	27360	2018-01-20 00:00
PAKISTANI	040 Consult, not specified below	NIGERIA	16035	2018-01-12 03:15
SCHOOL	071 Provide economic aid	LEGISLATURE	3525	2018-01-03 10:45
NEW YORK	173 Arrest, detain, or charge with legal action 	PRISON	17445	2018-01-13 02:45
WSPA	070 Provide aid, not specified below	NORTH CAROLINA	13260	2018-01-10 05:00
PAKISTAN	190 Use conventional military force, not specified below	CIVILIAN	9690	2018-01-07 17:30
CINCINNATI	1241 Refuse to ease administrative sanctions	APPEALS COURT	5910	2018-01-05 02:30
CHIEF EXECUTIVE	040 Consult, not specified below	UNITED STATES	34455	2018-01-24 22:15
RUSSIA	080 Yield, not specified below 	MINISTRY	20925	2018-01-15 12:45
AFGHAN	190 Use conventional military force, not specified below	NEWS AGENCY	4725	2018-01-04 06:45
UNITED STATES	090 Investigate, not specified below	CITIZEN	28245	2018-01-20 14:45
GOVERNMENT	120 Reject, not specified below	DELHI	10965	2018-01-08 14:45
EGYPT	051 Praise or endorse	LIBERATION MOVEMENT	27270	2018-01-19 22:30
BANK	020 Appeal, not specified below	UNITED KINGDOM	27180	2018-01-19 21:00
BUSINESS	010 Make statement, not specified below	GOVERNMENT	25755	2018-01-18 21:15
MANCHESTER	043 Host a visit	GERMANY	1575	2018-01-02 02:15
SPOKESMAN	010 Make statement, not specified below	ILLINOIS	3015	2018-01-03 02:15
PRESIDENT	036 Express intent to meet or negotiate	DEPARTMENT OF COMMERCE	33225	2018-01-24 01:45
REUTERS	042 Make a visit	CHILE	15300	2018-01-11 15:00
RUSSIAN	110 Disapprove, not specified below	SWEDEN	12180	2018-01-09 11:00
VIETNAM	112 Accuse, not specified below	TYCOON	6090	2018-01-05 05:30
ILLINOIS	043 Host a visit	ITALY	33225	2018-01-24 01:45
BRITISH	1712 Destroy property	AMERICAN	24600	2018-01-18 02:00
RUSSIA	045 Mediate	PALESTINIAN	10665	2018-01-08 09:45
PRESIDENT	051 Praise or endorse	UNITED STATES	3855	2018-01-03 16:15
MONGOLIA	090 Investigate, not specified below	UNITED ARAB EMIRATES	32595	2018-01-23 15:15
UNITED STATES	100 Demand, not specified below	LAWMAKER	24315	2018-01-17 21:15
DELHI	075 Grant asylum	SIKH	10755	2018-01-08 11:15
UNITED STATES	020 Appeal, not specified below	CHILE	25410	2018-01-18 15:30
AMBASSADOR	131 Threaten non-force, not specified below	UNITED NATIONS	11100	2018-01-08 17:00
WELLINGTON	043 Host a visit	COMMUNITY	34155	2018-01-24 17:15
AUTHORITIES	173 Arrest, detain, or charge with legal action 	JUDGE	11670	2018-01-09 02:30
MEDIA	190 Use conventional military force, not specified below	CIVILIAN	15135	2018-01-11 12:15
CANADA	020 Appeal, not specified below	UNITED STATES	32850	2018-01-23 19:30
VENEZUELA	100 Demand, not specified below	GOVERNMENT	7020	2018-01-05 21:00
UNITED STATES	130 Threaten, not specified below	CITIZEN	33315	2018-01-24 03:15
UNITED KINGDOM	020 Appeal, not specified below	DUTCH	25710	2018-01-18 20:30
ADMINISTRATION	020 Appeal, not specified below	SOUTH KOREA	165	2018-01-01 02:45
ARMY	010 Make statement, not specified below	DAMASCUS	13320	2018-01-10 06:00
IRAN	112 Accuse, not specified below	RUSSIA	6930	2018-01-05 19:30
CLERIC	120 Reject, not specified below	IRAN	6315	2018-01-05 09:15
SWITZERLAND	051 Praise or endorse	AMBASSADOR	23895	2018-01-17 14:15
UNITED STATES	015 Acknowledge or claim responsibility	SUPERIOR COURT	12420	2018-01-09 15:00
SRI LANKA	061 Cooperate economically	SINGAPORE	33735	2018-01-24 10:15
SOFIA	043 Host a visit	GERMAN	8580	2018-01-06 23:00
UNITED STATES	013 Make optimistic comment	NEWS STATION	5475	2018-01-04 19:15
CHINA	130 Threaten, not specified below	BEIJING	28155	2018-01-20 13:15
AFRICA	060 Engage in material cooperation, not specified below	STUDENT	1890	2018-01-02 07:30
POLAND	057 Sign formal agreement	ESTONIA	6420	2018-01-05 11:00
PRESIDENT	112 Accuse, not specified below	MUSLIM	1125	2018-01-01 18:45
GOVERNMENT	042 Make a visit	ROME	16020	2018-01-12 03:00
PROSECUTOR	020 Appeal, not specified below	ZIMBABWE	33360	2018-01-24 04:00
POLITICIAN	110 Disapprove, not specified below	GHANA	33315	2018-01-24 03:15
MINIST	061 Cooperate economically	SAUDI ARABIA	11895	2018-01-09 06:15
AUSTRALIA	051 Praise or endorse	DEPUTY	25485	2018-01-18 16:45
THE WHITE HOUSE	010 Make statement, not specified below	POLITICAL PRISONER	14970	2018-01-11 09:30
UNITED STATES	090 Investigate, not specified below	COMPANY	1200	2018-01-01 20:00
KIEV	020 Appeal, not specified below	CHRISTIAN	8550	2018-01-06 22:30
NEIGHBORHOOD	193 Fight with small arms and light weapons	UNITED STATES	12930	2018-01-09 23:30
AFGHAN	190 Use conventional military force, not specified below	INSURGENT	3090	2018-01-03 03:30
ISRAEL	036 Express intent to meet or negotiate	PALESTINE	6120	2018-01-05 06:00
MEXICO	020 Appeal, not specified below	UNITED STATES	31740	2018-01-23 01:00
SOUTH AFRICAN	040 Consult, not specified below	AFRICA	18870	2018-01-14 02:30
OPPOSITION PARTIES	040 Consult, not specified below	UNITED KINGDOM	23340	2018-01-17 05:00
DEALER	062 Cooperate militarily	UNITED STATES	5610	2018-01-04 21:30
MEXICO	193 Fight with small arms and light weapons	DEPUTIES	31860	2018-01-23 03:00
AUTHORITIES	012 Make pessimistic comment	WORKER	3660	2018-01-03 13:00
RIGHTS ACTIVIST	190 Use conventional military force, not specified below	KENYA	21675	2018-01-16 01:15
TERRORIST	112 Accuse, not specified below	PAKISTAN	20655	2018-01-15 08:15
CANADIAN	010 Make statement, not specified below	CATHOLIC BISHOP	32985	2018-01-23 21:45
HOSPITAL	010 Make statement, not specified below	COMMUNITY	16215	2018-01-12 06:15
CANADA	043 Host a visit	AMERICAN	22965	2018-01-16 22:45
PRESIDENT	072 Provide military aid	ROYAL CARIBBEAN	25635	2018-01-18 19:15
SYRIA	182 Physically assault, not specified below	CIVILIAN	5445	2018-01-04 18:45
CITIZEN	043 Host a visit	RETURNEE	20790	2018-01-15 10:30
UNITED STATES	046 Engage in negotiation	UNIVERSITY	22650	2018-01-16 17:30
GOOGLE	111 Criticize or denounce 	UNITED STATES	11310	2018-01-08 20:30
COMPANY	050 Engage in diplomatic cooperation, not specified below	TENNESSEE	26340	2018-01-19 07:00
UNITED STATES	040 Consult, not specified below	ALBERT	2745	2018-01-02 21:45
BANK	0333 Express intent to provide humanitarian aid	UNITED STATES	31320	2018-01-22 18:00
SPAIN	061 Cooperate economically	ITALY	33135	2018-01-24 00:15
PAKISTANI	182 Physically assault, not specified below	ARMY	27990	2018-01-20 10:30
WELLS FARGO	013 Make optimistic comment	UNITED STATES	23175	2018-01-17 02:15
PRESIDENT	040 Consult, not specified below	CHRISTIAN	14175	2018-01-10 20:15
KING	042 Make a visit	UNITED STATES	21030	2018-01-15 14:30
UNITED STATES	010 Make statement, not specified below	SENATOR	27315	2018-01-19 23:15
ZIMBABWEAN	173 Arrest, detain, or charge with legal action 	JOHANNESBURG	2250	2018-01-02 13:30
PRODUCER	090 Investigate, not specified below	INTELLIGENCE	3540	2018-01-03 11:00
REUTERS	042 Make a visit	CHILE	21765	2018-01-16 02:45
TURKEY	046 Engage in negotiation	AMERICAN	17640	2018-01-13 06:00
AUSTRIA	061 Cooperate economically	SLOVAKIA	19275	2018-01-14 09:15
GERMANY	030 Express intent to cooperate, not specified below	ISLAM	29580	2018-01-21 13:00
AFGHANISTAN	193 Fight with small arms and light weapons	COMMANDO	5415	2018-01-04 18:15
UNITED KINGDOM	040 Consult, not specified below	PARLIAMENT	22245	2018-01-16 10:45
INDONESIA	040 Consult, not specified below	DIOCESE	30855	2018-01-22 10:15
PORTUGUESE	046 Engage in negotiation	THE UN	20355	2018-01-15 03:15
PALESTINIAN	070 Provide aid, not specified below	ISRAEL	4020	2018-01-03 19:00
GOVERNOR	014 Consider policy option	NEW HAMPSHIRE	4305	2018-01-03 23:45
AFRICA	084 Return, release, not specified below	CANADA	14910	2018-01-11 08:30
NATIONAL PRESS	036 Express intent to meet or negotiate	PAKISTAN	26070	2018-01-19 02:30
POLICE	040 Consult, not specified below	METHODIST	7050	2018-01-05 21:30
AMERICAN	190 Use conventional military force, not specified below	IRANIAN	3765	2018-01-03 14:45
ISLAM	172 Impose administrative sanctions, not specified below	BUSINESS	6105	2018-01-05 05:45
INDIGENOUS	020 Appeal, not specified below	SYDNEY	13215	2018-01-10 04:15
ARMY	020 Appeal, not specified below	MANCHESTER	26730	2018-01-19 13:30
TANKER	190 Use conventional military force, not specified below	SINGAPORE	26985	2018-01-19 17:45
ZIMBABWEAN	042 Make a visit	KINGSTON	25380	2018-01-18 15:00
HARYANA	043 Host a visit	AMIT	24150	2018-01-17 18:30
AMNESTY INTERNATIONAL	051 Praise or endorse	GERMANY	30855	2018-01-22 10:15
PRESIDENT	042 Make a visit	UNITED STATES	15030	2018-01-11 10:30
GOVERNOR	1724 Impose state of emergency or martial law	UNITED STATES	16890	2018-01-12 17:30
THE US	010 Make statement, not specified below	PRODUCER	25755	2018-01-18 21:15
DUTCH	180 Use unconventional violence, not specified below	BOGOTA	23565	2018-01-17 08:45
UNITED STATES	0841 Return, release person(s)	FIREFIGHTER	13980	2018-01-10 17:00
CONGRESS	070 Provide aid, not specified below	UNITED STATES	20865	2018-01-15 11:45
RUSSIA	051 Praise or endorse	POLITICIAN	22725	2018-01-16 18:45
RUSSIAN	010 Make statement, not specified below	CANADIAN	25995	2018-01-19 01:15
FRENCH	111 Criticize or denounce 	AFRICA	19545	2018-01-14 13:45
SPY AGENCY	173 Arrest, detain, or charge with legal action 	SOUTH KOREAN	5085	2018-01-04 12:45
COMMUNITY	040 Consult, not specified below	KING	33465	2018-01-24 05:45
WYOMING	043 Host a visit	REFUGEE	30360	2018-01-22 02:00
UNITED STATES	010 Make statement, not specified below	COMPANY	5640	2018-01-04 22:00
EUROPEAN COMMISSION	050 Engage in diplomatic cooperation, not specified below	FRANCE	27765	2018-01-20 06:45
CHILE	141 Demonstrate or rally	THE POPE	27570	2018-01-20 03:30
REFUGEE	110 Disapprove, not specified below	THE US	32700	2018-01-23 17:00
IRELAND	071 Provide economic aid	AMERICAN	24225	2018-01-17 19:45
CHINA	161 Reduce or break diplomatic relations	COMPANY	31140	2018-01-22 15:00
UNITED STATES	042 Make a visit	LAWMAKER	11070	2018-01-08 16:30
VIETNAM	051 Praise or endorse	CATHOLIC	19530	2018-01-14 13:30
IMMIGRATION MINIST	036 Express intent to meet or negotiate	FIJI	20775	2018-01-15 10:15
CATHOLIC	130 Threaten, not specified below	UNITED STATES	11535	2018-01-09 00:15
RELIGIOUS SISTERS OF MERCY	042 Make a visit	MICHIGAN	18405	2018-01-13 18:45
COMPANIES	062 Cooperate militarily	ARMED FORCES	15465	2018-01-11 17:45
DALIT	1821 Sexually assault	HARYANA	20850	2018-01-15 11:30
KENYAN	010 Make statement, not specified below	UNITED STATES	17460	2018-01-13 03:00
UNITED STATES	023 Appeal for aid, not specified below	CHINA	18570	2018-01-13 21:30
BANK	0331 Express intent to provide economic aid	GOVERNMENT	31410	2018-01-22 19:30
UNITED STATES	040 Consult, not specified below	STATE OFFICIAL	4905	2018-01-04 09:45
ISRAEL	040 Consult, not specified below	OSLO	14490	2018-01-11 01:30
IRAQI	010 Make statement, not specified below	TEHRAN	19320	2018-01-14 10:00
UNITED STATES	1121 Accuse of crime, corruption	POLICE OFFICER	14490	2018-01-11 01:30
NETFLIX	193 Fight with small arms and light weapons	POLISH	28410	2018-01-20 17:30
PRESIDENT	010 Make statement, not specified below	ISRAEL	12570	2018-01-09 17:30
SWITZERLAND	042 Make a visit	GREECE	16680	2018-01-12 14:00
UNITED STATES	013 Make optimistic comment	JUDGE	7215	2018-01-06 00:15
MUSLIM	080 Yield, not specified below 	PAKISTAN	29610	2018-01-21 13:30
INTELLIGENCE	042 Make a visit	UNITED STATES	21615	2018-01-16 00:15
THE US	112 Accuse, not specified below	PAKISTAN	3810	2018-01-03 15:30
HOUSE SPEAKER	043 Host a visit	DEPUTY	4710	2018-01-04 06:30
FRANKFORT	114 Complain officially 	UNITED STATES	4440	2018-01-04 02:00
SOMALIA	084 Return, release, not specified below	JOURNALIST	4815	2018-01-04 08:15
BANGLADESH	020 Appeal, not specified below	CHITTAGONG	19650	2018-01-14 15:30
BELARUS	040 Consult, not specified below	MILITARY	4965	2018-01-04 10:45
NORTH KOREA	020 Appeal, not specified below	REPUBLIC OF KOREA	31815	2018-01-23 02:15
RESIDENTS	100 Demand, not specified below	FARMER	31680	2018-01-23 00:00
FINLAND	193 Fight with small arms and light weapons	ISTANBUL	16620	2018-01-12 13:00
POLICE	013 Make optimistic comment	COMPANIES	34110	2018-01-24 16:30
MONGOLIA	013 Make optimistic comment	AUSTRALIA	6330	2018-01-05 09:30
POLITICAL PARTY	057 Sign formal agreement	UTAH	24390	2018-01-17 22:30
MAHARASHTRA	051 Praise or endorse	PUNE	3495	2018-01-03 10:15
MPUMALANGA	043 Host a visit	AFRICA	25410	2018-01-18 15:30
STUDENT	043 Host a visit	UNITED STATES	24525	2018-01-18 00:45
MINIST	013 Make optimistic comment	LAWMAKER	24525	2018-01-18 00:45
TURKEY	082 Ease political dissent 	SYRIA	15180	2018-01-11 13:00
TUNISIAN	043 Host a visit	FRANCE	28650	2018-01-20 21:30
NOKIA	036 Express intent to meet or negotiate	EUROPE	5910	2018-01-05 02:30
GREECE	057 Sign formal agreement	UNITED STATES	18210	2018-01-13 15:30
SENATOR	040 Consult, not specified below	PRESIDENT	15885	2018-01-12 00:45
SOCIAL WORKER	010 Make statement, not specified below	PRESIDENT	28410	2018-01-20 17:30
AMERICAN	043 Host a visit	MEXICAN	32025	2018-01-23 05:45
UNITED STATES	043 Host a visit	HOLLANDER	19035	2018-01-14 05:15
SCHOOL	046 Engage in negotiation	BUSINESS	31140	2018-01-22 15:00
WASHINGTON	043 Host a visit	STUDENT	3045	2018-01-03 02:45
SENATE	030 Express intent to cooperate, not specified below	UNITED STATES	13740	2018-01-10 13:00
COLUMBUS	036 Express intent to meet or negotiate	TOLEDO	25875	2018-01-18 23:15
KUALA LUMPUR	042 Make a visit	BEIJING	14490	2018-01-11 01:30
TURKEY	100 Demand, not specified below	RUSSIA	15855	2018-01-12 00:15
OBAMA	013 Make optimistic comment	THE ASSOCIATED PRESS	5280	2018-01-04 16:00
UNITED ARAB EMIRATES	010 Make statement, not specified below	COMMUNITY	25110	2018-01-18 10:30
THE US	036 Express intent to meet or negotiate	THE WHITE HOUSE	22770	2018-01-16 19:30
RUSSIA	090 Investigate, not specified below	UNITED KINGDOM	10995	2018-01-08 15:15
COMMUNITY	017 Engage in symbolic act	SWITZERLAND	7275	2018-01-06 01:15
ACTIVIST	190 Use conventional military force, not specified below	ARMY	27870	2018-01-20 08:30
INDUSTRY	042 Make a visit	PRODUCER	21900	2018-01-16 05:00
IRAN	110 Disapprove, not specified below	HASSAN	11400	2018-01-08 22:00
PALESTINE	036 Express intent to meet or negotiate	ISRAEL	5430	2018-01-04 18:30
REBEL	192 Occupy territory	SYRIA	15810	2018-01-11 23:30
NATIONAL GUARD	046 Engage in negotiation	LAS VEGAS	24390	2018-01-17 22:30
ISRAEL	120 Reject, not specified below	GOVERNMENT	16440	2018-01-12 10:00
LAWYER	138 Threaten to use military force, not specified below	CONGRESS	5670	2018-01-04 22:30
ATTORNEY GENERAL	046 Engage in negotiation	SCHOOL	32505	2018-01-23 13:45
ASMARA	042 Make a visit	EGYPT	13380	2018-01-10 07:00
VIETNAM	042 Make a visit	NGUYEN XUAN PHUC	24945	2018-01-18 07:45
ENGINEER	130 Threaten, not specified below	CHINA	11475	2018-01-08 23:15
REFUGEE	043 Host a visit	INDONESIA	34005	2018-01-24 14:45
AFRICAN UNION	080 Yield, not specified below 	UNITED STATES	19470	2018-01-14 12:30
JOURNALIST	172 Impose administrative sanctions, not specified below	KENTUCKY	24510	2018-01-18 00:30
STUDENT	010 Make statement, not specified below	THE ASSOCIATED PRESS	32670	2018-01-23 16:30
RUSSIAN	190 Use conventional military force, not specified below	TURKISH	34290	2018-01-24 19:30
ACTIVIST	112 Accuse, not specified below	BUFFALO	26610	2018-01-19 11:30
UNITED STATES	010 Make statement, not specified below	SCHOOL	26265	2018-01-19 05:45
PAKISTAN	110 Disapprove, not specified below	INSURGENT	28905	2018-01-21 01:45
CHEROKEE	120 Reject, not specified below	DELAWARE	27300	2018-01-19 23:00
IRELAND	172 Impose administrative sanctions, not specified below	SCHOOL	24405	2018-01-17 22:45
HAWAIIAN	036 Express intent to meet or negotiate	TRAVELER	1950	2018-01-02 08:30
THE US	162 Reduce or stop aid, not specified below	PAKISTAN	26085	2018-01-19 02:45
ISRAEL	036 Express intent to meet or negotiate	UNITED STATES	27915	2018-01-20 09:15
EGYPT	161 Reduce or break diplomatic relations	JORDAN	29955	2018-01-21 19:15
GOVERNMENT	140 Engage in political dissent, not specified below	IRANIAN	12990	2018-01-10 00:30
BELIZEAN	043 Host a visit	BRITISH	2115	2018-01-02 11:15
NIGERIA	010 Make statement, not specified below	ADMINISTRATION	8985	2018-01-07 05:45
GUNMEN	193 Fight with small arms and light weapons	CONGRESS	13140	2018-01-10 03:00
ISRAEL	046 Engage in negotiation	UNITED STATES	30390	2018-01-22 02:30
UNITED STATES	061 Cooperate economically	MANUFACTURER	32505	2018-01-23 13:45
NORWEGIAN	070 Provide aid, not specified below	THE US	14415	2018-01-11 00:15
GOOGLE	014 Consider policy option	SERVER	15495	2018-01-11 18:15
RESIDENTS	100 Demand, not specified below	GOVERNMENT	15840	2018-01-12 00:00
RUSSIA	046 Engage in negotiation	SERGEY KISLYAK	450	2018-01-01 07:30
PRESIDENT	035 Express intent to yield, not specified below	KADUNA	9075	2018-01-07 07:15
ASEAN	010 Make statement, not specified below	BRUNEI	6870	2018-01-05 18:30
SOMALIA	181 Abduct, hijack, or take hostage 	VILLAGE	24660	2018-01-18 03:00
MASSACHUSETTS	051 Praise or endorse	RESIDENTS	27915	2018-01-20 09:15
DELEGATE	129 Veto	UNITED STATES	17580	2018-01-13 05:00
SCOTLAND	020 Appeal, not specified below	UNITED KINGDOM	3900	2018-01-03 17:00
CONNECTICUT	100 Demand, not specified below	WORKER	6810	2018-01-05 17:30
SAUDI ARABIA	1121 Accuse of crime, corruption	IRAN	31725	2018-01-23 00:45
FOREIGN MINIST	043 Host a visit	GERMANY	26985	2018-01-19 17:45
ISLAMABAD	026 Appeal to others to meet or negotiate	AMERICAN	2190	2018-01-02 12:30
SECRETARY OF STATE	010 Make statement, not specified below	UNITED STATES	4725	2018-01-04 06:45
TURKISH	193 Fight with small arms and light weapons	GROUND TROOP	31875	2018-01-23 03:15
IRAN	043 Host a visit	ISLAMIC	23535	2018-01-17 08:15
NIGERIA	010 Make statement, not specified below	TRAFFICKER	11070	2018-01-08 16:30
CANADA	051 Praise or endorse	CHINA	16740	2018-01-12 15:00
UNIVERSITY	040 Consult, not specified below	UNITED STATES	18810	2018-01-14 01:30
MEDIA	040 Consult, not specified below	NAWAZ SHARIF	20865	2018-01-15 11:45
FRENCH	020 Appeal, not specified below	SETTLEMENT	15525	2018-01-11 18:45
ROBERT FICO	017 Engage in symbolic act	CZECH REPUBLIC	7380	2018-01-06 03:00
GHANA	051 Praise or endorse	KING	16545	2018-01-12 11:45
EGYPT	043 Host a visit	ISRAEL	14475	2018-01-11 01:15
NASSER	043 Host a visit	DUBAI	31155	2018-01-22 15:15
FARMER	193 Fight with small arms and light weapons	POLICE	14985	2018-01-11 09:45
MINSK	046 Engage in negotiation	ARMENIA	32940	2018-01-23 21:00
BUSINESS	042 Make a visit	ISRAEL	24705	2018-01-18 03:45
NOVA SCOTIA	173 Arrest, detain, or charge with legal action 	JUSTICE MINISTER	25710	2018-01-18 20:30
EQUATORIAL GUINEA	193 Fight with small arms and light weapons	MERCENARY	4425	2018-01-04 01:45
MEDIA	042 Make a visit	CANADA	3090	2018-01-03 03:30
SCHOOL	040 Consult, not specified below	COMMUNITY	7305	2018-01-06 01:45
ROBERT FICO	040 Consult, not specified below	CZECH REPUBLIC	7380	2018-01-06 03:00
CHINESE	013 Make optimistic comment	SWEDEN	32220	2018-01-23 09:00
COMPANY	020 Appeal, not specified below	UNITED STATES	26475	2018-01-19 09:15
AUSTRALIA	051 Praise or endorse	LANDING SHIP	2985	2018-01-03 01:45
UNITED KINGDOM	020 Appeal, not specified below	OUTLAW	28845	2018-01-21 00:45
TURKEY	030 Express intent to cooperate, not specified below	PROSECUTOR	4320	2018-01-04 00:00
UNITED STATES	010 Make statement, not specified below	DEPUTY	13110	2018-01-10 02:30
COMPANY	036 Express intent to meet or negotiate	TOURIST	20325	2018-01-15 02:45
GERMANY	030 Express intent to cooperate, not specified below	FRANCE	28200	2018-01-20 14:00
GOVERNMENT	013 Make optimistic comment	IRAN	19125	2018-01-14 06:45
RAJASTHAN	043 Host a visit	PRIME MINISTER	22050	2018-01-16 07:30
UNITED STATES	030 Express intent to cooperate, not specified below	LAWMAKER	26025	2018-01-19 01:45
DEMONSTRATOR	036 Express intent to meet or negotiate	SWITZERLAND	20265	2018-01-15 01:45
RECEP TAYYIP ERDOGAN	042 Make a visit	KHARTOUM	18420	2018-01-13 19:00
UNITED STATES	051 Praise or endorse	SALVADORAN	13140	2018-01-10 03:00
PRESIDENT	070 Provide aid, not specified below	COMMITTEE TO PROTECT JOURNALISTS	11085	2018-01-08 16:45
BUSINESS LEADER	036 Express intent to meet or negotiate	ASEAN	32235	2018-01-23 09:15
MILITARY SPOKESMAN	120 Reject, not specified below	SYRIA	22920	2018-01-16 22:00
VILLAGE	075 Grant asylum	SAN DIEGO	5625	2018-01-04 21:45
CIVILIAN	022 Appeal for diplomatic cooperation, such as policy support	UNITED STATES	15660	2018-01-11 21:00
GUNMEN	193 Fight with small arms and light weapons	EGYPT	19530	2018-01-14 13:30
PRIME MINISTER	046 Engage in negotiation	THE EU	5520	2018-01-04 20:00
ATTORNEY GENERAL	025 Appeal to yield	LAWYER	13590	2018-01-10 10:30
UNITED STATES	124 Refuse to yield, not specified below	MARCHE	29085	2018-01-21 04:45
ILLINOIS	110 Disapprove, not specified below	ADVOCATE	29100	2018-01-21 05:00
PRESIDENT	013 Make optimistic comment	BUNDESTAG	25620	2018-01-18 19:00
AFRICA	057 Sign formal agreement	PRESIDENT	22110	2018-01-16 08:30
PUBLICATION	018 Make empathetic comment	UNITED STATES	23400	2018-01-17 06:00
UNITED STATES	013 Make optimistic comment	MEXICO	28500	2018-01-20 19:00
VANCOUVER	036 Express intent to meet or negotiate	GOVERNMENT	14400	2018-01-11 00:00
BUSINESS	051 Praise or endorse	WORKER	2835	2018-01-02 23:15
DEALER	013 Make optimistic comment	UNITED KINGDOM	11265	2018-01-08 19:45
HUMAN RIGHTS WATCH	020 Appeal, not specified below	IRANIAN	17340	2018-01-13 01:00
THE WHITE HOUSE	010 Make statement, not specified below	UNITED STATES	25830	2018-01-18 22:30
NORTH KOREA	036 Express intent to meet or negotiate	SOUTH KOREA	3210	2018-01-03 05:30
CORRESPONDENT	0841 Return, release person(s)	BANGLADESH	600	2018-01-01 10:00
SYRIA	100 Demand, not specified below	RUSSIA	10635	2018-01-08 09:15
CALIFORNIA	043 Host a visit	SHEFFIELD	14175	2018-01-10 20:15
UGANDA	120 Reject, not specified below	MIGRANT	10935	2018-01-08 14:15
THE EU	046 Engage in negotiation	UNITED KINGDOM	32640	2018-01-23 16:00
KERALA	190 Use conventional military force, not specified below	POLICE	6660	2018-01-05 15:00
MALAYSIA	013 Make optimistic comment	REUTERS	32565	2018-01-23 14:45
BRUSSELS	110 Disapprove, not specified below	UNITED KINGDOM	12585	2018-01-09 17:45
PROSECUTOR	090 Investigate, not specified below	ITALY	13830	2018-01-10 14:30
SCHOOL	043 Host a visit	MINIST	15135	2018-01-11 12:15
ONTARIO	043 Host a visit	BUSINESS	5820	2018-01-05 01:00
UNITED STATES	042 Make a visit	POLICE	600	2018-01-01 10:00
OSLO	020 Appeal, not specified below	FERRARA	22470	2018-01-16 14:30
CIVILIAN	173 Arrest, detain, or charge with legal action 	MILITARY OFFICER	31905	2018-01-23 03:45
UNITED STATES	193 Fight with small arms and light weapons	POLICE	19575	2018-01-14 14:15
ALI ABDULLAH SALEH	072 Provide military aid	SHIA	8655	2018-01-07 00:15
GERMANY	060 Engage in material cooperation, not specified below	COMPANY	6270	2018-01-05 08:30
DEPUTY	042 Make a visit	PRESIDENT	16860	2018-01-12 17:00
MELBOURNE	014 Consider policy option	COMPANY	23640	2018-01-17 10:00
NIGERIAN	193 Fight with small arms and light weapons	PRESIDENT	30435	2018-01-22 03:15
SPOKESMAN	084 Return, release, not specified below	UNITED STATES	11580	2018-01-09 01:00
THE WHITE HOUSE	043 Host a visit	UNITED STATES	22545	2018-01-16 15:45
COMMENTATOR	0874 Retreat or surrender militarily	PRESIDENT	24480	2018-01-18 00:00
UNITED STATES	085 Ease economic sanctions, boycott, embargo	IRAN	28545	2018-01-20 19:45
HEALTH CARE PROVIDER	036 Express intent to meet or negotiate	SCHOOL	33975	2018-01-24 14:15
ISLAM	061 Cooperate economically	SYRIA	15900	2018-01-12 01:00
ATTORNEY	173 Arrest, detain, or charge with legal action 	CONNECTICUT	3975	2018-01-03 18:15
SHINZO ABE	046 Engage in negotiation	JAPANESE	17400	2018-01-13 02:00
UNDERSECRETARY	036 Express intent to meet or negotiate	SYRIA	31755	2018-01-23 01:15
HINDU	020 Appeal, not specified below	PAKISTAN	2700	2018-01-02 21:00
NORTH KOREAN	061 Cooperate economically	NORTH KOREA	19950	2018-01-14 20:30
UNITED STATES	070 Provide aid, not specified below	PIEDMONT	1440	2018-01-02 00:00
REBEL	036 Express intent to meet or negotiate	GOVERNMENT	21090	2018-01-15 15:30
SANTA ANA	193 Fight with small arms and light weapons	POLICE OFFICER	4185	2018-01-03 21:45
UNITED STATES	1014 Demand intelligence cooperation	NORTH KOREA	14505	2018-01-11 01:45
NIGER	046 Engage in negotiation	YORUBA	25020	2018-01-18 09:00
CZECH	051 Praise or endorse	RUSSIA	19485	2018-01-14 12:45
LEGISLATURE	190 Use conventional military force, not specified below	SOUTH DAKOTA	24915	2018-01-18 07:15
UNITED STATES	193 Fight with small arms and light weapons	RAJASTHAN	17805	2018-01-13 08:45
SMUGGLER	014 Consider policy option	AUTHORITIES	30735	2018-01-22 08:15
NATIVE AMERICAN	115 Bring lawsuit against 	PRESIDENT	27210	2018-01-19 21:30
PHILIPPINE	100 Demand, not specified below	CONGRESS	18720	2018-01-14 00:00
LONDON	057 Sign formal agreement	MEDIA	13830	2018-01-10 14:30
CANNES	180 Use unconventional violence, not specified below	CARDIFF	5670	2018-01-04 22:30
SCHOOL	013 Make optimistic comment	AUSTRALIA	17835	2018-01-13 09:15
MEDIA	040 Consult, not specified below	STUDENT	1545	2018-01-02 01:45
ADMINISTRATION	051 Praise or endorse	TELEVISION	15015	2018-01-11 10:15
UNITED STATES	070 Provide aid, not specified below	PAKISTAN	8370	2018-01-06 19:30
FRANCE	190 Use conventional military force, not specified below	PRISON	33810	2018-01-24 11:30
PAKISTAN	043 Host a visit	ARMY	26490	2018-01-19 09:30
ACTIVIST	172 Impose administrative sanctions, not specified below	UNITED STATES	21105	2018-01-15 15:45
RUSSIA	0874 Retreat or surrender militarily	SYRIA	29760	2018-01-21 16:00
MALAYSIAN	111 Criticize or denounce 	LAWYER	16185	2018-01-12 05:45
ONTARIO	036 Express intent to meet or negotiate	CANADA	4545	2018-01-04 03:45
DRUG DEALER	040 Consult, not specified below	MEXICAN	19980	2018-01-14 21:00
PUBLISHER	084 Return, release, not specified below	UNITED STATES	5340	2018-01-04 17:00
TIBET	040 Consult, not specified below	HIMACHAL PRADESH	12165	2018-01-09 10:45
SYRIAN	192 Occupy territory	SYRIA	19905	2018-01-14 19:45
ENERGY MINIST	013 Make optimistic comment	REUTERS	25485	2018-01-18 16:45
UNITED STATES	190 Use conventional military force, not specified below	WORKER	17550	2018-01-13 04:30
IRAQ	014 Consider policy option	CONSUL GENERAL	23250	2018-01-17 03:30
COLLEGE	043 Host a visit	AMERICAN	4230	2018-01-03 22:30
MEDIA	040 Consult, not specified below	UNITED STATES	17355	2018-01-13 01:15
UNITED STATES	130 Threaten, not specified below	SECURITY FORCE	14430	2018-01-11 00:30
VILLAGE	042 Make a visit	GOVERNMENT	31860	2018-01-23 03:00
CHINESE	010 Make statement, not specified below	POLICE	15480	2018-01-11 18:00
PRODUCER	010 Make statement, not specified below	UNITED STATES	11310	2018-01-08 20:30
COMMUNITY	153 Mobilize or increase police power	SCHOOL	15285	2018-01-11 14:45
CONNECTICUT	0841 Return, release person(s)	PRISON	33015	2018-01-23 22:15
IRAN	010 Make statement, not specified below	REGIME	8100	2018-01-06 15:00
STUDENT	026 Appeal to others to meet or negotiate	REPRESENTATIVES	4140	2018-01-03 21:00
UNITED STATES	040 Consult, not specified below	THE OPPOSITION	22860	2018-01-16 21:00
MINIST	111 Criticize or denounce 	PALESTINIAN	26985	2018-01-19 17:45
SENATOR	192 Occupy territory	ALASKA	5625	2018-01-04 21:45
PANAMA	173 Arrest, detain, or charge with legal action 	UNITED STATES	23565	2018-01-17 08:45
ADMINISTRATION	040 Consult, not specified below	THE OPPOSITION	22860	2018-01-16 21:00
JORDAN	036 Express intent to meet or negotiate	EGYPT	10035	2018-01-07 23:15
SENATE	040 Consult, not specified below	COMMUNITY	32925	2018-01-23 20:45
CHINA	046 Engage in negotiation	MALDIVE	15795	2018-01-11 23:15
CRIMINAL	112 Accuse, not specified below	UNITED STATES	15840	2018-01-12 00:00
UNITED STATES	043 Host a visit	STUDENT	31320	2018-01-22 18:00
JOURNALIST	190 Use conventional military force, not specified below	VALLETTA	34305	2018-01-24 19:45
NORTH AMERICA	060 Engage in material cooperation, not specified below	HONDA	27375	2018-01-20 00:15
INDUSTRIES MINIST	046 Engage in negotiation	BUSINESS	34200	2018-01-24 18:00
MAYOR	046 Engage in negotiation	JOE BIDEN	7035	2018-01-05 21:15
SALVADORAN	036 Express intent to meet or negotiate	UNITED STATES	11820	2018-01-09 05:00
FRANCE	043 Host a visit	TURKEY	5235	2018-01-04 15:15
AUTHORITIES	173 Arrest, detain, or charge with legal action 	UNITED STATES	6975	2018-01-05 20:15
HARTFORD	010 Make statement, not specified below	UNITED STATES	12600	2018-01-09 18:00
UNITED KINGDOM	042 Make a visit	PRIME MINISTER	10230	2018-01-08 02:30
CONGRESS	190 Use conventional military force, not specified below	SECURITY FORCE	8490	2018-01-06 21:30
JAPAN	020 Appeal, not specified below	MUSCAT	25920	2018-01-19 00:00
JOURNALIST	046 Engage in negotiation	RUSSIA	7215	2018-01-06 00:15
THE US	051 Praise or endorse	SYRIA	32430	2018-01-23 12:30
SENATE	040 Consult, not specified below	UNITED STATES	32385	2018-01-23 11:45
THE US	043 Host a visit	ISRAEL	27810	2018-01-20 07:30
UNITED STATES	051 Praise or endorse	SENATE	4095	2018-01-03 20:15
IRAN	051 Praise or endorse	PROTESTER	8745	2018-01-07 01:45
UNITED KINGDOM	043 Host a visit	ARMED POLICE	32805	2018-01-23 18:45
SAUDI	161 Reduce or break diplomatic relations	QATAR	26850	2018-01-19 15:30
EUROPE	043 Host a visit	FRANCE	22380	2018-01-16 13:00
ATHENS	173 Arrest, detain, or charge with legal action 	SACRAMENTO	21210	2018-01-15 17:30
BELGIUM	036 Express intent to meet or negotiate	MINIST	32220	2018-01-23 09:00
UNITED STATES	173 Arrest, detain, or charge with legal action 	GREENVILLE	24585	2018-01-18 01:45
POLICE	012 Make pessimistic comment	CHINESE	32415	2018-01-23 12:15
EUROPE	160 Reduce relations, not specified below	AMSTERDAM	25170	2018-01-18 11:30
STUDENT	122 Reject request or demand for material aid, not specified below	PRIVATE BANK	20670	2018-01-15 08:30
MILITARY	013 Make optimistic comment	PHILIPPINE	29250	2018-01-21 07:30
MIAMI	043 Host a visit	COAST GUARD	24600	2018-01-18 02:00
STATE ATTORNEY GENERAL	190 Use conventional military force, not specified below	POLAND	27300	2018-01-19 23:00
IRISH	051 Praise or endorse	IRELAND	27045	2018-01-19 18:45
CHINA	016 Deny responsibility	MINISTRY	26730	2018-01-19 13:30
EUROPEAN	013 Make optimistic comment	ITALY	14940	2018-01-11 09:00
PARLIAMENT	090 Investigate, not specified below	GAZA	26820	2018-01-19 15:00
FRENCH	022 Appeal for diplomatic cooperation, such as policy support	GOVERNMENT	14625	2018-01-11 03:45
STUDENT	071 Provide economic aid	MINIST OF EDUCATION	7170	2018-01-05 23:30
TENDAI BITI	014 Consider policy option	COMPANY	20175	2018-01-15 00:15
ALABAMA	051 Praise or endorse	UNITED STATES	3855	2018-01-03 16:15
SERIAL KILLER	1822 Torture	TAMPA	21405	2018-01-15 20:45
POLICE	190 Use conventional military force, not specified below	KOLKATA	20280	2018-01-15 02:00
COMPANY	051 Praise or endorse	SCOTLAND	26955	2018-01-19 17:15
VIETNAM	020 Appeal, not specified below	CHINA	14220	2018-01-10 21:00
UNITED STATES	043 Host a visit	FRANCE	33600	2018-01-24 08:00
BUSINESS	043 Host a visit	TOURIST	13200	2018-01-10 04:00
LUXEMBOURG	013 Make optimistic comment	NEW YORK	25575	2018-01-18 18:15
NAVAL	110 Disapprove, not specified below	UNITED STATES	3285	2018-01-03 06:45
HAITI	090 Investigate, not specified below	UNITED STATES	15855	2018-01-12 00:15
UNITED STATES	036 Express intent to meet or negotiate	PRESBYTERIAN	22770	2018-01-16 19:30
CHAMBER	033 Express intent to provide matyerial aid, not specified below	UNITED STATES	4050	2018-01-03 19:30
CABINET	046 Engage in negotiation	EDINBURGH	14430	2018-01-11 00:30
SYRIA	112 Accuse, not specified below	TURKISH	21150	2018-01-15 16:30
DEPUTY	046 Engage in negotiation	ABUJA	20790	2018-01-15 10:30
RABBI	042 Make a visit	UNITED STATES	2505	2018-01-02 17:45
RESIDENTS	111 Criticize or denounce 	ADDIS ABABA	3330	2018-01-03 07:30
UNITED STATES	046 Engage in negotiation	NASA	16485	2018-01-12 10:45
DAKAR	193 Fight with small arms and light weapons	GUNMEN	13725	2018-01-10 12:45
PROTESTER	071 Provide economic aid	YEMEN	4140	2018-01-03 21:00
SCHOOL	043 Host a visit	UNITED STATES	27360	2018-01-20 00:00
ADMINISTRATION	173 Arrest, detain, or charge with legal action 	HILLARY CLINTON	4650	2018-01-04 05:30
UNITED STATES	050 Engage in diplomatic cooperation, not specified below	GOVERNOR	26325	2018-01-19 06:45
SYRIAN	040 Consult, not specified below	MILITARY	25635	2018-01-18 19:15
UNITED KINGDOM	043 Host a visit	CHEROKEE	22770	2018-01-16 19:30
SWISS	042 Make a visit	COMPANY	17010	2018-01-12 19:30
DEPUTIES	180 Use unconventional violence, not specified below	FRANCE	21180	2018-01-15 17:00
BRITAIN	0331 Express intent to provide economic aid	FRENCH	25200	2018-01-18 12:00
AUSTRALIA	1721 Impose restrictions on political freedoms  	SCHOOL	24315	2018-01-17 21:15
MALAYSIAN	017 Engage in symbolic act	CHINESE	33420	2018-01-24 05:00
BENIN	100 Demand, not specified below	GOVERNMENT	31680	2018-01-23 00:00
LONDON	043 Host a visit	CALIF	2655	2018-01-02 20:15
ARMY	150 Demonstrate military or police power, not specified below	STUDENT	20715	2018-01-15 09:15
KENTUCKY	193 Fight with small arms and light weapons	CANADA	34065	2018-01-24 15:45
EXTRA SPACE STORAGE	171 Seize or damage property, not specified below	UNITED STATES	24840	2018-01-18 06:00
IRANIAN	070 Provide aid, not specified below	AMERICAN	27600	2018-01-20 04:00
GAZA	071 Provide economic aid	THE US	9570	2018-01-07 15:30
ISLAMABAD	013 Make optimistic comment	PRESIDENT	14895	2018-01-11 08:15
DIOCESE	025 Appeal to yield	UNITED STATES	25980	2018-01-19 01:00
ICELAND	020 Appeal, not specified below	PRIME MINISTER	21645	2018-01-16 00:45
GANG	040 Consult, not specified below	ITALY	22575	2018-01-16 16:15
MEXICO	043 Host a visit	PHILIPPINE	7155	2018-01-05 23:15
MIKHEIL SAAKASHVILI	010 Make statement, not specified below	MEDIA	3600	2018-01-03 12:00
KUALA LUMPUR	013 Make optimistic comment	REUTERS	20730	2018-01-15 09:30
WISCONSIN	031 Express intent to engage in material cooperation,  not specified below	BLACK RIVER	5280	2018-01-04 16:00
CHINESE	036 Express intent to meet or negotiate	PRESIDENT	34095	2018-01-24 16:15
MARCHE	023 Appeal for aid, not specified below	PROTESTER	15600	2018-01-11 20:00
PRESIDENT	071 Provide economic aid	THE WHITE HOUSE	30915	2018-01-22 11:15
TURKEY	040 Consult, not specified below	CYPRUS	4395	2018-01-04 01:15
HIGH COURT	020 Appeal, not specified below	NORTH DAKOTA	22710	2018-01-16 18:30
NIGERIA	051 Praise or endorse	POLICE	27390	2018-01-20 00:30
CORRESPONDENT	040 Consult, not specified below	NORTH KOREA	8400	2018-01-06 20:00
NIGER	190 Use conventional military force, not specified below	NIGERIA	2580	2018-01-02 19:00
SUPREME COURT	110 Disapprove, not specified below	BLOGGER	12330	2018-01-09 13:30
ITALY	046 Engage in negotiation	THE EU	30630	2018-01-22 06:30
ADMINISTRATION	193 Fight with small arms and light weapons	WALL STREET JOURNAL	20055	2018-01-14 22:15
UNITED STATES	010 Make statement, not specified below	COMMUNITY	20160	2018-01-15 00:00
JEDDAH	120 Reject, not specified below	COMPANY	23265	2018-01-17 03:45
WEBSITE	035 Express intent to yield, not specified below	COMPANIES	23220	2018-01-17 03:00
RUSSIA	062 Cooperate militarily	PRESIDENT	26130	2018-01-19 03:30
RUSSIA	075 Grant asylum	COMMUNITY	7455	2018-01-06 04:15
GOVERNMENT	012 Make pessimistic comment	NATIONAL ASSEMBLY	16290	2018-01-12 07:30
AFRICA	040 Consult, not specified below	PRESIDENT	16635	2018-01-12 13:15
NEW YORK	046 Engage in negotiation	INVESTOR	13575	2018-01-10 10:15
RUSSIA	020 Appeal, not specified below	ST PETERSBURG	17115	2018-01-12 21:15
LANDOWNER	120 Reject, not specified below	GOVERNMENT	18090	2018-01-13 13:30
EUROPE	030 Express intent to cooperate, not specified below	THE US	32850	2018-01-23 19:30
EMPLOYEE	012 Make pessimistic comment	UNITED STATES	15435	2018-01-11 17:15
BUSINESS	042 Make a visit	AUSTRALIA	29130	2018-01-21 05:30
BRAZILIAN	115 Bring lawsuit against 	COMPANY	25770	2018-01-18 21:30
CONSTITUENT	051 Praise or endorse	UNITED STATES	3090	2018-01-03 03:30
TURKISH	046 Engage in negotiation	SECRETARY OF STATE	33330	2018-01-24 03:30
SCHOOL	017 Engage in symbolic act	MASSACHUSETTS	26940	2018-01-19 17:00
BANGKOK	051 Praise or endorse	ADMINISTRATION	27420	2018-01-20 01:00
EUROPEAN UNION	042 Make a visit	NORWAY	15330	2018-01-11 15:30
UNITED KINGDOM	036 Express intent to meet or negotiate	UNITED STATES	3765	2018-01-03 14:45
STUDENT	125 Reject proposal to meet, discuss, or negotiate	UNITED STATES	15180	2018-01-11 13:00
TURKEY	040 Consult, not specified below	GERMANY	4875	2018-01-04 09:15
AFRICA	042 Make a visit	LIBERIA	24435	2018-01-17 23:15
PRESIDENT	090 Investigate, not specified below	UNITED KINGDOM	29085	2018-01-21 04:45
IRELAND	050 Engage in diplomatic cooperation, not specified below	THE US	17085	2018-01-12 20:45
ISRAELI	010 Make statement, not specified below	CABINET	13620	2018-01-10 11:00
HUNTER	040 Consult, not specified below	UNITED STATES	12465	2018-01-09 15:45
GWALIOR	172 Impose administrative sanctions, not specified below	DALIT	31230	2018-01-22 16:30
ISRAELI	192 Occupy territory	PALESTINIAN	27870	2018-01-20 08:30
UGANDA	173 Arrest, detain, or charge with legal action 	CONGRESS	25935	2018-01-19 00:15
GOVERNMENT	010 Make statement, not specified below	TELECOM	7140	2018-01-05 23:00
NIGERIA	020 Appeal, not specified below	GOVERNMENT	15285	2018-01-11 14:45
NIGERIA	012 Make pessimistic comment	FULANI	4320	2018-01-04 00:00
COMMUNITY	036 Express intent to meet or negotiate	UNITED STATES	25320	2018-01-18 14:00
DELHI	114 Complain officially 	POLICE	28290	2018-01-20 15:30
ROBERT FICO	017 Engage in symbolic act	CZECH REPUBLIC	6795	2018-01-05 17:15
BRAZIL	110 Disapprove, not specified below	THE US	15810	2018-01-11 23:30
SCHOOL	043 Host a visit	PRESIDENT	14430	2018-01-11 00:30
SWITZERLAND	040 Consult, not specified below	THE WHITE HOUSE	27840	2018-01-20 08:00
FRENCH	120 Reject, not specified below	VOTER	30240	2018-01-22 00:00
AFRICA	041 Discuss by telephone	DURBAN	28215	2018-01-20 14:15
JOURNALIST	175 Use tactics of violent repression  	PRISON	17265	2018-01-12 23:45
IRAN	020 Appeal, not specified below	THE UN	6255	2018-01-05 08:15
MICHIGAN	040 Consult, not specified below	UNITED STATES	25680	2018-01-18 20:00
NIGERIA	042 Make a visit	CZECH REPUBLIC	30690	2018-01-22 07:30
RUSSIAN	186 Assassinate 	UNITED KINGDOM	4410	2018-01-04 01:30
SCHOOL	190 Use conventional military force, not specified below	SANTA ANA	14415	2018-01-11 00:15
KINGDOM	190 Use conventional military force, not specified below	JORDAN	24480	2018-01-18 00:00
BALE	010 Make statement, not specified below	UNITED STATES	16755	2018-01-12 15:15
ACTOR	070 Provide aid, not specified below	UNITED STATES	27330	2018-01-19 23:30
NASA	020 Appeal, not specified below	DENVER	33420	2018-01-24 05:00
WORKER	1043 Demand rights	SETTLEMENT	15135	2018-01-11 12:15
NEW ORLEANS	173 Arrest, detain, or charge with legal action 	CHICAGO	34155	2018-01-24 17:15
ISRAEL	090 Investigate, not specified below	PALESTINIAN	6195	2018-01-05 07:15
PROTESTER	190 Use conventional military force, not specified below	POLICE	28650	2018-01-20 21:30
MEDIA	010 Make statement, not specified below	REGULATOR	30405	2018-01-22 02:45
GANG	040 Consult, not specified below	UNITED KINGDOM	31680	2018-01-23 00:00
UNITED KINGDOM	057 Sign formal agreement	FRANCE	29535	2018-01-21 12:15
WASHINGTON	020 Appeal, not specified below	PAKISTAN	23355	2018-01-17 05:15
ADVOCATE	080 Yield, not specified below 	UNITED STATES	4830	2018-01-04 08:30
POLITICIAN	043 Host a visit	HARYANA	27390	2018-01-20 00:30
CONSULATE	042 Make a visit	KOLKATA	28680	2018-01-20 22:00
ASSOCIATED PRESS	043 Host a visit	UNITED STATES	19080	2018-01-14 06:00
ARMED MEN	193 Fight with small arms and light weapons	KENYA	22815	2018-01-16 20:15
AMERICAN	020 Appeal, not specified below	CALIFORNIA	16185	2018-01-12 05:45
THAILAND	051 Praise or endorse	ISRAEL	1410	2018-01-01 23:30
YEMEN	051 Praise or endorse	SAUDI	16230	2018-01-12 06:30
ATTORNEY	112 Accuse, not specified below	KANSAS CITY	14415	2018-01-11 00:15
LAWRENCE	130 Threaten, not specified below	GOVERNMENT	8970	2018-01-07 05:30
DELHI	042 Make a visit	SAARC	11040	2018-01-08 16:00
POLICE	051 Praise or endorse	LONE STAR STATE	15555	2018-01-11 19:15
ISRAELI	026 Appeal to others to meet or negotiate	INVESTOR	32610	2018-01-23 15:30
IRANIAN	190 Use conventional military force, not specified below	CHINA	22095	2018-01-16 08:15
INDONESIA	043 Host a visit	EXTERNAL AFFAIRS MINIST	9855	2018-01-07 20:15
UNITED STATES	020 Appeal, not specified below	ADVOCATE	11490	2018-01-08 23:30
JAPAN	036 Express intent to meet or negotiate	DOCTOR	6660	2018-01-05 15:00
TURKEY	050 Engage in diplomatic cooperation, not specified below	ABDULLAH	7275	2018-01-06 01:15
ADMINISTRATION	120 Reject, not specified below	UNITED NATIONS	4170	2018-01-03 21:30
ONTARIO	111 Criticize or denounce 	IRANIAN	14010	2018-01-10 17:30
BONETE	020 Appeal, not specified below	GOVERNMENT	33285	2018-01-24 02:45
TURKEY	060 Engage in material cooperation, not specified below	RUSSIA	5190	2018-01-04 14:30
MEXICO	046 Engage in negotiation	CANADA	22800	2018-01-16 20:00
MUMBAI	046 Engage in negotiation	SENA	32745	2018-01-23 17:45
RESIDENTS	042 Make a visit	SCHOOL	23880	2018-01-17 14:00
NIGERIAN	030 Express intent to cooperate, not specified below	GOVERNANCE	31680	2018-01-23 00:00
HALLE	036 Express intent to meet or negotiate	UNITED STATES	23355	2018-01-17 05:15
POLICE	180 Use unconventional violence, not specified below	UNITED STATES	2520	2018-01-02 18:00
PRESIDENT	042 Make a visit	UNITED KINGDOM	28200	2018-01-20 14:00
COUNSELOR	020 Appeal, not specified below	RUSSIAN	15390	2018-01-11 16:30
GAZA	071 Provide economic aid	ISRAEL	32625	2018-01-23 15:45
SYDNEY	017 Engage in symbolic act	BRITISH	26475	2018-01-19 09:15
CARNEGIE ENDOWMENT FOR INTERNATIONAL PEACE	010 Make statement, not specified below	HONDURAS	6375	2018-01-05 10:15
OSCE	040 Consult, not specified below	BELARUS	25755	2018-01-18 21:15
GERMANY	012 Make pessimistic comment	MILITARY	16755	2018-01-12 15:15
CANADIAN	072 Provide military aid	NAVY	7260	2018-01-06 01:00
SAUDI	0231 Appeal for economic aid	MILITARY PERSONNEL	7680	2018-01-06 08:00
TELEVISION	020 Appeal, not specified below	PRESIDENT	9015	2018-01-07 06:15
ISRAELI	040 Consult, not specified below	JORDAN	29925	2018-01-21 18:45
ARMY	051 Praise or endorse	FIGHTER	32760	2018-01-23 18:00
COMMUNITY	060 Engage in material cooperation, not specified below	AMERICAN	26730	2018-01-19 13:30
STATE GOVERNOR	046 Engage in negotiation	ATIKU ABUBAKAR	34050	2018-01-24 15:30
KUALA LUMPUR	043 Host a visit	MALAYSIA	7920	2018-01-06 12:00
PROSECUTOR	010 Make statement, not specified below	PAKISTAN	31155	2018-01-22 15:15
MEDIA	173 Arrest, detain, or charge with legal action 	QATAR	20040	2018-01-14 22:00
IRANIAN	141 Demonstrate or rally	HUMAN RIGHTS WATCH	2760	2018-01-02 22:00
PRESIDENT	010 Make statement, not specified below	GHANA	18210	2018-01-13 15:30
RED CROSS	051 Praise or endorse	AUTHORITIES	16320	2018-01-12 08:00
WORLD ECONOMIC FORUM	043 Host a visit	THE WHITE HOUSE	28980	2018-01-21 03:00
GERMAN	080 Yield, not specified below 	WEST GERMANY	31110	2018-01-22 14:30
LOS ANGELES	1384 Threaten conventional attack  	POLICE	11880	2018-01-09 06:00
HU JINTAO	042 Make a visit	PRESIDENT	20385	2018-01-15 03:45
BANGLADESH	035 Express intent to yield, not specified below	NEPAL	26160	2018-01-19 04:00
EDITOR IN CHIEF	051 Praise or endorse	GERMANY	13650	2018-01-10 11:30
PRISON	071 Provide economic aid	PRISONER	32145	2018-01-23 07:45
MEDIA	112 Accuse, not specified below	GOVERNMENT	31965	2018-01-23 04:45
RETIRED	042 Make a visit	MURRAY	33150	2018-01-24 00:30
FRANCE	051 Praise or endorse	PHILIPPINE	20670	2018-01-15 08:30
SYDNEY	010 Make statement, not specified below	JORDAN	11700	2018-01-09 03:00
SOUTH EAST ASIA	042 Make a visit	NORTH KOREA	23685	2018-01-17 10:45
CAPTAIN	114 Complain officially 	BRITISH	11955	2018-01-09 07:15
MUMBAI	010 Make statement, not specified below	VILLAGE	14415	2018-01-11 00:15
CANADA	015 Acknowledge or claim responsibility	ROYAL CARIBBEAN	34035	2018-01-24 15:15
NORTH AMERICA	046 Engage in negotiation	CANADA	33150	2018-01-24 00:30
POLICE	020 Appeal, not specified below	TIM HORTONS	21405	2018-01-15 20:45
SHIITE	180 Use unconventional violence, not specified below	CIVILIAN	10050	2018-01-07 23:30
SOUTH AFRICAN	039 Express intent to mediate	AFRICAN UNION	16440	2018-01-12 10:00
AGNOSTIC	043 Host a visit	THIEVES	29085	2018-01-21 04:45
UNITED STATES	112 Accuse, not specified below	GANG	24810	2018-01-18 05:30
UNITED STATES	084 Return, release, not specified below	SAMSUNG	20205	2018-01-15 00:45
MADRID	190 Use conventional military force, not specified below	ROMA	21150	2018-01-15 16:30
TEXAS	193 Fight with small arms and light weapons	ODESSA	32715	2018-01-23 17:15
JUDICIARY	120 Reject, not specified below	ARMY	13545	2018-01-10 09:45
IOWA	042 Make a visit	SCHOOL	32985	2018-01-23 21:45
JUDGE	010 Make statement, not specified below	UNITED KINGDOM	16905	2018-01-12 17:45
BENGALI	042 Make a visit	DHAKA	22620	2018-01-16 17:00
DELAWARE	138 Threaten to use military force, not specified below	JUDGE	23415	2018-01-17 06:15
UNITED STATES	020 Appeal, not specified below	GOVERNMENT	18765	2018-01-14 00:45
A US	042 Make a visit	BOEING	7665	2018-01-06 07:45
NORTH KOREA	190 Use conventional military force, not specified below	UNITED STATES	34260	2018-01-24 19:00
STATE GOVERNOR	040 Consult, not specified below	NIGERIA	10365	2018-01-08 04:45
TRADE MINIST	040 Consult, not specified below	QATARI	33810	2018-01-24 11:30
REUTERS	010 Make statement, not specified below	PANAMA	25965	2018-01-19 00:45
AFGHANISTAN	050 Engage in diplomatic cooperation, not specified below	PAKISTAN	6690	2018-01-05 15:30
FLORIDA	040 Consult, not specified below	NAVY	12405	2018-01-09 14:45
ISRAEL	190 Use conventional military force, not specified below	SYRIA	3075	2018-01-03 03:15
ALBERT	010 Make statement, not specified below	UNITED STATES	27240	2018-01-19 22:00
ISLAMIC	111 Criticize or denounce 	BAGHDAD	21825	2018-01-16 03:45
HAITI	020 Appeal, not specified below	EL SALVADOR	16575	2018-01-12 12:15
MEXICAN	043 Host a visit	MEXICO	24330	2018-01-17 21:30
UNITED STATES	040 Consult, not specified below	COMMUNITY	5235	2018-01-04 15:15
PALESTINIAN	141 Demonstrate or rally	THE US	30810	2018-01-22 09:30
NIGERIA	173 Arrest, detain, or charge with legal action 	GOVERNMENT	23040	2018-01-17 00:00
KIEV	051 Praise or endorse	INTERNATIONAL MONETARY FUND	6015	2018-01-05 04:15
IROQUOIS	010 Make statement, not specified below	HEALTH DEPARTMENT	13665	2018-01-10 11:45
MINISTRY	051 Praise or endorse	MARYLAND	4395	2018-01-04 01:15
ECONOMIST	190 Use conventional military force, not specified below	SAUDI	32520	2018-01-23 14:00
MEDIA	010 Make statement, not specified below	UNITED STATES	7545	2018-01-06 05:45
GOVERNMENT	046 Engage in negotiation	NIGER	13125	2018-01-10 02:45
NEW DELHI	043 Host a visit	ISRAELI	20685	2018-01-15 08:45
ASSOCIATED PRESS	1041 Demand change in leadership	MISSOURI	22965	2018-01-16 22:45
IRANIAN	111 Criticize or denounce 	UNITED STATES	7020	2018-01-05 21:00
IRAN	073 Provide humanitarian aid	TANKER	20025	2018-01-14 21:45
SUPERIOR COURT	016 Deny responsibility	CRIMINAL	4725	2018-01-04 06:45
UKRAINE	010 Make statement, not specified below	DETAINEE	11325	2018-01-08 20:45
LAWMAKER	020 Appeal, not specified below	SCHOOL	34245	2018-01-24 18:45
EGYPT	046 Engage in negotiation	EGYPTIAN	20760	2018-01-15 10:00
ADMIRAL	020 Appeal, not specified below	NORTH KOREA	15795	2018-01-11 23:15
AUSTRIA	043 Host a visit	EUROPEAN COMMISSION	1965	2018-01-02 08:45
NEW YORK	173 Arrest, detain, or charge with legal action 	TRINIDAD AND TOBAGO	18480	2018-01-13 20:00
NEW YORK CITY	040 Consult, not specified below	DEALER	3135	2018-01-03 04:15
POLICE	030 Express intent to cooperate, not specified below	TRADER	17385	2018-01-13 01:45
INDIGENOUS PEOPLE	042 Make a visit	CHILE	22590	2018-01-16 16:30
MALAYSIAN	020 Appeal, not specified below	MALAYSIA	16665	2018-01-12 13:45
BRITAIN	010 Make statement, not specified below	UNITED KINGDOM	11790	2018-01-09 04:30
VILLAGE	080 Yield, not specified below 	SCHOOL	17070	2018-01-12 20:30
CITIZEN	173 Arrest, detain, or charge with legal action 	SARAWAK	4320	2018-01-04 00:00
INVESTOR	060 Engage in material cooperation, not specified below	MALAYSIA	16695	2018-01-12 14:15
UNITED STATES	020 Appeal, not specified below	MONTANA	11415	2018-01-08 22:15
NEW YORK	186 Assassinate 	GOVERNMENT	2085	2018-01-02 10:45
COLUMBUS	042 Make a visit	BAHAMA	14730	2018-01-11 05:30
COMPANY	042 Make a visit	COLLEGE	5085	2018-01-04 12:45
ANKARA	111 Criticize or denounce 	THE US	30945	2018-01-22 11:45
CANADA	090 Investigate, not specified below	POLICE	27525	2018-01-20 02:45
FREEDOM FIGHTER	140 Engage in political dissent, not specified below	ISRAELI	15360	2018-01-11 16:00
UNITED STATES	046 Engage in negotiation	CANADA	33405	2018-01-24 04:45
ST. LOUIS	081 Ease administrative sanctions, not specified below	CRIMINAL	6975	2018-01-05 20:15
SAINT	190 Use conventional military force, not specified below	CARGO SHIP	6660	2018-01-05 15:00
AFGHANISTAN	190 Use conventional military force, not specified below	AFGHAN	2535	2018-01-02 18:15
BRITAIN	036 Express intent to meet or negotiate	TRADE UNION	13725	2018-01-10 12:45
GREECE	130 Threaten, not specified below	LAWMAKER	21555	2018-01-15 23:15
POLICE	193 Fight with small arms and light weapons	TEXAS	30105	2018-01-21 21:45
KABUL	046 Engage in negotiation	TALIBAN	6705	2018-01-05 15:45
SECURITY PERSONNEL	1821 Sexually assault	DALIT	32385	2018-01-23 11:45
ADELAIDE	110 Disapprove, not specified below	AUSTRALIA	30540	2018-01-22 05:00
WEBSITE	040 Consult, not specified below	COMPANY	21405	2018-01-15 20:45
NEW DELHI	040 Consult, not specified below	ISRAEL	20670	2018-01-15 08:30
POLITICIAN	042 Make a visit	CITIZEN	26340	2018-01-19 07:00
AFRICA	042 Make a visit	ZIMBABWE	375	2018-01-01 06:15
FIREFIGHTER	190 Use conventional military force, not specified below	POLICE	4260	2018-01-03 23:00
PRAGUE	046 Engage in negotiation	THE EU	1455	2018-01-02 00:15
GOVERNOR	190 Use conventional military force, not specified below	JOURNALIST	12600	2018-01-09 18:00
SENATE	042 Make a visit	EGYPT	11100	2018-01-08 17:00
AFRICA	1043 Demand rights	AUSTRALIAN	7110	2018-01-05 22:30
CANADA	193 Fight with small arms and light weapons	POLICEMEN	24165	2018-01-17 18:45
AIRLINE	090 Investigate, not specified below	WEBSITE	31320	2018-01-22 18:00
AUSTRALIA	010 Make statement, not specified below	MANUS	26085	2018-01-19 02:45
PAKISTANI	010 Make statement, not specified below	SENATE	23430	2018-01-17 06:30
BANGLADESH	100 Demand, not specified below	LONDON	19050	2018-01-14 05:30
LAWMAKER	193 Fight with small arms and light weapons	UNITED STATES	5520	2018-01-04 20:00
RUSSIA	046 Engage in negotiation	UNITED STATES	32925	2018-01-23 20:45
COMBATANT	190 Use conventional military force, not specified below	SYRIA	13800	2018-01-10 14:00
MUMBAI	043 Host a visit	COMPANY	11880	2018-01-09 06:00
IROQUOIS	036 Express intent to meet or negotiate	COMMUNITY	14160	2018-01-10 20:00
WEST BANK	100 Demand, not specified below	LUTHERAN	5895	2018-01-05 02:15
NAVY	010 Make statement, not specified below	PAKISTAN	2910	2018-01-03 00:30
UNITED STATES	190 Use conventional military force, not specified below	UNIONS	11925	2018-01-09 06:45
MINIST	090 Investigate, not specified below	AFRICA	18810	2018-01-14 01:30
JUDGE	016 Deny responsibility	FRANCE	27165	2018-01-19 20:45
AFGHAN	020 Appeal, not specified below	TALIBAN	33495	2018-01-24 06:15
AMIT	043 Host a visit	STUDENT	26655	2018-01-19 12:15
GOVERNOR	190 Use conventional military force, not specified below	NIGERIA	21000	2018-01-15 14:00
PRIME MINISTER	040 Consult, not specified below	CHINESE	3630	2018-01-03 12:30
NEW DELHI	051 Praise or endorse	PUBLIC SECTOR	5505	2018-01-04 19:45
MINIST OF HEALTH	0214 Appeal for intelligence	NIGERIA	22530	2018-01-16 15:30
TOULOUSE	013 Make optimistic comment	LAWMAKER	25740	2018-01-18 21:00
SCHOOL	043 Host a visit	CANADA	23760	2018-01-17 12:00
ADMINISTRATION	010 Make statement, not specified below	NICARAGUAN	1260	2018-01-01 21:00
ORGANIZATION FOR SECURITY AND CO OPERATION IN EUROPE	0841 Return, release person(s)	AUTHORITIES	26970	2018-01-19 17:30
COMPANY	020 Appeal, not specified below	CHIEF EXECUTIVE	23040	2018-01-17 00:00
GOVERNMENT	032 Express intent to provide diplomatic cooperation such as policy support	LEBANESE	25005	2018-01-18 08:45
KYIV	1014 Demand intelligence cooperation	UKRAINE	12120	2018-01-09 10:00
SOUTH KOREA	0353 Express intent to release persons or property	CONGRESS	31080	2018-01-22 14:00
PRESIDENT	0331 Express intent to provide economic aid	IRAN	6870	2018-01-05 18:30
MIAMI	043 Host a visit	NATIVE AMERICAN	13890	2018-01-10 15:30
UNITED KINGDOM	071 Provide economic aid	THE EU	19470	2018-01-14 12:30
UNITED STATES	010 Make statement, not specified below	CHRISTIAN	75	2018-01-01 01:15
AFRICA	010 Make statement, not specified below	AMERICAN	26325	2018-01-19 06:45
PRESIDENT	020 Appeal, not specified below	ILLINOIS	15870	2018-01-12 00:30
MALAYSIA	173 Arrest, detain, or charge with legal action 	SINGAPORE	12030	2018-01-09 08:30
NIGERIA	051 Praise or endorse	GOVERNOR	24825	2018-01-18 05:45
ADVOCATE	111 Criticize or denounce 	ADMINISTRATION	18630	2018-01-13 22:30
PROFESSOR	010 Make statement, not specified below	NON RESIDENTS	9525	2018-01-07 14:45
AMBASSADOR	042 Make a visit	WASHINGTON	28335	2018-01-20 16:15
INTERNATIONAL CRIMINAL COURT	051 Praise or endorse	THE HAGUE	28545	2018-01-20 19:45
LOUISIANA	017 Engage in symbolic act	ARIANA	4440	2018-01-04 02:00
SWITZERLAND	042 Make a visit	VATICAN	23235	2018-01-17 03:15
HAITIAN	040 Consult, not specified below	HAITI	16110	2018-01-12 04:30
SOUTH KOREA	040 Consult, not specified below	NORTH KOREA	3825	2018-01-03 15:45
EL SALVADOR	193 Fight with small arms and light weapons	SPAIN	23340	2018-01-17 05:00
PRESIDENT	057 Sign formal agreement	THE WHITE HOUSE	24015	2018-01-17 16:15
IOWA	023 Appeal for aid, not specified below	SCHOOL	22770	2018-01-16 19:30
MAYOR	010 Make statement, not specified below	CANADA	33195	2018-01-24 01:15
UNITED STATES	013 Make optimistic comment	LAWMAKER	22800	2018-01-16 20:00
UNITED STATES	193 Fight with small arms and light weapons	TAIWAN	24315	2018-01-17 21:15
RWANDA	036 Express intent to meet or negotiate	CITIZEN	1515	2018-01-02 01:15
KADUNA	053 Rally support on behalf of	GOVERNOR	17205	2018-01-12 22:45
CHINESE	036 Express intent to meet or negotiate	BUSINESS	21450	2018-01-15 21:30
MEXICAN	060 Engage in material cooperation, not specified below	THE ASSOCIATED PRESS	2760	2018-01-02 22:00
UNITED STATES	112 Accuse, not specified below	SENATE	27060	2018-01-19 19:00
UKRAINE	042 Make a visit	JAPAN	17085	2018-01-12 20:45
ZAMBIA	145 Protest violently, riot	BROADCASTING CORP	16650	2018-01-12 13:30
UNITED STATES	018 Make empathetic comment	IMMIGRANT	12525	2018-01-09 16:45
MEDIA	172 Impose administrative sanctions, not specified below	CHINA	31920	2018-01-23 04:00
AUSTRALIA	190 Use conventional military force, not specified below	BRITISH	1230	2018-01-01 20:30
HAWAII	040 Consult, not specified below	GOVERNMENT	15990	2018-01-12 02:30
SAN FRANCISCO	193 Fight with small arms and light weapons	UNITED STATES	33315	2018-01-24 03:15
DAMASCUS	040 Consult, not specified below	CHRISTIAN	3825	2018-01-03 15:45
PEASANT	173 Arrest, detain, or charge with legal action 	BOLIVIA	15645	2018-01-11 20:45
SRINAGAR	111 Criticize or denounce 	MILITANT	12045	2018-01-09 08:45
PUNE	043 Host a visit	CHIEF MINISTER	31500	2018-01-22 21:00
MILITARY	170 Coerce, not specified below 	BANGLADESH	27900	2018-01-20 09:00
UNITED KINGDOM	020 Appeal, not specified below	STUDENT	26865	2018-01-19 15:45
SUFI	017 Engage in symbolic act	ABDUL QADIR	5280	2018-01-04 16:00
DEFENSE DEPARTMENT	013 Make optimistic comment	BUSINESS	32760	2018-01-23 18:00
ARMED FORCES	060 Engage in material cooperation, not specified below	COMBATANT	25275	2018-01-18 13:15
GREECE	173 Arrest, detain, or charge with legal action 	UNITED STATES	31560	2018-01-22 22:00
POLICE	173 Arrest, detain, or charge with legal action 	TALIBAN	32310	2018-01-23 10:30
UNITED STATES	010 Make statement, not specified below	SCHOOL	15270	2018-01-11 14:30
BUSINESS	010 Make statement, not specified below	UNITED STATES	6480	2018-01-05 12:00
FINLAND	013 Make optimistic comment	SPAIN	2790	2018-01-02 22:30
SAMSUNG	173 Arrest, detain, or charge with legal action 	PRISON	15870	2018-01-12 00:30
NEIGHBORHOOD	042 Make a visit	NEW ORLEANS	24075	2018-01-17 17:15
JUDGE	0231 Appeal for economic aid	TEXAS	15465	2018-01-11 17:45
SCHOOL	043 Host a visit	AFRICA	34155	2018-01-24 17:15
SCHOOL	043 Host a visit	UNITED STATES	27300	2018-01-19 23:00
DELEGATE	035 Express intent to yield, not specified below	UNITED STATES	8625	2018-01-06 23:45
RICHMOND	010 Make statement, not specified below	COMMUNITY	33015	2018-01-23 22:15
AFGHANISTAN	015 Acknowledge or claim responsibility	CIVILIAN	29505	2018-01-21 11:45
CORPORATION	040 Consult, not specified below	DUBAI	21240	2018-01-15 18:00
UNITED STATES	110 Disapprove, not specified below	AZERBAIJANI	30060	2018-01-21 21:00
BEIRUT	172 Impose administrative sanctions, not specified below	AUSTRALIA	21750	2018-01-16 02:30
NIGERIA	013 Make optimistic comment	VOTER	26955	2018-01-19 17:15
MILITARY	190 Use conventional military force, not specified below	VILLAGE	9135	2018-01-07 08:15
INTELLIGENCE	160 Reduce relations, not specified below	CRIMINAL	34110	2018-01-24 16:30
CANADA	0841 Return, release person(s)	UNIVERSITY	6555	2018-01-05 13:15
JUDGE	090 Investigate, not specified below	UNITED KINGDOM	3645	2018-01-03 12:45
PRESIDENT	013 Make optimistic comment	ISRAELI	30975	2018-01-22 12:15
EL SALVADOR	050 Engage in diplomatic cooperation, not specified below	GUATEMALA	32925	2018-01-23 20:45
LEGISLATOR	010 Make statement, not specified below	DEPUTY	21015	2018-01-15 14:15
CALIFORNIA	045 Mediate	UNIVERSITY	2490	2018-01-02 17:30
PAKISTAN	040 Consult, not specified below	PESHAWAR	13950	2018-01-10 16:30
BUSINESS	172 Impose administrative sanctions, not specified below	EUROPE	10485	2018-01-08 06:45
COMPANIES	020 Appeal, not specified below	ASYLUM SEEKER	2775	2018-01-02 22:15
UNITED KINGDOM	036 Express intent to meet or negotiate	BRITISH	33390	2018-01-24 04:30
ESTONIA	020 Appeal, not specified below	PROSECUTOR	10350	2018-01-08 04:30
PRESIDENT	190 Use conventional military force, not specified below	UTAH	2685	2018-01-02 20:45
UNITED STATES	010 Make statement, not specified below	POLICE	14610	2018-01-11 03:30
ITALY	050 Engage in diplomatic cooperation, not specified below	LIBYA	14430	2018-01-11 00:30
ADELAIDE	036 Express intent to meet or negotiate	CHINESE	23040	2018-01-17 00:00
POPULATION	010 Make statement, not specified below	SENATE	17445	2018-01-13 02:45
PRISON	180 Use unconventional violence, not specified below	DOCTOR	34215	2018-01-24 18:15
ECONOMIST	010 Make statement, not specified below	WALL STREET JOURNAL	23970	2018-01-17 15:30
KING	111 Criticize or denounce 	EL SALVADOR	21600	2018-01-16 00:00
THE UN	112 Accuse, not specified below	SYRIAN	12510	2018-01-09 16:30
JORDAN	042 Make a visit	UNITED STATES	2475	2018-01-02 17:15
COMPANIES	040 Consult, not specified below	SWITZERLAND	32175	2018-01-23 08:15
UNITED STATES	030 Express intent to cooperate, not specified below	GOVERNOR	27405	2018-01-20 00:45
BOSS	111 Criticize or denounce 	EMPLOYEE	9795	2018-01-07 19:15
GERMANY	042 Make a visit	INTELLECTUAL	13695	2018-01-10 12:15
HOSPITAL	060 Engage in material cooperation, not specified below	UNIVERSITY	15990	2018-01-12 02:30
DENVER	112 Accuse, not specified below	UNITED STATES	33090	2018-01-23 23:30
PRISON	120 Reject, not specified below	MILITARY	2925	2018-01-03 00:45
IRAN	057 Sign formal agreement	RUSSIA	27825	2018-01-20 07:45
UNITED KINGDOM	110 Disapprove, not specified below	GOVERNMENT	15240	2018-01-11 14:00
NIGERIA	051 Praise or endorse	SCHOOL	13140	2018-01-10 03:00
KENYA	042 Make a visit	AFRICA	6015	2018-01-05 04:15
SYRIA	195 Employ aerial weapons	ISLAMIC	33750	2018-01-24 10:30
POLICE	0332 Express intent to provide military aid	BANGLADESH	16470	2018-01-12 10:30
INDIANAPOLIS	190 Use conventional military force, not specified below	KING	19995	2018-01-14 21:15
UNITED KINGDOM	130 Threaten, not specified below	HOSPITAL	17520	2018-01-13 04:00
COLLEGE	051 Praise or endorse	SCHOOL	31785	2018-01-23 01:45
THE ASSOCIATED PRESS	036 Express intent to meet or negotiate	CALIFORNIA	20175	2018-01-15 00:15
BRITISH	111 Criticize or denounce 	EXTREMIST	17085	2018-01-12 20:45
IRAN	112 Accuse, not specified below	A US	15465	2018-01-11 17:45
MAYOR	051 Praise or endorse	MALAWI	9465	2018-01-07 13:45
WEBSITE	112 Accuse, not specified below	CANADIAN	22425	2018-01-16 13:45
UNITED STATES	013 Make optimistic comment	RESIDENTS	29880	2018-01-21 18:00
UNITED STATES	043 Host a visit	PENNSYLVANIA	22470	2018-01-16 14:30
UNITED STATES	015 Acknowledge or claim responsibility	FEDERAL COURT	16425	2018-01-12 09:45
AFGHANISTAN	182 Physically assault, not specified below	UNITED STATES	33630	2018-01-24 08:30
SCHOOL	042 Make a visit	POLE	23115	2018-01-17 01:15
TRANSPORT MINIST	010 Make statement, not specified below	MEDIA	12975	2018-01-10 00:15
ARCHBISHOP	043 Host a visit	PHILIPPINE	33810	2018-01-24 11:30
ILLINOIS	070 Provide aid, not specified below	IRAQ	4350	2018-01-04 00:30
PRESIDENT	042 Make a visit	JORDAN	31320	2018-01-22 18:00
CARRIER	036 Express intent to meet or negotiate	HAVANA	19170	2018-01-14 07:30
PUERTO RICO	070 Provide aid, not specified below	DELAWARE	4245	2018-01-03 22:45
NORTH KOREA	010 Make statement, not specified below	NEWSPAPER	19575	2018-01-14 14:15
DISTRICT COURT	015 Acknowledge or claim responsibility	UNITED STATES	25920	2018-01-19 00:00
FLORIDA	130 Threaten, not specified below	HAITI	34410	2018-01-24 21:30
AFRICA	046 Engage in negotiation	EUROPE	8985	2018-01-07 05:45
DUTCH	057 Sign formal agreement	MAYOR	24075	2018-01-17 17:15
TELECOM	071 Provide economic aid	AUSTRIA	13965	2018-01-10 16:45
UNITED STATES	110 Disapprove, not specified below	JUDGE	14880	2018-01-11 08:00
UNITED STATES	010 Make statement, not specified below	COMPANY	5235	2018-01-04 15:15
NEPAL	010 Make statement, not specified below	THE US	4290	2018-01-03 23:30
POLICE	036 Express intent to meet or negotiate	HOUSE OF REPRESENTATIVES	15120	2018-01-11 12:00
UNITED KINGDOM	060 Engage in material cooperation, not specified below	MINIST	28125	2018-01-20 12:45
IRAN	111 Criticize or denounce 	CANADA	14010	2018-01-10 17:30
CHINA	050 Engage in diplomatic cooperation, not specified below	HUN SEN	14340	2018-01-10 23:00
KING	110 Disapprove, not specified below	POLICE	20490	2018-01-15 05:30
MEDIA	010 Make statement, not specified below	PROFESSOR	25920	2018-01-19 00:00
EUROPEAN	110 Disapprove, not specified below	SPOKESMAN	31050	2018-01-22 13:30
JUDICIARY	012 Make pessimistic comment	MEDIA	19275	2018-01-14 09:15
GOVERNMENT	030 Express intent to cooperate, not specified below	WORLD BANK	7995	2018-01-06 13:15
SWISS	042 Make a visit	DAVOS	29775	2018-01-21 16:15
CHINA	018 Make empathetic comment	PRESIDENT	20370	2018-01-15 03:30
MAHMOUD ABBAS	040 Consult, not specified below	DUTCH	15840	2018-01-12 00:00
UNITED STATES	190 Use conventional military force, not specified below	NURSE	20550	2018-01-15 06:30
ADMINISTRATION	010 Make statement, not specified below	DEPARTMENT OF AGRICULTURE	2700	2018-01-02 21:00
COMMUNITY	020 Appeal, not specified below	UNITED STATES	31305	2018-01-22 17:45
IOWA	173 Arrest, detain, or charge with legal action 	POLICE	15870	2018-01-12 00:30
CHENGDU	043 Host a visit	MERCHANT	26325	2018-01-19 06:45
UNITED ARAB EMIRATES	173 Arrest, detain, or charge with legal action 	QATARI	19875	2018-01-14 19:15
WASHINGTON	043 Host a visit	CHINA	13200	2018-01-10 04:00
WEBSITE	010 Make statement, not specified below	SWITZERLAND	27180	2018-01-19 21:00
JUDICIARY	173 Arrest, detain, or charge with legal action 	DEALER	33405	2018-01-24 04:45
MILITANT	190 Use conventional military force, not specified below	NIGER	3345	2018-01-03 07:45
THESSALONIKI	112 Accuse, not specified below	POLITICIAN	4080	2018-01-03 20:00
BRITON	042 Make a visit	MONTEGO BAY	28725	2018-01-20 22:45
UNITED STATES	046 Engage in negotiation	SENATOR	27120	2018-01-19 20:00
CITIZEN	022 Appeal for diplomatic cooperation, such as policy support	CRIMINAL	17910	2018-01-13 10:30
HYUNDAI	110 Disapprove, not specified below	SEOUL	16245	2018-01-12 06:45
SECURITIES AND EXCHANGE COMMISSION	040 Consult, not specified below	NEWS ORGANIZATION	22965	2018-01-16 22:45
POLICE	173 Arrest, detain, or charge with legal action 	MUJAHIDEEN	33810	2018-01-24 11:30
KERALA	010 Make statement, not specified below	CONGRESS	32010	2018-01-23 05:30
SENATOR	020 Appeal, not specified below	VOTER	29175	2018-01-21 06:15
ITALY	036 Express intent to meet or negotiate	MEDIA	7530	2018-01-06 05:30
GALICIAN	112 Accuse, not specified below	HIGH COURT	2250	2018-01-02 13:30
LORRAINE	190 Use conventional military force, not specified below	UNITED KINGDOM	6855	2018-01-05 18:15
PALESTINIAN	020 Appeal, not specified below	ISRAELI	26040	2018-01-19 02:00
GOVERNMENT	0311 Express intent to cooperate economically	INVESTOR	29070	2018-01-21 04:30
RUSSIA	010 Make statement, not specified below	TURKISH	33105	2018-01-23 23:45
UNITED STATES	110 Disapprove, not specified below	HAITI	20085	2018-01-14 22:45
BANGLADESH	080 Yield, not specified below 	MUSLIM	2400	2018-01-02 16:00
CARRIER	036 Express intent to meet or negotiate	SINGAPORE	6105	2018-01-05 05:45
OPPOSITION LEADER	141 Demonstrate or rally	POLICE	3810	2018-01-03 15:30
SAMSUNG	042 Make a visit	PROSECUTOR	11805	2018-01-09 04:45
SCHOOL	057 Sign formal agreement	IMMIGRANT	33000	2018-01-23 22:00
ISRAEL	051 Praise or endorse	PALESTINE	27360	2018-01-20 00:00
CHIEF MINISTER	010 Make statement, not specified below	BANK	16395	2018-01-12 09:15
INVESTOR	010 Make statement, not specified below	MALAYSIA	16215	2018-01-12 06:15
ISRAEL	173 Arrest, detain, or charge with legal action 	WEST BANK	16950	2018-01-12 18:30
ASSUR	020 Appeal, not specified below	CITIZEN	24690	2018-01-18 03:30
SOUTH KOREAN	050 Engage in diplomatic cooperation, not specified below	NORTH KOREA	2295	2018-01-02 14:15
EGYPT	015 Acknowledge or claim responsibility	ATTORNEY	25980	2018-01-19 01:00
UNITED STATES	023 Appeal for aid, not specified below	RUSSIA	7230	2018-01-06 00:30
FRANCE	043 Host a visit	EGYPTIAN	29145	2018-01-21 05:45
TURKISH	010 Make statement, not specified below	RECEP TAYYIP ERDOGAN	20715	2018-01-15 09:15
PROSECUTING ATTORNEY	173 Arrest, detain, or charge with legal action 	POLICE	16575	2018-01-12 12:15
CHINA	042 Make a visit	CAMBODIA	16605	2018-01-12 12:45
BELIEVER	042 Make a visit	CHINA	20370	2018-01-15 03:30
PRESIDENT	164 Halt negotiations	UNITED STATES	32520	2018-01-23 14:00
MINNESOTA	051 Praise or endorse	UNITED STATES	4155	2018-01-03 21:15
SCHOOL	014 Consider policy option	RESIDENTS	24930	2018-01-18 07:30
SECRETARY OF STATE	080 Yield, not specified below 	ISLAMIC	6675	2018-01-05 15:15
UNITED STATES	090 Investigate, not specified below	GOVERNOR	23505	2018-01-17 07:45
CHINA	055 Apologize	DELTA AIR LINES	16410	2018-01-12 09:30
MILITARY	084 Return, release, not specified below	THE US	17445	2018-01-13 02:45
ATLANTA	046 Engage in negotiation	UNITED STATES	14550	2018-01-11 02:30
CALIFORNIA	190 Use conventional military force, not specified below	RESIDENTS	27510	2018-01-20 02:30
ADMINISTRATION	080 Yield, not specified below 	FLORIDA	13395	2018-01-10 07:15
CORPORATION	031 Express intent to engage in material cooperation,  not specified below	UNITED STATES	12390	2018-01-09 14:30
AMERICAN	195 Employ aerial weapons	TALIBAN	5610	2018-01-04 21:30
SYRIA	057 Sign formal agreement	ANKARA	1890	2018-01-02 07:30
GHANAIAN	018 Make empathetic comment	ASANTE	31575	2018-01-22 22:15
AFRICA	090 Investigate, not specified below	JOURNALIST	9405	2018-01-07 12:45
INDUSTRY	010 Make statement, not specified below	AFRICA	22515	2018-01-16 15:15
GOOGLE	011 Decline comment	PUBLICATION	23070	2018-01-17 00:30
JAPANESE	042 Make a visit	ESTONIA	17100	2018-01-12 21:00
GOVERNMENT	020 Appeal, not specified below	NIGERIA	24525	2018-01-18 00:45
KENYA	013 Make optimistic comment	MINISTRY	5775	2018-01-05 00:15
POLICE	040 Consult, not specified below	UNITED STATES	12810	2018-01-09 21:30
VOTER	014 Consider policy option	SCHOOL	32865	2018-01-23 19:45
CUBA	043 Host a visit	EUROPEAN	12750	2018-01-09 20:30
PHILIPPINE	112 Accuse, not specified below	SINGAPORE	30465	2018-01-22 03:45
MICHELLE BACHELET	056 Forgive	MAPUCHE	20505	2018-01-15 05:45
WORKER	010 Make statement, not specified below	MEDIA	11055	2018-01-08 16:15
MELBOURNE	070 Provide aid, not specified below	AUSTRALIA	26205	2018-01-19 04:45
MINIST	190 Use conventional military force, not specified below	POLICE OFFICER	13680	2018-01-10 12:00
STUDENT	110 Disapprove, not specified below	MALAYSIA	29985	2018-01-21 19:45
LITHUANIA	051 Praise or endorse	DENMARK	22290	2018-01-16 11:30
FRANCE	130 Threaten, not specified below	IRAN	10410	2018-01-08 05:30
UNITED STATES	043 Host a visit	DISNEY	5940	2018-01-05 03:00
UNITED STATES	043 Host a visit	LONDON	6600	2018-01-05 14:00
AMERICAN	180 Use unconventional violence, not specified below	HILLARY CLINTON	4050	2018-01-03 19:30
WORLD BANK	020 Appeal, not specified below	CAIRO	20805	2018-01-15 10:45
ABDULLAH	040 Consult, not specified below	EGYPT	8415	2018-01-06 20:15
LAWMAKER	042 Make a visit	PHILIPPINE	30885	2018-01-22 10:45
MINIST	051 Praise or endorse	ENVIRONMENT MINIST	20445	2018-01-15 04:45
USAID	071 Provide economic aid	ECUADOR	4530	2018-01-04 03:30
COMPANY	090 Investigate, not specified below	TENANTS	34080	2018-01-24 16:00
DRAVIDIAN	020 Appeal, not specified below	CHIEF MINISTER	29310	2018-01-21 08:30
YEMENI	010 Make statement, not specified below	MINIST	14775	2018-01-11 06:15
POLICE	173 Arrest, detain, or charge with legal action 	UGANDA	28530	2018-01-20 19:30
ISRAEL	193 Fight with small arms and light weapons	JEWISH	15735	2018-01-11 22:15
SPANISH	010 Make statement, not specified below	CATALONIA	30735	2018-01-22 08:15
UNITED STATES	194 Fight with artillery and tanks	SAUDI ARABIAN	3735	2018-01-03 14:15
CHINA	0831 Accede to demands for change in leadership	MALE	24195	2018-01-17 19:15
MEDIA	180 Use unconventional violence, not specified below	DOCTOR	23955	2018-01-17 15:15
PREMIER	084 Return, release, not specified below	NORTH AMERICA	13860	2018-01-10 15:00
DEPUTIES	046 Engage in negotiation	UNITED STATES	14130	2018-01-10 19:30
PRESIDENT	020 Appeal, not specified below	COLLEGE	7395	2018-01-06 03:15
IRAN	025 Appeal to yield	TURKEY	30840	2018-01-22 10:00
UNITED ARAB EMIRATES	090 Investigate, not specified below	COMPANIES	30735	2018-01-22 08:15
CANADA	010 Make statement, not specified below	MEXICO	30300	2018-01-22 01:00
HONDURAN	020 Appeal, not specified below	SALVADORAN	27120	2018-01-19 20:00
CAIRO	128 Defy norms, law	EGYPT	8550	2018-01-06 22:30
WORLD ECONOMIC FORUM	036 Express intent to meet or negotiate	EMMERSON MNANGAGWA	33495	2018-01-24 06:15
SINGAPORE	036 Express intent to meet or negotiate	DAEGU	16170	2018-01-12 05:30
GOOGLE	016 Deny responsibility	MEDIA	22830	2018-01-16 20:30
ETHIOPIA	060 Engage in material cooperation, not specified below	SUDAN	11400	2018-01-08 22:00
LAOS	010 Make statement, not specified below	STUDENT	5880	2018-01-05 02:00
KING	051 Praise or endorse	WEST BANK	10455	2018-01-08 06:15
THE US	043 Host a visit	DEPUTY	33435	2018-01-24 05:15
PALESTINIAN	040 Consult, not specified below	ABDULLAH	6705	2018-01-05 15:45
PRESIDENT	041 Discuss by telephone	GREECE	11850	2018-01-09 05:30
POLICE	036 Express intent to meet or negotiate	INDONESIAN	33360	2018-01-24 04:00
UNITED KINGDOM	110 Disapprove, not specified below	INVESTOR	22365	2018-01-16 12:45
PRESIDENT	138 Threaten to use military force, not specified below	VENEZUELAN	1950	2018-01-02 08:30
UNITED STATES	026 Appeal to others to meet or negotiate	RESIDENTS	16155	2018-01-12 05:15
FIRE CHIEF	040 Consult, not specified below	JUDGE	24300	2018-01-17 21:00
SCOTTISH	071 Provide economic aid	SCHOOL	24870	2018-01-18 06:30
ITALIAN	120 Reject, not specified below	AUTHORITIES	16500	2018-01-12 11:00
CANADA	036 Express intent to meet or negotiate	LAWYER	21345	2018-01-15 19:45
DAVOS	051 Praise or endorse	EUROPEAN	33915	2018-01-24 13:15
MILWAUKEE	043 Host a visit	GOVERNOR	24240	2018-01-17 20:00
MILITARY	173 Arrest, detain, or charge with legal action 	STATE PRISON	6315	2018-01-05 09:15
CANADA	046 Engage in negotiation	NORTH KOREA	26205	2018-01-19 04:45
AMERICAN	040 Consult, not specified below	AMERICAN HUMANIST ASSOCIATION	4470	2018-01-04 02:30
TURKEY	112 Accuse, not specified below	ISRAEL	3765	2018-01-03 14:45
BANGLADESH	042 Make a visit	EMPLOYEE	14415	2018-01-11 00:15
UNITED STATES	141 Demonstrate or rally	KING	17445	2018-01-13 02:45
MERCHANT	042 Make a visit	SWITZERLAND	31005	2018-01-22 12:45
IRAN	173 Arrest, detain, or charge with legal action 	CRIMINAL	31095	2018-01-22 14:15
RESIDENTS	042 Make a visit	PRESIDENT	21750	2018-01-16 02:30
THE US	043 Host a visit	ISRAELI	23325	2018-01-17 04:45
CUBA	043 Host a visit	OBAMA	18210	2018-01-13 15:30
PHILIPPINE	100 Demand, not specified below	BISHOP	32700	2018-01-23 17:00
UNITED NATIONS	040 Consult, not specified below	MONROVIA	18135	2018-01-13 14:15
JAMMU AND KASHMIR	173 Arrest, detain, or charge with legal action 	POLICE DISTRICT	34440	2018-01-24 22:00
AUSTRALIAN	040 Consult, not specified below	JAPAN	24990	2018-01-18 08:30
UNITED STATES	172 Impose administrative sanctions, not specified below	MAYOR	4035	2018-01-03 19:15
EDUCATION SECRETARY	040 Consult, not specified below	OBAMA	6060	2018-01-05 05:00
CHINA	050 Engage in diplomatic cooperation, not specified below	TAIWAN	14670	2018-01-11 04:30
CONGRESS	112 Accuse, not specified below	GOVERNMENT	27285	2018-01-19 22:45
COMMUNITY	043 Host a visit	CAMBODIA	4050	2018-01-03 19:30
POLICE OFFICER	193 Fight with small arms and light weapons	PROTESTER	20715	2018-01-15 09:15
NIGERIA	100 Demand, not specified below	GOVERNMENT	21285	2018-01-15 18:45
WASHINGTON	020 Appeal, not specified below	PAKISTAN	29205	2018-01-21 06:45
SPANISH	070 Provide aid, not specified below	BUSINESS	23070	2018-01-17 00:30
PRIME MINISTER	173 Arrest, detain, or charge with legal action 	CRIMINAL	15630	2018-01-11 20:30
FINANCE MINIST	012 Make pessimistic comment	DUBLIN	6225	2018-01-05 07:45
UNITED STATES	013 Make optimistic comment	POLICE	33075	2018-01-23 23:15
RULING PARTY	114 Complain officially 	ARMY	24225	2018-01-17 19:45
CRIMINAL	112 Accuse, not specified below	CANADIAN	27210	2018-01-19 21:30
EUROPEAN PARLIAMENT	020 Appeal, not specified below	BULGARIAN	25455	2018-01-18 16:15
CANADA	192 Occupy territory	CALIFORNIA	9105	2018-01-07 07:45
AMERICAN	020 Appeal, not specified below	CANADA	32670	2018-01-23 16:30
PANAMA	173 Arrest, detain, or charge with legal action 	MEXICO	6270	2018-01-05 08:30
UNITED STATES	010 Make statement, not specified below	NEIGHBORHOOD	19710	2018-01-14 16:30
TURKISH	051 Praise or endorse	TURKEY	22620	2018-01-16 17:00
US AMBASSADOR	154 Mobilize or increase armed forces 	NORTH KOREA	3240	2018-01-03 06:00
KING	173 Arrest, detain, or charge with legal action 	ATLANTA	6000	2018-01-05 04:00
REFUGEE	040 Consult, not specified below	IMMIGRANT	23085	2018-01-17 00:45
MILITARY	160 Reduce relations, not specified below	EGYPT	7215	2018-01-06 00:15
ADVOCATE	172 Impose administrative sanctions, not specified below	ISRAELI	14265	2018-01-10 21:45
UNITED STATES	013 Make optimistic comment	COMPANY	7845	2018-01-06 10:45
POLICE	173 Arrest, detain, or charge with legal action 	UNITED STATES	7665	2018-01-06 07:45
AFRICA	040 Consult, not specified below	LIEUTENANT COLONEL	14925	2018-01-11 08:45
EUROPEAN COMMISSION	061 Cooperate economically	WORLD BANK	30705	2018-01-22 07:45
FEDERAL JUDGE	110 Disapprove, not specified below	ALABAMA	11445	2018-01-08 22:45
KENYA	036 Express intent to meet or negotiate	AFRICA	15690	2018-01-11 21:30
UNITED STATES	111 Criticize or denounce 	POLICE	23100	2018-01-17 01:00
VERMONT	110 Disapprove, not specified below	SCHOOL	13620	2018-01-10 11:00
PUBLICATION	060 Engage in material cooperation, not specified below	LAWMAKER	4245	2018-01-03 22:45
ISTANBUL	043 Host a visit	CHICAGO	12420	2018-01-09 15:00
SHANXI	172 Impose administrative sanctions, not specified below	WEBSITE	10170	2018-01-08 01:30
GERMANY	120 Reject, not specified below	REFUGEE	27045	2018-01-19 18:45
SYRIAN	112 Accuse, not specified below	GOVERNMENT	24210	2018-01-17 19:30
PAKISTAN	112 Accuse, not specified below	POLICE	13200	2018-01-10 04:00
UNITED STATES	020 Appeal, not specified below	RUSSIA	6045	2018-01-05 04:45
ISRAELI	173 Arrest, detain, or charge with legal action 	JORDANIAN	26745	2018-01-19 13:45
ASSOCIATED PRESS	073 Provide humanitarian aid	MIGRANT	14220	2018-01-10 21:00
THE WHITE HOUSE	040 Consult, not specified below	JIMMY CARTER	26310	2018-01-19 06:30
VIETNAM	040 Consult, not specified below	CAMBODIA	23670	2018-01-17 10:30
NEWS CORP	111 Criticize or denounce 	AUSTRALIA	4830	2018-01-04 08:30
BANK OF AMERICA	120 Reject, not specified below	SHAW COMMUNICATIONS	22605	2018-01-16 16:45
COMMUNITY	036 Express intent to meet or negotiate	UNITED STATES	27240	2018-01-19 22:00
MANAMA	173 Arrest, detain, or charge with legal action 	PRINCE	8130	2018-01-06 15:30
SUNNI	015 Acknowledge or claim responsibility	CANADIAN	25590	2018-01-18 18:30
MIAMI	173 Arrest, detain, or charge with legal action 	POLICE	25200	2018-01-18 12:00
SCHOOL	043 Host a visit	UNITED STATES	7260	2018-01-06 01:00
GEORGE SOROS	071 Provide economic aid	UNITED STATES	8310	2018-01-06 18:30
SPOKESMAN	010 Make statement, not specified below	NIGERIA	27975	2018-01-20 10:15
SAUDI ARABIA	040 Consult, not specified below	RUSSIA	26730	2018-01-19 13:30
ISRAELI	036 Express intent to meet or negotiate	ISRAEL	31140	2018-01-22 15:00
THE POOR	120 Reject, not specified below	COMPANY	25980	2018-01-19 01:00
POLICE	1121 Accuse of crime, corruption	BANK OF AMERICA	15420	2018-01-11 17:00
GOOGLE	020 Appeal, not specified below	UNITED STATES	24585	2018-01-18 01:45
POLICE	043 Host a visit	AUSTRALIA	2655	2018-01-02 20:15
MEDIA	182 Physically assault, not specified below	ISRAEL	34500	2018-01-24 23:00
FREEDOM HOUSE	0841 Return, release person(s)	UNITED STATES	2085	2018-01-02 10:45
UNITED STATES	013 Make optimistic comment	LAWMAKER	4320	2018-01-04 00:00
UNITED STATES	173 Arrest, detain, or charge with legal action 	PRISON	2835	2018-01-02 23:15
UNITED STATES	181 Abduct, hijack, or take hostage 	GOVERNMENT	27255	2018-01-19 22:15
REFUGEE	013 Make optimistic comment	BANGLADESH	32760	2018-01-23 18:00
ARMY	020 Appeal, not specified below	PRIME MINISTER	25080	2018-01-18 10:00
KADUNA	190 Use conventional military force, not specified below	FARMER	12900	2018-01-09 23:00
SCHOOL	020 Appeal, not specified below	MAINE	27570	2018-01-20 03:30
ROME	051 Praise or endorse	UNITED STATES	10920	2018-01-08 14:00
ITALY	042 Make a visit	CHINA	32640	2018-01-23 16:00
AUSTRALIA	061 Cooperate economically	JAPAN	24870	2018-01-18 06:30
LAWMAKER	190 Use conventional military force, not specified below	GUATEMALA CITY	18630	2018-01-13 22:30
MALAYSIAN	130 Threaten, not specified below	MALAYSIA	26490	2018-01-19 09:30
DEFENSE DEPARTMENT	130 Threaten, not specified below	MILITARY	27165	2018-01-19 20:45
COAST GUARD	073 Provide humanitarian aid	MIAMI	2175	2018-01-02 12:15
VERMONT	084 Return, release, not specified below	CANADA	22485	2018-01-16 14:45
PAKISTAN	036 Express intent to meet or negotiate	SRI LANKA	26820	2018-01-19 15:00
LOUISIANA	1724 Impose state of emergency or martial law	UNITED STATES	24075	2018-01-17 17:15
FINANCE MINIST	120 Reject, not specified below	GAZETTE	13845	2018-01-10 14:45
POLICE	020 Appeal, not specified below	LOS ANGELES	27270	2018-01-19 22:30
CHAD	046 Engage in negotiation	TEXAS	14190	2018-01-10 20:30
DEPUTY	193 Fight with small arms and light weapons	KING	21930	2018-01-16 05:30
BRITAIN	050 Engage in diplomatic cooperation, not specified below	THE EU	12225	2018-01-09 11:45
ARMY	031 Express intent to engage in material cooperation,  not specified below	FRENCH	33945	2018-01-24 13:45
CANADA	010 Make statement, not specified below	COMPANY	34005	2018-01-24 14:45
ISRAELI	163 Impose embargo, boycott, or sanctions	PRESIDENT	29520	2018-01-21 12:00
ETHIOPIAN	013 Make optimistic comment	ETHIOPIA	17895	2018-01-13 10:15
SWEDEN	036 Express intent to meet or negotiate	DENMARK	14055	2018-01-10 18:15
MOROCCAN	042 Make a visit	ALGERIAN	20850	2018-01-15 11:30
CONGRESS	042 Make a visit	GUJARAT	4005	2018-01-03 18:45
HOSPITAL	043 Host a visit	VILLAGE	29715	2018-01-21 15:15
BIHAR	072 Provide military aid	PATNA	3495	2018-01-03 10:15
RUSSIA	040 Consult, not specified below	CANADA	7425	2018-01-06 03:45
PROTESTER	141 Demonstrate or rally	MILITARY	20160	2018-01-15 00:00
CONGRESS	043 Host a visit	KARNATAKA	18540	2018-01-13 21:00
CHIEF JUSTICE	043 Host a visit	PRIME MINISTER	21990	2018-01-16 06:30
AUTHORITIES	193 Fight with small arms and light weapons	NEIGHBORHOOD	21225	2018-01-15 17:45
MAGISTRATE	100 Demand, not specified below	DEPUTY	10620	2018-01-08 09:00
NASSER	071 Provide economic aid	EGYPT	15495	2018-01-11 18:15
WORLD WILDLIFE FUND	012 Make pessimistic comment	POPULATION	26025	2018-01-19 01:45
UNITED STATES	046 Engage in negotiation	ADMINISTRATION	6900	2018-01-05 19:00
DOCTOR	020 Appeal, not specified below	TUNISIA	14490	2018-01-11 01:30
THE ASSOCIATED PRESS	193 Fight with small arms and light weapons	SOUTH CAROLINA	31080	2018-01-22 14:00
CAIRO	036 Express intent to meet or negotiate	AMMAN	14775	2018-01-11 06:15
HEALTH MINIST	046 Engage in negotiation	TORONTO	31530	2018-01-22 21:30
AMERICAN	130 Threaten, not specified below	SOMALIA	15660	2018-01-11 21:00
ATTORNEY	030 Express intent to cooperate, not specified below	GOVERNMENT	17460	2018-01-13 03:00
ADVOCATE	090 Investigate, not specified below	RANCHI	6360	2018-01-05 10:00
DURBAN	036 Express intent to meet or negotiate	AFRICA	32445	2018-01-23 12:45
PRESIDENT	055 Apologize	AMERICAN	16560	2018-01-12 12:00
LAWMAKER	040 Consult, not specified below	OVAL OFFICE	23025	2018-01-16 23:45
UNIVERSITY	020 Appeal, not specified below	BUSINESS	24525	2018-01-18 00:45
AUSTRALIA	010 Make statement, not specified below	UNITED STATES	5355	2018-01-04 17:15
UNITED STATES	046 Engage in negotiation	PRESIDENTIAL CANDIDATE	14760	2018-01-11 06:00
SOUTH AFRICAN	190 Use conventional military force, not specified below	INDUSTRY	12105	2018-01-09 09:45
INDUSTRY	042 Make a visit	INDONESIA	21315	2018-01-15 19:15
POLICE	1383 Threaten unconventional violence 	TELEVISION	5940	2018-01-05 03:00
AZERBAIJAN	173 Arrest, detain, or charge with legal action 	ARMENIA	12990	2018-01-10 00:30
RUSSIA	051 Praise or endorse	VLADIMIR PUTIN	20700	2018-01-15 09:00
CHIEF EXECUTIVE	042 Make a visit	AUTO MANUFACTURER	12330	2018-01-09 13:30
FULANI	160 Reduce relations, not specified below	NIGERIAN	6780	2018-01-05 17:00
UNITED STATES	043 Host a visit	SCHOOL	4980	2018-01-04 11:00
UNITED STATES	011 Decline comment	DISNEY	3015	2018-01-03 02:15
RUSSIA	030 Express intent to cooperate, not specified below	IRAN	13845	2018-01-10 14:45
SPAIN	036 Express intent to meet or negotiate	MILAN	16980	2018-01-12 19:00
GOVERNOR	013 Make optimistic comment	AFGHAN	26340	2018-01-19 07:00
ARMY	190 Use conventional military force, not specified below	PAKISTAN	18735	2018-01-14 00:15
JAPAN	020 Appeal, not specified below	NORTH AMERICA	12345	2018-01-09 13:45
CHINA	010 Make statement, not specified below	WEBSITE	7515	2018-01-06 05:15
PRESIDENT	010 Make statement, not specified below	UNITED STATES	34155	2018-01-24 17:15
FIGHTER	043 Host a visit	STAVROPOL	15105	2018-01-11 11:45
ISRAEL	042 Make a visit	AHMEDABAD	25110	2018-01-18 10:30
MALAYSIA	036 Express intent to meet or negotiate	VIETNAM	31155	2018-01-22 15:15
PRESIDENT	051 Praise or endorse	COMPANY	14505	2018-01-11 01:45
UNIVERSITY	036 Express intent to meet or negotiate	JOHANNESBURG	9690	2018-01-07 17:30
UNITED KINGDOM	190 Use conventional military force, not specified below	IRELAND	32520	2018-01-23 14:00
SENATOR	051 Praise or endorse	GHANAIAN	7500	2018-01-06 05:00
SENATOR	030 Express intent to cooperate, not specified below	PRESIDENT	22485	2018-01-16 14:45
POLICE	090 Investigate, not specified below	CHAD	23025	2018-01-16 23:45
THE US	020 Appeal, not specified below	ARMY	21330	2018-01-15 19:30
BAHRAIN	120 Reject, not specified below	JACKSONVILLE	22500	2018-01-16 15:00
PRINCE	020 Appeal, not specified below	UNITED STATES	14400	2018-01-11 00:00
WEST BANK	190 Use conventional military force, not specified below	VILLAGE	22470	2018-01-16 14:30
TRINIDAD AND TOBAGO	040 Consult, not specified below	LYON	1695	2018-01-02 04:15
RUSSIA	046 Engage in negotiation	TURKEY	4650	2018-01-04 05:30
ESTONIAN	040 Consult, not specified below	JAPAN	17295	2018-01-13 00:15
UNITED KINGDOM	043 Host a visit	CANADA	22725	2018-01-16 18:45
UNITED KINGDOM	090 Investigate, not specified below	BUSINESS	21015	2018-01-15 14:15
CYPRUS	160 Reduce relations, not specified below	UKRAINIAN	12030	2018-01-09 08:30
MUSLIM	042 Make a visit	JERUSALEM	11070	2018-01-08 16:30
ROTARY CLUB	046 Engage in negotiation	NASSAU	25335	2018-01-18 14:15
IMMIGRANT	110 Disapprove, not specified below	THE US	15870	2018-01-12 00:30
AFGHANISTAN	0233 Appeal for humanitarian aid	AFGHAN	2940	2018-01-03 01:00
RUSSIA	026 Appeal to others to meet or negotiate	CONGRESS	3015	2018-01-03 02:15
REPRESENTATIVES	042 Make a visit	MANILA	13500	2018-01-10 09:00
VIETNAM	010 Make statement, not specified below	UNITED STATES	22395	2018-01-16 13:15
SYRIA	043 Host a visit	SETTLEMENT	25770	2018-01-18 21:30
TERRORIST	111 Criticize or denounce 	AFGHANISTAN	27750	2018-01-20 06:30
POLICE	0841 Return, release person(s)	UNITED STATES	28800	2018-01-21 00:00
LEAGUE OF WOMEN VOTERS	013 Make optimistic comment	JUDGE	21465	2018-01-15 21:45
RUSSIA	046 Engage in negotiation	NORWAY	13680	2018-01-10 12:00
MISSOURI	042 Make a visit	CITIZEN	23790	2018-01-17 12:30
BANGLADESHI	044 Meet at a ÒhirdÓlocation	BANGLADESH	630	2018-01-01 10:30
FARMER	193 Fight with small arms and light weapons	POLICE	5400	2018-01-04 18:00
MILITANT	042 Make a visit	SECURITY FORCE	19590	2018-01-14 14:30
IRANIAN	111 Criticize or denounce 	GOVERNMENT	6495	2018-01-05 12:15
HOUSTON	190 Use conventional military force, not specified below	POLICE OFFICER	12900	2018-01-09 23:00
UNITED STATES	013 Make optimistic comment	POLITICIAN	31320	2018-01-22 18:00
IOWA	071 Provide economic aid	INDUSTRY	16365	2018-01-12 08:45
TEXAS	050 Engage in diplomatic cooperation, not specified below	COMPANY	32550	2018-01-23 14:30
CUBA	111 Criticize or denounce 	HAITI	17745	2018-01-13 07:45
NEPALESE	051 Praise or endorse	LIEUTENANT GENERAL	16365	2018-01-12 08:45
YOGA	042 Make a visit	VICTORIA	2835	2018-01-02 23:15
NIGERIA	042 Make a visit	HAITIAN	17550	2018-01-13 04:30
GOVERNOR	071 Provide economic aid	UNITED STATES	3030	2018-01-03 02:30
JUDGE	042 Make a visit	ATTORNEY GENERAL	24810	2018-01-18 05:30
ABBOT	042 Make a visit	UNITED STATES	24540	2018-01-18 01:00
EUROPEAN	040 Consult, not specified below	ADMINISTRATION	10080	2018-01-08 00:00
NORWAY	042 Make a visit	CABINET	16230	2018-01-12 06:30
SCHOOL	051 Praise or endorse	KING	24285	2018-01-17 20:45
COMPANIES	061 Cooperate economically	AFRICA	13815	2018-01-10 14:15
PROTESTER	1041 Demand change in leadership	IRAN	4020	2018-01-03 19:00
UNITED STATES	053 Rally support on behalf of	NICARAGUA	17070	2018-01-12 20:30
NEW YORK	110 Disapprove, not specified below	UNITED STATES	22665	2018-01-16 17:45
POLICE	020 Appeal, not specified below	COLOMBIA	20730	2018-01-15 09:30
CHINA	040 Consult, not specified below	AFRICA	32565	2018-01-23 14:45
JUDGE	013 Make optimistic comment	SPAIN	24195	2018-01-17 19:15
AFRICA	042 Make a visit	LONDON	13425	2018-01-10 07:45
UNITED STATES	046 Engage in negotiation	MALDIVE	34500	2018-01-24 23:00
MILITANT	182 Physically assault, not specified below	POLICEMEN	26670	2018-01-19 12:30
KABUL	111 Criticize or denounce 	SHIA	29220	2018-01-21 07:00
NORTH AMERICA	036 Express intent to meet or negotiate	UNITED STATES	26175	2018-01-19 04:15
JUBA	042 Make a visit	SUDAN	5790	2018-01-05 00:30
PAKISTANI	173 Arrest, detain, or charge with legal action 	PAKISTAN	6240	2018-01-05 08:00
PRESIDENT	051 Praise or endorse	UNITED STATES	4965	2018-01-04 10:45
SANTIAGO	194 Fight with artillery and tanks	PERU	17310	2018-01-13 00:30
SAINT	090 Investigate, not specified below	POLICE	16650	2018-01-12 13:30
AUTHORITIES	010 Make statement, not specified below	NORTH AMERICA	33525	2018-01-24 06:45
STUDENT	010 Make statement, not specified below	AMERICAN	15465	2018-01-11 17:45
DIPLOMAT	015 Acknowledge or claim responsibility	EMIRATI	24435	2018-01-17 23:15
LONDON	020 Appeal, not specified below	THE US	16365	2018-01-12 08:45
PRESIDENT	040 Consult, not specified below	LIEUTENANT GENERAL	32235	2018-01-23 09:15
IRAN	051 Praise or endorse	OBAMA	6915	2018-01-05 19:15
INDUSTRY	111 Criticize or denounce 	DANE	10320	2018-01-08 04:00
DEFENSE ATTORNEY	190 Use conventional military force, not specified below	UNITED STATES	25920	2018-01-19 00:00
NIGERIA	071 Provide economic aid	INSPECTOR GENERAL	22830	2018-01-16 20:30
UNITED STATES	045 Mediate	REPRESENTATIVES	17610	2018-01-13 05:30
BANK	012 Make pessimistic comment	POLITICIAN	22545	2018-01-16 15:45
VERMONT	051 Praise or endorse	SCHOOL	2625	2018-01-02 19:45
MAHARASHTRA	190 Use conventional military force, not specified below	CONGRESS	2835	2018-01-02 23:15
PRESIDENT	010 Make statement, not specified below	CATHOLIC	2565	2018-01-02 18:45
PROSECUTING ATTORNEY	010 Make statement, not specified below	UNITED STATES	6645	2018-01-05 14:45
FINANCE MINIST	046 Engage in negotiation	AFGHANISTAN	30900	2018-01-22 11:00
RESIDENTS	110 Disapprove, not specified below	KENYA	15285	2018-01-11 14:45
EUROPEAN	057 Sign formal agreement	THE EU	33915	2018-01-24 13:15
WASHINGTON	043 Host a visit	ATTORNEY	21600	2018-01-16 00:00
POLICE	010 Make statement, not specified below	HARYANA	23115	2018-01-17 01:15
VOTER	020 Appeal, not specified below	SPAIN	21000	2018-01-15 14:00
BUSINESS	013 Make optimistic comment	SCIENTIST	7080	2018-01-05 22:00
NIGERIA	111 Criticize or denounce 	PRESIDENT	26010	2018-01-19 01:30
CITIZEN	043 Host a visit	POLITICIAN	23040	2018-01-17 00:00
UNITED STATES	051 Praise or endorse	COMMUNITY	6735	2018-01-05 16:15
BELGIUM	043 Host a visit	PREMIER	15120	2018-01-11 12:00
POLICE	042 Make a visit	HOSPITAL	26250	2018-01-19 05:30
ISLAMIC	180 Use unconventional violence, not specified below	AFGHAN	14715	2018-01-11 05:15
FIREFIGHTER	190 Use conventional military force, not specified below	CEBU	7695	2018-01-06 08:15
EXXON	051 Praise or endorse	SANTA CRUZ	17295	2018-01-13 00:15
AFRICA	042 Make a visit	COMPANY	26385	2018-01-19 07:45
UNITED STATES	010 Make statement, not specified below	SENATOR	31680	2018-01-23 00:00
NIGERIA	040 Consult, not specified below	COMPANY	14115	2018-01-10 19:15
SHIZUOKA	040 Consult, not specified below	JAPAN	25635	2018-01-18 19:15
UNITED KINGDOM	111 Criticize or denounce 	SOCIAL WORKER	15390	2018-01-11 16:30
CHRISTIAN	173 Arrest, detain, or charge with legal action 	OKLAHOMA	22770	2018-01-16 19:30
CITY MANAGER	042 Make a visit	UNITED STATES	22845	2018-01-16 20:45
THE UN	070 Provide aid, not specified below	UNITED STATES	23625	2018-01-17 09:45
MILITARY BASE	090 Investigate, not specified below	ISRAEL	22245	2018-01-16 10:45
POLITBURO MEMBER	042 Make a visit	HO CHI MINH CITY	30690	2018-01-22 07:30
SPOKESMAN	010 Make statement, not specified below	BELGIUM	24555	2018-01-18 01:15
NEWS AGENCY	1711 Confiscate property	SECURITY FORCE	14130	2018-01-10 19:30
MILITANT	060 Engage in material cooperation, not specified below	REFUGEE	21630	2018-01-16 00:30
GOVERNMENT	020 Appeal, not specified below	MEDIA	34230	2018-01-24 18:30
PRESIDENT	060 Engage in material cooperation, not specified below	ARMY	1275	2018-01-01 21:15
HIGH COURT	100 Demand, not specified below	POLICE COMMISSIONER	16470	2018-01-12 10:30
JAPAN	100 Demand, not specified below	COMMUNITY	15225	2018-01-11 13:45
AMERICAN	042 Make a visit	ISRAEL	28845	2018-01-21 00:45
PARLIAMENT	1044 Demand change in institutions, regime	AZERBAIJAN	5460	2018-01-04 19:00
ARMY	051 Praise or endorse	HAIFA	18630	2018-01-13 22:30
CATHOLIC	016 Deny responsibility	GOVERNMENT	25335	2018-01-18 14:15
PROTESTER	110 Disapprove, not specified below	GOVERNMENT FORCES	14385	2018-01-10 23:45
PRODUCER	042 Make a visit	ARIZONA	33615	2018-01-24 08:15
FRANCE	070 Provide aid, not specified below	TERRORIST	31275	2018-01-22 17:15
MEDIA	036 Express intent to meet or negotiate	INDUSTRY	29685	2018-01-21 14:45
POLICE	175 Use tactics of violent repression  	JKLF	26895	2018-01-19 16:15
GAMBIA	0831 Accede to demands for change in leadership	PRESIDENT	1965	2018-01-02 08:45
UNITED STATES	112 Accuse, not specified below	RUSSIAN	25740	2018-01-18 21:00
PAKISTAN	030 Express intent to cooperate, not specified below	AFGHANISTAN	21630	2018-01-16 00:30
MYANMAR	080 Yield, not specified below 	BANGLADESH	12930	2018-01-09 23:30
POPULATION	173 Arrest, detain, or charge with legal action 	TALIBAN	27810	2018-01-20 07:30
ISLAMIC	013 Make optimistic comment	MILITANT	33120	2018-01-24 00:00
CEBU	036 Express intent to meet or negotiate	SPANISH	32925	2018-01-23 20:45
FRANCE	057 Sign formal agreement	UNITED KINGDOM	25125	2018-01-18 10:45
MAJOR GENERAL	046 Engage in negotiation	NIGERIA	25110	2018-01-18 10:30
UNITED STATES	051 Praise or endorse	COMPANIES	11520	2018-01-09 00:00
GENEVA	0231 Appeal for economic aid	THE UN	31155	2018-01-22 15:15
BOSS	060 Engage in material cooperation, not specified below	VILLAGE	3045	2018-01-03 02:45
INDIGENOUS	051 Praise or endorse	TRIPURA	25335	2018-01-18 14:15
HAITI	051 Praise or endorse	KING	21825	2018-01-16 03:45
POLICEMAN	111 Criticize or denounce 	MILITANT	8265	2018-01-06 17:45
SINGAPORE	173 Arrest, detain, or charge with legal action 	JAPAN	23265	2018-01-17 03:45
RUSSIAN	020 Appeal, not specified below	MINISTRY	26880	2018-01-19 16:00
BUSINESS	040 Consult, not specified below	CHAMBER	26550	2018-01-19 10:30
UNITED STATES	120 Reject, not specified below	RUSSIA	32850	2018-01-23 19:30
DEPUTY	013 Make optimistic comment	PHILIPPINE	16860	2018-01-12 17:00
BUSINESS	173 Arrest, detain, or charge with legal action 	UNITED STATES	7035	2018-01-05 21:15
LONDON	133 Threaten political dissent, protest	EMBASSY	34395	2018-01-24 21:15
LIBYA	030 Express intent to cooperate, not specified below	MIGRANT	29235	2018-01-21 07:15
MEDIA	043 Host a visit	ENGINEER	12120	2018-01-09 10:00
EGYPT	022 Appeal for diplomatic cooperation, such as policy support	MINISTRY	2265	2018-01-02 13:45
PARTY LEADER	040 Consult, not specified below	MORGAN TSVANGIRAI	24885	2018-01-18 06:45
MONARCH	040 Consult, not specified below	ISRAEL	30300	2018-01-22 01:00
COMMUNITY	070 Provide aid, not specified below	ETHIOPIA	5475	2018-01-04 19:15
UNITED STATES	012 Make pessimistic comment	ADMINISTRATION	9780	2018-01-07 19:00
GOVERNOR	010 Make statement, not specified below	KADUNA	1455	2018-01-02 00:15
URUGUAY	120 Reject, not specified below	ISRAEL	20220	2018-01-15 01:00
REGIME	071 Provide economic aid	AMERICAN	14535	2018-01-11 02:15
CHINA	042 Make a visit	RWANDA	18765	2018-01-14 00:45
THE US	174 Expel or deport individuals	MEXICAN	7185	2018-01-05 23:45
PROTESTER	143 Conduct strike or boycott, not specified below	WORKER	18345	2018-01-13 17:45
AFRICA	130 Threaten, not specified below	POLICE	29805	2018-01-21 16:45
NIGERIA	040 Consult, not specified below	GOVERNMENT	10605	2018-01-08 08:45
RED CROSS	090 Investigate, not specified below	NEW HAMPSHIRE	18195	2018-01-13 15:15
UKRAINE	090 Investigate, not specified below	GOVERNMENT	22590	2018-01-16 16:30
POLICE	114 Complain officially 	MUMBAI	32865	2018-01-23 19:45
CHINA	1711 Confiscate property	POLICE	26190	2018-01-19 04:30
UNITED KINGDOM	050 Engage in diplomatic cooperation, not specified below	CANADA	21525	2018-01-15 22:45
UNITED STATES	051 Praise or endorse	NATIONAL GUARD	31590	2018-01-22 22:30
NEW YORK	110 Disapprove, not specified below	APPEALS COURT	31320	2018-01-22 18:00
TURKEY	051 Praise or endorse	ISRAEL	3615	2018-01-03 12:15
POLITICIAN	042 Make a visit	MAHARASHTRA	30555	2018-01-22 05:15
MORGAN TSVANGIRAI	043 Host a visit	MAIN OPPOSITION	6690	2018-01-05 15:30
CAMBODIAN	125 Reject proposal to meet, discuss, or negotiate	KHMER ROUGE	23100	2018-01-17 01:00
ENGINEER	010 Make statement, not specified below	AUTHORITIES	10770	2018-01-08 11:30
ACTOR	180 Use unconventional violence, not specified below	LONDON	24510	2018-01-18 00:30
IRAN	036 Express intent to meet or negotiate	IRANIAN	15015	2018-01-11 10:15
UNITED STATES	040 Consult, not specified below	SOUTH CAROLINA	28215	2018-01-20 14:15
BUSINESS	020 Appeal, not specified below	ACTOR	21750	2018-01-16 02:30
WORLD HEALTH ORGANIZATION	036 Express intent to meet or negotiate	SAO PAULO	23310	2018-01-17 04:30
HASSAN	112 Accuse, not specified below	FRANCE	16755	2018-01-12 15:15
DEPUTY	043 Host a visit	UNITED STATES	14535	2018-01-11 02:15
UNITED STATES	193 Fight with small arms and light weapons	DEPUTY	8460	2018-01-06 21:00
DETROIT	051 Praise or endorse	HONDA	21090	2018-01-15 15:30
SAINT	051 Praise or endorse	BLOG	23655	2018-01-17 10:15
TOURIST	020 Appeal, not specified below	MINIST	15570	2018-01-11 19:30
VENEZUELAN	114 Complain officially 	RUSSIAN	24090	2018-01-17 17:30
CALIFORNIA	110 Disapprove, not specified below	OREGON	15900	2018-01-12 01:00
ONTARIO	051 Praise or endorse	ALEXANDRIA	28950	2018-01-21 02:30
CHILE	051 Praise or endorse	CHINA	32775	2018-01-23 18:15
UNITED STATES	051 Praise or endorse	ISRAEL	31140	2018-01-22 15:00
KANO	012 Make pessimistic comment	NIGER	29235	2018-01-21 07:15
VOICE OF AMERICA	013 Make optimistic comment	GOVERNMENT IN EXILE	27315	2018-01-19 23:15
DAVOS	040 Consult, not specified below	WORLD ECONOMIC FORUM	33915	2018-01-24 13:15
TURKISH	192 Occupy territory	SYRIA	29940	2018-01-21 19:00
EGYPT	044 Meet at a ÒhirdÓlocation	AGENCE FRANCE PRESS	12900	2018-01-09 23:00
IRAN	040 Consult, not specified below	THE INTERNATIONAL COMMUNITY	26130	2018-01-19 03:30
PRESIDENT	084 Return, release, not specified below	PRISONER	21990	2018-01-16 06:30
UNITED KINGDOM	010 Make statement, not specified below	TESCO	9885	2018-01-07 20:45
DEPUTY	010 Make statement, not specified below	BUSINESS	12285	2018-01-09 12:45
MEDIA	020 Appeal, not specified below	PRESIDENT	13395	2018-01-10 07:15
CLEVELAND	042 Make a visit	KING	24435	2018-01-17 23:15
MOZAMBIQUE	060 Engage in material cooperation, not specified below	FARMER	14085	2018-01-10 18:45
THE US	100 Demand, not specified below	CHINA	11430	2018-01-08 22:30
ABUJA	043 Host a visit	MEDIA	14055	2018-01-10 18:15
MAINE	046 Engage in negotiation	AUTHORITIES	32760	2018-01-23 18:00
LAOS	030 Express intent to cooperate, not specified below	VIETNAM	13830	2018-01-10 14:30
DEPUTY PRIME MINISTER	190 Use conventional military force, not specified below	TURKEY	30510	2018-01-22 04:30
SURGEON	020 Appeal, not specified below	NIGERIA	10770	2018-01-08 11:30
ADMINISTRATION	042 Make a visit	OHIO	29790	2018-01-21 16:30
DOMINICAN REPUBLIC	043 Host a visit	UNITED STATES	30510	2018-01-22 04:30
BOMBAY	010 Make statement, not specified below	STUDENT	22215	2018-01-16 10:15
CHINA	036 Express intent to meet or negotiate	ANGOLA	14670	2018-01-11 04:30
IRAN	042 Make a visit	ISLAMIC	21795	2018-01-16 03:15
RUSSIA	173 Arrest, detain, or charge with legal action 	MILITARY	15780	2018-01-11 23:00
VIETNAM	043 Host a visit	UNITED STATES	24510	2018-01-18 00:30
GARRISON	060 Engage in material cooperation, not specified below	UNITED STATES	33555	2018-01-24 07:15
UNITED KINGDOM	125 Reject proposal to meet, discuss, or negotiate	AUSTRALIA	31170	2018-01-22 15:30
BUSINESS	043 Host a visit	SHANGHAI	13155	2018-01-10 03:15
NORDEA	061 Cooperate economically	INVESTOR	13800	2018-01-10 14:00
POLAND	042 Make a visit	GERMANY	5895	2018-01-05 02:15
EGYPTIAN	040 Consult, not specified below	JORDAN	24915	2018-01-18 07:15
IRAN	043 Host a visit	HAMAS	28980	2018-01-21 03:00
EMPLOYEE	042 Make a visit	SAN FRANCISCO	23985	2018-01-17 15:45
DEPUTY	042 Make a visit	UNITED ARAB EMIRATES	16845	2018-01-12 16:45
ILLINOIS	036 Express intent to meet or negotiate	STUDENT	17325	2018-01-13 00:45
NIGERIA	020 Appeal, not specified below	WORKER	34290	2018-01-24 19:30
CHINA	010 Make statement, not specified below	REUTERS	15660	2018-01-11 21:00
UNITED STATES	046 Engage in negotiation	SENATOR	32805	2018-01-23 18:45
COMMUNITY	020 Appeal, not specified below	PRESIDENT	33930	2018-01-24 13:30
COUNSEL	046 Engage in negotiation	UNITED STATES	6975	2018-01-05 20:15
PALESTINIAN	190 Use conventional military force, not specified below	ISRAEL	13860	2018-01-10 15:00
SENATOR	051 Praise or endorse	PRESIDENT	2700	2018-01-02 21:00
SUPREME COURT	020 Appeal, not specified below	MUSLIM	13740	2018-01-10 13:00
SOUTH ASIA	020 Appeal, not specified below	URDU	30915	2018-01-22 11:15
SPAIN	173 Arrest, detain, or charge with legal action 	SERIAL KILLER	4245	2018-01-03 22:45
AUTHORITIES	013 Make optimistic comment	QUITO	15690	2018-01-11 21:30
MILITANT	192 Occupy territory	SUNNI	20295	2018-01-15 02:15
CHINA	057 Sign formal agreement	NORTH KOREA	27825	2018-01-20 07:45
CHINA	030 Express intent to cooperate, not specified below	REGIME	12615	2018-01-09 18:15
UNITED STATES	040 Consult, not specified below	BORDER SECURITY	31920	2018-01-23 04:00
TOKYO	043 Host a visit	PRIME MINISTER	21765	2018-01-16 02:45
MICHIGAN	040 Consult, not specified below	STATE OFFICIAL	11040	2018-01-08 16:00
DEPUTY	042 Make a visit	KENTUCKY	10515	2018-01-08 07:15
PHILIPPINE	010 Make statement, not specified below	JAPANESE	23850	2018-01-17 13:30
UNITED STATES	010 Make statement, not specified below	ACTIVIST	13080	2018-01-10 02:00
UNITED NATIONS	111 Criticize or denounce 	COLOMBIA	24540	2018-01-18 01:00
FIJI	111 Criticize or denounce 	AMBASSADOR	30105	2018-01-21 21:45
UNITED STATES	1243 Refuse to release persons or property	PRISON	13095	2018-01-10 02:15
BRUSSELS	136 Threaten to halt international involvement (non-mediation)	POLAND	6660	2018-01-05 15:00
TROOPER	010 Make statement, not specified below	UNITED STATES	5460	2018-01-04 19:00
ZIMBABWE	139 Give ultimatum	CHANCELLOR	26355	2018-01-19 07:15
SWISS	043 Host a visit	CANADA	31725	2018-01-23 00:45
SENATE	130 Threaten, not specified below	UNITED STATES	25425	2018-01-18 15:45
NORTH KOREA	040 Consult, not specified below	SEOUL	11970	2018-01-09 07:30
TOGO	051 Praise or endorse	ISRAEL	12135	2018-01-09 10:15
BUSINESS	040 Consult, not specified below	MEDIA	3015	2018-01-03 02:15
EDUCATION MINIST	040 Consult, not specified below	AUSTRALIA	28650	2018-01-20 21:30
TONY BLAIR	040 Consult, not specified below	RELIGION	23565	2018-01-17 08:45
UNITED STATES	060 Engage in material cooperation, not specified below	PAKISTAN	11460	2018-01-08 23:00
BANK	046 Engage in negotiation	ADMINISTRATION	27135	2018-01-19 20:15
CABINET	110 Disapprove, not specified below	UNITED KINGDOM	11655	2018-01-09 02:15
UNITED STATES	130 Threaten, not specified below	NORTH KOREAN	3090	2018-01-03 03:30
NORTH KOREA	040 Consult, not specified below	MILITARY	5145	2018-01-04 13:45
GERMANY	046 Engage in negotiation	GERMAN	18375	2018-01-13 18:15
SRINAGAR	026 Appeal to others to meet or negotiate	HOME MINIST	15195	2018-01-11 13:15
SYRIA	190 Use conventional military force, not specified below	TURKISH	31035	2018-01-22 13:15
PRESIDENT	046 Engage in negotiation	PRETORIA	21555	2018-01-15 23:15
AFRICA	043 Host a visit	ZULU	5175	2018-01-04 14:15
TRADE UNION	080 Yield, not specified below 	BELIZE	29265	2018-01-21 07:45
AFRICA	012 Make pessimistic comment	PRESIDENT	32745	2018-01-23 17:45
SYRIA	172 Impose administrative sanctions, not specified below	PALESTINIAN	6660	2018-01-05 15:00
UNITED STATES	010 Make statement, not specified below	NORTH KOREA	375	2018-01-01 06:15
SPAIN	013 Make optimistic comment	UTAH	24210	2018-01-17 19:30
UNITED STATES	012 Make pessimistic comment	IRAN	7410	2018-01-06 03:30
IRAN	010 Make statement, not specified below	MEDIA	17970	2018-01-13 11:30
NEW YORK	043 Host a visit	BOEING	27660	2018-01-20 05:00
EGYPTIAN	0874 Retreat or surrender militarily	EGYPT	21660	2018-01-16 01:00
SENATOR	014 Consider policy option	UNITED STATES	21705	2018-01-16 01:45
SINAI	013 Make optimistic comment	REUTERS	27555	2018-01-20 03:15
COMMUNITY	012 Make pessimistic comment	INDONESIA	10350	2018-01-08 04:30
PRESIDENT	124 Refuse to yield, not specified below	IRAN	32280	2018-01-23 10:00
IMAM	046 Engage in negotiation	IRAQ	13725	2018-01-10 12:45
PRESIDENT	040 Consult, not specified below	COMMUNITY	14880	2018-01-11 08:00
UNITED STATES	043 Host a visit	CHINESE	13665	2018-01-10 11:45
THAILAND	173 Arrest, detain, or charge with legal action 	STATE OFFICIAL	27375	2018-01-20 00:15
NIGER	173 Arrest, detain, or charge with legal action 	KIDNAPPER	3450	2018-01-03 09:30
ISRAEL	042 Make a visit	LONDON	32700	2018-01-23 17:00
GAZETTE	042 Make a visit	KING	4605	2018-01-04 04:45
CONGO	040 Consult, not specified below	JOURNALIST	27630	2018-01-20 04:30
TURKMENISTAN	044 Meet at a ÒhirdÓlocation	PAKISTAN	24945	2018-01-18 07:45
NEW JERSEY	172 Impose administrative sanctions, not specified below	PRISON	11640	2018-01-09 02:00
THE AU	111 Criticize or denounce 	GOVERNMENT	23730	2018-01-17 11:30
SUDANESE	175 Use tactics of violent repression  	PROTESTER	31680	2018-01-23 00:00
NEWFOUNDLAND AND LABRADOR	036 Express intent to meet or negotiate	CONGRESS	31215	2018-01-22 16:15
IRAN	072 Provide military aid	YEMEN	2490	2018-01-02 17:30
AIRLINE	042 Make a visit	UNITED STATES	8625	2018-01-06 23:45
PROSECUTOR	020 Appeal, not specified below	PRESIDENT	18735	2018-01-14 00:15
HIGH COURT	010 Make statement, not specified below	UNITED STATES	8670	2018-01-07 00:30
INSURGENT	042 Make a visit	ARMY	2460	2018-01-02 17:00
UNITED STATES	042 Make a visit	NAVAJO	17400	2018-01-13 02:00
UNITED STATES	020 Appeal, not specified below	VOTER	33285	2018-01-24 02:45
CROOK	192 Occupy territory	UNITED STATES	22410	2018-01-16 13:30
MYANMAR	042 Make a visit	YANGON	9420	2018-01-07 13:00
COLOMBIA	040 Consult, not specified below	NEW YORK	31980	2018-01-23 05:00
PAKISTAN	040 Consult, not specified below	CABINET	13830	2018-01-10 14:30
GERMANY	013 Make optimistic comment	TEHRAN	2505	2018-01-02 17:45
IRAN	020 Appeal, not specified below	HASSAN	705	2018-01-01 11:45
TURKISH	100 Demand, not specified below	TURKEY	14085	2018-01-10 18:45
QINGDAO	057 Sign formal agreement	MOZAMBIQUE	24720	2018-01-18 04:00
RUSSIAN	090 Investigate, not specified below	RUSSIA	25935	2018-01-19 00:15
COLLEGE	010 Make statement, not specified below	HANOVER	5385	2018-01-04 17:45
POLICE	180 Use unconventional violence, not specified below	SCHOOL	15345	2018-01-11 15:45
DELHI	042 Make a visit	GOVERNMENT	13635	2018-01-10 11:15
BELGIUM	060 Engage in material cooperation, not specified below	GERMANY	20880	2018-01-15 12:00
UNITED STATES	013 Make optimistic comment	PRODUCER	27255	2018-01-19 22:15
UNITED STATES	173 Arrest, detain, or charge with legal action 	CHINA	23985	2018-01-17 15:45
THE POOR	071 Provide economic aid	GOVERNMENT	23265	2018-01-17 03:45
AUSTRALIA	030 Express intent to cooperate, not specified below	EUROPE	22365	2018-01-16 12:45
UNITED STATES	020 Appeal, not specified below	COMMUNITY	6510	2018-01-05 12:30
COLOMBIA	043 Host a visit	SAIDA	22650	2018-01-16 17:30
NIGERIA	111 Criticize or denounce 	HAITI	21360	2018-01-15 20:00
EGYPT	042 Make a visit	SAUDI ARABIA	13125	2018-01-10 02:45
SPOKESMAN	042 Make a visit	HOSPITAL	9930	2018-01-07 21:30
STUDENT	141 Demonstrate or rally	UNITED STATES	34035	2018-01-24 15:15
JANET NAPOLITANO	057 Sign formal agreement	UNITED STATES	5580	2018-01-04 21:00
SOUTH AFRICAN	030 Express intent to cooperate, not specified below	AFRICA	15210	2018-01-11 13:30
ATTORNEY GENERAL	081 Ease administrative sanctions, not specified below	OBAMA	7695	2018-01-06 08:15
ITALY	193 Fight with small arms and light weapons	SCHOOL	31455	2018-01-22 20:15
AFRICA	0841 Return, release person(s)	POLICE	21060	2018-01-15 15:00
POLICE	010 Make statement, not specified below	UTAH	27450	2018-01-20 01:30
ETHIOPIA	040 Consult, not specified below	ERITREA	12630	2018-01-09 18:30
UNITED ARAB EMIRATES	100 Demand, not specified below	GOVERNMENT	31080	2018-01-22 14:00
BHOLA	010 Make statement, not specified below	NEPAL	9420	2018-01-07 13:00
COUNSEL	190 Use conventional military force, not specified below	BANGLADESH	1065	2018-01-01 17:45
SCHOOL	043 Host a visit	MILITARY	31605	2018-01-22 22:45
POLICE	040 Consult, not specified below	UGANDA	15405	2018-01-11 16:45
AUCKLAND	040 Consult, not specified below	HUNTER	33390	2018-01-24 04:30
UGANDA	020 Appeal, not specified below	COMPANY	13980	2018-01-10 17:00
SUPREME COURT	042 Make a visit	GUJARAT	24720	2018-01-18 04:00
JERUSALEM	043 Host a visit	EGYPT	28875	2018-01-21 01:15
AMBASSADOR	010 Make statement, not specified below	SLOVAKIA	32325	2018-01-23 10:45
PALESTINIAN	020 Appeal, not specified below	ISRAEL	9960	2018-01-07 22:00
CORRESPONDENT	010 Make statement, not specified below	AUTHORITIES	8655	2018-01-07 00:15
AUSTRALIA	042 Make a visit	ANGLICAN	26175	2018-01-19 04:15
BUSINESS	173 Arrest, detain, or charge with legal action 	DOCTOR	27150	2018-01-19 20:30
RUSSIAN	010 Make statement, not specified below	UKRAINE	17865	2018-01-13 09:45
SCHOOL	073 Provide humanitarian aid	UNITED STATES	34545	2018-01-24 23:45
UNITED STATES	090 Investigate, not specified below	MEDIA	19365	2018-01-14 10:45
SUPERIOR COURT	173 Arrest, detain, or charge with legal action 	UNITED STATES	23040	2018-01-17 00:00
AFGHANISTAN	051 Praise or endorse	UZBEKISTAN	15120	2018-01-11 12:00
AUSTRALIA	043 Host a visit	ACTOR	4485	2018-01-04 02:45
PRISON	0841 Return, release person(s)	LIMA	17580	2018-01-13 05:00
CONGRESSMAN	111 Criticize or denounce 	ALABAMA	28605	2018-01-20 20:45
TURKEY	111 Criticize or denounce 	UNITED STATES	4920	2018-01-04 10:00
SENEGAL	190 Use conventional military force, not specified below	MACKY SALL	9315	2018-01-07 11:15
AFRICA	042 Make a visit	JOHANNESBURG	6765	2018-01-05 16:45
PARLIAMENT	040 Consult, not specified below	CIVIL SOCIETY	21705	2018-01-16 01:45
PAKISTAN	194 Fight with artillery and tanks	INDIGENOUS	14955	2018-01-11 09:15
CHINA	043 Host a visit	PARTY MEMBER	12330	2018-01-09 13:30
ONTARIO	180 Use unconventional violence, not specified below	HOSPITAL	525	2018-01-01 08:45
FARC	020 Appeal, not specified below	ECUADOR	12780	2018-01-09 21:00
UNITED STATES	0214 Appeal for intelligence	ROTARY CLUB	16965	2018-01-12 18:45
ATTORNEY	042 Make a visit	UNITED STATES	11775	2018-01-09 04:15
MEDIA	040 Consult, not specified below	UNITED STATES	20535	2018-01-15 06:15
ADMINISTRATION	020 Appeal, not specified below	POLITICAL PARTIES	32190	2018-01-23 08:30
BRITISH	128 Defy norms, law	ISRAEL	12975	2018-01-10 00:15
TERRORIST GROUP	190 Use conventional military force, not specified below	AZERBAIJAN	15180	2018-01-11 13:00
OBAMA	173 Arrest, detain, or charge with legal action 	SOUTH CAROLINA	14190	2018-01-10 20:30
AUTHORITIES	193 Fight with small arms and light weapons	POLICE	25275	2018-01-18 13:15
ATHENS	030 Express intent to cooperate, not specified below	CONTAINERSHIP	31215	2018-01-22 16:15
ATTORNEY	020 Appeal, not specified below	CONGRESS	24900	2018-01-18 07:00
THE US	043 Host a visit	CANADA	870	2018-01-01 14:30
KARACHI	010 Make statement, not specified below	PAKISTAN	12810	2018-01-09 21:30
KANSAS	173 Arrest, detain, or charge with legal action 	PRISON	27705	2018-01-20 05:45
AFRICA	043 Host a visit	SOUTH AFRICAN	16080	2018-01-12 04:00
ASSOCIATED PRESS	190 Use conventional military force, not specified below	MEXICO	29925	2018-01-21 18:45
GOOGLE	046 Engage in negotiation	UNITED STATES	11820	2018-01-09 05:00
GOVERNMENT	112 Accuse, not specified below	PREACHER	3615	2018-01-03 12:15
JAPAN	010 Make statement, not specified below	SWISS	28530	2018-01-20 19:30
UNITED KINGDOM	173 Arrest, detain, or charge with legal action 	JORDAN	5775	2018-01-05 00:15
FRANCE	173 Arrest, detain, or charge with legal action 	PRISON	21285	2018-01-15 18:45
REPRESENTATIVES	046 Engage in negotiation	COLOMBIAN	14355	2018-01-10 23:15
ILLINOIS	130 Threaten, not specified below	POLICE DISTRICT	7515	2018-01-06 05:15
PRESIDENT	090 Investigate, not specified below	HAITI	17865	2018-01-13 09:45
BRITISH	080 Yield, not specified below 	GOVERNMENT	29580	2018-01-21 13:00
WEST BANK	042 Make a visit	ISRAEL	22605	2018-01-16 16:45
TRAVELER	160 Reduce relations, not specified below	UNITED STATES	30435	2018-01-22 03:15
PRESIDENT	060 Engage in material cooperation, not specified below	FRANCE	32715	2018-01-23 17:15
OKLAHOMA	173 Arrest, detain, or charge with legal action 	AUTHORITIES	14445	2018-01-11 00:45
UNITED KINGDOM	193 Fight with small arms and light weapons	UNITED STATES	29790	2018-01-21 16:30
POLICE	020 Appeal, not specified below	WASHINGTON	5760	2018-01-05 00:00
BHUMIBOL ADULYADEJ	071 Provide economic aid	THAILAND	27150	2018-01-19 20:30
THE US	190 Use conventional military force, not specified below	TALIBAN	13980	2018-01-10 17:00
PAKISTAN	193 Fight with small arms and light weapons	VILLAGE	16440	2018-01-12 10:00
CHENNAI	020 Appeal, not specified below	EXPORTER	26310	2018-01-19 06:30
ACTIVIST	040 Consult, not specified below	ADMINISTRATION	11280	2018-01-08 20:00
DUTCH	030 Express intent to cooperate, not specified below	RUSSIAN	11235	2018-01-08 19:15
MARYLAND	100 Demand, not specified below	ADMINISTRATION	6480	2018-01-05 12:00
UNITED STATES	040 Consult, not specified below	VILLAGE	21735	2018-01-16 02:15
BOSS	080 Yield, not specified below 	PRINCE	7230	2018-01-06 00:30
STUDENT	111 Criticize or denounce 	ISLAM	20925	2018-01-15 12:45
PARLIAMENT	0831 Accede to demands for change in leadership	AUSTRALIA	31935	2018-01-23 04:15
UNITED STATES	042 Make a visit	CAPTAIN	25995	2018-01-19 01:15
VOLTA	020 Appeal, not specified below	SYRIA	16665	2018-01-12 13:45
HAWAII	172 Impose administrative sanctions, not specified below	UNITED STATES	18555	2018-01-13 21:15
BUSINESS	013 Make optimistic comment	UNITED KINGDOM	30360	2018-01-22 02:00
GOVERNMENT	040 Consult, not specified below	AMNESTY INTERNATIONAL	24180	2018-01-17 19:00
ARMY	138 Threaten to use military force, not specified below	TURKEY	21480	2018-01-15 22:00
ADVOCATE	025 Appeal to yield	AFRICA	32325	2018-01-23 10:45
ASSOCIATION OF SOUTHEAST ASIAN NATIONS	050 Engage in diplomatic cooperation, not specified below	NEW ZEALAND	23820	2018-01-17 13:00
NIGERIA	010 Make statement, not specified below	JOURNALIST	33840	2018-01-24 12:00
POLICE	112 Accuse, not specified below	LISBON	28320	2018-01-20 16:00
BRITAIN	040 Consult, not specified below	BANGLADESH	34500	2018-01-24 23:00
ARUBA	020 Appeal, not specified below	COUNCIL OF MINISTERS	11190	2018-01-08 18:30
CONSTITUTIONAL COURT	012 Make pessimistic comment	AFRICA	32490	2018-01-23 13:30
BELGIUM	010 Make statement, not specified below	SUDAN	12315	2018-01-09 13:15
SWEDEN	070 Provide aid, not specified below	BELGIUM	29220	2018-01-21 07:00
PORTLAND	084 Return, release, not specified below	JOURNALIST	32235	2018-01-23 09:15
ACTOR	112 Accuse, not specified below	EMPLOYEE	25695	2018-01-18 20:15
NURSE	060 Engage in material cooperation, not specified below	UNITED STATES	33240	2018-01-24 02:00
UNITED STATES	0831 Accede to demands for change in leadership	LAWMAKER	4335	2018-01-04 00:15
GUINEA	042 Make a visit	POLISH	23310	2018-01-17 04:30
JOHOR	043 Host a visit	PRESIDENT	20535	2018-01-15 06:15
ADMINISTRATION	020 Appeal, not specified below	LAWMAKER	23445	2018-01-17 06:45
SCHOOL	042 Make a visit	VILLAGE	30450	2018-01-22 03:30
UNITED STATES	046 Engage in negotiation	SERVER	16185	2018-01-12 05:45
HOSPITAL	141 Demonstrate or rally	UNITED STATES	4215	2018-01-03 22:15
CABINET	042 Make a visit	MAASAI	24600	2018-01-18 02:00
BOSTON	081 Ease administrative sanctions, not specified below	DRUG ENFORCEMENT	5565	2018-01-04 20:45
YOGA	043 Host a visit	AFGHANISTAN	3600	2018-01-03 12:00
AFRICA	173 Arrest, detain, or charge with legal action 	ERITREA	24135	2018-01-17 18:15
TAIWAN	042 Make a visit	VIETNAM	22725	2018-01-16 18:45
THE US	040 Consult, not specified below	ISRAEL	10515	2018-01-08 07:15
UNITED STATES	054 Grant diplomatic recognition	EMBASSY	24885	2018-01-18 06:45
MEDIA	084 Return, release, not specified below	UNITED STATES	23790	2018-01-17 12:30
SUDAN	112 Accuse, not specified below	SOUTH SUDAN	7110	2018-01-05 22:30
THE ASSOCIATED PRESS	043 Host a visit	TOYOTA	7830	2018-01-06 10:30
EGYPT	036 Express intent to meet or negotiate	SUDANESE	15135	2018-01-11 12:15
CANADA	051 Praise or endorse	UNITED STATES	23145	2018-01-17 01:45
CANADA	020 Appeal, not specified below	FRENCH	20265	2018-01-15 01:45
MONSANTO	061 Cooperate economically	GERMANY	5730	2018-01-04 23:30
MALTA	040 Consult, not specified below	GOVERNMENT	29220	2018-01-21 07:00
ARMY	010 Make statement, not specified below	TERRORIST	10680	2018-01-08 10:00
UNITED STATES	017 Engage in symbolic act	COLLEGE	31005	2018-01-22 12:45
RUSSIA	040 Consult, not specified below	TURKEY	25320	2018-01-18 14:00
PRESIDENT	0874 Retreat or surrender militarily	FRANCE	22200	2018-01-16 10:00
BLOGGER	190 Use conventional military force, not specified below	MALTA	4695	2018-01-04 06:15
ISRAEL	010 Make statement, not specified below	EMBASSY	22860	2018-01-16 21:00
COMPANY	0331 Express intent to provide economic aid	GOVERNMENT	20460	2018-01-15 05:00
CANADA	057 Sign formal agreement	LAWRENCE	34035	2018-01-24 15:15
RANA	090 Investigate, not specified below	PAKISTAN	3255	2018-01-03 06:15
THE POPE	043 Host a visit	BISHOP	20850	2018-01-15 11:30
TURKEY	040 Consult, not specified below	UNITED NATIONS	6420	2018-01-05 11:00
CANADA	042 Make a visit	NORTH KOREAN	22965	2018-01-16 22:45
UNITED KINGDOM	070 Provide aid, not specified below	SCOTTISH	18540	2018-01-13 21:00
SENATOR	111 Criticize or denounce 	PRESIDENT	21000	2018-01-15 14:00
NORTH KOREA	050 Engage in diplomatic cooperation, not specified below	THE WHITE HOUSE	24585	2018-01-18 01:45
ACTIVIST	190 Use conventional military force, not specified below	UNITED STATES	3390	2018-01-03 08:30
ATTORNEY	042 Make a visit	UNITED STATES	24480	2018-01-18 00:00
CALIFORNIA	160 Reduce relations, not specified below	OBAMA	21165	2018-01-15 16:45
OPPOSITION PARTIES	051 Praise or endorse	MILITIA	28815	2018-01-21 00:15
REPRESENTATIVES	042 Make a visit	BANK OF AMERICA	33990	2018-01-24 14:30
NEPAL	0841 Return, release person(s)	ACTIVIST	14400	2018-01-11 00:00
UKRAINE	010 Make statement, not specified below	KABUL	31215	2018-01-22 16:15
ISRAEL	173 Arrest, detain, or charge with legal action 	PALESTINIAN	1605	2018-01-02 02:45
MAGAZINE	061 Cooperate economically	NEVADA	17370	2018-01-13 01:30
UNITED STATES	051 Praise or endorse	BUSINESS	12555	2018-01-09 17:15
BANGLADESH	090 Investigate, not specified below	POLICE	34245	2018-01-24 18:45
ISRAEL	054 Grant diplomatic recognition	JERUSALEM	180	2018-01-01 03:00
VILLAGE	042 Make a visit	FIJI	31860	2018-01-23 03:00
MANCHESTER	060 Engage in material cooperation, not specified below	STUDENT	11175	2018-01-08 18:15
CRIMINAL	091 Investigate crime, corruption	POLICE	25125	2018-01-18 10:45
NURSE	114 Complain officially 	UNITED KINGDOM	4005	2018-01-03 18:45
IRANIAN	111 Criticize or denounce 	GOVERNMENT	2835	2018-01-02 23:15
CANADA	042 Make a visit	POLICE	19095	2018-01-14 06:15
NORTH KOREAN	040 Consult, not specified below	SOUTH KOREAN	15645	2018-01-11 20:45
ZIMBABWE	112 Accuse, not specified below	BELGIAN	30300	2018-01-22 01:00
TURKEY	057 Sign formal agreement	CHINA	3690	2018-01-03 13:30
DEPUTY	071 Provide economic aid	FIREFIGHTER	23925	2018-01-17 14:45
INDUSTRY	071 Provide economic aid	WORKER	3510	2018-01-03 10:30
PALESTINIAN	111 Criticize or denounce 	THE US	3870	2018-01-03 16:30
JUDGE	080 Yield, not specified below 	UNITED STATES	21540	2018-01-15 23:00
YEMEN	192 Occupy territory	DJIBOUTI	2265	2018-01-02 13:45
TURKISH	084 Return, release, not specified below	NUVEEN	13725	2018-01-10 12:45
ATTORNEY GENERAL	013 Make optimistic comment	JUDICIARY	18105	2018-01-13 13:45
FRENCH	120 Reject, not specified below	AFRICA	8940	2018-01-07 05:00
TURKEY	195 Employ aerial weapons	IRAQ	32700	2018-01-23 17:00
UNITED STATES	020 Appeal, not specified below	PRESBYTERIAN	6570	2018-01-05 13:30
MILITANT	030 Express intent to cooperate, not specified below	PAKISTANI	32610	2018-01-23 15:30
ARGENTINE	010 Make statement, not specified below	GOVERNMENT	27255	2018-01-19 22:15
ISRAEL	014 Consider policy option	MAHMOUD ABBAS	31395	2018-01-22 19:15
UNITED STATES	030 Express intent to cooperate, not specified below	RESIDENTS	27375	2018-01-20 00:15
RESIDENTS	010 Make statement, not specified below	WEBSITE	18840	2018-01-14 02:00
MINIST	042 Make a visit	US AMBASSADOR	16680	2018-01-12 14:00
EUROPEAN	013 Make optimistic comment	REUTERS	16920	2018-01-12 18:00
PRINCE	090 Investigate, not specified below	HOSPITAL	20655	2018-01-15 08:15
NIGERIA	016 Deny responsibility	SUPREME COURT	16770	2018-01-12 15:30
CAPE TOWN	110 Disapprove, not specified below	PRESIDENT	16725	2018-01-12 14:45
MORMON	040 Consult, not specified below	UNITED STATES	4290	2018-01-03 23:30
UNITED STATES	114 Complain officially 	INDUSTRY	29355	2018-01-21 09:15
PALESTINIAN	0841 Return, release person(s)	PRISON	28200	2018-01-20 14:00
FRANCE	036 Express intent to meet or negotiate	SINAI	23865	2018-01-17 13:45
ACTIVIST	010 Make statement, not specified below	SRI LANKA	6465	2018-01-05 11:45
JAPAN	043 Host a visit	MILITARY PERSONNEL	27705	2018-01-20 05:45
DEFENSE SECRETARY	100 Demand, not specified below	UNITED STATES	15735	2018-01-11 22:15
GREENSBORO	020 Appeal, not specified below	PROFESSOR	5790	2018-01-05 00:30
AMERICAN	160 Reduce relations, not specified below	PHOENIX	8820	2018-01-07 03:00
CHINA	071 Provide economic aid	KUALA LUMPUR	23805	2018-01-17 12:45
NEW YORK	043 Host a visit	UNITED STATES	17295	2018-01-13 00:15
LEGISLATURE	040 Consult, not specified below	UNITED STATES	23460	2018-01-17 07:00
GUYANA	010 Make statement, not specified below	STABROEK	6150	2018-01-05 06:30
PRISON	173 Arrest, detain, or charge with legal action 	UKRAINIAN	31335	2018-01-22 18:15
ATTORNEY	010 Make statement, not specified below	UNITED STATES	11340	2018-01-08 21:00
UNITED STATES	160 Reduce relations, not specified below	ISRAEL	225	2018-01-01 03:45
UNITED STATES	084 Return, release, not specified below	SCHOOL	32295	2018-01-23 10:15
IRAN	120 Reject, not specified below	ISRAEL	1665	2018-01-02 03:45
LOUISIANA	042 Make a visit	PARIS	14085	2018-01-10 18:45
UNITED NATIONS	0231 Appeal for economic aid	AFGHAN	21195	2018-01-15 17:15
NIGERIA	012 Make pessimistic comment	DIRECTOR GENERAL	28830	2018-01-21 00:30
MISSOURI	110 Disapprove, not specified below	GOVERNMENT	31095	2018-01-22 14:15
UNITED STATES	010 Make statement, not specified below	THE POPE	24030	2018-01-17 16:30
THE US	046 Engage in negotiation	IRAN	19125	2018-01-14 06:45
PRESIDENT	040 Consult, not specified below	UNIVERSITY	23610	2018-01-17 09:30
JOHANNESBURG	073 Provide humanitarian aid	AFRICA	16830	2018-01-12 16:30
COMPANY	120 Reject, not specified below	NORTH AMERICA	34440	2018-01-24 22:00
WASHINGTON	040 Consult, not specified below	EMPLOYEE	11565	2018-01-09 00:45
NIGERIA	154 Mobilize or increase armed forces 	POLICE	12315	2018-01-09 13:15
SPOKESMAN	120 Reject, not specified below	MILITANT	21120	2018-01-15 16:00
KANSAS	030 Express intent to cooperate, not specified below	RESIDENTS	15690	2018-01-11 21:30
UNIVERSITY	046 Engage in negotiation	NETHERLANDS	7290	2018-01-06 01:30
PUERTO RICO	090 Investigate, not specified below	AUTHORITIES	13245	2018-01-10 04:45
ATTORNEY	190 Use conventional military force, not specified below	SWITZERLAND	9600	2018-01-07 16:00
UNITED STATES	193 Fight with small arms and light weapons	DEPUTIES	31260	2018-01-22 17:00
JAKARTA	036 Express intent to meet or negotiate	DEFENSE SECRETARY	32595	2018-01-23 15:15
DELHI	173 Arrest, detain, or charge with legal action 	AFGHANISTAN	5580	2018-01-04 21:00
INDUSTRY	013 Make optimistic comment	SENATOR	2280	2018-01-02 14:00
UNITED STATES	013 Make optimistic comment	PRESIDENT	34065	2018-01-24 15:45
EGYPT	042 Make a visit	WASHINGTON	28080	2018-01-20 12:00
THE WHITE HOUSE	010 Make statement, not specified below	PAKISTAN	18795	2018-01-14 01:15
NEW ZEALAND	040 Consult, not specified below	AUTHORITIES	26325	2018-01-19 06:45
PRODUCER	040 Consult, not specified below	SECRETARY OF STATE	32610	2018-01-23 15:30
ISLAMABAD	172 Impose administrative sanctions, not specified below	TERRORIST	1185	2018-01-01 19:45
NORTH KOREAN	018 Make empathetic comment	RULER	12030	2018-01-09 08:30
SOMALIA	016 Deny responsibility	POLICE	10710	2018-01-08 10:30
ANGOLAN	043 Host a visit	ZIMBABWE	3810	2018-01-03 15:30
COMMANDER	051 Praise or endorse	CINCINNATI	5175	2018-01-04 14:15
UNITED STATES	064 Share intelligence or information	GOVERNMENT	25635	2018-01-18 19:15
RESIDENTS	042 Make a visit	ROBBER	2340	2018-01-02 15:00
JAPANESE	150 Demonstrate military or police power, not specified below	AUSTRALIA	20505	2018-01-15 05:45
SPOKESMAN	190 Use conventional military force, not specified below	FIREFIGHTER	25770	2018-01-18 21:30
NIGERIA	043 Host a visit	GOVERNMENT	28785	2018-01-20 23:45
CANADA	043 Host a visit	ESTONIAN	30420	2018-01-22 03:00
UNITED STATES	010 Make statement, not specified below	ATTORNEY	2940	2018-01-03 01:00
WEST BANK	173 Arrest, detain, or charge with legal action 	ISRAELI	12225	2018-01-09 11:45
CHINA	100 Demand, not specified below	RUSSIA	31710	2018-01-23 00:30
COMPANY	033 Express intent to provide matyerial aid, not specified below	NEW ZEALAND	2790	2018-01-02 22:30
JAPAN	172 Impose administrative sanctions, not specified below	BANGLADESH	17670	2018-01-13 06:30
AMERICAN	060 Engage in material cooperation, not specified below	SOUTH AFRICAN	20130	2018-01-14 23:30
DIRECTOR GENERAL	0233 Appeal for humanitarian aid	FRENCH	11715	2018-01-09 03:15
AUSTRIA	141 Demonstrate or rally	INVESTOR	23880	2018-01-17 14:00
BUSINESS	060 Engage in material cooperation, not specified below	UNITED STATES	11145	2018-01-08 17:45
AUSTRALIA	046 Engage in negotiation	MINIST FOR AGRICULTURE	32220	2018-01-23 09:00
NEW DELHI	061 Cooperate economically	INDONESIA	32895	2018-01-23 20:15
UNITED STATES	090 Investigate, not specified below	PRODUCER	3300	2018-01-03 07:00
POLICE	193 Fight with small arms and light weapons	COLLEGE	6750	2018-01-05 16:30
VATICAN	042 Make a visit	CHILE	22650	2018-01-16 17:30
BALOCH	051 Praise or endorse	PAKISTAN	13830	2018-01-10 14:30
FARMER	112 Accuse, not specified below	INDUSTRY	11715	2018-01-09 03:15
DISTRICT COURT	180 Use unconventional violence, not specified below	ALBERT	34230	2018-01-24 18:30
COLOMBIAN	061 Cooperate economically	ECUADOR	31470	2018-01-22 20:30
WASHINGTON	181 Abduct, hijack, or take hostage 	PALESTINIAN	25035	2018-01-18 09:15
COLLEGE	046 Engage in negotiation	UNITED STATES	14760	2018-01-11 06:00
AFRICA	111 Criticize or denounce 	DAVOS	25095	2018-01-18 10:15
AFGHANISTAN	190 Use conventional military force, not specified below	AUTHORITIES	25770	2018-01-18 21:30
THE ASSOCIATED PRESS	046 Engage in negotiation	TEXAS	32790	2018-01-23 18:30
BORDER PATROL	042 Make a visit	MIGRANT	28800	2018-01-21 00:00
CONGRESS	100 Demand, not specified below	HARYANA	34290	2018-01-24 19:30
CHENNAI	182 Physically assault, not specified below	FINLAND	14835	2018-01-11 07:15
CANADA	172 Impose administrative sanctions, not specified below	CORPORATION	11850	2018-01-09 05:30
REPRESENTATIVES	051 Praise or endorse	JOURNALIST	14190	2018-01-10 20:30
THE EUROPEAN UNION	013 Make optimistic comment	BULGARIAN	6870	2018-01-05 18:30
POLICE	173 Arrest, detain, or charge with legal action 	MUMBAI	28080	2018-01-20 12:00
CRIMINAL	193 Fight with small arms and light weapons	LAS VEGAS	23175	2018-01-17 02:15
ATTORNEY GENERAL	014 Consider policy option	UNITED STATES	11280	2018-01-08 20:00
FRENCH	015 Acknowledge or claim responsibility	FRANCE	18390	2018-01-13 18:30
UNITED STATES	173 Arrest, detain, or charge with legal action 	IRANIAN	14145	2018-01-10 19:45
CANADA	040 Consult, not specified below	MAYOR	13215	2018-01-10 04:15
PARTY LEADER	046 Engage in negotiation	MINIST	24405	2018-01-17 22:45
BUSINESS	020 Appeal, not specified below	TOGO	25590	2018-01-18 18:30
NEW DELHI	042 Make a visit	OMAN	31560	2018-01-22 22:00
SPANISH	010 Make statement, not specified below	MIGRANT	8640	2018-01-07 00:00
ARCHBISHOP	010 Make statement, not specified below	PRIME MINISTER	26775	2018-01-19 14:15
UNITED STATES	075 Grant asylum	AFRICANS	29115	2018-01-21 05:15
EGYPTIAN	081 Ease administrative sanctions, not specified below	ACTIVIST	19335	2018-01-14 10:15
SHINZO ABE	036 Express intent to meet or negotiate	JAPANESE	24375	2018-01-17 22:15
UNITED KINGDOM	036 Express intent to meet or negotiate	MINIST	22425	2018-01-16 13:45
KADUNA	081 Ease administrative sanctions, not specified below	PRISONER	2895	2018-01-03 00:15
HOSPITAL	036 Express intent to meet or negotiate	TEXAS	15630	2018-01-11 20:30
PORTLAND	030 Express intent to cooperate, not specified below	ADMINISTRATION	27315	2018-01-19 23:15
MINIST	043 Host a visit	SCOTTISH	28740	2018-01-20 23:00
ANKARA	120 Reject, not specified below	SYRIA	16890	2018-01-12 17:30
CRIMINAL	010 Make statement, not specified below	PROSECUTOR	33180	2018-01-24 01:00
GOVERNMENT	090 Investigate, not specified below	SENATOR	23265	2018-01-17 03:45
CRIMINAL	114 Complain officially 	ISLAMIC	14730	2018-01-11 05:30
UNITED STATES	013 Make optimistic comment	STUDENT	30120	2018-01-21 22:00
KENYA	100 Demand, not specified below	PRESIDENT	18600	2018-01-13 22:00
AMERICAN	036 Express intent to meet or negotiate	VIENNA	18060	2018-01-13 13:00
IRAN	112 Accuse, not specified below	WASHINGTON	7095	2018-01-05 22:15
UNITED STATES	042 Make a visit	DEPUTY	14130	2018-01-10 19:30
ROMANIA	111 Criticize or denounce 	MINIST	16755	2018-01-12 15:15
SPOKESMAN	1123 Accuse of aggression	POLICEMAN	9255	2018-01-07 10:15
MAGISTRATE	190 Use conventional military force, not specified below	AFRICA	32220	2018-01-23 09:00
NIGERIA	042 Make a visit	RESIDENTS	23820	2018-01-17 13:00
MISSIONER	0311 Express intent to cooperate economically	SUVA	21600	2018-01-16 00:00
ITALY	043 Host a visit	NEW YORK	12045	2018-01-09 08:45
SALVADORAN	042 Make a visit	UNITED STATES	11445	2018-01-08 22:45
SAUDI ARABIA	014 Consider policy option	SOUTH KOREA	14145	2018-01-10 19:45
BURMA	111 Criticize or denounce 	NEWS ORGANISATION	30630	2018-01-22 06:30
MONTANA	020 Appeal, not specified below	FRENCH	6915	2018-01-05 19:15
BRITISH	111 Criticize or denounce 	UNITED KINGDOM	33960	2018-01-24 14:00
BAGHDAD	043 Host a visit	SECURITY OFFICIAL	21195	2018-01-15 17:15
UNITED STATES	010 Make statement, not specified below	MEDIA	3375	2018-01-03 08:15
ISRAEL	0241 Appeal for change in leadership	CHIEF OF STAFF	24555	2018-01-18 01:15
JAPANESE	062 Cooperate militarily	JAPAN	18330	2018-01-13 17:30
GOVERNMENT	172 Impose administrative sanctions, not specified below	BANK	18600	2018-01-13 22:00
CYPRUS	040 Consult, not specified below	JORDAN	24420	2018-01-17 23:00
COMMANDER	051 Praise or endorse	CHINESE	23520	2018-01-17 08:00
THE HAGUE	173 Arrest, detain, or charge with legal action 	ARUBAN	6510	2018-01-05 12:30
LEGISLATOR	1312 Threaten to boycott, embargo, or sanction	CAMBODIA	17145	2018-01-12 21:45
CRIMINAL	173 Arrest, detain, or charge with legal action 	MINIST OF SCIENCE	12150	2018-01-09 10:30
CHINA	051 Praise or endorse	BEIJING	12570	2018-01-09 17:30
GHANA	174 Expel or deport individuals	PRESIDENT	10590	2018-01-08 08:30
GOVERNMENT	051 Praise or endorse	NEPAL	15195	2018-01-11 13:15
BUSINESS	036 Express intent to meet or negotiate	WORKER	27405	2018-01-20 00:45
CANADA	111 Criticize or denounce 	IRAN	4245	2018-01-03 22:45
JUDGE	020 Appeal, not specified below	DELHI	20715	2018-01-15 09:15
PENNSYLVANIA	112 Accuse, not specified below	SCHOOL	16575	2018-01-12 12:15
COMPANY	173 Arrest, detain, or charge with legal action 	STUDENT	4770	2018-01-04 07:30
SURGEON	173 Arrest, detain, or charge with legal action 	UNITED STATES	23745	2018-01-17 11:45
RUSSIA	020 Appeal, not specified below	BOSS	9765	2018-01-07 18:45
SPOKESMAN	120 Reject, not specified below	BOSTON	3045	2018-01-03 02:45
MEXICO	040 Consult, not specified below	SAN DIEGO	13005	2018-01-10 00:45
CANADA	036 Express intent to meet or negotiate	DEFENSE SECRETARY	16770	2018-01-12 15:30
SYRIAN	020 Appeal, not specified below	TURKISH	28845	2018-01-21 00:45
BANK	100 Demand, not specified below	CITIGROUP	25980	2018-01-19 01:00
ROBBER	193 Fight with small arms and light weapons	UNITED STATES	25935	2018-01-19 00:15
UNITED STATES	013 Make optimistic comment	NEWSPAPER	2595	2018-01-02 19:15
GUAM	043 Host a visit	UNITED STATES	4005	2018-01-03 18:45
POLICE	190 Use conventional military force, not specified below	OPPOSITION PARTIES	9570	2018-01-07 15:30
UNITED KINGDOM	020 Appeal, not specified below	EUROPEAN	33930	2018-01-24 13:30
TRANSPORTATION WORKER	042 Make a visit	UNITED STATES	32475	2018-01-23 13:15
GERMANY	046 Engage in negotiation	GERMAN	25455	2018-01-18 16:15
SENATE	013 Make optimistic comment	GOVERNMENT	31245	2018-01-22 16:45
HAITIAN	141 Demonstrate or rally	HAITI	28740	2018-01-20 23:00
PRESIDENT	129 Veto	UNITED STATES	24480	2018-01-18 00:00
JUDGE	173 Arrest, detain, or charge with legal action 	PRISON	11145	2018-01-08 17:45
PAKISTAN	040 Consult, not specified below	FOREIGN MINIST	21780	2018-01-16 03:00
GOVERNOR	043 Host a visit	LAGOS	10830	2018-01-08 12:30
HINDU	043 Host a visit	ISRAEL	15285	2018-01-11 14:45
NILE	042 Make a visit	BANK	14235	2018-01-10 21:15
UNITED STATES	040 Consult, not specified below	BUSINESS	1170	2018-01-01 19:30
KOCHI	036 Express intent to meet or negotiate	THIRUVANANTHAPURAM	10950	2018-01-08 14:30
PRESIDENT	022 Appeal for diplomatic cooperation, such as policy support	UNITED STATES	9705	2018-01-07 17:45
UNIVERSITY	042 Make a visit	MINIST	31740	2018-01-23 01:00
SYRIAN	192 Occupy territory	VILLAGE	5760	2018-01-05 00:00
SCHOOL	043 Host a visit	UNITED STATES	31905	2018-01-23 03:45
FIRE CHIEF	090 Investigate, not specified below	INDIANA	32220	2018-01-23 09:00
BANK	043 Host a visit	BHOPAL	21765	2018-01-16 02:45
PRESIDENT	036 Express intent to meet or negotiate	TOGO	12135	2018-01-09 10:15
VIETNAM	043 Host a visit	LAWRENCE	30060	2018-01-21 21:00
GOVERNMENT	040 Consult, not specified below	UNITED STATES	25965	2018-01-19 00:45
JAKARTA	046 Engage in negotiation	BRUNEI	30450	2018-01-22 03:30
BANGLADESH	141 Demonstrate or rally	ISRAEL	10635	2018-01-08 09:15
UNITED STATES	036 Express intent to meet or negotiate	WASHINGTON	17385	2018-01-13 01:45
THAI	042 Make a visit	CHINA	11970	2018-01-09 07:30
SAN FRANCISCO	120 Reject, not specified below	APPEALS COURT	24255	2018-01-17 20:15
MEDIA	173 Arrest, detain, or charge with legal action 	UNITED STATES	14895	2018-01-11 08:15
KABUL	130 Threaten, not specified below	EXTREMIST	32880	2018-01-23 20:00
IRAN	111 Criticize or denounce 	UNITED KINGDOM	13575	2018-01-10 10:15
PRAGUE	043 Host a visit	CZECH	16875	2018-01-12 17:15
THE EU	114 Complain officially 	ISRAELI	21300	2018-01-15 19:00
AFRICA	040 Consult, not specified below	HEALTH MINIST	23670	2018-01-17 10:30
MARINES	190 Use conventional military force, not specified below	MEXICO	27495	2018-01-20 02:15
SPOKESMAN	020 Appeal, not specified below	BRITAIN	16065	2018-01-12 03:45
EDMONTON	043 Host a visit	CANADA	14400	2018-01-11 00:00
MILITARY	042 Make a visit	JAPAN	12810	2018-01-09 21:30
PRESIDENT	055 Apologize	AMERICAN	16080	2018-01-12 04:00
PAKISTANI	020 Appeal, not specified below	SCHOLAR	22935	2018-01-16 22:15
UNITED KINGDOM	020 Appeal, not specified below	SCIENTIST	22455	2018-01-16 14:15
ASSOCIATED PRESS	195 Employ aerial weapons	RUSSIAN	21300	2018-01-15 19:00
KENYA	073 Provide humanitarian aid	STUDENT	5070	2018-01-04 12:30
GOVERNOR	129 Veto	GENERAL ASSEMBLY	33870	2018-01-24 12:30
MAYOR	051 Praise or endorse	UNITED STATES	31185	2018-01-22 15:45
FOREIGN OFFICE	196 Violate ceasefire 	PAKISTANI	21420	2018-01-15 21:00
SETTLER	042 Make a visit	TENNESSEE	32475	2018-01-23 13:15
SENATE	051 Praise or endorse	MUSLIM	14820	2018-01-11 07:00
THE POPE	040 Consult, not specified below	ARMENIAN	10575	2018-01-08 08:15
ABBOT	071 Provide economic aid	ENERGY SECRETARY	16560	2018-01-12 12:00
NATIONAL POLICE CHIEF	173 Arrest, detain, or charge with legal action 	CAMBODIA	14505	2018-01-11 01:45
SCOTLAND	042 Make a visit	UNITED KINGDOM	18405	2018-01-13 18:45
COMMUNITY	0874 Retreat or surrender militarily	UNIVERSITY	2850	2018-01-02 23:30
CANADA	020 Appeal, not specified below	UNITED STATES	24555	2018-01-18 01:15
GERMANY	112 Accuse, not specified below	VIETNAMESE	11295	2018-01-08 20:15
CHIEF MINISTER	040 Consult, not specified below	INDUSTRY	31725	2018-01-23 00:45
AUCKLAND	060 Engage in material cooperation, not specified below	PHILADELPHIA	6960	2018-01-05 20:00
MILITARY	010 Make statement, not specified below	POLICE	1230	2018-01-01 20:30
SWITZERLAND	042 Make a visit	UNITED STATES	12780	2018-01-09 21:00
UNITED STATES	173 Arrest, detain, or charge with legal action 	CRIMINAL	24285	2018-01-17 20:45
GOVERNMENT	043 Host a visit	AEROSPACE	25350	2018-01-18 14:30
UNITED STATES	036 Express intent to meet or negotiate	PITTSBURGH	25155	2018-01-18 11:15
NORWAY	010 Make statement, not specified below	FINANCE MINIST	31125	2018-01-22 14:45
CHILEAN	112 Accuse, not specified below	WORLD BANK	18720	2018-01-14 00:00
THE EUROPEAN UNION	043 Host a visit	IRANIAN	13995	2018-01-10 17:15
SOCIAL WORKER	030 Express intent to cooperate, not specified below	ADMINISTRATION	7215	2018-01-06 00:15
SCOTLAND	020 Appeal, not specified below	UNITED KINGDOM	10170	2018-01-08 01:30
FIREFIGHTER	043 Host a visit	BLACK RIVER	15180	2018-01-11 13:00
NIGERIA	040 Consult, not specified below	MINIST	11580	2018-01-09 01:00
IRANIAN	154 Mobilize or increase armed forces 	CRIMINAL	16845	2018-01-12 16:45
NATURAL RESOURCES DEFENSE COUNCIL	100 Demand, not specified below	MEDIA	24780	2018-01-18 05:00
PALESTINIAN	144 Obstruct passage, block	JORDAN	12255	2018-01-09 12:15
LUXEMBOURG	020 Appeal, not specified below	ATTORNEY	22515	2018-01-16 15:15
UKRAINE	071 Provide economic aid	RUSSIA	24210	2018-01-17 19:30
PRESIDENT	051 Praise or endorse	UNIONS	27765	2018-01-20 06:45
NEW DELHI	010 Make statement, not specified below	CHIEF MINISTER	29505	2018-01-21 11:45
COMPANIES	030 Express intent to cooperate, not specified below	BLOG	15420	2018-01-11 17:00
SYRIAN	190 Use conventional military force, not specified below	THE US	12645	2018-01-09 18:45
RUSSIA	030 Express intent to cooperate, not specified below	UNITED STATES	32535	2018-01-23 14:15
UNITED KINGDOM	043 Host a visit	VINCE CABLE	34380	2018-01-24 21:00
UNITED STATES	010 Make statement, not specified below	GOVERNOR	22200	2018-01-16 10:00
EQUATORIAL GUINEA	043 Host a visit	GAMBIA	31215	2018-01-22 16:15
REGULATOR	020 Appeal, not specified below	CARMAKER	27270	2018-01-19 22:30
MICHIGAN	051 Praise or endorse	UNITED STATES	31695	2018-01-23 00:15
AZERI	031 Express intent to engage in material cooperation,  not specified below	TURKEY	22260	2018-01-16 11:00
GOVERNMENT	080 Yield, not specified below 	TALIBAN	21120	2018-01-15 16:00
SCHOOL	010 Make statement, not specified below	ZAMBOANGA	8100	2018-01-06 15:00
POLICE	173 Arrest, detain, or charge with legal action 	COLUMBUS	31500	2018-01-22 21:00
ISRAEL	173 Arrest, detain, or charge with legal action 	THAILAND	33540	2018-01-24 07:00
XI JINPING	040 Consult, not specified below	PRESIDENT	15855	2018-01-12 00:15
KING	043 Host a visit	SYRIA	8175	2018-01-06 16:15
MANCHESTER	043 Host a visit	TERRORIST	6735	2018-01-05 16:15
MILITARY	141 Demonstrate or rally	SECURITY FORCE	31125	2018-01-22 14:45
GREECE	012 Make pessimistic comment	CYPRIOT	24090	2018-01-17 17:30
DEALER	072 Provide military aid	IRAN	22185	2018-01-16 09:45
HAIFA	193 Fight with small arms and light weapons	POLICEMAN	9255	2018-01-07 10:15
CAMBODIA	060 Engage in material cooperation, not specified below	VIETNAM	23955	2018-01-17 15:15
CANADA	042 Make a visit	UNITED STATES	27270	2018-01-19 22:30
MILITARY	112 Accuse, not specified below	NIGERIA	3435	2018-01-03 09:15
IRELAND	010 Make statement, not specified below	JOURNALIST	23250	2018-01-17 03:30
PRODUCER	043 Host a visit	UNITED STATES	2370	2018-01-02 15:30
UNITED STATES	090 Investigate, not specified below	RUSSIA	4050	2018-01-03 19:30
GOVERNMENT	043 Host a visit	FARMER	34290	2018-01-24 19:30
INTERNATIONAL CRIMINAL COURT	043 Host a visit	PARLIAMENTARIAN	28545	2018-01-20 19:45
UNITED STATES	042 Make a visit	AIRLINE	2940	2018-01-03 01:00
SYRIA	042 Make a visit	UNIVERSITY	32565	2018-01-23 14:45
PRIME MINISTER	020 Appeal, not specified below	SCIENTIST	480	2018-01-01 08:00
SYRIA	190 Use conventional military force, not specified below	TERRORIST	18315	2018-01-13 17:15
UNITED STATES	036 Express intent to meet or negotiate	UNIVERSITY	6660	2018-01-05 15:00
UNITED KINGDOM	1712 Destroy property	PARLIAMENT	26940	2018-01-19 17:00
UNITED KINGDOM	036 Express intent to meet or negotiate	NORTH CAROLINA	11610	2018-01-09 01:30
UNITED STATES	124 Refuse to yield, not specified below	POLICE	3840	2018-01-03 16:00
PRESIDENT	036 Express intent to meet or negotiate	SWISS	30615	2018-01-22 06:15
CHARLOTTE	112 Accuse, not specified below	BANDIT	7170	2018-01-05 23:30
GANG	100 Demand, not specified below	POLICE	690	2018-01-01 11:30
ISRAEL	112 Accuse, not specified below	HAMAS	11205	2018-01-08 18:45
LEGISLATOR	032 Express intent to provide diplomatic cooperation such as policy support	SYRIAN	22725	2018-01-16 18:45
LUXEMBERG	193 Fight with small arms and light weapons	GERMAN	20970	2018-01-15 13:30
POLE	020 Appeal, not specified below	UNITED STATES	16650	2018-01-12 13:30
SOUTH KOREA	111 Criticize or denounce 	NORTH KOREAN	3525	2018-01-03 10:45
JOHANN SCHNEIDER AMMANN	042 Make a visit	PRIME MINISTER	26475	2018-01-19 09:15
PROSECUTOR	080 Yield, not specified below 	AUTHORITIES	27120	2018-01-19 20:00
PRESIDENT	050 Engage in diplomatic cooperation, not specified below	SENATE	28470	2018-01-20 18:30
COMPANY	043 Host a visit	SEATTLE	26385	2018-01-19 07:45
UNITED STATES	010 Make statement, not specified below	UNIVERSITY	21945	2018-01-16 05:45
QATARI	151 Increase police alert status	BAHRAIN	28005	2018-01-20 10:45
VILLAGE	036 Express intent to meet or negotiate	SOUTH KOREA	22170	2018-01-16 09:30
STAFF MEMBER	040 Consult, not specified below	PALESTINIAN	1200	2018-01-01 20:00
FRANCE	020 Appeal, not specified below	BUSINESS	495	2018-01-01 08:15
POPULATION	051 Praise or endorse	TERRORIST ORGANIZATION	23625	2018-01-17 09:45
UNITED STATES	046 Engage in negotiation	COMMUNITY	24240	2018-01-17 20:00
SOUTH KOREA	043 Host a visit	INTERNATIONAL ASSOCIATION FOR RESEARCH IN INCOME AND WEALTH	18255	2018-01-13 16:15
SAUDI ARABIA	013 Make optimistic comment	SAUDI	900	2018-01-01 15:00
UNITED STATES	010 Make statement, not specified below	AFGHANISTAN	1275	2018-01-01 21:15
KYRGYZSTAN	051 Praise or endorse	THE WHITE HOUSE	23505	2018-01-17 07:45
MANILA	010 Make statement, not specified below	SCIENTIST	31170	2018-01-22 15:30
INTELLECTUAL	010 Make statement, not specified below	MEXICO	13200	2018-01-10 04:00
BLOG	084 Return, release, not specified below	PALESTINIAN	23760	2018-01-17 12:00
HOSPITAL	010 Make statement, not specified below	OHIO	13710	2018-01-10 12:30
POLICE OFFICER	193 Fight with small arms and light weapons	IRAN	1305	2018-01-01 21:45
COMPANY	060 Engage in material cooperation, not specified below	CHINA	22605	2018-01-16 16:45
WASHINGTON	162 Reduce or stop aid, not specified below	MILITARY	34155	2018-01-24 17:15
DEPUTY	026 Appeal to others to meet or negotiate	QATAR	30210	2018-01-21 23:30
THERESA MAY	040 Consult, not specified below	SWITZERLAND	28860	2018-01-21 01:00
MALAWI	042 Make a visit	POLITICIAN	19560	2018-01-14 14:00
INDUSTRY	190 Use conventional military force, not specified below	GOVERNOR	33975	2018-01-24 14:15
NEW YORK	042 Make a visit	GERMANY	8895	2018-01-07 04:15
HILLARY CLINTON	020 Appeal, not specified below	UNITED STATES	5385	2018-01-04 17:45
ISLAMABAD	090 Investigate, not specified below	ENVOY	4965	2018-01-04 10:45
GREECE	036 Express intent to meet or negotiate	MAYOR	23265	2018-01-17 03:45
TORONTO	130 Threaten, not specified below	ALBERT	7080	2018-01-05 22:00
ITALY	073 Provide humanitarian aid	MIGRANT	12045	2018-01-09 08:45
SIOUX	193 Fight with small arms and light weapons	WEST BANK	9855	2018-01-07 20:15
ISRAELI	190 Use conventional military force, not specified below	SYRIAN	26550	2018-01-19 10:30
SYRIA	040 Consult, not specified below	IRANIAN	23355	2018-01-17 05:15
TEXAS	190 Use conventional military force, not specified below	ATTORNEY	12480	2018-01-09 16:00
SCHOOL	172 Impose administrative sanctions, not specified below	UNITED STATES	34215	2018-01-24 18:15
UNITED STATES	043 Host a visit	ARMY	15915	2018-01-12 01:15
AUTHORITIES	190 Use conventional military force, not specified below	DELHI	12990	2018-01-10 00:30
MINIST OF STATE	010 Make statement, not specified below	LAGOS	33540	2018-01-24 07:00
TORONTO	140 Engage in political dissent, not specified below	TIM HORTONS	17400	2018-01-13 02:00
SCHOOL	173 Arrest, detain, or charge with legal action 	ILLINOIS	4245	2018-01-03 22:45
ATTORNEY	130 Threaten, not specified below	UNITED STATES	16635	2018-01-12 13:15
AFRICA	020 Appeal, not specified below	WORKER	17895	2018-01-13 10:15
GOVERNMENT	111 Criticize or denounce 	AFRICA	21060	2018-01-15 15:00
UNITED STATES	046 Engage in negotiation	DOCTOR	24615	2018-01-18 02:15
UNITED STATES	110 Disapprove, not specified below	UNITED KINGDOM	12165	2018-01-09 10:45
EMMERSON MNANGAGWA	090 Investigate, not specified below	ZIMBABWE	30180	2018-01-21 23:00
FIREFIGHTER	190 Use conventional military force, not specified below	AUSTRALIA	11460	2018-01-08 23:00
POLICE	173 Arrest, detain, or charge with legal action 	AUSTRALIA	14130	2018-01-10 19:30
STATE MINIST	112 Accuse, not specified below	DEALER	29445	2018-01-21 10:45
PENNSYLVANIA	130 Threaten, not specified below	POLICE	4305	2018-01-03 23:45
POLICE DISTRICT	013 Make optimistic comment	BERGEN	27705	2018-01-20 05:45
DEPUTY	100 Demand, not specified below	GOVERNANCE	27525	2018-01-20 02:45
JOURNALIST	190 Use conventional military force, not specified below	ETHNIC MINORITY	32400	2018-01-23 12:00
MALAWI	110 Disapprove, not specified below	SCHOOL	2265	2018-01-02 13:45
UNITED STATES	114 Complain officially 	TEHRAN	4830	2018-01-04 08:30
SCOTTISH	071 Provide economic aid	SCOTLAND	17850	2018-01-13 09:30
NASA	012 Make pessimistic comment	SCIENTIST	16830	2018-01-12 16:30
CANADA	040 Consult, not specified below	FIRE FIGHTER	16770	2018-01-12 15:30
SYRIAN	020 Appeal, not specified below	SYRIA	24270	2018-01-17 20:30
VENEZUELA	100 Demand, not specified below	INTERPOL	21660	2018-01-16 01:00
FARMER	040 Consult, not specified below	PRESIDENT	3285	2018-01-03 06:45
GHANA	010 Make statement, not specified below	HOSPITAL	27090	2018-01-19 19:30
POLICE	073 Provide humanitarian aid	COLLEGE	720	2018-01-01 12:00
WASHINGTON	084 Return, release, not specified below	JUDGE	30405	2018-01-22 02:45
MICHIGAN	045 Mediate	AUTHORITIES	8325	2018-01-06 18:45
LAWYER	042 Make a visit	THE ASSOCIATED PRESS	4350	2018-01-04 00:30
IRAN	040 Consult, not specified below	DEMONSTRATOR	22530	2018-01-16 15:30
GOOGLE	172 Impose administrative sanctions, not specified below	LAS VEGAS	19815	2018-01-14 18:15
BUSINESS	071 Provide economic aid	MONTANA	27360	2018-01-20 00:00
ISLAMIC	172 Impose administrative sanctions, not specified below	IRAQ	33150	2018-01-24 00:30
NEW DELHI	040 Consult, not specified below	PAKISTAN	15225	2018-01-11 13:45
UNITED STATES	030 Express intent to cooperate, not specified below	LAWYER	24645	2018-01-18 02:45
DEALER	051 Praise or endorse	ANGOLAN	4920	2018-01-04 10:00
KALIMANTAN	042 Make a visit	VILLAGE	23445	2018-01-17 06:45
PARTY MEMBER	042 Make a visit	NAMIBIA	2715	2018-01-02 21:15
GUAM	043 Host a visit	UNITED STATES	11565	2018-01-09 00:45
JUDGE	0874 Retreat or surrender militarily	PAKISTAN	10935	2018-01-08 14:15
INDIGENOUS	043 Host a visit	NATIVE AMERICAN	29895	2018-01-21 18:15
CANADA	042 Make a visit	NORTH KOREA	24675	2018-01-18 03:15
NORTH KOREAN	138 Threaten to use military force, not specified below	UNITED STATES	21645	2018-01-16 00:45
SOUTH KOREA	030 Express intent to cooperate, not specified below	JAPAN	13080	2018-01-10 02:00
ISRAEL	054 Grant diplomatic recognition	JERUSALEM	2880	2018-01-03 00:00
GAZA	111 Criticize or denounce 	HAMAS	4050	2018-01-03 19:30
UKRAINE	080 Yield, not specified below 	CATHOLIC PRIEST	29475	2018-01-21 11:15
CANADA	120 Reject, not specified below	PARTY MEMBER	13455	2018-01-10 08:15
ISRAELI	173 Arrest, detain, or charge with legal action 	PALESTINIAN	24570	2018-01-18 01:30
STATE GOVERNOR	010 Make statement, not specified below	NIGERIAN	27945	2018-01-20 09:45
POLICE	173 Arrest, detain, or charge with legal action 	GHANA	2310	2018-01-02 14:30
CABINET	010 Make statement, not specified below	MEDIA	8895	2018-01-07 04:15
PAKISTAN	175 Use tactics of violent repression  	PROTESTER	14565	2018-01-11 02:45
NIGERIA	112 Accuse, not specified below	PRESIDENT	1185	2018-01-01 19:45
IRELAND	012 Make pessimistic comment	EUROPEAN	10755	2018-01-08 11:15
MISSISSIPPI	043 Host a visit	STUDENT	25425	2018-01-18 15:45
ARIZONA	051 Praise or endorse	INSURGENT	6915	2018-01-05 19:15
JAPAN	046 Engage in negotiation	CEOS	32145	2018-01-23 07:45
MAYOR	042 Make a visit	WASHINGTON	34365	2018-01-24 20:45
RUSSIAN	057 Sign formal agreement	MINIST	30870	2018-01-22 10:30
UNITED STATES	010 Make statement, not specified below	TRAVELER	34365	2018-01-24 20:45
IRAN	013 Make optimistic comment	PRESIDENT	17445	2018-01-13 02:45
MARYLAND	036 Express intent to meet or negotiate	GOVERNOR	4155	2018-01-03 21:15
PROTESTER	173 Arrest, detain, or charge with legal action 	AURANGABAD	14115	2018-01-10 19:15
METHODIST CHURCH	141 Demonstrate or rally	CHRISTIAN	7695	2018-01-06 08:15
PRESIDENT	020 Appeal, not specified below	UNITED STATES	24585	2018-01-18 01:45
MALTA	040 Consult, not specified below	PRIME MINISTER	12015	2018-01-09 08:15
UNITED STATES	1053 Demand release of persons or property	PUBLISHER	24675	2018-01-18 03:15
PERTH	1243 Refuse to release persons or property	CANADA	17160	2018-01-12 22:00
UNITED STATES	071 Provide economic aid	GOVERNMENT	29010	2018-01-21 03:30
RABBI	012 Make pessimistic comment	ISRAEL	23910	2018-01-17 14:30
AFRICA	012 Make pessimistic comment	EASTERN CAPE	15240	2018-01-11 14:00
LAWMAKER	040 Consult, not specified below	NORWAY	16980	2018-01-12 19:00
IRAN	010 Make statement, not specified below	UNITED KINGDOM	32280	2018-01-23 10:00
HANOVER	110 Disapprove, not specified below	GERMAN	31695	2018-01-23 00:15
DEPUTY	036 Express intent to meet or negotiate	GOVERNING PARTY	6735	2018-01-05 16:15
UNITED NATIONS	036 Express intent to meet or negotiate	ISLAMABAD	33375	2018-01-24 04:15
INDUSTRY	036 Express intent to meet or negotiate	TOURIST	29745	2018-01-21 15:45
ACTIVIST	010 Make statement, not specified below	GOVERNMENT	31230	2018-01-22 16:30
PHILIPPINE	040 Consult, not specified below	STUDENT	4230	2018-01-03 22:30
MEXICO	042 Make a visit	PRESIDENT	22560	2018-01-16 16:00
UNITED STATES	042 Make a visit	RED CROSS	31845	2018-01-23 02:45
LEBANESE	046 Engage in negotiation	LEBANON	15675	2018-01-11 21:15
PYONGYANG	111 Criticize or denounce 	WASHINGTON	3150	2018-01-03 04:30
EQUATORIAL GUINEA	190 Use conventional military force, not specified below	GOVERNMENT	5010	2018-01-04 11:30
UNITED STATES OF AMERICA	173 Arrest, detain, or charge with legal action 	LAGOS	20010	2018-01-14 21:30
WASHINGTON	111 Criticize or denounce 	BRITISH	11640	2018-01-09 02:00
UNITED STATES	120 Reject, not specified below	PROSECUTOR	4125	2018-01-03 20:45
KHARTOUM	010 Make statement, not specified below	UNITED STATES	15525	2018-01-11 18:45
SCHOOL	043 Host a visit	UNITED STATES	25980	2018-01-19 01:00
JOHANNESBURG	112 Accuse, not specified below	AFRICA	32700	2018-01-23 17:00
EMPLOYER	010 Make statement, not specified below	CANADA	26280	2018-01-19 06:00
CONGRESS	071 Provide economic aid	WORKER	25695	2018-01-18 20:15
SYRIA	120 Reject, not specified below	DAVID SATTER	17385	2018-01-13 01:45
SECRETARY OF DEFENSE	130 Threaten, not specified below	TURKEY	32820	2018-01-23 19:00
COMMUNITY	051 Praise or endorse	KING	15060	2018-01-11 11:00
TERRORIST	141 Demonstrate or rally	LIBYA	2145	2018-01-02 11:45
SCHOOL	046 Engage in negotiation	BISHOP	27015	2018-01-19 18:15
CHINESE	042 Make a visit	PRESIDENT	13140	2018-01-10 03:00
SPOKESMAN	013 Make optimistic comment	PRESIDENT	33135	2018-01-24 00:15
JOURNALIST	042 Make a visit	BANK	20730	2018-01-15 09:30
UNITED STATES	0331 Express intent to provide economic aid	LIBERIA	22260	2018-01-16 11:00
NORTH KOREA	043 Host a visit	RUSSIA	11535	2018-01-09 00:15
LAWMAKER	120 Reject, not specified below	COMMUNITY	15945	2018-01-12 01:45
GOVERNOR	014 Consider policy option	CONGRESS	24285	2018-01-17 20:45
HEALTH PROFESSIONAL	040 Consult, not specified below	UNITED STATES	16710	2018-01-12 14:30
CONSULATE	090 Investigate, not specified below	CHINESE	19650	2018-01-14 15:30
TURKEY	0874 Retreat or surrender militarily	SYRIAN	9390	2018-01-07 12:30
UNITED STATES	010 Make statement, not specified below	HUMAN RIGHTS ORGANIZATION	29190	2018-01-21 06:30
LANDLORD	020 Appeal, not specified below	UNITED STATES	25395	2018-01-18 15:15
DUBLIN	036 Express intent to meet or negotiate	HAITI	28125	2018-01-20 12:45
YEMEN	090 Investigate, not specified below	SAUDI	16860	2018-01-12 17:00
SINGAPORE	173 Arrest, detain, or charge with legal action 	VIETNAMESE	4440	2018-01-04 02:00
THE EU	046 Engage in negotiation	EUROPEAN	32775	2018-01-23 18:15
NEW YORK	042 Make a visit	UNITED KINGDOM	26505	2018-01-19 09:45
UNITED STATES	180 Use unconventional violence, not specified below	TELEVISION	13995	2018-01-10 17:15
WRITER	026 Appeal to others to meet or negotiate	NEW YORK	33645	2018-01-24 08:45
OROMO	042 Make a visit	COMPANIES	12285	2018-01-09 12:45
AL QAEDA	040 Consult, not specified below	LASHKAR E TAIBA	30885	2018-01-22 10:45
RUSSIAN	111 Criticize or denounce 	LAWYER	4020	2018-01-03 19:00
RUSSIA	014 Consider policy option	CORPORATION	4335	2018-01-04 00:15
WEST BANK	190 Use conventional military force, not specified below	ISRAEL	12990	2018-01-10 00:30
STUDENT	112 Accuse, not specified below	CANADA	7260	2018-01-06 01:00
TEHRAN	042 Make a visit	PROTESTER	16860	2018-01-12 17:00
TURKEY	057 Sign formal agreement	IRAN	30810	2018-01-22 09:30
DOCTOR	180 Use unconventional violence, not specified below	POLICE	33150	2018-01-24 00:30
MUSLIM	111 Criticize or denounce 	PARLIAMENT	27015	2018-01-19 18:15
BUSINESS	172 Impose administrative sanctions, not specified below	UNITED STATES	7260	2018-01-06 01:00
VIRGINIA	036 Express intent to meet or negotiate	UNITED KINGDOM	31695	2018-01-23 00:15
SETTLEMENT	160 Reduce relations, not specified below	INTERIOR MINIST	17175	2018-01-12 22:15
KEDAH	090 Investigate, not specified below	CRIMINAL	14655	2018-01-11 04:15
NIGERIA	020 Appeal, not specified below	HEAD OF STATE	16155	2018-01-12 05:15
AMERICAN	051 Praise or endorse	HONDURAS	5370	2018-01-04 17:30
MALAYSIA	070 Provide aid, not specified below	HOSPITAL	4725	2018-01-04 06:45
CALIFORNIA	046 Engage in negotiation	ONTARIO	375	2018-01-01 06:15
POLICE	043 Host a visit	INSPECTOR GENERAL	14400	2018-01-11 00:00
UNITED STATES	020 Appeal, not specified below	NEW JERSEY	20415	2018-01-15 04:15
SAUDI ARABIA	036 Express intent to meet or negotiate	KUALA LUMPUR	16095	2018-01-12 04:15
AFRICA	020 Appeal, not specified below	WORLD ECONOMIC FORUM	32460	2018-01-23 13:00
LAWMAKER	020 Appeal, not specified below	UNITED STATES	13035	2018-01-10 01:15
SCHOOL	036 Express intent to meet or negotiate	SEATTLE	5220	2018-01-04 15:00
NORTH KOREA	046 Engage in negotiation	SOUTH KOREA	6435	2018-01-05 11:15
UNITED NATIONS	051 Praise or endorse	REPUBLIC OF KOREA	4515	2018-01-04 03:15
GAZA	112 Accuse, not specified below	HAMAS	9525	2018-01-07 14:45
INDUSTRY	120 Reject, not specified below	COMPANY	19590	2018-01-14 14:30
GERMANY	1821 Sexually assault	PRISON	20670	2018-01-15 08:30
UNITED STATES	193 Fight with small arms and light weapons	DETECTIVE	24405	2018-01-17 22:45
FARMER	010 Make statement, not specified below	COLORADO	24330	2018-01-17 21:30
FREEDOM HOUSE	0841 Return, release person(s)	ACTIVIST	22920	2018-01-16 22:00
EDUCATIONAL INSTITUTION	036 Express intent to meet or negotiate	PRESIDENT	18045	2018-01-13 12:45
HARTFORD	070 Provide aid, not specified below	SOUTH KOREA	5265	2018-01-04 15:45
UNITED STATES	036 Express intent to meet or negotiate	CLERIC	1950	2018-01-02 08:30
TRINIDAD	010 Make statement, not specified below	UNITED STATES	4620	2018-01-04 05:00
POLICE	175 Use tactics of violent repression  	PROTESTER	15900	2018-01-12 01:00
PHILADELPHIA	051 Praise or endorse	KING	24315	2018-01-17 21:15
RHODES	100 Demand, not specified below	CYPRUS	4815	2018-01-04 08:15
COMPANIES	020 Appeal, not specified below	FIGHTER	25740	2018-01-18 21:00
UNITED KINGDOM	060 Engage in material cooperation, not specified below	BRITISH	25770	2018-01-18 21:30
WRITER	017 Engage in symbolic act	KING	33150	2018-01-24 00:30
EUROPE	020 Appeal, not specified below	NORTH AMERICA	15000	2018-01-11 10:00
ITALY	040 Consult, not specified below	GREECE	17025	2018-01-12 19:45
COMPANY	042 Make a visit	DEALER	930	2018-01-01 15:30
THE US	111 Criticize or denounce 	ISRAEL	13905	2018-01-10 15:45
CHINESE	057 Sign formal agreement	MEDIA	18405	2018-01-13 18:45
ETHIOPIA	050 Engage in diplomatic cooperation, not specified below	EGYPT	17115	2018-01-12 21:15
UNITED STATES	186 Assassinate 	KING	33015	2018-01-23 22:15
UGANDA	042 Make a visit	ANGLICAN	4410	2018-01-04 01:30
DISTRICT COURT	112 Accuse, not specified below	UNITED STATES	31260	2018-01-22 17:00
SCHOOL	043 Host a visit	FLORIDA	24480	2018-01-18 00:00
EGYPT	040 Consult, not specified below	JORDAN	12150	2018-01-09 10:30
ISRAEL	010 Make statement, not specified below	REGIME	24855	2018-01-18 06:15
POLICE	180 Use unconventional violence, not specified below	THE US	23175	2018-01-17 02:15
UNITED STATES	040 Consult, not specified below	JUDGE	8205	2018-01-06 16:45
SHANGHAI	043 Host a visit	BUENOS AIRES	29535	2018-01-21 12:15
PRESIDENT	051 Praise or endorse	UNITED STATES	16875	2018-01-12 17:15
JERUSALEM	040 Consult, not specified below	EGYPT	8190	2018-01-06 16:30
POLICE	190 Use conventional military force, not specified below	AFGHANISTAN	6705	2018-01-05 15:45
WASHINGTON	043 Host a visit	NORTH KOREA	13020	2018-01-10 01:00
CANADA	114 Complain officially 	ADMINISTRATION	14160	2018-01-10 20:00
RUSSIA	084 Return, release, not specified below	SENATE	13005	2018-01-10 00:45
IRANIAN	012 Make pessimistic comment	CHINA	22350	2018-01-16 12:30
NIGERIA	110 Disapprove, not specified below	POLICE	6960	2018-01-05 20:00
CHRISTCHURCH	042 Make a visit	HOSPITAL	3660	2018-01-03 13:00
MINIST	036 Express intent to meet or negotiate	CHURCH OF THE BRETHREN	8025	2018-01-06 13:45
RUSSIAN	043 Host a visit	SAINT	19860	2018-01-14 19:00
DAMASCUS	042 Make a visit	IRAN	13260	2018-01-10 05:00
UNITED STATES	112 Accuse, not specified below	DOCTOR	18885	2018-01-14 02:45
LAOS	036 Express intent to meet or negotiate	CHINA	14130	2018-01-10 19:30
MELBOURNE	173 Arrest, detain, or charge with legal action 	POLICE	21990	2018-01-16 06:30
WRITER	036 Express intent to meet or negotiate	RELIGION	33120	2018-01-24 00:00
UNITED STATES	042 Make a visit	HONDURAS	4155	2018-01-03 21:15
IRELAND	036 Express intent to meet or negotiate	UNITED KINGDOM	16170	2018-01-12 05:30
MALAWI	012 Make pessimistic comment	COMMUNITY	12465	2018-01-09 15:45
ARMY CHIEF	026 Appeal to others to meet or negotiate	CHINA	12285	2018-01-09 12:45
AFRICA	0874 Retreat or surrender militarily	ASWAN	31140	2018-01-22 15:00
HOSPITAL	080 Yield, not specified below 	HEALTH MINIST	26745	2018-01-19 13:45
NEPALESE	173 Arrest, detain, or charge with legal action 	CHRISTIANITY	22425	2018-01-16 13:45
AFGHANISTAN	035 Express intent to yield, not specified below	ARMED GROUP	25635	2018-01-18 19:15
REFUGEE	080 Yield, not specified below 	UGANDA	26400	2018-01-19 08:00
BUSINESS	020 Appeal, not specified below	CANADA	10125	2018-01-08 00:45
MICHIGAN	043 Host a visit	KING	21030	2018-01-15 14:30
CALIFORNIA	043 Host a visit	PROTESTER	5385	2018-01-04 17:45
ITALY	042 Make a visit	SWEDEN	6570	2018-01-05 13:30
UNITED STATES	060 Engage in material cooperation, not specified below	CAPTAIN	14280	2018-01-10 22:00
SCHOOL	043 Host a visit	NASHVILLE	510	2018-01-01 08:30
UNITED STATES	019 Express accord	ATTORNEY GENERAL	17355	2018-01-13 01:15
SAUDI ARABIA	040 Consult, not specified below	QATARI	15255	2018-01-11 14:15
BOSS	090 Investigate, not specified below	ADMINISTRATION	26565	2018-01-19 10:45
PRESIDENT	161 Reduce or break diplomatic relations	LONDON	16845	2018-01-12 16:45
AOTEAROA	0842 Return, release property	MAORI	33930	2018-01-24 13:30
UNITED STATES	051 Praise or endorse	KING	15180	2018-01-11 13:00
AIYAZ SAYED KHAIYUM	130 Threaten, not specified below	SCHOOL	20190	2018-01-15 00:30
MEXICO	070 Provide aid, not specified below	POPULATION	15345	2018-01-11 15:45
SPOKESMAN	110 Disapprove, not specified below	EL SALVADOR	19575	2018-01-14 14:15
SYRIA	020 Appeal, not specified below	UNITED STATES	34215	2018-01-24 18:15
UNITED STATES	110 Disapprove, not specified below	COMMUNITY	34440	2018-01-24 22:00
WASHINGTON	110 Disapprove, not specified below	NEIGHBORHOOD	27570	2018-01-20 03:30
IRELAND	040 Consult, not specified below	MINIST FOR COMMUNICATIONS	25650	2018-01-18 19:30
NEBRASKA	071 Provide economic aid	UNITED STATES	6615	2018-01-05 14:15
COMMUNITY	010 Make statement, not specified below	CAMBODIA	14145	2018-01-10 19:45
WRITER	015 Acknowledge or claim responsibility	SUPERIOR COURT	25935	2018-01-19 00:15
ADMINISTRATION	042 Make a visit	DENVER	30045	2018-01-21 20:45
NIGERIA	043 Host a visit	SOUTH KOREA	10440	2018-01-08 06:00
NEW JERSEY	110 Disapprove, not specified below	NATIONALS	21765	2018-01-16 02:45
GANG	1712 Destroy property	PARIS	14550	2018-01-11 02:30
MEXICO	071 Provide economic aid	CONGRESS	8760	2018-01-07 02:00
DUBAI	057 Sign formal agreement	VILLAGE	17445	2018-01-13 02:45
VIETNAM	046 Engage in negotiation	LAOS	14760	2018-01-11 06:00
ADMINISTRATION	060 Engage in material cooperation, not specified below	PAKISTAN	13890	2018-01-10 15:30
CORRESPONDENT	041 Discuss by telephone	STUDENT	31560	2018-01-22 22:00
ASHRAF GHANI	042 Make a visit	KABUL	30030	2018-01-21 20:30
TERRORIST	173 Arrest, detain, or charge with legal action 	UNITED STATES	26985	2018-01-19 17:45
AFGHANISTAN	060 Engage in material cooperation, not specified below	CIVILIAN	22275	2018-01-16 11:15
LUCKNOW	120 Reject, not specified below	SHIA	25035	2018-01-18 09:15
INDONESIA	013 Make optimistic comment	PRESIDENT	33120	2018-01-24 00:00
UNITED STATES	0841 Return, release person(s)	IRAN	12135	2018-01-09 10:15
PRESIDENT	190 Use conventional military force, not specified below	MANCHESTER	15045	2018-01-11 10:45
BEIRUT	071 Provide economic aid	PALESTINIAN	16740	2018-01-12 15:00
PRINCE	0874 Retreat or surrender militarily	LONDON	13455	2018-01-10 08:15
SCHOOL	020 Appeal, not specified below	VOTER	34245	2018-01-24 18:45
COMPANY	173 Arrest, detain, or charge with legal action 	JAPAN	33180	2018-01-24 01:00
OPPOSITION LEADER	036 Express intent to meet or negotiate	AUSTRALIA	17295	2018-01-13 00:15
PRESIDENT	046 Engage in negotiation	TELUGU	16335	2018-01-12 08:15
COMPANY	051 Praise or endorse	DUTCH	5625	2018-01-04 21:45
CHINA	050 Engage in diplomatic cooperation, not specified below	UNITED STATES	24585	2018-01-18 01:45
MAHARASHTRA	030 Express intent to cooperate, not specified below	DOCTOR	10380	2018-01-08 05:00
NAMA	017 Engage in symbolic act	QATAR	25590	2018-01-18 18:30
THE WHITE HOUSE	013 Make optimistic comment	UNITED STATES	24075	2018-01-17 17:15
STUDENT	020 Appeal, not specified below	BANGLADESH	8940	2018-01-07 05:00
INTELLIGENCE	051 Praise or endorse	UNITED STATES	29295	2018-01-21 08:15
ARMENIA	046 Engage in negotiation	FRANCE	32670	2018-01-23 16:30
FLORIDA	051 Praise or endorse	EMPLOYER	24195	2018-01-17 19:15
UNITED STATES	043 Host a visit	COAST GUARD	1995	2018-01-02 09:15
VIJAY GOEL	130 Threaten, not specified below	DELHI	31320	2018-01-22 18:00
DR CONGO	141 Demonstrate or rally	CONGO	21150	2018-01-15 16:30
ATTORNEY GENERAL	040 Consult, not specified below	BILL CLINTON	30660	2018-01-22 07:00
IRANIAN	010 Make statement, not specified below	TANKER	10860	2018-01-08 13:00
TOURIST	1124 Accuse of war crimes	BELGIUM	20100	2018-01-14 23:00
AUTHORITIES	040 Consult, not specified below	CITIZEN	33645	2018-01-24 08:45
THE ASSOCIATED PRESS	010 Make statement, not specified below	SECURITIES AND EXCHANGE COMMISSION	13890	2018-01-10 15:30
TEL AVIV	043 Host a visit	JORDAN	29925	2018-01-21 18:45
JAPAN	070 Provide aid, not specified below	UNITED STATES	3885	2018-01-03 16:45
PROSECUTOR	010 Make statement, not specified below	TRAFFICKER	34305	2018-01-24 19:45
ATTORNEY	090 Investigate, not specified below	CRIMINAL	33555	2018-01-24 07:15
SCHOOL	084 Return, release, not specified below	MINIST OF EDUCATION	33540	2018-01-24 07:00
ILLINOIS	042 Make a visit	SCHOOL	18120	2018-01-13 14:00
TURKEY	040 Consult, not specified below	TURKISH	28815	2018-01-21 00:15
MEXICO	075 Grant asylum	ADMINISTRATION	22515	2018-01-16 15:15
GREECE	190 Use conventional military force, not specified below	TERRORIST	6720	2018-01-05 16:00
KENYA	043 Host a visit	AFRICA	27000	2018-01-19 18:00
MINNESOTA	030 Express intent to cooperate, not specified below	VOTER	14220	2018-01-10 21:00
UNITED KINGDOM	143 Conduct strike or boycott, not specified below	CABINET	12120	2018-01-09 10:00
IRANIAN	192 Occupy territory	SYRIAN	12495	2018-01-09 16:15
SUDAN	0841 Return, release person(s)	MEDIA	27975	2018-01-20 10:15
GOVERNOR	028 Appeal to others to engage in or accept mediation	FLORIDA	7245	2018-01-06 00:45
GERMANY	070 Provide aid, not specified below	COMPANY	30960	2018-01-22 12:00
HIGH COURT	120 Reject, not specified below	NIGERIAN	19050	2018-01-14 05:30
AUSTRALIAN	090 Investigate, not specified below	CONVICTS	33330	2018-01-24 03:30
HAITI	163 Impose embargo, boycott, or sanctions	IRAN	16770	2018-01-12 15:30
REGIME	010 Make statement, not specified below	SOUTH KOREA	4035	2018-01-03 19:15
POLICE	010 Make statement, not specified below	UNITED STATES	20685	2018-01-15 08:45
CHILE	020 Appeal, not specified below	EUROPE	25770	2018-01-18 21:30
BANK	042 Make a visit	CANADA	21780	2018-01-16 03:00
AFRICA	020 Appeal, not specified below	MEDIA	25275	2018-01-18 13:15
TRINIDAD AND TOBAGO	043 Host a visit	VENEZUELA	17580	2018-01-13 05:00
UNITED STATES	036 Express intent to meet or negotiate	ISRAEL	23700	2018-01-17 11:00
INDUSTRY	042 Make a visit	UNIVERSITY	22755	2018-01-16 19:15
PHILIPPINE	114 Complain officially 	LAWYER	29865	2018-01-21 17:45
SCHOOL	057 Sign formal agreement	CHILE	18750	2018-01-14 00:30
PAKISTANI	020 Appeal, not specified below	PAKISTAN	24015	2018-01-17 16:15
WRITER	020 Appeal, not specified below	COMMUNITY	2475	2018-01-02 17:15
RUSSIA	042 Make a visit	THE OPPOSITION	33375	2018-01-24 04:15
UNITED KINGDOM	013 Make optimistic comment	JUDGE	16065	2018-01-12 03:45
UNITED KINGDOM	050 Engage in diplomatic cooperation, not specified below	NATIONAL SECURITY ADVISER	30345	2018-01-22 01:45
REGULATOR	040 Consult, not specified below	TRADER	34125	2018-01-24 16:45
PRESIDENT	020 Appeal, not specified below	PARLIAMENT	23790	2018-01-17 12:30
KARACHI	190 Use conventional military force, not specified below	POLICE	25635	2018-01-18 19:15
CONGRESS	112 Accuse, not specified below	UNITED STATES	27135	2018-01-19 20:15
EUROPE	035 Express intent to yield, not specified below	UNITED KINGDOM	4425	2018-01-04 01:45
CHICAGO	043 Host a visit	CAREGIVER	5460	2018-01-04 19:00
SAUDI ARABIA	010 Make statement, not specified below	REUTERS	32700	2018-01-23 17:00
TURKEY	030 Express intent to cooperate, not specified below	GERMANY	12345	2018-01-09 13:45
AFRICAN UNION	020 Appeal, not specified below	PRESIDENT	27915	2018-01-20 09:15
MINIST	010 Make statement, not specified below	HINDU	28380	2018-01-20 17:00
FARMER	043 Host a visit	UNITED STATES	15930	2018-01-12 01:30
EAST JAVA	042 Make a visit	INDONESIAN	7965	2018-01-06 12:45
AMERICAN	040 Consult, not specified below	SUPREME COURT	27405	2018-01-20 00:45
AUSTRALIAN	173 Arrest, detain, or charge with legal action 	POLICE	26235	2018-01-19 05:15
DELHI	160 Reduce relations, not specified below	CORPORATION	2790	2018-01-02 22:30
UNITED STATES	040 Consult, not specified below	RESIDENTS	24570	2018-01-18 01:30
SACRAMENTO	055 Apologize	PRISON	27360	2018-01-20 00:00
SCHOOL	020 Appeal, not specified below	ALBERTO FUJIMORI	29040	2018-01-21 04:00
OTTAWA	040 Consult, not specified below	PRESBYTERIAN	27405	2018-01-20 00:45
DEPUTY	036 Express intent to meet or negotiate	SCHOOL	17505	2018-01-13 03:45
JAFFNA	043 Host a visit	THAILAND	32160	2018-01-23 08:00
TEXAS	020 Appeal, not specified below	GERMANY	15240	2018-01-11 14:00
CONGRESS	051 Praise or endorse	UNITED STATES	33600	2018-01-24 08:00
CIVILIAN	042 Make a visit	SECURITY FORCE	19560	2018-01-14 14:00
WRITER	091 Investigate crime, corruption	VOTER	5355	2018-01-04 17:15
THE WHITE HOUSE	051 Praise or endorse	CONGRESS	810	2018-01-01 13:30
JAPAN	130 Threaten, not specified below	N KOREA	5070	2018-01-04 12:30
EGYPTIAN	040 Consult, not specified below	UNITED STATES	12705	2018-01-09 19:45
HOSPITAL	043 Host a visit	MALE	11325	2018-01-08 20:45
UNITED STATES	110 Disapprove, not specified below	LAWYER	22875	2018-01-16 21:15
AMBASSADOR	042 Make a visit	ENTREPRENEUR	31905	2018-01-23 03:45
BUSINESS	040 Consult, not specified below	EGYPT	23100	2018-01-17 01:00
CHINA	1822 Torture	OBAMA	24435	2018-01-17 23:15
PRISON	173 Arrest, detain, or charge with legal action 	NEW YORK CITY	25200	2018-01-18 12:00
AFGHANISTAN	190 Use conventional military force, not specified below	EXTREMIST	29670	2018-01-21 14:30
WEST BANK	042 Make a visit	ISRAEL	25005	2018-01-18 08:45
LEEDS	111 Criticize or denounce 	BRITISH	11280	2018-01-08 20:00
NORTH KOREA	046 Engage in negotiation	RUSSIA	20475	2018-01-15 05:15
LAWMAKER	036 Express intent to meet or negotiate	HOSPITAL	16680	2018-01-12 14:00
JAPAN	100 Demand, not specified below	NORTH AMERICA	17220	2018-01-12 23:00
STATE ATTORNEY GENERAL	110 Disapprove, not specified below	UNITED STATES	21195	2018-01-15 17:15
NARAYANGANJ	042 Make a visit	POLICE	32790	2018-01-23 18:30
GULBUDDIN HEKMATYAR	042 Make a visit	KABUL	29175	2018-01-21 06:15
UNITED STATES	112 Accuse, not specified below	HAITI	25485	2018-01-18 16:45
CAIRO	051 Praise or endorse	ISRAEL	29805	2018-01-21 16:45
UNIVERSITY	044 Meet at a ÒhirdÓlocation	MASSACHUSETTS	22560	2018-01-16 16:00
ITALY	042 Make a visit	MAGAZINE	7155	2018-01-05 23:15
PRESIDENT	084 Return, release, not specified below	DETAINEE	15645	2018-01-11 20:45
ISLAMIC	110 Disapprove, not specified below	CANADIAN	1800	2018-01-02 06:00
SCHOOL	042 Make a visit	COMMUNITY	21930	2018-01-16 05:30
HAIFA	043 Host a visit	EMBASSY	5310	2018-01-04 16:30
UNITED STATES	110 Disapprove, not specified below	SCHOOL	13995	2018-01-10 17:15
OHIO	181 Abduct, hijack, or take hostage 	AUTHORITIES	18570	2018-01-13 21:30
RESIDENTS	040 Consult, not specified below	POLICE	4455	2018-01-04 02:15
IRAN	163 Impose embargo, boycott, or sanctions	US OFFICIAL	5715	2018-01-04 23:15
ISRAELI	043 Host a visit	PALESTINIAN	31425	2018-01-22 19:45
MEDICAL OFFICIAL	182 Physically assault, not specified below	BRAZIL	6810	2018-01-05 17:30
SECRETARY OF STATE	010 Make statement, not specified below	THE NETHERLAND	15750	2018-01-11 22:30
WASHINGTON	071 Provide economic aid	AUTHORITIES	14475	2018-01-11 01:15
LONDON	043 Host a visit	PHILADELPHIA	15600	2018-01-11 20:00
BERLIN	173 Arrest, detain, or charge with legal action 	ISRAELI	20940	2018-01-15 13:00
RAKHINE	043 Host a visit	ABDUR RAZZAK	33150	2018-01-24 00:30
PRESIDENT	120 Reject, not specified below	UNITED STATES	10740	2018-01-08 11:00
CHRISTIAN	010 Make statement, not specified below	KANO	23175	2018-01-17 02:15
SANA	1123 Accuse of aggression	REBEL	21930	2018-01-16 05:30
LONDON	040 Consult, not specified below	NATO	15750	2018-01-11 22:30
UNITED KINGDOM	110 Disapprove, not specified below	EDUCATION MINIST	21675	2018-01-16 01:15
UNITED STATES	120 Reject, not specified below	NATIONAL SECURITY COUNCIL	5010	2018-01-04 11:30
UNITED STATES	043 Host a visit	INTELLIGENCE	20085	2018-01-14 22:45
SIERRA LEONE	013 Make optimistic comment	PARLIAMENT	31170	2018-01-22 15:30
UNITED STATES	030 Express intent to cooperate, not specified below	WEBSITE	30150	2018-01-21 22:30
UNITED ARAB EMIRATES	150 Demonstrate military or police power, not specified below	QATAR	20805	2018-01-15 10:45
PRESIDENT	0874 Retreat or surrender militarily	THE US	14760	2018-01-11 06:00
DETAINEE	138 Threaten to use military force, not specified below	KABUL	3810	2018-01-03 15:30
MANUEL ZELAYA	042 Make a visit	COSTA RICA	14145	2018-01-10 19:45
HUMAN RIGHTS ACTIVIST	1043 Demand rights	REPRESENTATIVES	2805	2018-01-02 22:45
REPRESENTATIVES	013 Make optimistic comment	PROFESSOR	34080	2018-01-24 16:00
PARLIAMENT	043 Host a visit	UZBEKISTAN	30780	2018-01-22 09:00
MASSACHUSETTS	081 Ease administrative sanctions, not specified below	MAINE	5670	2018-01-04 22:30
MUSLIM	193 Fight with small arms and light weapons	UTTAR PRADESH	1665	2018-01-02 03:45
GOVERNMENT	010 Make statement, not specified below	CITIZEN	15600	2018-01-11 20:00
AUTHORITIES	042 Make a visit	CALIFORNIA	27435	2018-01-20 01:15
WASHINGTON	190 Use conventional military force, not specified below	WALL STREET JOURNAL	5460	2018-01-04 19:00
COMPANIES	071 Provide economic aid	GOVERNMENT	29025	2018-01-21 03:45
CAYMAN ISLAND	036 Express intent to meet or negotiate	COMPANY	33765	2018-01-24 10:45
WORKER	112 Accuse, not specified below	CALIF	7830	2018-01-06 10:30
GOVERNMENT	046 Engage in negotiation	SENATOR	31710	2018-01-23 00:30
IRELAND	051 Praise or endorse	BRITAIN	12180	2018-01-09 11:00
LEGISLATOR	014 Consider policy option	UNITED STATES	23040	2018-01-17 00:00
LEAGUE OF WOMEN VOTERS	043 Host a visit	UNITED STATES	8565	2018-01-06 22:45
PANASONIC	043 Host a visit	JAPAN	24255	2018-01-17 20:15
UNIVERSITY	043 Host a visit	SENATOR	7545	2018-01-06 05:45
SERVER	043 Host a visit	MOHAWK	15225	2018-01-11 13:45
ARGENTINA	190 Use conventional military force, not specified below	UNITED STATES	24495	2018-01-18 00:15
CHINA	0862 Receive inspectors	PHILIPPINE	19290	2018-01-14 09:30
GOVERNMENT	040 Consult, not specified below	MOROCCO	21165	2018-01-15 16:45
ACTOR	163 Impose embargo, boycott, or sanctions	CANADA	11625	2018-01-09 01:45
JALALABAD	010 Make statement, not specified below	GOVERNOR	33645	2018-01-24 08:45
CANADA	040 Consult, not specified below	PRIME MINISTER	17835	2018-01-13 09:15
COMPANY	042 Make a visit	BRAZIL	26910	2018-01-19 16:30
ENGINEER	090 Investigate, not specified below	PORTLAND	9285	2018-01-07 10:45
EMPLOYEE	173 Arrest, detain, or charge with legal action 	BANK	9435	2018-01-07 13:15
UNITED STATES	110 Disapprove, not specified below	SETTLEMENT	27225	2018-01-19 21:45
UKRAINE	010 Make statement, not specified below	AMIT	27915	2018-01-20 09:15
SENEGAL	141 Demonstrate or rally	A US	19665	2018-01-14 15:45
CATHOLIC	190 Use conventional military force, not specified below	UNITED STATES	17355	2018-01-13 01:15
NORTH KOREAN	030 Express intent to cooperate, not specified below	THE US	2130	2018-01-02 11:30
VENEZUELA	163 Impose embargo, boycott, or sanctions	PRESIDENT	31635	2018-01-22 23:15
NEW YORK	043 Host a visit	DEMOCRATIC PARTY	26295	2018-01-19 06:15
AUSTRIA	042 Make a visit	GERMANY	10230	2018-01-08 02:30
MARAUDER	043 Host a visit	NIGERIA	20700	2018-01-15 09:00
UNITED STATES	042 Make a visit	HAVANA	25590	2018-01-18 18:30
PORTUGAL	046 Engage in negotiation	THE UN	19500	2018-01-14 13:00
MINIST OF DEFENSE	020 Appeal, not specified below	POLICE	17145	2018-01-12 21:45
POLICE	193 Fight with small arms and light weapons	CIVILIAN	300	2018-01-01 05:00
UNITED STATES	036 Express intent to meet or negotiate	ENTREPRENEUR	30495	2018-01-22 04:15
INDUSTRY	010 Make statement, not specified below	CREATIVITY	11070	2018-01-08 16:30
UNITED STATES	036 Express intent to meet or negotiate	SOUTHEAST ASIA	10695	2018-01-08 10:15
MEXICO	040 Consult, not specified below	BELIZE	13380	2018-01-10 07:00
KURD	110 Disapprove, not specified below	AMERICAN	32145	2018-01-23 07:45
CAIRO	046 Engage in negotiation	EGYPTIAN	30450	2018-01-22 03:30
ACTOR	020 Appeal, not specified below	WASHINGTON	34035	2018-01-24 15:15
AFRICA	051 Praise or endorse	SCHOOL	33570	2018-01-24 07:30
DALIT	114 Complain officially 	MAHARASHTRA	3630	2018-01-03 12:30
STUDENT	040 Consult, not specified below	MEDIA	25095	2018-01-18 10:15
PRESIDENT	046 Engage in negotiation	SENATE	5205	2018-01-04 14:45
BUSINESS	043 Host a visit	BELGIUM	33750	2018-01-24 10:30
KING	043 Host a visit	UNITED STATES	23790	2018-01-17 12:30
COUNSEL	036 Express intent to meet or negotiate	RUSSIAN	9480	2018-01-07 14:00
SOUTH DAKOTA	020 Appeal, not specified below	FRANCE	16365	2018-01-12 08:45
UNITED KINGDOM	036 Express intent to meet or negotiate	NEW YORK	15045	2018-01-11 10:45
POLICE	036 Express intent to meet or negotiate	CHICAGO	10215	2018-01-08 02:15
THE ASSOCIATED PRESS	052 Defend verbally	AFRICA	21015	2018-01-15 14:15
HILLARY CLINTON	051 Praise or endorse	UNITED STATES	5625	2018-01-04 21:45
KENYA	010 Make statement, not specified below	CABINET	12825	2018-01-09 21:45
JAMMU AND KASHMIR	010 Make statement, not specified below	KASHMIRI	28695	2018-01-20 22:15
MADHYA PRADESH	0353 Express intent to release persons or property	GOVERNMENT	22230	2018-01-16 10:30
SCHOOL	046 Engage in negotiation	UNITED STATES	23415	2018-01-17 06:15
CHINESE	172 Impose administrative sanctions, not specified below	CITIZEN	27165	2018-01-19 20:45
WALL STREET JOURNAL	013 Make optimistic comment	DEPUTY	14520	2018-01-11 02:00
POLICE	190 Use conventional military force, not specified below	WASHINGTON	25740	2018-01-18 21:00
POLICE OFFICER	193 Fight with small arms and light weapons	HOSPITAL	17145	2018-01-12 21:45
GUATEMALA	010 Make statement, not specified below	LAS VEGAS	26175	2018-01-19 04:15
PROSECUTOR	173 Arrest, detain, or charge with legal action 	JOURNALIST	17280	2018-01-13 00:00
ZIMBABWE	042 Make a visit	HARARE	25425	2018-01-18 15:45
CANADA	045 Mediate	WEBSITE	5640	2018-01-04 22:00
SUDANESE	050 Engage in diplomatic cooperation, not specified below	QATARI	15750	2018-01-11 22:30
PRESIDENT	046 Engage in negotiation	NORTH KOREA	15855	2018-01-12 00:15
UNITED STATES	042 Make a visit	MICHIGAN	21030	2018-01-15 14:30
AFRICA	035 Express intent to yield, not specified below	KENYA	26445	2018-01-19 08:45
HOSPITAL	043 Host a visit	POLICE	8400	2018-01-06 20:00
UNITED STATES	013 Make optimistic comment	NASA	34170	2018-01-24 17:30
TURKISH	010 Make statement, not specified below	IRAN	28830	2018-01-21 00:30
POLICE	026 Appeal to others to meet or negotiate	SOUTH AFRICAN	30555	2018-01-22 05:15
ROBBER	193 Fight with small arms and light weapons	GHANA	33795	2018-01-24 11:15
UNITED STATES	080 Yield, not specified below 	SENATE	14055	2018-01-10 18:15
UNITED STATES	061 Cooperate economically	EUROPE	26310	2018-01-19 06:30
CHICAGO	1721 Impose restrictions on political freedoms  	CATHOLIC	25545	2018-01-18 17:45
UNITED STATES	051 Praise or endorse	PROTESTER	4410	2018-01-04 01:30
EGYPT	100 Demand, not specified below	UNITED STATES	28785	2018-01-20 23:45
ATHENS	111 Criticize or denounce 	EUROPEAN	6495	2018-01-05 12:15
PAKISTAN	180 Use unconventional violence, not specified below	LOCAL MEDIA	14505	2018-01-11 01:45
NEW YORK	173 Arrest, detain, or charge with legal action 	TYCOON	5775	2018-01-05 00:15
INSURGENCY	190 Use conventional military force, not specified below	SOMALIA	11940	2018-01-09 07:00
CUBA	050 Engage in diplomatic cooperation, not specified below	THE EU	5760	2018-01-05 00:00
FRENCH	046 Engage in negotiation	PARIS	9180	2018-01-07 09:00
SENA	084 Return, release, not specified below	MUMBAI	16650	2018-01-12 13:30
ISRAEL	051 Praise or endorse	PRESIDENT	29955	2018-01-21 19:15
CANADA	010 Make statement, not specified below	MAYOR	6795	2018-01-05 17:15
IRAN	018 Make empathetic comment	SAUDI ARABIA	22875	2018-01-16 21:15
MACEDONIA	030 Express intent to cooperate, not specified below	UNITED STATES	17145	2018-01-12 21:45
OVAL OFFICE	040 Consult, not specified below	PANAMA	18750	2018-01-14 00:30
ISRAEL	040 Consult, not specified below	GOVERNMENT	25725	2018-01-18 20:45
UNITED STATES	110 Disapprove, not specified below	STUDENT	6675	2018-01-05 15:15
CONGRESS	036 Express intent to meet or negotiate	ISRAELI	24990	2018-01-18 08:30
SENEGALESE	074 Provide military protection or peacekeeping	MALI	16965	2018-01-12 18:45
THE EU	046 Engage in negotiation	ROMANIA	19035	2018-01-14 05:15
SCHOOL	010 Make statement, not specified below	STUDENT	9390	2018-01-07 12:30
FRANCE	010 Make statement, not specified below	PRESIDENT	22110	2018-01-16 08:30
IRANIAN	154 Mobilize or increase armed forces 	SYRIA	27060	2018-01-19 19:00
IRAN	141 Demonstrate or rally	PRESIDENT	23805	2018-01-17 12:45
ISRAEL	046 Engage in negotiation	EGYPTIAN	29955	2018-01-21 19:15
SENATE	120 Reject, not specified below	GOVERNMENT	27360	2018-01-20 00:00
NIGERIA	090 Investigate, not specified below	AUTHORITIES	8475	2018-01-06 21:15
UNITED STATES	012 Make pessimistic comment	DEPUTY	24345	2018-01-17 21:45
UNITED STATES	190 Use conventional military force, not specified below	ACTIVIST	8010	2018-01-06 13:30
QATAR	043 Host a visit	AMERICAN	22230	2018-01-16 10:30
UNITED STATES	010 Make statement, not specified below	SOUTH KOREA	13815	2018-01-10 14:15
SYRIA	020 Appeal, not specified below	MINIST OF FOREIGN AFFAIRS	6750	2018-01-05 16:30
PHILIPPINE	030 Express intent to cooperate, not specified below	MNLF	9510	2018-01-07 14:30
UNITED STATES	051 Praise or endorse	SYRIA	14565	2018-01-11 02:45
MAYOR	010 Make statement, not specified below	JERSEY	20760	2018-01-15 10:00
FRENCH	042 Make a visit	UNITED KINGDOM	26535	2018-01-19 10:15
NEIGHBORHOOD	042 Make a visit	UNITED STATES	3150	2018-01-03 04:30
IRAN	130 Threaten, not specified below	EUROPEAN	16050	2018-01-12 03:30
MINIST OF INTERIOR	042 Make a visit	TURKISH	735	2018-01-01 12:15
UNITED STATES	040 Consult, not specified below	MEDIA	22005	2018-01-16 06:45
RUSSIA	020 Appeal, not specified below	UNITED STATES	6630	2018-01-05 14:30
NORTH KOREAN	010 Make statement, not specified below	PRESIDENT	10095	2018-01-08 00:15
SINAI	070 Provide aid, not specified below	NASSAU	34215	2018-01-24 18:15
UNITED STATES	100 Demand, not specified below	HAITI	16980	2018-01-12 19:00
SRI LANKA	050 Engage in diplomatic cooperation, not specified below	CABINET	24525	2018-01-18 00:45
GHANA	013 Make optimistic comment	MEMBER OF PARLIAMENT	22725	2018-01-16 18:45
SENATOR	110 Disapprove, not specified below	GOVERNMENT	27675	2018-01-20 05:15
PARLIAMENT	020 Appeal, not specified below	PRESIDENT	22395	2018-01-16 13:15
ANKARA	051 Praise or endorse	SYRIAN	18120	2018-01-13 14:00
COLOMBIA	010 Make statement, not specified below	GOVERNOR	29505	2018-01-21 11:45
BANGLADESH	010 Make statement, not specified below	MINISTRY	18555	2018-01-13 21:15
IRAQ	190 Use conventional military force, not specified below	ISLAMIC	30750	2018-01-22 08:30
HOUSING AND PUBLIC WORKS MINIST	040 Consult, not specified below	CHITTAGONG	20370	2018-01-15 03:30
INTELLIGENCE	036 Express intent to meet or negotiate	UNITED STATES	22200	2018-01-16 10:00
LAWMAKER	120 Reject, not specified below	ISLAMABAD	8040	2018-01-06 14:00
ATTORNEY	020 Appeal, not specified below	EMPLOYER	4350	2018-01-04 00:30
DUBAI	036 Express intent to meet or negotiate	SAO PAULO	24630	2018-01-18 02:30
CANADA	020 Appeal, not specified below	SASKATCHEWAN	2220	2018-01-02 13:00
FULANI	190 Use conventional military force, not specified below	FARMER	33570	2018-01-24 07:30
FARMER	190 Use conventional military force, not specified below	WINDHOEK	32460	2018-01-23 13:00
POLICE	042 Make a visit	UNITED KINGDOM	11265	2018-01-08 19:45
DEPUTY	010 Make statement, not specified below	ATHENS	13905	2018-01-10 15:45
NIGERIA	015 Acknowledge or claim responsibility	JUDGE	2310	2018-01-02 14:30
HONDURAS	130 Threaten, not specified below	JAMAICA	13215	2018-01-10 04:15
CLEVELAND	050 Engage in diplomatic cooperation, not specified below	UNITED KINGDOM	11430	2018-01-08 22:30
TRADER	010 Make statement, not specified below	ADMINISTRATION	23820	2018-01-17 13:00
PROFESSOR	020 Appeal, not specified below	GOVERNMENT	13815	2018-01-10 14:15
FRANCE	013 Make optimistic comment	THE UN	8100	2018-01-06 15:00
GOLDMAN SACHS	046 Engage in negotiation	CHINA	33090	2018-01-23 23:30
MAYOR	010 Make statement, not specified below	SETTLEMENT	21015	2018-01-15 14:15
ISRAELI	045 Mediate	UNITED STATES	24630	2018-01-18 02:30
UNITED STATES	016 Deny responsibility	MAGISTRATE	31770	2018-01-23 01:30
UNITED STATES	100 Demand, not specified below	CHAMBER	32790	2018-01-23 18:30
CONSTABLE	042 Make a visit	AFRICA	32610	2018-01-23 15:30
TERRORIST GROUP	030 Express intent to cooperate, not specified below	UNITED STATES	22410	2018-01-16 13:30
EL SALVADOR	042 Make a visit	QATAR	24180	2018-01-17 19:00
CHINA	020 Appeal, not specified below	PAKISTAN	22875	2018-01-16 21:15
DEPARTMENT OF DEFENSE	051 Praise or endorse	PRESIDENT	5595	2018-01-04 21:15
BISHOP	043 Host a visit	HANI	24885	2018-01-18 06:45
VILLAGE	014 Consider policy option	UNITED STATES	5640	2018-01-04 22:00
CONGRESS	010 Make statement, not specified below	SALVADORAN	12990	2018-01-10 00:30
DANISH	173 Arrest, detain, or charge with legal action 	SWEDEN	32865	2018-01-23 19:45
PALESTINIAN	125 Reject proposal to meet, discuss, or negotiate	ISRAEL	23985	2018-01-17 15:45
UNITED KINGDOM	030 Express intent to cooperate, not specified below	INDUSTRY	34440	2018-01-24 22:00
US GOVERNMENT	071 Provide economic aid	EMBASSY	16410	2018-01-12 09:30
NIGERIA	060 Engage in material cooperation, not specified below	TRANSPORT WORKER	23940	2018-01-17 15:00
UNITED KINGDOM	042 Make a visit	UNITED STATES	34410	2018-01-24 21:30
BELGIUM	040 Consult, not specified below	POLISH	32310	2018-01-23 10:30
WORKER	112 Accuse, not specified below	COLOMBIA	2670	2018-01-02 20:30
ASEAN	043 Host a visit	BUSINESS	32415	2018-01-23 12:15
AUSTRALIA	040 Consult, not specified below	GOVERNMENT	31095	2018-01-22 14:15
UNITED KINGDOM	021 Appeal for material cooperation, not specified below	POLITICIAN	20235	2018-01-15 01:15
UNITED STATES	0841 Return, release person(s)	PRESIDENT	24090	2018-01-17 17:30
UNITED STATES	011 Decline comment	GOVERNOR	11190	2018-01-08 18:30
UNITED STATES	112 Accuse, not specified below	OBAMA	19200	2018-01-14 08:00
DUTCH	1031 Demand economic aid	COTE D'IVOIRE	5235	2018-01-04 15:15
THE POOR	0874 Retreat or surrender militarily	VIETNAM	31590	2018-01-22 22:30
MANILA	010 Make statement, not specified below	THE WHITE HOUSE	27705	2018-01-20 05:45
BELARUS	040 Consult, not specified below	AMBASSADOR	32070	2018-01-23 06:30
NORTHROP GRUMMAN	010 Make statement, not specified below	GOVERNMENT	12315	2018-01-09 13:15
REPUBLIC OF KOREA	051 Praise or endorse	DPRK	14070	2018-01-10 18:30
GOVERNMENT	043 Host a visit	GUNMEN	2280	2018-01-02 14:00
MAJOR GENERAL	070 Provide aid, not specified below	STUDENT	20715	2018-01-15 09:15
WRITER	010 Make statement, not specified below	UNITED STATES	12840	2018-01-09 22:00
UNITED STATES	173 Arrest, detain, or charge with legal action 	GOVERNMENT	15765	2018-01-11 22:45
JUDGE	173 Arrest, detain, or charge with legal action 	ILLINOIS	34245	2018-01-24 18:45
KARNATAKA	190 Use conventional military force, not specified below	MEDIA	4500	2018-01-04 03:00
UNITED STATES	090 Investigate, not specified below	AUSTRALIA	20145	2018-01-14 23:45
THERESA MAY	046 Engage in negotiation	HOSPITAL	5760	2018-01-05 00:00
UNITED STATES	051 Praise or endorse	BUSINESS	32880	2018-01-23 20:00
NIGERIA	042 Make a visit	GOVERNOR	34125	2018-01-24 16:45
JUBA	041 Discuss by telephone	PRESIDENT	11850	2018-01-09 05:30
POLICE	090 Investigate, not specified below	HOSPITAL	10875	2018-01-08 13:15
PERU	043 Host a visit	GERMANY	34095	2018-01-24 16:15
LOS ANGELES	043 Host a visit	ACTOR	31650	2018-01-22 23:30
ARMY	190 Use conventional military force, not specified below	SHIA	25470	2018-01-18 16:30
ISRAEL	057 Sign formal agreement	EGYPT	29730	2018-01-21 15:30
PALESTINIAN	164 Halt negotiations	ISRAEL	15825	2018-01-11 23:45
ATTORNEY	090 Investigate, not specified below	UNITED STATES	30780	2018-01-22 09:00
NEWSPAPER	128 Defy norms, law	THE US	26145	2018-01-19 03:45
STAFF MEMBER	020 Appeal, not specified below	LEBANON	26985	2018-01-19 17:45
THE EU	036 Express intent to meet or negotiate	DEUTSCHE BANK	19395	2018-01-14 11:15
SENATOR	020 Appeal, not specified below	CALIFORNIA	7950	2018-01-06 12:30
SYRIAN	180 Use unconventional violence, not specified below	ALEPPO	26370	2018-01-19 07:30
INTELLIGENCE	141 Demonstrate or rally	IRAN	6720	2018-01-05 16:00
THE US	013 Make optimistic comment	PARIS	33165	2018-01-24 00:45
IRAQ	043 Host a visit	IRAQI	10740	2018-01-08 11:00
UNITED KINGDOM	040 Consult, not specified below	UNITED STATES	34155	2018-01-24 17:15
KATSINA	130 Threaten, not specified below	MEDIA	10755	2018-01-08 11:15
TURKISH	010 Make statement, not specified below	BERLIN	33960	2018-01-24 14:00
CINCINNATI	193 Fight with small arms and light weapons	UNITED STATES	3465	2018-01-03 09:45
UNITED STATES	013 Make optimistic comment	REUTERS	24795	2018-01-18 05:15
SUPREME COURT	090 Investigate, not specified below	ATTORNEY GENERAL	15840	2018-01-12 00:00
AZERBAIJANI	010 Make statement, not specified below	KING	23625	2018-01-17 09:45
LITHUANIA	043 Host a visit	PRESIDENT	13485	2018-01-10 08:45
COMMUNITY	051 Praise or endorse	UNITED STATES	25740	2018-01-18 21:00
PRESIDENT	141 Demonstrate or rally	DAVOS	23850	2018-01-17 13:30
UNITED STATES	040 Consult, not specified below	LEGISLATOR	8115	2018-01-06 15:15
NORTH KOREA	014 Consider policy option	WALL STREET JOURNAL	14970	2018-01-11 09:30
SEPARATIST	042 Make a visit	BELARUS	30465	2018-01-22 03:45
UNITED STATES	020 Appeal, not specified below	MEXICO	13935	2018-01-10 16:15
PHILIPPINE	0231 Appeal for economic aid	COMMUNITY	13830	2018-01-10 14:30
ISRAEL	042 Make a visit	CALIFORNIA	24885	2018-01-18 06:45
UNITED KINGDOM	020 Appeal, not specified below	SENATE	12990	2018-01-10 00:30
UNITED KINGDOM	0874 Retreat or surrender militarily	NIGERIA	23010	2018-01-16 23:30
COMPANY	060 Engage in material cooperation, not specified below	KING	29160	2018-01-21 06:00
GOVERNMENT	040 Consult, not specified below	COMPANY	34215	2018-01-24 18:15
FRENCH	010 Make statement, not specified below	SPOKESMAN	4920	2018-01-04 10:00
RUSSIA	190 Use conventional military force, not specified below	PRESIDENT	6600	2018-01-05 14:00
CHINESE	120 Reject, not specified below	MALAYSIAN	32025	2018-01-23 05:45
MINIST	014 Consider policy option	SRI LANKA	33180	2018-01-24 01:00
PENNSYLVANIA	190 Use conventional military force, not specified below	POLICE	18255	2018-01-13 16:15
KUWAIT	043 Host a visit	BANGLADESH	3450	2018-01-03 09:30
SYRIA	194 Fight with artillery and tanks	RUSSIA	13320	2018-01-10 06:00
INTELLIGENCE	040 Consult, not specified below	AUSTRALIA	27825	2018-01-20 07:45
FLORIDA	173 Arrest, detain, or charge with legal action 	WORKER	6135	2018-01-05 06:15
DONG	061 Cooperate economically	CHINA	30345	2018-01-22 01:45
POLICE	042 Make a visit	LAWRENCE	6450	2018-01-05 11:30
UNITED STATES	051 Praise or endorse	OBAMA	12390	2018-01-09 14:30
DEPUTY	042 Make a visit	MOSCOW	6975	2018-01-05 20:15
OBJECTOR	020 Appeal, not specified below	CONSERVATIONIST	30810	2018-01-22 09:30
CHRISTIAN	015 Acknowledge or claim responsibility	UNITED STATES	14910	2018-01-11 08:30
BRAZIL	173 Arrest, detain, or charge with legal action 	AUTHORITIES	12330	2018-01-09 13:30
TALIBAN	075 Grant asylum	GERMAN	32475	2018-01-23 13:15
ISRAELI	040 Consult, not specified below	UNITED STATES	28965	2018-01-21 02:45
PRESIDENT	012 Make pessimistic comment	HAITIAN	17280	2018-01-13 00:00
IRAN	030 Express intent to cooperate, not specified below	GULF COOPERATION COUNCIL	22230	2018-01-16 10:30
UNITED STATES	020 Appeal, not specified below	PUPIL	6825	2018-01-05 17:45
COMPANY	071 Provide economic aid	AFLAC	25095	2018-01-18 10:15
UNITED STATES	070 Provide aid, not specified below	DOCTOR	26970	2018-01-19 17:30
GUINEA	044 Meet at a ÒhirdÓlocation	EQUATORIAL GUINEA	13005	2018-01-10 00:45
BRUSSELS	010 Make statement, not specified below	NEWSPAPER	26850	2018-01-19 15:30
SETTLER	190 Use conventional military force, not specified below	WEST BANK	18435	2018-01-13 19:15
UNITED STATES	111 Criticize or denounce 	SUDAN	16710	2018-01-12 14:30
EGYPT	112 Accuse, not specified below	QATAR	20790	2018-01-15 10:30
BANGLADESH	043 Host a visit	ENERGY SECRETARY	4095	2018-01-03 20:15
SWISS	046 Engage in negotiation	SWITZERLAND	27000	2018-01-19 18:00
MALAWI	043 Host a visit	ARMY	33525	2018-01-24 06:45
CITIZEN	043 Host a visit	NURSE	32700	2018-01-23 17:00
LAWYER	010 Make statement, not specified below	UNITED STATES	4815	2018-01-04 08:15
POLITICIAN	042 Make a visit	JOURNALIST	17730	2018-01-13 07:30
POLICE	190 Use conventional military force, not specified below	JUDGE	23040	2018-01-17 00:00
POLICE	193 Fight with small arms and light weapons	HOSPITAL	32010	2018-01-23 05:30
SOUTH CAROLINA	172 Impose administrative sanctions, not specified below	LAWMAKER	13365	2018-01-10 06:45
UNITED STATES	110 Disapprove, not specified below	PROTESTER	30015	2018-01-21 20:15
PRISON	190 Use conventional military force, not specified below	MOHAWK	16500	2018-01-12 11:00
RUSSIAN	010 Make statement, not specified below	THE US	20925	2018-01-15 12:45
CHINA	061 Cooperate economically	AUSTRALIA	22185	2018-01-16 09:45
HYUNDAI	111 Criticize or denounce 	ALBERT	15105	2018-01-11 11:45
JAPAN	141 Demonstrate or rally	MILITARY	25275	2018-01-18 13:15
STUDENT	042 Make a visit	RHODES	135	2018-01-01 02:15
COLORADO	010 Make statement, not specified below	CIVILIAN	32835	2018-01-23 19:15
UNITED STATES	190 Use conventional military force, not specified below	KING	31500	2018-01-22 21:00
DEMOCRATIC REPUBLIC OF THE CONGO	112 Accuse, not specified below	NATIONAL SECURITY SERVICE	4815	2018-01-04 08:15
CHILEAN	013 Make optimistic comment	THE ASSOCIATED PRESS	31455	2018-01-22 20:15
UNITED ARAB EMIRATES	042 Make a visit	SAUDI ARABIA	21045	2018-01-15 14:45
LONDON	020 Appeal, not specified below	CITIZEN	27030	2018-01-19 18:30
ARMY	017 Engage in symbolic act	PAKISTANI	28320	2018-01-20 16:00
BOTSWANA	043 Host a visit	MOZAMBIQUE	30180	2018-01-21 23:00
FIRE DEPARTMENT	060 Engage in material cooperation, not specified below	UNITED STATES	16020	2018-01-12 03:00
WYOMING	042 Make a visit	UNIVERSITY	3660	2018-01-03 13:00
ROME	046 Engage in negotiation	ITALY	33555	2018-01-24 07:15
REFUGEE	100 Demand, not specified below	ISRAELI	23700	2018-01-17 11:00
UNITED KINGDOM	100 Demand, not specified below	CANADA	17430	2018-01-13 02:30
REBEL	190 Use conventional military force, not specified below	GOVERNMENT FORCES	11160	2018-01-08 18:00
ISRAEL	192 Occupy territory	EGYPT	19500	2018-01-14 13:00
THE WHITE HOUSE	043 Host a visit	NEW YORK CITY	34485	2018-01-24 22:45
GOVERNOR	031 Express intent to engage in material cooperation,  not specified below	ARMENIA	10950	2018-01-08 14:30
INVESTOR	010 Make statement, not specified below	UNITED STATES	22395	2018-01-16 13:15
DAVOS	036 Express intent to meet or negotiate	THE WHITE HOUSE	13005	2018-01-10 00:45
NIGERIA	042 Make a visit	GOVERNMENT	14940	2018-01-11 09:00
VENEZUELA	111 Criticize or denounce 	CONGRESS	13605	2018-01-10 10:45
UNITED STATES	013 Make optimistic comment	NEWSPAPER	15420	2018-01-11 17:00
MONROVIA	036 Express intent to meet or negotiate	BUSINESS	24135	2018-01-17 18:15
AUTHORITIES	090 Investigate, not specified below	LOS ANGELES	25110	2018-01-18 10:30
A US	051 Praise or endorse	SETTLEMENT	6345	2018-01-05 09:45
REGIME	010 Make statement, not specified below	RULING PARTY	24645	2018-01-18 02:45
GOVERNOR	051 Praise or endorse	ARMED FORCES	22035	2018-01-16 07:15
BRITISH	046 Engage in negotiation	UNITED KINGDOM	33285	2018-01-24 02:45
UNITED STATES	173 Arrest, detain, or charge with legal action 	PRISON	15615	2018-01-11 20:15
UNITED STATES	036 Express intent to meet or negotiate	GENEVA	29340	2018-01-21 09:00
UNITED KINGDOM	010 Make statement, not specified below	BUSINESS	32490	2018-01-23 13:30
MEDIA	020 Appeal, not specified below	POLITICIAN	2940	2018-01-03 01:00
SAINT	042 Make a visit	HOSPITAL	2880	2018-01-03 00:00
ISLAMIC	040 Consult, not specified below	HAMAS	5130	2018-01-04 13:30
THE NETHERLAND	057 Sign formal agreement	FRANCE	26775	2018-01-19 14:15
NURSE	051 Praise or endorse	PUBLICATION	33150	2018-01-24 00:30
COCA COLA	042 Make a visit	UNITED STATES	21090	2018-01-15 15:30
INVESTOR	042 Make a visit	COMMUNITY	1230	2018-01-01 20:30
ONTARIO	043 Host a visit	CANADA	6000	2018-01-05 04:00
UNITED STATES	0874 Retreat or surrender militarily	RUSSIA	7410	2018-01-06 03:30
CONGRESS	043 Host a visit	PAKISTAN	20235	2018-01-15 01:15
UNITED STATES	020 Appeal, not specified below	TOURIST	20985	2018-01-15 13:45
PRIME MINISTER	043 Host a visit	BANGLADESH	15	2018-01-01 00:15
RESIDENTS	046 Engage in negotiation	POLICE	19365	2018-01-14 10:45
UNITED ARAB EMIRATES	112 Accuse, not specified below	BAHRAIN	10530	2018-01-08 07:30
AMMAN	060 Engage in material cooperation, not specified below	COPENHAGEN	29715	2018-01-21 15:15
SYRIA	010 Make statement, not specified below	GOVERNMENT OFFICIAL	6420	2018-01-05 11:00
NURSE	013 Make optimistic comment	AUSTRALIA	27525	2018-01-20 02:45
ADMINISTRATION	012 Make pessimistic comment	IRANIAN	14190	2018-01-10 20:30
NEW YORK	1014 Demand intelligence cooperation	UNITED STATES	7470	2018-01-06 04:30
PRESIDENT	100 Demand, not specified below	WASHINGTON	13170	2018-01-10 03:30
RUSSIA	043 Host a visit	MILITARY	4815	2018-01-04 08:15
WEST VIRGINIA	173 Arrest, detain, or charge with legal action 	POLICE	27765	2018-01-20 06:45
MILITANT	100 Demand, not specified below	IRAQI	16110	2018-01-12 04:30
THE EU	114 Complain officially 	RUSSIA	12420	2018-01-09 15:00
THE ASSOCIATED PRESS	043 Host a visit	LAWYER	4350	2018-01-04 00:30
LAWYER	112 Accuse, not specified below	COMPANY	16605	2018-01-12 12:45
JOHANNESBURG	173 Arrest, detain, or charge with legal action 	AFRICA	28335	2018-01-20 16:15
UNITED STATES	012 Make pessimistic comment	RESIDENTS	27495	2018-01-20 02:15
SAUDI	050 Engage in diplomatic cooperation, not specified below	EMIRATI	7920	2018-01-06 12:00
SCHOOL	036 Express intent to meet or negotiate	KING	3060	2018-01-03 03:00
PRESIDENT	051 Praise or endorse	IRISHMAN	17385	2018-01-13 01:45
MINISTRY	110 Disapprove, not specified below	SUPREME COURT	26760	2018-01-19 14:00
LAWMAKER	046 Engage in negotiation	UNITED STATES	14310	2018-01-10 22:30
NETHERLANDS	010 Make statement, not specified below	SETTLEMENT	31275	2018-01-22 17:15
AFGHAN	040 Consult, not specified below	MEDIA	30270	2018-01-22 00:30
RUSSIA	051 Praise or endorse	MILITARY	32265	2018-01-23 09:45
CHINESE	150 Demonstrate military or police power, not specified below	WARSHIP	11715	2018-01-09 03:15
FISHER	020 Appeal, not specified below	UNITED STATES	19470	2018-01-14 12:30
UNITED STATES	013 Make optimistic comment	GOVERNMENT	27810	2018-01-20 07:30
PRIME MINISTER	040 Consult, not specified below	TOBAGO	4710	2018-01-04 06:30
OPERATIVE	173 Arrest, detain, or charge with legal action 	ROBBER	30435	2018-01-22 03:15
DALIT	062 Cooperate militarily	COMPANY	4920	2018-01-04 10:00
DEPUTY	042 Make a visit	JALALABAD	45	2018-01-01 00:45
HOSPITAL	043 Host a visit	BOSTON	11010	2018-01-08 15:30
UNITED STATES	043 Host a visit	MINIST	21690	2018-01-16 01:30
IRAN	013 Make optimistic comment	PROTESTER	4185	2018-01-03 21:45
COMPANY	025 Appeal to yield	PHILIPPINE	6450	2018-01-05 11:30
NEWSPAPER	010 Make statement, not specified below	GOVERNMENT	25635	2018-01-18 19:15
DEPUTY	043 Host a visit	RWANDA	11475	2018-01-08 23:15
THE WHITE HOUSE	043 Host a visit	FIRST LADY	23115	2018-01-17 01:15
COMPANIES	110 Disapprove, not specified below	UKRAINE	29205	2018-01-21 06:45
EDUCATION MINIST	1712 Destroy property	ISRAEL	20430	2018-01-15 04:30
SYDNEY	046 Engage in negotiation	BRITISH	705	2018-01-01 11:45
ISLAMIC	071 Provide economic aid	REGIME	630	2018-01-01 10:30
JUDGE	090 Investigate, not specified below	BOMBAY	30060	2018-01-21 21:00
RUSSIAN	138 Threaten to use military force, not specified below	RUSSIA	15615	2018-01-11 20:15
RESIDENTS	042 Make a visit	BOSTON	34260	2018-01-24 19:00
UNITED STATES	046 Engage in negotiation	OVAL OFFICE	5865	2018-01-05 01:45
GOOGLE	193 Fight with small arms and light weapons	SCHOOL	18975	2018-01-14 04:15
PERU	010 Make statement, not specified below	AUTHORITIES	29985	2018-01-21 19:45
IRAN	0841 Return, release person(s)	GOVERNMENT	6435	2018-01-05 11:15
NATIONAL SECURITY ADVISER	043 Host a visit	MEDIA	21720	2018-01-16 02:00
SOUTH KOREA	080 Yield, not specified below 	PRESIDENT	3930	2018-01-03 17:30
CHINESE	071 Provide economic aid	TAIWAN	11550	2018-01-09 00:30
CORRESPONDENT	040 Consult, not specified below	PRESIDENT	16950	2018-01-12 18:30
UNITED STATES	043 Host a visit	COAST GUARD	4605	2018-01-04 04:45
MICHIGAN	015 Acknowledge or claim responsibility	POLAND	31455	2018-01-22 20:15
VIETNAM	141 Demonstrate or rally	CIVILIAN	33975	2018-01-24 14:15
DUTCH COURT	173 Arrest, detain, or charge with legal action 	THE NETHERLAND	5235	2018-01-04 15:15
UNITED NATIONS	112 Accuse, not specified below	GOVERNMENT	5265	2018-01-04 15:45
PRISON	042 Make a visit	MARYLAND	14520	2018-01-11 02:00
JERUSALEM	051 Praise or endorse	UNITED NATIONS	16440	2018-01-12 10:00
NIGERIA	010 Make statement, not specified below	COMMANDANT	14115	2018-01-10 19:15
CHECHEN	1053 Demand release of persons or property	RUSSIA	6645	2018-01-05 14:45
VIENNA	040 Consult, not specified below	PAKISTAN	16950	2018-01-12 18:30
SWITZERLAND	042 Make a visit	VANCOUVER	32820	2018-01-23 19:00
SENA	140 Engage in political dissent, not specified below	POLICE	34155	2018-01-24 17:15
MILITANT	020 Appeal, not specified below	AMERICAN	32175	2018-01-23 08:15
SECURITY OFFICIAL	010 Make statement, not specified below	AFRICA	6465	2018-01-05 11:45
LABOR DEPARTMENT	043 Host a visit	ECONOMIST	27255	2018-01-19 22:15
BANK	042 Make a visit	AMERICAN	29025	2018-01-21 03:45
BRITISH	040 Consult, not specified below	UNITED KINGDOM	6855	2018-01-05 18:15
POLICE	042 Make a visit	COMMANDER	3855	2018-01-03 16:15
SCHOOL	051 Praise or endorse	GOVERNOR	23535	2018-01-17 08:15
TEXAS	020 Appeal, not specified below	ABBOT	24570	2018-01-18 01:30
DOCTOR	071 Provide economic aid	STUDENT	645	2018-01-01 10:45
MAPUCHE	190 Use conventional military force, not specified below	SWISS	26145	2018-01-19 03:45
FRANCE	030 Express intent to cooperate, not specified below	JUDGE	27525	2018-01-20 02:45
LASHKAR E TAIBA	036 Express intent to meet or negotiate	SENA	7800	2018-01-06 10:00
EUROPE	040 Consult, not specified below	TURKEY	20190	2018-01-15 00:30
UNITED STATES	173 Arrest, detain, or charge with legal action 	CRIMINAL	15840	2018-01-12 00:00
BUSINESS LEADER	020 Appeal, not specified below	CANADA	31185	2018-01-22 15:45
PRESIDENT	051 Praise or endorse	UNITED STATES	10995	2018-01-08 15:15
ISRAEL	012 Make pessimistic comment	JORDAN	26850	2018-01-19 15:30
MYANMAR	075 Grant asylum	BANGLADESH	31950	2018-01-23 04:30
FRANCE	173 Arrest, detain, or charge with legal action 	JOURNALIST	7185	2018-01-05 23:45
POLICE	111 Criticize or denounce 	SHEFFIELD	18270	2018-01-13 16:30
INDIGENOUS	111 Criticize or denounce 	OTTAWA RIVER	26370	2018-01-19 07:30
SOFIA	043 Host a visit	JAPANESE	29610	2018-01-21 13:30
UNITED STATES	010 Make statement, not specified below	NORTH KOREA	20295	2018-01-15 02:15
CANADA	036 Express intent to meet or negotiate	LAS VEGAS	11145	2018-01-08 17:45
UNITED STATES	130 Threaten, not specified below	NOVA SCOTIA	4485	2018-01-04 02:45
EGYPT	046 Engage in negotiation	ETHIOPIA	5175	2018-01-04 14:15
IRAQ	040 Consult, not specified below	SYRIA	6750	2018-01-05 16:30
DHAKA	073 Provide humanitarian aid	COLLEGE	32145	2018-01-23 07:45
NORTH KOREA	046 Engage in negotiation	THE US	5955	2018-01-05 03:15
BRUSSELS	042 Make a visit	BRITISH	25530	2018-01-18 17:30
NORTH AMERICA	070 Provide aid, not specified below	UNITED STATES	31410	2018-01-22 19:30
UNITED STATES	046 Engage in negotiation	TOYOTA	16980	2018-01-12 19:00
AMNESTY INTERNATIONAL	051 Praise or endorse	CONSTITUTIONAL COURT	15840	2018-01-12 00:00
NIGERIA	190 Use conventional military force, not specified below	SENATOR	19485	2018-01-14 12:45
WORKER	036 Express intent to meet or negotiate	UNITED STATES	14565	2018-01-11 02:45
GOVERNOR	190 Use conventional military force, not specified below	UNITED STATES	33390	2018-01-24 04:30
OHIO	020 Appeal, not specified below	ATTORNEY GENERAL	6735	2018-01-05 16:15
UNITED STATES	111 Criticize or denounce 	BARACK OBAMA	12330	2018-01-09 13:30
VENEZUELA	110 Disapprove, not specified below	COMPANY	13305	2018-01-10 05:45
EGYPT	036 Express intent to meet or negotiate	PRESIDENT	27360	2018-01-20 00:00
DENVER	090 Investigate, not specified below	DUTCHMAN	4395	2018-01-04 01:15
UNITED STATES	051 Praise or endorse	ARMENIA	12345	2018-01-09 13:45
MEDIA	046 Engage in negotiation	LOUISVILLE	24285	2018-01-17 20:45
SPOKESMAN	013 Make optimistic comment	GREECE	25890	2018-01-18 23:30
DONBAS	027 Appeal to others to settle dispute	MINIST	25860	2018-01-18 23:00
KENYA	043 Host a visit	LONDON	31155	2018-01-22 15:15
RUSSIA	110 Disapprove, not specified below	IRAN	26040	2018-01-19 02:00
COMPANY	013 Make optimistic comment	CHICAGO	13650	2018-01-10 11:30
SAUDI	051 Praise or endorse	YEMENI	33015	2018-01-23 22:15
MALAYSIAN	0841 Return, release person(s)	INDONESIA	29805	2018-01-21 16:45
RANCHI	010 Make statement, not specified below	ECONOMIST	1965	2018-01-02 08:45
MEXICO	112 Accuse, not specified below	RUSSIAN	27960	2018-01-20 10:00
TEXAS	051 Praise or endorse	UNITED STATES	14175	2018-01-10 20:15
REPRESENTATIVES	051 Praise or endorse	SUPREME COURT	10680	2018-01-08 10:00
MUSLIM	090 Investigate, not specified below	RELIGION	23070	2018-01-17 00:30
VIETNAM	110 Disapprove, not specified below	SOUTHEAST ASIA	26025	2018-01-19 01:45
ANTONIO GUTERRES	026 Appeal to others to meet or negotiate	PYONGYANG	22845	2018-01-16 20:45
FRENCH	046 Engage in negotiation	POLICE OFFICER	9615	2018-01-07 16:15
SECRETARY OF COMMERCE	042 Make a visit	NIGERIA	31935	2018-01-23 04:15
HAITI	055 Apologize	OVAL OFFICE	17265	2018-01-12 23:45
ERNA SOLBERG	040 Consult, not specified below	UNITED STATES	13995	2018-01-10 17:15
TENNESSEE	043 Host a visit	MEDIA	27390	2018-01-20 00:30
ACADEMICS	040 Consult, not specified below	CHINESE	3195	2018-01-03 05:15
EGYPT	173 Arrest, detain, or charge with legal action 	PRISON	33150	2018-01-24 00:30
UNITED STATES	050 Engage in diplomatic cooperation, not specified below	UNITED NATIONS	33495	2018-01-24 06:15
TAJIKISTAN	040 Consult, not specified below	ARMENIA	11970	2018-01-09 07:30
AMERICAN	0841 Return, release person(s)	NORWEGIAN	22395	2018-01-16 13:15
BASRA	013 Make optimistic comment	RANA	17055	2018-01-12 20:15
KIDNAPPER	020 Appeal, not specified below	NIGERIA	5580	2018-01-04 21:00
UNIFICATION MINIST	046 Engage in negotiation	SETTLEMENT	12045	2018-01-09 08:45
RUSSIA	051 Praise or endorse	RESIDENTS	22530	2018-01-16 15:30
A US	045 Mediate	EUROPEAN	27135	2018-01-19 20:15
NEW YORK	0213 Appeal for judicial cooperation	FRANCE	25635	2018-01-18 19:15
CLEVELAND	193 Fight with small arms and light weapons	CANTON	3945	2018-01-03 17:45
TOULOUSE	042 Make a visit	HAMBURG	23445	2018-01-17 06:45
UNITED STATES	046 Engage in negotiation	FOREIGN MINIST	915	2018-01-01 15:15
MAYOR	010 Make statement, not specified below	COMMUNITY	16155	2018-01-12 05:15
BRITAIN	173 Arrest, detain, or charge with legal action 	PRISON	14655	2018-01-11 04:15
CRIMINAL	045 Mediate	CANADA	6420	2018-01-05 11:00
FEDERAL COURT	173 Arrest, detain, or charge with legal action 	UNITED STATES	17085	2018-01-12 20:45
UNITED STATES	010 Make statement, not specified below	POLICE	24735	2018-01-18 04:15
NIGERIAN	060 Engage in material cooperation, not specified below	NIGERIA	18870	2018-01-14 02:30
UNITED STATES	020 Appeal, not specified below	UNITED KINGDOM	16350	2018-01-12 08:30
UNITED STATES	112 Accuse, not specified below	LECTURER	24090	2018-01-17 17:30
CHINESE	127 Reject plan, agreement to settle dispute	LAWMAKER	29370	2018-01-21 09:30
ARAB LEAGUE	040 Consult, not specified below	PRESIDENT	8415	2018-01-06 20:15
KADUNA	164 Halt negotiations	MILITIA	32520	2018-01-23 14:00
UNITED STATES	020 Appeal, not specified below	AMERICAN	21495	2018-01-15 22:15
GOVERNMENT	131 Threaten non-force, not specified below	EGYPT	32730	2018-01-23 17:30
UPPER HOUSE	014 Consider policy option	THE OPPOSITION	4005	2018-01-03 18:45
NETHERLANDS	040 Consult, not specified below	AIRLINE	1275	2018-01-01 21:15
THE US	181 Abduct, hijack, or take hostage 	KADUNA	25455	2018-01-18 16:15
UNITED STATES	134 Threaten to halt negotiations	CHINA	3825	2018-01-03 15:45
GERMANY	114 Complain officially 	TURKEY	1035	2018-01-01 17:15
POLICE	0214 Appeal for intelligence	UNITED STATES	12825	2018-01-09 21:45
ATTORNEY	010 Make statement, not specified below	UNITED STATES	11100	2018-01-08 17:00
KARNATAKA	013 Make optimistic comment	UNIVERSITY	2595	2018-01-02 19:15
OPERATIVE	020 Appeal, not specified below	UNITED STATES	3525	2018-01-03 10:45
NEW YORK	010 Make statement, not specified below	PROSECUTOR	33330	2018-01-24 03:30
SLOVAKIAN	010 Make statement, not specified below	THE UN	17445	2018-01-13 02:45
COMPANY	013 Make optimistic comment	GUANGZHOU	22755	2018-01-16 19:15
AMERICAN	042 Make a visit	IRANIAN	13710	2018-01-10 12:30
LAGOS	051 Praise or endorse	NIGERIA	26865	2018-01-19 15:45
WRITER	010 Make statement, not specified below	NIGERIA	30870	2018-01-22 10:30
SOUTH KOREA	112 Accuse, not specified below	PHILIPPINE	22575	2018-01-16 16:15
SINGAPORE	043 Host a visit	PRESIDENT	32640	2018-01-23 16:00
IRELAND	042 Make a visit	IRISH	18540	2018-01-13 21:00
EMPLOYEE	192 Occupy territory	SCHOOL	19095	2018-01-14 06:15
UNITED STATES	112 Accuse, not specified below	THE WHITE HOUSE	30360	2018-01-22 02:00
CHENNAI	090 Investigate, not specified below	CONGRESS	17670	2018-01-13 06:30
UNITED STATES	011 Decline comment	UKRAINE	4350	2018-01-04 00:30
UNITED STATES	040 Consult, not specified below	BISHOP	27225	2018-01-19 21:45
UNITED KINGDOM	051 Praise or endorse	INDUSTRY	23775	2018-01-17 12:15
PROFESSOR	020 Appeal, not specified below	AFRICA	23820	2018-01-17 13:00
UNITED STATES	130 Threaten, not specified below	COMPANY	26370	2018-01-19 07:30
UNITED STATES	162 Reduce or stop aid, not specified below	PALESTINIAN	7215	2018-01-06 00:15
SCHOOL	043 Host a visit	ASSAM	13320	2018-01-10 06:00
BOSTON	012 Make pessimistic comment	COURT OFFICIAL	4380	2018-01-04 01:00
UNITED STATES	042 Make a visit	ARMENIA	14430	2018-01-11 00:30
EGYPT	012 Make pessimistic comment	PRISON	4245	2018-01-03 22:45
SEATTLE	010 Make statement, not specified below	UNITED STATES	22890	2018-01-16 21:30
UNITED STATES	043 Host a visit	SCHOOL	10575	2018-01-08 08:15
KUWAIT	046 Engage in negotiation	MICHEL AOUN	34020	2018-01-24 15:00
HARYANA	036 Express intent to meet or negotiate	DRUG DEALER	7305	2018-01-06 01:45
CIVILIAN	042 Make a visit	THE UN	23775	2018-01-17 12:15
IRAN	080 Yield, not specified below 	BELGIUM	15075	2018-01-11 11:15
HASSAN	100 Demand, not specified below	FRANCE	17205	2018-01-12 22:45
UNITED STATES	130 Threaten, not specified below	MEXICO	25410	2018-01-18 15:30
LONDON	014 Consider policy option	NORTH KOREA	27015	2018-01-19 18:15
ATTORNEY	071 Provide economic aid	DOCTOR	32535	2018-01-23 14:15
VIETNAM	061 Cooperate economically	THE US	27525	2018-01-20 02:45
PRESIDENT	051 Praise or endorse	NIGERIA	29250	2018-01-21 07:30
WORKER	023 Appeal for aid, not specified below	KOH KONG	27315	2018-01-19 23:15
CHINA	190 Use conventional military force, not specified below	KAZAKHSTAN	3780	2018-01-03 15:00
POLICE	175 Use tactics of violent repression  	SHIITE	14430	2018-01-11 00:30
UNITED STATES	013 Make optimistic comment	PRESIDENT	30240	2018-01-22 00:00
HEALTH MINIST	010 Make statement, not specified below	REPRESENTATIVES	20025	2018-01-14 21:45
EMPLOYEE	1124 Accuse of war crimes	COMPANY	31410	2018-01-22 19:30
JETBLUE	042 Make a visit	BOSTON	11940	2018-01-09 07:00
POLICE	042 Make a visit	UNITED STATES	3390	2018-01-03 08:30
CANBERRA	112 Accuse, not specified below	NORTHERN TERRITORY	12210	2018-01-09 11:30
THE US	036 Express intent to meet or negotiate	ISRAELI	4470	2018-01-04 02:30
ISRAEL	042 Make a visit	ISRAELI	19845	2018-01-14 18:45
COLLEGE	020 Appeal, not specified below	MINIST OF EDUCATION	5715	2018-01-04 23:15
TANKER	190 Use conventional military force, not specified below	IRANIAN	20850	2018-01-15 11:30
UNITED KINGDOM	010 Make statement, not specified below	LAWYER	26220	2018-01-19 05:00
COMMUNITY	036 Express intent to meet or negotiate	MASSACHUSETTS	26085	2018-01-19 02:45
SOUTH KOREAN	031 Express intent to engage in material cooperation,  not specified below	JAPAN	3225	2018-01-03 05:45
BANGLADESH	173 Arrest, detain, or charge with legal action 	ISLAMIC	14415	2018-01-11 00:15
SAMSUNG	013 Make optimistic comment	SOUTH KOREAN	28440	2018-01-20 18:00
ATTORNEY	173 Arrest, detain, or charge with legal action 	UNITED STATES	31740	2018-01-23 01:00
CIVILIAN	196 Violate ceasefire 	PAKISTAN	27945	2018-01-20 09:45
THE UN	192 Occupy territory	RUSSIA	31710	2018-01-23 00:30
JEDDAH	010 Make statement, not specified below	PALESTINIAN	8655	2018-01-07 00:15
HINDU	042 Make a visit	PUNE	5820	2018-01-05 01:00
INDUSTRY	043 Host a visit	ACCRA	960	2018-01-01 16:00
LUCKNOW	193 Fight with small arms and light weapons	STUDENT	30645	2018-01-22 06:45
SPAIN	043 Host a visit	PALAU	6660	2018-01-05 15:00
METHODIST CHURCH	018 Make empathetic comment	UNITED STATES	30345	2018-01-22 01:45
WRITER	020 Appeal, not specified below	KING	855	2018-01-01 14:15
MAURITIUS	043 Host a visit	LONDON	7785	2018-01-06 09:45
ETHIOPIA	042 Make a visit	SOMALIA	22440	2018-01-16 14:00
IRISH	051 Praise or endorse	COMMUNITY	15705	2018-01-11 21:45
BANGLADESH	0841 Return, release person(s)	REFUGEE	23220	2018-01-17 03:00
CANADA	043 Host a visit	FOREIGN MINIST	23070	2018-01-17 00:30
UNITED KINGDOM	051 Praise or endorse	SCHOOL	33135	2018-01-24 00:15
GOVERNMENT OFFICIAL	020 Appeal, not specified below	UNITED STATES	34410	2018-01-24 21:30
SYRIA	190 Use conventional military force, not specified below	IRAQ	31140	2018-01-22 15:00
THE US	010 Make statement, not specified below	TURKISH	12720	2018-01-09 20:00
MUMBAI	112 Accuse, not specified below	CORPORATION	8010	2018-01-06 13:30
MEXICO	043 Host a visit	VENEZUELA	16605	2018-01-12 12:45
UNITED STATES	051 Praise or endorse	SCHOOL	6135	2018-01-05 06:15
FEDERAL POLICE	190 Use conventional military force, not specified below	AUSTRALIA	32010	2018-01-23 05:30
ISRAEL	042 Make a visit	MILITARY	33090	2018-01-23 23:30
FRANCE	057 Sign formal agreement	CHINA	13005	2018-01-10 00:45
UNITED NATIONS	0831 Accede to demands for change in leadership	YEMEN	31500	2018-01-22 21:00
QATAR	043 Host a visit	INTERIOR MINIST	5775	2018-01-05 00:15
COMPANIES	042 Make a visit	UNITED STATES	32760	2018-01-23 18:00
AFGHANISTAN	042 Make a visit	KUWAIT	2130	2018-01-02 11:30
CULPRIT	042 Make a visit	CHIEF MINISTER	15345	2018-01-11 15:45
LIBERIA	060 Engage in material cooperation, not specified below	MINIST FOR FOREIGN	34005	2018-01-24 14:45
PRISON	084 Return, release, not specified below	CRIMINAL	19485	2018-01-14 12:45
SOUTH KOREA	114 Complain officially 	UNITED STATES	13110	2018-01-10 02:30
UNIVERSITY	043 Host a visit	ARIZONA	23250	2018-01-17 03:30
AFGHANISTAN	084 Return, release, not specified below	UNITED KINGDOM	3690	2018-01-03 13:30
UNITED KINGDOM	112 Accuse, not specified below	ISRAEL	12855	2018-01-09 22:15
TURKEY	0871 Declare truce, ceasefire	SYRIA	30855	2018-01-22 10:15
ITALY	174 Expel or deport individuals	MUSLIM	25065	2018-01-18 09:45
UNDP	040 Consult, not specified below	TAJIK	26820	2018-01-19 15:00
ROME	051 Praise or endorse	DOCTOR	4155	2018-01-03 21:15
SRI LANKA	040 Consult, not specified below	PAKISTAN	22425	2018-01-16 13:45
YEMEN	022 Appeal for diplomatic cooperation, such as policy support	ALI ABDULLAH SALEH	20940	2018-01-15 13:00
POLICE	010 Make statement, not specified below	ATTORNEY	22875	2018-01-16 21:15
AUSTRALIA	191 Impose blockade, restrict movement 	POLICE	16095	2018-01-12 04:15
LAWRENCE	043 Host a visit	DOMINICAN REPUBLIC	3240	2018-01-03 06:00
SIERRA LEONE	042 Make a visit	BEIJING	22530	2018-01-16 15:30
MUMBAI	036 Express intent to meet or negotiate	ISRAELI	24675	2018-01-18 03:15
TURKEY	190 Use conventional military force, not specified below	RUSSIA	8010	2018-01-06 13:30
MIGRANT	174 Expel or deport individuals	LIBYA	16440	2018-01-12 10:00
CHINA	010 Make statement, not specified below	COMPANY	7380	2018-01-06 03:00
UNITED STATES	090 Investigate, not specified below	MEDIA	12570	2018-01-09 17:30
UNITED STATES	046 Engage in negotiation	MALAWI	32820	2018-01-23 19:00
STUDENT	051 Praise or endorse	GOVERNOR	5265	2018-01-04 15:45
GOVERNMENT	120 Reject, not specified below	ZIMBABWEAN	24930	2018-01-18 07:30
MURRAY	173 Arrest, detain, or charge with legal action 	EMPLOYER	28860	2018-01-21 01:00
ISRAEL	042 Make a visit	JERUSALEM	31185	2018-01-22 15:45
MALAYSIA	111 Criticize or denounce 	EGYPT	5700	2018-01-04 23:00
POLICE	071 Provide economic aid	UNITED STATES	11535	2018-01-09 00:15
COMPANIES	110 Disapprove, not specified below	SASKATCHEWAN	31710	2018-01-23 00:30
ISRAELI	042 Make a visit	CHINESE	22830	2018-01-16 20:30
CHINA	138 Threaten to use military force, not specified below	UNITED STATES	135	2018-01-01 02:15
SPOKESMAN	011 Decline comment	COMPANY	2775	2018-01-02 22:15
JERUSALEM	100 Demand, not specified below	PARTY LEADER	930	2018-01-01 15:30
TURKEY	043 Host a visit	ISRAEL	12210	2018-01-09 11:30
SYRIAN	1831 Carry out suicide bombing	POLICE	2880	2018-01-03 00:00
RUSSIA	046 Engage in negotiation	GERMANY	21525	2018-01-15 22:45
DELHI	181 Abduct, hijack, or take hostage 	TRADER	16290	2018-01-12 07:30
UNITED STATES	013 Make optimistic comment	DALLAS	16950	2018-01-12 18:30
LAWYER	084 Return, release, not specified below	GOVERNMENT	7140	2018-01-05 23:00
SUDAN	042 Make a visit	SCHOOL	8865	2018-01-07 03:45
IRAN	1056 Demand de-escalation of military engagement106:[-5.0] Demand withdrawal	SYRIA	2415	2018-01-02 16:15
AUSTRALIA	043 Host a visit	POLICE	24270	2018-01-17 20:30
MEXICO	057 Sign formal agreement	AUSTRALIA	33870	2018-01-24 12:30
LAWYER	042 Make a visit	BOSTON	30915	2018-01-22 11:15
PORT AU PRINCE	161 Reduce or break diplomatic relations	DEMONSTRATOR	31710	2018-01-23 00:30
UNITED KINGDOM	046 Engage in negotiation	FRENCH	27810	2018-01-20 07:30
SWISS	172 Impose administrative sanctions, not specified below	MAINE	18795	2018-01-14 01:15
UNITED STATES	036 Express intent to meet or negotiate	CALIFORNIA	11415	2018-01-08 22:15
UNITED STATES	012 Make pessimistic comment	FRANKFORT	14895	2018-01-11 08:15
TRIBUNAL	040 Consult, not specified below	IRELAND	12345	2018-01-09 13:45
IRAQ	1711 Confiscate property	ISLAMIC	18585	2018-01-13 21:45
GERMANY	036 Express intent to meet or negotiate	FRENCH	31125	2018-01-22 14:45
UNITED STATES	042 Make a visit	PAKISTAN	14805	2018-01-11 06:45
GERMANY	057 Sign formal agreement	THE EUROPEAN UNION	13080	2018-01-10 02:00
ABU DHABI	173 Arrest, detain, or charge with legal action 	EMIRATI	34515	2018-01-24 23:15
COMPANIES	060 Engage in material cooperation, not specified below	EMPLOYEE	4185	2018-01-03 21:45
SAO TOME AND PRINCIPE	040 Consult, not specified below	CHINA	24840	2018-01-18 06:00
CHINA	163 Impose embargo, boycott, or sanctions	MEDIA	16635	2018-01-12 13:15
CHIEF EXECUTIVE	051 Praise or endorse	SECURITY OFFICIAL	5805	2018-01-05 00:45
GOVERNOR	030 Express intent to cooperate, not specified below	INSURGENT	22590	2018-01-16 16:30
IRELAND	075 Grant asylum	REFUGEE	28830	2018-01-21 00:30
CONGRESS	022 Appeal for diplomatic cooperation, such as policy support	MUSLIM	3105	2018-01-03 03:45
VILLAGER	043 Host a visit	NIGERIA	8895	2018-01-07 04:15
DOWNING STREET	042 Make a visit	CABINET	11355	2018-01-08 21:15
TURKEY	138 Threaten to use military force, not specified below	SYRIA	33930	2018-01-24 13:30
UNITED STATES	051 Praise or endorse	PITTSBURGH	23040	2018-01-17 00:00
REFUGEE	110 Disapprove, not specified below	GERMANY	2880	2018-01-03 00:00
GHANA	042 Make a visit	AFRICA	17580	2018-01-13 05:00
ALASKA	172 Impose administrative sanctions, not specified below	UNITED STATES	3870	2018-01-03 16:30
WEST BANK	040 Consult, not specified below	ISRAEL	21255	2018-01-15 18:15
NORTH KOREA	042 Make a visit	UNITED STATES	13560	2018-01-10 10:00
COMPANY	112 Accuse, not specified below	SENATOR	32820	2018-01-23 19:00
THE DRC	182 Physically assault, not specified below	AMERICAN	14445	2018-01-11 00:45
CONGRESS	051 Praise or endorse	FULANI	15105	2018-01-11 11:45
IRELAND	020 Appeal, not specified below	GOVERNMENT	4470	2018-01-04 02:30
JEWISH	043 Host a visit	URUGUAY	24285	2018-01-17 20:45
NIGERIA	014 Consider policy option	PRESIDENT	21000	2018-01-15 14:00
NEW DELHI	012 Make pessimistic comment	PAKISTAN	615	2018-01-01 10:15
JEWISH	040 Consult, not specified below	PRIME MINISTER	16500	2018-01-12 11:00
NIGERIA	014 Consider policy option	PRESIDENT	10440	2018-01-08 06:00
SAUDI ARABIA	173 Arrest, detain, or charge with legal action 	CULPRIT	13890	2018-01-10 15:30
SAUDI ARABIA	040 Consult, not specified below	PRIME MINISTER	24585	2018-01-18 01:45
PRISONER	190 Use conventional military force, not specified below	NAVY	33150	2018-01-24 00:30
FARMER	020 Appeal, not specified below	UNITED STATES	14250	2018-01-10 21:30
NATIVE AMERICAN	020 Appeal, not specified below	SCHOOL	31695	2018-01-23 00:15
DEVELOPMENT COUNCIL	071 Provide economic aid	VIRGINIA	26655	2018-01-19 12:15
GOVERNOR	040 Consult, not specified below	NIGERIA	12135	2018-01-09 10:15
DOCTOR	013 Make optimistic comment	CONGRESS	21210	2018-01-15 17:30
LESOTHO	190 Use conventional military force, not specified below	AFRICA	16470	2018-01-12 10:30
POLICE	190 Use conventional military force, not specified below	SPECIAL OPERATIONS	25590	2018-01-18 18:30
CANADA	010 Make statement, not specified below	TORONTO	22350	2018-01-16 12:30
ISRAEL	112 Accuse, not specified below	PALESTINIAN	32790	2018-01-23 18:30
BUFFALO	051 Praise or endorse	HOSPITAL	32895	2018-01-23 20:15
NORTH CAROLINA	112 Accuse, not specified below	UNITED STATES	10125	2018-01-08 00:45
BISHOP	010 Make statement, not specified below	ISRAEL	31500	2018-01-22 21:00
HOSPITAL	043 Host a visit	UNITED STATES	24090	2018-01-17 17:30
TEL AVIV	114 Complain officially 	PRESIDENT	32430	2018-01-23 12:30
SETTLEMENT	020 Appeal, not specified below	PAKISTAN	33570	2018-01-24 07:30
JORDAN	010 Make statement, not specified below	UNITED STATES	12225	2018-01-09 11:45
KABUL	1721 Impose restrictions on political freedoms  	SUICIDE BOMBER	7155	2018-01-05 23:15
NEW DELHI	090 Investigate, not specified below	MILITANT	480	2018-01-01 08:00
PALESTINIAN	010 Make statement, not specified below	ISRAEL	18165	2018-01-13 14:45
BUDDHIST MONK	071 Provide economic aid	RAKHINE	1755	2018-01-02 05:15
MINISTRY	042 Make a visit	SOUTH KOREA	11670	2018-01-09 02:30
STUDENT	141 Demonstrate or rally	MEDIA	23940	2018-01-17 15:00
CONGRESS	010 Make statement, not specified below	CHIEF MINISTER	15705	2018-01-11 21:45
LAWMAKER	112 Accuse, not specified below	NIGERIA	27075	2018-01-19 19:15
POLICE OFFICER	036 Express intent to meet or negotiate	UNITED STATES	29955	2018-01-21 19:15
PRESIDENT	112 Accuse, not specified below	CHINA	735	2018-01-01 12:15
CRIMINAL	090 Investigate, not specified below	PAKISTAN	15345	2018-01-11 15:45
PAKISTAN	060 Engage in material cooperation, not specified below	THE US	75	2018-01-01 01:15
JERSEY	010 Make statement, not specified below	MADRAS	32385	2018-01-23 11:45
TURKEY	110 Disapprove, not specified below	THE US	27915	2018-01-20 09:15
PRODUCER	084 Return, release, not specified below	IRELAND	16740	2018-01-12 15:00
GERMAN	050 Engage in diplomatic cooperation, not specified below	GOVERNMENT	31665	2018-01-22 23:45
FOREIGN NATIONAL	080 Yield, not specified below 	AMERICAN	31320	2018-01-22 18:00
KANSAS	043 Host a visit	STUDENT	14385	2018-01-10 23:45
MINIST	013 Make optimistic comment	NEWSPAPER	5280	2018-01-04 16:00
SYRIA	195 Employ aerial weapons	REBEL	10665	2018-01-08 09:45
JUDGE	042 Make a visit	PRISON	23520	2018-01-17 08:00
ACTIVIST	042 Make a visit	ALABAMA	11910	2018-01-09 06:30
LEBANON	043 Host a visit	UNITED STATES	18810	2018-01-14 01:30
ICELAND	036 Express intent to meet or negotiate	AIRLINE	22305	2018-01-16 11:45
HASSAN	010 Make statement, not specified below	LAWMAKER	3495	2018-01-03 10:15
TOLEDO	173 Arrest, detain, or charge with legal action 	OHIO	6825	2018-01-05 17:45
NEVADA	080 Yield, not specified below 	POPULATION	30810	2018-01-22 09:30
KING	040 Consult, not specified below	SEATTLE	13425	2018-01-10 07:45
UNITED ARAB EMIRATES	043 Host a visit	YIM TAE HEE	4815	2018-01-04 08:15
MILITARY DELEGATION	042 Make a visit	DHAKA	2775	2018-01-02 22:15
IMMIGRANT	139 Give ultimatum	BARACK OBAMA	11610	2018-01-09 01:30
MARINE CORP	183 Conduct suicide, car, or other non-military bombing, not spec below	UNITED STATES	23130	2018-01-17 01:30
AUSTRIA	112 Accuse, not specified below	GOVERNMENT	18360	2018-01-13 18:00
SCHOOL	043 Host a visit	UNITED KINGDOM	30315	2018-01-22 01:15
JOURNALIST	040 Consult, not specified below	SCHOLAR	16620	2018-01-12 13:00
SERVER	193 Fight with small arms and light weapons	HUNTER	21045	2018-01-15 14:45
LAS VEGAS	043 Host a visit	AIRLINE	31935	2018-01-23 04:15
SPOKESMAN	030 Express intent to cooperate, not specified below	ILLINOIS	4410	2018-01-04 01:30
NEWS OUTLET	042 Make a visit	MIAMI	25200	2018-01-18 12:00
NIGERIAN	180 Use unconventional violence, not specified below	WORKER	4935	2018-01-04 10:15
EUROPEAN	015 Acknowledge or claim responsibility	BUSINESS	22725	2018-01-16 18:45
RUSSIA	172 Impose administrative sanctions, not specified below	CARRIER	6480	2018-01-05 12:00
UNITED STATES	173 Arrest, detain, or charge with legal action 	CRIMINAL	27105	2018-01-19 19:45
ISRAEL	020 Appeal, not specified below	EUROPEAN	34335	2018-01-24 20:15
JOURNALIST	175 Use tactics of violent repression  	UGANDA	17325	2018-01-13 00:45
PRINCE	051 Praise or endorse	JERSEY	4065	2018-01-03 19:45
REFUGEE	1821 Sexually assault	MALE	25590	2018-01-18 18:30
MILITARY	154 Mobilize or increase armed forces 	SYRIAN	24720	2018-01-18 04:00
VIRGINIA	020 Appeal, not specified below	VOTER	3615	2018-01-03 12:15
HUNTER	090 Investigate, not specified below	AIR FORCE	19875	2018-01-14 19:15
TERRORIST	190 Use conventional military force, not specified below	CRIMINAL	28230	2018-01-20 14:30
NIGERIAN	042 Make a visit	EUROPE	6345	2018-01-05 09:45
SCHOOL	030 Express intent to cooperate, not specified below	AMERICAN	11850	2018-01-09 05:30
TURKEY	138 Threaten to use military force, not specified below	RUSSIA	13890	2018-01-10 15:30
RUSSIAN	031 Express intent to engage in material cooperation,  not specified below	LAWYER	12780	2018-01-09 21:00
QUEENSLAND	010 Make statement, not specified below	SCHOOL	14595	2018-01-11 03:15
ARMY OFFICER	010 Make statement, not specified below	PROSECUTOR	33810	2018-01-24 11:30
MILITARY	154 Mobilize or increase armed forces 	DAMASCUS	17295	2018-01-13 00:15
NEVADA	075 Grant asylum	VENEZUELA	30315	2018-01-22 01:15
NATIONAL ASSEMBLY	046 Engage in negotiation	KUWAIT	31575	2018-01-22 22:15
BOLIVIA	036 Express intent to meet or negotiate	STUDENT	15060	2018-01-11 11:00
STUDENT	043 Host a visit	COMPANIES	14700	2018-01-11 05:00
WASHINGTON	043 Host a visit	COMPANY	20820	2018-01-15 11:00
THE OPPOSITION	040 Consult, not specified below	SINGAPORE	13110	2018-01-10 02:30
PROTESTER	043 Host a visit	UNITED STATES	11685	2018-01-09 02:45
BRITAIN	010 Make statement, not specified below	UNITED STATES	4065	2018-01-03 19:45
STUDENT	013 Make optimistic comment	ATLANTA	10545	2018-01-08 07:45
SCHOOL	173 Arrest, detain, or charge with legal action 	UNITED KINGDOM	6615	2018-01-05 14:15
RESIDENTS	192 Occupy territory	CHINA	33075	2018-01-23 23:15
POLICE	112 Accuse, not specified below	PAKISTAN	32730	2018-01-23 17:30
SANTIAGO	051 Praise or endorse	AIRLINE	25365	2018-01-18 14:45
UNITED STATES	046 Engage in negotiation	SENATOR	5445	2018-01-04 18:45
DIRECTOR GENERAL	010 Make statement, not specified below	PAKISTAN	7305	2018-01-06 01:45
BALEARIC ISLANDS	042 Make a visit	POPULATION	5340	2018-01-04 17:00
CONGRESS	014 Consider policy option	GOVERNMENT	7830	2018-01-06 10:30
THAILAND	073 Provide humanitarian aid	GOVERNOR	20700	2018-01-15 09:00
CHINA	020 Appeal, not specified below	PAKISTAN	21300	2018-01-15 19:00
LIBYA	042 Make a visit	UNITED STATES	14550	2018-01-11 02:30
JORDAN	051 Praise or endorse	WISCONSIN	17940	2018-01-13 11:00
VILLAGE	043 Host a visit	ESTONIA	5865	2018-01-05 01:45
POLICEMAN	190 Use conventional military force, not specified below	PATHUM THANI	23760	2018-01-17 12:00
MINIST	043 Host a visit	AUSTRALIA	16035	2018-01-12 03:15
FRANCE	051 Praise or endorse	ARMENIA	32730	2018-01-23 17:30
ADELAIDE	043 Host a visit	PAPUA NEW GUINEA	10785	2018-01-08 11:45
UNITED STATES	114 Complain officially 	MEDIA	20790	2018-01-15 10:30
CRIMINAL	180 Use unconventional violence, not specified below	PRISONER	14400	2018-01-11 00:00
OMAN	051 Praise or endorse	KING	21195	2018-01-15 17:15
COMPANY	061 Cooperate economically	RUSSIA	12915	2018-01-09 23:15
CATHOLIC BISHOP	043 Host a visit	BANJUL	5820	2018-01-05 01:00
WASHINGTON	010 Make statement, not specified below	RUSSIA	4665	2018-01-04 05:45
PROTESTER	100 Demand, not specified below	UNITED STATES	7395	2018-01-06 03:15
OBAMA	050 Engage in diplomatic cooperation, not specified below	INVESTOR	34020	2018-01-24 15:00
KING	042 Make a visit	NEW ZEALAND	29580	2018-01-21 13:00
VIRGINIA	173 Arrest, detain, or charge with legal action 	LAWYER	14265	2018-01-10 21:45
CHRISTIAN CHURCH	010 Make statement, not specified below	SAUDI ARABIA	34530	2018-01-24 23:30
JORDAN	020 Appeal, not specified below	JERUSALEM	30495	2018-01-22 04:15
BULGARIA	051 Praise or endorse	BOYKO BORISSOV	30150	2018-01-21 22:30
GOVERNOR	043 Host a visit	NIGERIA	25935	2018-01-19 00:15
THE OPPOSITION	110 Disapprove, not specified below	RELIGIOUS AFFAIRS MINIST	2625	2018-01-02 19:45
ROCHESTER	036 Express intent to meet or negotiate	LIBERIA	11070	2018-01-08 16:30
UNITED STATES	042 Make a visit	WEBSITE	15120	2018-01-11 12:00
CANADA	020 Appeal, not specified below	AMERICAN	7050	2018-01-05 21:30
THE EU	071 Provide economic aid	MIGRANT	4710	2018-01-04 06:30
BRAZIL	084 Return, release, not specified below	VANCOUVER	30795	2018-01-22 09:15
POLAND	112 Accuse, not specified below	UNITED STATES	12345	2018-01-09 13:45
PROTESTER	112 Accuse, not specified below	NIGERIA	15945	2018-01-12 01:45
SCOTLAND	046 Engage in negotiation	ATTORNEY	17370	2018-01-13 01:30
ABBOT	046 Engage in negotiation	HOUSTON	22995	2018-01-16 23:15
SRI LANKA	040 Consult, not specified below	DEFENCE SECRETARY	2955	2018-01-03 01:15
NEW DELHI	0241 Appeal for change in leadership	PRIME MINISTER	29025	2018-01-21 03:45
THE WHITE HOUSE	036 Express intent to meet or negotiate	SOUTH KOREAN	14100	2018-01-10 19:00
EUROPEAN	043 Host a visit	SWITZERLAND	12750	2018-01-09 20:30
SWEDEN	1712 Destroy property	BEIJING	34350	2018-01-24 20:30
ISRAEL	043 Host a visit	JORDAN	8520	2018-01-06 22:00
IRAQI	112 Accuse, not specified below	YEMEN	2235	2018-01-02 13:15
RUSSIA	190 Use conventional military force, not specified below	LITHUANIA	17805	2018-01-13 08:45
MINIST FOR FOREIGN	111 Criticize or denounce 	DUBLIN	20805	2018-01-15 10:45
NEBRASKA	020 Appeal, not specified below	UNITED STATES	24375	2018-01-17 22:15
UNITED STATES	051 Praise or endorse	NIGERIA	31935	2018-01-23 04:15
REUTERS	020 Appeal, not specified below	UNITED KINGDOM	24195	2018-01-17 19:15
LEILA DE LIMA	190 Use conventional military force, not specified below	JOURNALIST	12405	2018-01-09 14:45
TELEVISION	051 Praise or endorse	GOVERNMENT	4890	2018-01-04 09:30
PREMIER	036 Express intent to meet or negotiate	ORLANDO SMITH	21165	2018-01-15 16:45
IRELAND	046 Engage in negotiation	BRITISH	5205	2018-01-04 14:45
UNITED NATIONS	046 Engage in negotiation	IRAN	33915	2018-01-24 13:15
SAUDI	110 Disapprove, not specified below	GOVERNMENT	33495	2018-01-24 06:15
GUNMEN	051 Praise or endorse	RESIDENTS	6735	2018-01-05 16:15
FIRE DEPARTMENT	051 Praise or endorse	ILLINOIS	5880	2018-01-05 02:00
IRANIAN	010 Make statement, not specified below	NEWS AGENCY	900	2018-01-01 15:00
RAJASTHAN	154 Mobilize or increase armed forces 	TOURIST	3585	2018-01-03 11:45
COMMUNITY	051 Praise or endorse	POLAND	33090	2018-01-23 23:30
UNITED STATES	070 Provide aid, not specified below	MILITARY	11325	2018-01-08 20:45
NIGERIA	020 Appeal, not specified below	GOVERNMENT	6360	2018-01-05 10:00
POLICE	084 Return, release, not specified below	BENIN	10275	2018-01-08 03:15
CONGRESS	010 Make statement, not specified below	UNITED STATES	34440	2018-01-24 22:00
EXTREMIST	173 Arrest, detain, or charge with legal action 	TUNISIA	16620	2018-01-12 13:00
ETHIOPIA	038 Express intent to accept mediation	WORLD BANK	29595	2018-01-21 13:15
SAUDI ARABIA	010 Make statement, not specified below	MEDIA	26925	2018-01-19 16:45
STUDENT	052 Defend verbally	CALIF	27360	2018-01-20 00:00
AUSTRIA	040 Consult, not specified below	DOCTOR	4395	2018-01-04 01:15
GREECE	080 Yield, not specified below 	TURKEY	25275	2018-01-18 13:15
CRIMINAL	046 Engage in negotiation	NOVA SCOTIA	25410	2018-01-18 15:30
FRANCE	030 Express intent to cooperate, not specified below	GERMANY	12705	2018-01-09 19:45
POLICE	020 Appeal, not specified below	GUNMAN	34140	2018-01-24 17:00
PHOENIX	0841 Return, release person(s)	AUTHORITIES	4080	2018-01-03 20:00
GREENHILL	051 Praise or endorse	MINIST	1605	2018-01-02 02:45
TELEVISION	043 Host a visit	UNITED STATES	3720	2018-01-03 14:00
SOUTH SUDANESE	111 Criticize or denounce 	VICTORIA	10245	2018-01-08 02:45
CORRESPONDENT	190 Use conventional military force, not specified below	NIGERIA	27390	2018-01-20 00:30
ZAIDI	100 Demand, not specified below	STUDENT	20340	2018-01-15 03:00
UKRAINE	040 Consult, not specified below	FOREIGN MINIST	34050	2018-01-24 15:30
CANADA	043 Host a visit	HEALTH MINIST	6255	2018-01-05 08:15
NIGERIA	010 Make statement, not specified below	GOVERNOR	4740	2018-01-04 07:00
REUTERS	023 Appeal for aid, not specified below	UNITED STATES	34050	2018-01-24 15:30
NIGERIA	120 Reject, not specified below	LAWYER	15240	2018-01-11 14:00
DEPUTY	110 Disapprove, not specified below	COUNSEL	5940	2018-01-05 03:00
POLAND	1821 Sexually assault	CRIMINAL	2715	2018-01-02 21:15
NIGERIA	0234 Appeal for military protection or peacekeeping	GOVERNMENT	21135	2018-01-15 16:15
UNITED STATES	0831 Accede to demands for change in leadership	PRESIDENT	3015	2018-01-03 02:15
CHRISTIAN	017 Engage in symbolic act	UNITED STATES	8085	2018-01-06 14:45
MINISTRY	010 Make statement, not specified below	ISRAEL	24930	2018-01-18 07:30
GAZA	040 Consult, not specified below	GOVERNMENT	19740	2018-01-14 17:00
JERUSALEM	043 Host a visit	UNITED STATES	34395	2018-01-24 21:15
VATICAN	040 Consult, not specified below	REPRESENTATIVES	31245	2018-01-22 16:45
COLLEGE	051 Praise or endorse	UNITED STATES	17340	2018-01-13 01:00
ISRAEL	080 Yield, not specified below 	PALESTINIAN	22425	2018-01-16 13:45
ASEAN	036 Express intent to meet or negotiate	MINIST	2130	2018-01-02 11:30
BELGIUM	057 Sign formal agreement	CZECH REPUBLIC	16950	2018-01-12 18:30
TURKEY	190 Use conventional military force, not specified below	ISLAMIC	29415	2018-01-21 10:15
ARMY	010 Make statement, not specified below	DEPUTY	19305	2018-01-14 09:45
FRANCE	0841 Return, release person(s)	PARIS	8415	2018-01-06 20:15
SUDAN	112 Accuse, not specified below	AFRICA	15900	2018-01-12 01:00
LONDON	046 Engage in negotiation	VODAFONE	11070	2018-01-08 16:30
NEW YORK	110 Disapprove, not specified below	UNITED STATES	9510	2018-01-07 14:30
TURKEY	0311 Express intent to cooperate economically	EUROPEAN	13215	2018-01-10 04:15
THE UN	057 Sign formal agreement	TURKEY	13425	2018-01-10 07:45
UNITED STATES	070 Provide aid, not specified below	PRESIDENT	20490	2018-01-15 05:30
THE OPPOSITION	046 Engage in negotiation	VENEZUELA	7065	2018-01-05 21:45
COLUMBUS	045 Mediate	COMPANIES	2400	2018-01-02 16:00
UNITED STATES	013 Make optimistic comment	CIVIL SERVICE	26295	2018-01-19 06:15
NEPAL	020 Appeal, not specified below	PRESIDENT	26520	2018-01-19 10:00
A US	111 Criticize or denounce 	UNITED KINGDOM	26400	2018-01-19 08:00
CHINA	050 Engage in diplomatic cooperation, not specified below	UNITED STATES	12255	2018-01-09 12:15
PALESTINIAN	120 Reject, not specified below	JEWISH	27420	2018-01-20 01:00
GOVERNMENT	043 Host a visit	KEITH MITCHELL	13995	2018-01-10 17:15
PRESIDENT	141 Demonstrate or rally	COMPANY	22500	2018-01-16 15:00
IRAN	042 Make a visit	TANKER	18285	2018-01-13 16:45
UNITED STATES	046 Engage in negotiation	US AMBASSADOR	24210	2018-01-17 19:30
UNITED STATES	173 Arrest, detain, or charge with legal action 	ADMINISTRATION	21765	2018-01-16 02:45
NORTH KOREAN	163 Impose embargo, boycott, or sanctions	UNITED NATIONS	3540	2018-01-03 11:00
CANADA	040 Consult, not specified below	POLICE	4530	2018-01-04 03:30
ATTORNEY	060 Engage in material cooperation, not specified below	CRIMINAL	13425	2018-01-10 07:45
UNITED STATES	190 Use conventional military force, not specified below	WEBSITE	16950	2018-01-12 18:30
UTTARAKHAND	030 Express intent to cooperate, not specified below	GOVERNMENT	6660	2018-01-05 15:00
THE ASSOCIATED PRESS	051 Praise or endorse	GOVERNOR	18795	2018-01-14 01:15
COMMUNITY	010 Make statement, not specified below	INDONESIA	10350	2018-01-08 04:30
PANAMA	043 Host a visit	CHINESE	27300	2018-01-19 23:00
DOCTOR	010 Make statement, not specified below	HIGH COURT	33630	2018-01-24 08:30
DELHI	110 Disapprove, not specified below	HIGH COURT	23325	2018-01-17 04:45
GREECE	100 Demand, not specified below	ASSOCIATED PRESS	12375	2018-01-09 14:15
NURSE	110 Disapprove, not specified below	ILLINOIS	26940	2018-01-19 17:00
UNITED STATES	051 Praise or endorse	ALBERT	33855	2018-01-24 12:15
HASSAN	040 Consult, not specified below	NEIGHBOURHOOD	24015	2018-01-17 16:15
PRESIDENT	011 Decline comment	SENATOR	33525	2018-01-24 06:45
MILITANT	172 Impose administrative sanctions, not specified below	CATHOLIC	1485	2018-01-02 00:45
SPANISH	110 Disapprove, not specified below	SPAIN	16920	2018-01-12 18:00
EUROPE	100 Demand, not specified below	RUSSIA	33120	2018-01-24 00:00
SENATE	042 Make a visit	PHILIPPINE	30885	2018-01-22 10:45
JUDICIARY	100 Demand, not specified below	PAKISTAN	16050	2018-01-12 03:30
POLICE	173 Arrest, detain, or charge with legal action 	MEXICO	21795	2018-01-16 03:15
CHINESE	172 Impose administrative sanctions, not specified below	COMPANIES	24030	2018-01-17 16:30
PROFESSOR	051 Praise or endorse	UNITED STATES	33105	2018-01-23 23:45
CANADA	051 Praise or endorse	INDIGENOUS	22005	2018-01-16 06:45
FIRE DEPARTMENT	0871 Declare truce, ceasefire	MORAVIA	15615	2018-01-11 20:15
ISRAEL	036 Express intent to meet or negotiate	MUSLIM	24630	2018-01-18 02:30
THE US	010 Make statement, not specified below	PAKISTAN	22605	2018-01-16 16:45
HYUNDAI	010 Make statement, not specified below	POLICE	14895	2018-01-11 08:15
NEW ZEALAND	141 Demonstrate or rally	FIJI	17145	2018-01-12 21:45
UNITED STATES	110 Disapprove, not specified below	COMPANY	13050	2018-01-10 01:30
LAWYER	012 Make pessimistic comment	PHILIPPINE	8925	2018-01-07 04:45
AFGHAN	051 Praise or endorse	THE US	1905	2018-01-02 07:45
EUROPE	046 Engage in negotiation	IRAN	14760	2018-01-11 06:00
KAZAKHSTAN	042 Make a visit	WARSAW	25755	2018-01-18 21:15
THE OPPOSITION	060 Engage in material cooperation, not specified below	RUSSIA	11205	2018-01-08 18:45
HUNTER	190 Use conventional military force, not specified below	CONSERVATIONIST	2130	2018-01-02 11:30
MANILA	036 Express intent to meet or negotiate	PRIME MINISTER	34095	2018-01-24 16:15
TARA	070 Provide aid, not specified below	MILITARY	33000	2018-01-23 22:00
FRANCE	036 Express intent to meet or negotiate	MAGAZINE	13470	2018-01-10 08:30
CHAMBER OF COMMERCE	0874 Retreat or surrender militarily	UNIVERSITY	3420	2018-01-03 09:00
AMERICAN	192 Occupy territory	BRITISH	34035	2018-01-24 15:15
BUENOS AIRES	120 Reject, not specified below	ARGENTINA	21525	2018-01-15 22:45
NATIONAL ASSEMBLY	020 Appeal, not specified below	VILLAGER	23505	2018-01-17 07:45
CANADA	046 Engage in negotiation	JAMAICAN	16005	2018-01-12 02:45
UNIVERSITY	173 Arrest, detain, or charge with legal action 	KINGSTON	32625	2018-01-23 15:45
ADMINISTRATION	042 Make a visit	OHIO	25350	2018-01-18 14:30
POLICE	014 Consider policy option	GANG	11655	2018-01-09 02:15
COMPANY	036 Express intent to meet or negotiate	CHINA	7515	2018-01-06 05:15
GAMBIA	055 Apologize	DEMONSTRATOR	5145	2018-01-04 13:45
ROMANIA	020 Appeal, not specified below	POLICE CHIEF	12330	2018-01-09 13:30
AL QAEDA	190 Use conventional military force, not specified below	AFGHANISTAN	27885	2018-01-20 08:45
CHRISTIAN	010 Make statement, not specified below	HARARE	12045	2018-01-09 08:45
SOMALIA	171 Seize or damage property, not specified below	ITALY	12960	2018-01-10 00:00
GOVERNMENT	051 Praise or endorse	MALIAN	23670	2018-01-17 10:30
BRITISH	120 Reject, not specified below	RED CROSS	34245	2018-01-24 18:45
AUTHORITIES	172 Impose administrative sanctions, not specified below	ANKARA	33405	2018-01-24 04:45
UNITED KINGDOM	042 Make a visit	FRANCE	31635	2018-01-22 23:15
PUPIL	125 Reject proposal to meet, discuss, or negotiate	SCHOOL	3270	2018-01-03 06:30
DEFENCE MINIST	042 Make a visit	RUSSIA	32550	2018-01-23 14:30
KATHMANDU	043 Host a visit	NEPALI	11235	2018-01-08 19:15
UNITED STATES	160 Reduce relations, not specified below	SALVADORAN	25020	2018-01-18 09:00
SAUDI	190 Use conventional military force, not specified below	MERCENARIES	33630	2018-01-24 08:30
SENATOR	012 Make pessimistic comment	PRESIDENT	17145	2018-01-12 21:45
AUTHORITIES	112 Accuse, not specified below	UNITED STATES	15915	2018-01-12 01:15
LIEUTENANT	182 Physically assault, not specified below	PHILADELPHIA	8505	2018-01-06 21:45
FOREIGN MINIST	046 Engage in negotiation	IRAN	8685	2018-01-07 00:45
PRIME MINISTER	042 Make a visit	PAKISTAN	11835	2018-01-09 05:15
WALES	173 Arrest, detain, or charge with legal action 	UNITED STATES	25605	2018-01-18 18:45
ARMY	153 Mobilize or increase police power	TUNISIA	14700	2018-01-11 05:00
HUNGARIAN	100 Demand, not specified below	VIKTOR ORBAN	33975	2018-01-24 14:15
CHINESE	173 Arrest, detain, or charge with legal action 	UYGHUR	31665	2018-01-22 23:45
LOUISIANA	035 Express intent to yield, not specified below	GOVERNOR	30195	2018-01-21 23:15
UNITED STATES	013 Make optimistic comment	COMPANIES	16050	2018-01-12 03:30
LOS ANGELES	051 Praise or endorse	JEWISH	25575	2018-01-18 18:15
REUTERS	013 Make optimistic comment	PORTUGUESE	2085	2018-01-02 10:45
ACTOR	043 Host a visit	UNITED STATES	30435	2018-01-22 03:15
SENATE	112 Accuse, not specified below	VOTER	30300	2018-01-22 01:00
IRAN	046 Engage in negotiation	NATIONAL SECURITY ADVISOR	15855	2018-01-12 00:15
TAMIL NADU	014 Consider policy option	CHIEF MINISTER	24705	2018-01-18 03:45
ACCRA	020 Appeal, not specified below	COLLEGE	24570	2018-01-18 01:30
OKLAHOMA	020 Appeal, not specified below	LEGISLATURE	6825	2018-01-05 17:45
SENATOR	010 Make statement, not specified below	NIGERIA	24570	2018-01-18 01:30
GAZA	194 Fight with artillery and tanks	ISRAEL	9570	2018-01-07 15:30
RESIDENTS	010 Make statement, not specified below	SCHOOL	34080	2018-01-24 16:00
RUSSIA	057 Sign formal agreement	JAPAN	22320	2018-01-16 12:00
MAGISTRATE	051 Praise or endorse	NIGERIA	23955	2018-01-17 15:15
CHAMBER	046 Engage in negotiation	ADMINISTRATION	14415	2018-01-11 00:15
UNITED STATES	100 Demand, not specified below	DOCTOR	8655	2018-01-07 00:15
ALBANIAN	036 Express intent to meet or negotiate	PRESIDENT	22260	2018-01-16 11:00
GOVERNMENT	060 Engage in material cooperation, not specified below	MILITARY	2520	2018-01-02 18:00
RANCHI	173 Arrest, detain, or charge with legal action 	CHIEF MINISTER	4650	2018-01-04 05:30
MUSLIM	042 Make a visit	UNITED KINGDOM	3285	2018-01-03 06:45
MAINE	090 Investigate, not specified below	TENANTS	11655	2018-01-09 02:15
OSCE	040 Consult, not specified below	SWITZERLAND	25905	2018-01-18 23:45
GERMANY	043 Host a visit	HUNGARY	11205	2018-01-08 18:45
UNITED STATES	190 Use conventional military force, not specified below	AUTHORITIES	1500	2018-01-02 01:00
SYRIA	040 Consult, not specified below	RUSSIA	23355	2018-01-17 05:15
POLICE	010 Make statement, not specified below	CORRESPONDENT	21735	2018-01-16 02:15
UNITED KINGDOM	143 Conduct strike or boycott, not specified below	BUSINESS	15	2018-01-01 00:15
ARMENIAN	043 Host a visit	AZERBAIJAN	15240	2018-01-11 14:00
POLE	041 Discuss by telephone	SOMALIA	26295	2018-01-19 06:15
WEBSITE	012 Make pessimistic comment	RESISTANCE MOVEMENT	10485	2018-01-08 06:45
DORTMUND	020 Appeal, not specified below	GABON	33990	2018-01-24 14:30
MAINE	160 Reduce relations, not specified below	CANADIAN	6345	2018-01-05 09:45
BRUSSELS	040 Consult, not specified below	NORWAY	15525	2018-01-11 18:45
COMPANIES	060 Engage in material cooperation, not specified below	SUNTRUST BANKS	31005	2018-01-22 12:45
CHINA	010 Make statement, not specified below	IRAN	8760	2018-01-07 02:00
GOVERNMENT	090 Investigate, not specified below	LAGOS	33855	2018-01-24 12:15
PALESTINIAN	040 Consult, not specified below	BRUSSELS	14955	2018-01-11 09:15
FRENCH	012 Make pessimistic comment	IRAN	3465	2018-01-03 09:45
PRIME MINISTER	040 Consult, not specified below	AFGHANISTAN	1620	2018-01-02 03:00
KINGDOM	051 Praise or endorse	UNITED KINGDOM	7035	2018-01-05 21:15
OSLO	051 Praise or endorse	STUDENT	25410	2018-01-18 15:30
UNITED STATES	040 Consult, not specified below	MEXICO	30495	2018-01-22 04:15
IRANIAN	111 Criticize or denounce 	THE US	6810	2018-01-05 17:30
CANADA	057 Sign formal agreement	MEMBER NATION	32850	2018-01-23 19:30
BRITISH	017 Engage in symbolic act	DALIT	5520	2018-01-04 20:00
MONGOLIAN	042 Make a visit	VIETNAM	23355	2018-01-17 05:15
UNITED STATES	042 Make a visit	BULGARIA	16335	2018-01-12 08:15
VICTORIA	042 Make a visit	CANADA	3990	2018-01-03 18:30
MANUFACTURER	060 Engage in material cooperation, not specified below	CHINA	16650	2018-01-12 13:30
GOVERNMENT	072 Provide military aid	CITIZEN	30480	2018-01-22 04:00
CANADIAN	180 Use unconventional violence, not specified below	GUNMEN	28215	2018-01-20 14:15
SCHOOL	030 Express intent to cooperate, not specified below	POLICE	17355	2018-01-13 01:15
SCHOOL	043 Host a visit	UNITED STATES	25395	2018-01-18 15:15
UNITED STATES	020 Appeal, not specified below	RUSSIA	5190	2018-01-04 14:30
HUNTER	193 Fight with small arms and light weapons	PRESIDENT	15390	2018-01-11 16:30
LAWMAKER	190 Use conventional military force, not specified below	OPPOSITION MP	14190	2018-01-10 20:30
POLICE	190 Use conventional military force, not specified below	CALIFORNIA	14925	2018-01-11 08:45
STUDENT	071 Provide economic aid	COMMUNITY	6630	2018-01-05 14:30
GOVERNMENT	111 Criticize or denounce 	VILLAGE	7395	2018-01-06 03:15
AL QAEDA	043 Host a visit	IRAN	31485	2018-01-22 20:45
FAYSAL	042 Make a visit	SYRIA	19995	2018-01-14 21:15
CONGRESS	071 Provide economic aid	GOVERNMENT	33420	2018-01-24 05:00
AMNESTY INTERNATIONAL	010 Make statement, not specified below	MILITARY	27165	2018-01-19 20:45
THERESA MAY	043 Host a visit	FRENCH	22125	2018-01-16 08:45
GOVERNMENT	060 Engage in material cooperation, not specified below	PRODUCER	27510	2018-01-20 02:30
PORTUGAL	010 Make statement, not specified below	ITALY	14685	2018-01-11 04:45
UNITED STATES	040 Consult, not specified below	SENATE	8550	2018-01-06 22:30
JAPAN	040 Consult, not specified below	INDONESIA	30615	2018-01-22 06:15
LAWYER	040 Consult, not specified below	INTERNAL REVENUE SERVICE	24540	2018-01-18 01:00
NORTH KOREA	043 Host a visit	CHINA	29955	2018-01-21 19:15
WASHINGTON	180 Use unconventional violence, not specified below	JUDGE	26280	2018-01-19 06:00
NORTH DAKOTA	020 Appeal, not specified below	CORPORATION	33225	2018-01-24 01:45
SCHOOL	051 Praise or endorse	UNITED STATES	15975	2018-01-12 02:15
KUWAIT	040 Consult, not specified below	BANK	11370	2018-01-08 21:30
BUSINESS	0333 Express intent to provide humanitarian aid	COMMUNITY	28425	2018-01-20 17:45
UNITED KINGDOM	036 Express intent to meet or negotiate	FRENCH	25485	2018-01-18 16:45
UNITED STATES	193 Fight with small arms and light weapons	POLICE OFFICER	34185	2018-01-24 17:45
UNITED STATES	110 Disapprove, not specified below	SENATE	8640	2018-01-07 00:00
BRITISH	010 Make statement, not specified below	MALE	16800	2018-01-12 16:00
OPPOSITION PARTIES	112 Accuse, not specified below	CONGRESS	14355	2018-01-10 23:15
TURKEY	170 Coerce, not specified below 	MEDIA	31530	2018-01-22 21:30
COUNSEL	0841 Return, release person(s)	RUSSIA	29700	2018-01-21 15:00
ADMINISTRATION	010 Make statement, not specified below	UNITED STATES	13980	2018-01-10 17:00
STABROEK	026 Appeal to others to meet or negotiate	COMPANY	6150	2018-01-05 06:30
MERCHANT	060 Engage in material cooperation, not specified below	ITALY	8775	2018-01-07 02:15
DEMONSTRATOR	141 Demonstrate or rally	WASHINGTON	31395	2018-01-22 19:15
DENVER	193 Fight with small arms and light weapons	DEPUTIES	90	2018-01-01 01:30
KARNATAKA	111 Criticize or denounce 	PRESIDENT	30360	2018-01-22 02:00
MUSLIM	020 Appeal, not specified below	GOVERNMENT	24900	2018-01-18 07:00
AFRICA	043 Host a visit	AMERICAN	17250	2018-01-12 23:30
MINISTRY	040 Consult, not specified below	MEDIA	32745	2018-01-23 17:45
CLERIC	080 Yield, not specified below 	KENYA	24705	2018-01-18 03:45
SEOUL	020 Appeal, not specified below	ATHENS	2295	2018-01-02 14:15
CONGRESS	010 Make statement, not specified below	JERUSALEM	9120	2018-01-07 08:00
BUSINESS	042 Make a visit	MEDIA	25920	2018-01-19 00:00
MINISTRY	040 Consult, not specified below	IRAQ	14715	2018-01-11 05:15
GANG	015 Acknowledge or claim responsibility	EDMONTON	34035	2018-01-24 15:15
WORKER	0353 Express intent to release persons or property	CABINET	26190	2018-01-19 04:30
SAINT	173 Arrest, detain, or charge with legal action 	AUSTRALIA	11280	2018-01-08 20:00
MEXICAN	057 Sign formal agreement	UNIVERSITY	27180	2018-01-19 21:00
UNITED STATES	012 Make pessimistic comment	HAITIAN	24630	2018-01-18 02:30
INDONESIA	043 Host a visit	SOUTH EAST ASIA	5295	2018-01-04 16:15
MUSLIM	100 Demand, not specified below	NIGERIA	22425	2018-01-16 13:45
TRADER	110 Disapprove, not specified below	SUDAN	6765	2018-01-05 16:45
CORNISH	057 Sign formal agreement	AUSTRALIA	15225	2018-01-11 13:45
SUPREME COURT	020 Appeal, not specified below	UNITED STATES	31845	2018-01-23 02:45
POLICE CHIEF	010 Make statement, not specified below	NEWS AGENCY	4185	2018-01-03 21:45
GOVERNOR	012 Make pessimistic comment	NIGERIAN	11910	2018-01-09 06:30
PRESIDENT	090 Investigate, not specified below	INTELLIGENCE	15705	2018-01-11 21:45
QATAR	020 Appeal, not specified below	MEDIA	14775	2018-01-11 06:15
COURT JUDGE	173 Arrest, detain, or charge with legal action 	RANCHI	8085	2018-01-06 14:45
AFRICA	040 Consult, not specified below	THE EUROPEAN UNION	27075	2018-01-19 19:15
AUSTRALIA	073 Provide humanitarian aid	PRODUCER	4575	2018-01-04 04:15
LONDON	130 Threaten, not specified below	EUROPEAN	34395	2018-01-24 21:15
LONDON	036 Express intent to meet or negotiate	EMBASSY	30690	2018-01-22 07:30
KASHMIRI	010 Make statement, not specified below	MUSLIM	28650	2018-01-20 21:30
BORDER PATROL	051 Praise or endorse	STUDENT	27165	2018-01-19 20:45
ISRAEL	013 Make optimistic comment	AL JAZEERA	31395	2018-01-22 19:15
ACTOR	043 Host a visit	UNITED STATES	15360	2018-01-11 16:00
UNITED STATES	060 Engage in material cooperation, not specified below	CHINA	20520	2018-01-15 06:00
PALESTINIAN	090 Investigate, not specified below	MUSLIM	870	2018-01-01 14:30
GOVERNOR	040 Consult, not specified below	HOUSE SPEAKER	12930	2018-01-09 23:30
ERITREA	043 Host a visit	SUDAN	10860	2018-01-08 13:00
FRANCE	030 Express intent to cooperate, not specified below	RUSSIA	12390	2018-01-09 14:30
WEBSITE	020 Appeal, not specified below	TOURIST	29940	2018-01-21 19:00
THE EUROPEAN UNION	071 Provide economic aid	LEBANON	3840	2018-01-03 16:00
NEW HAMPSHIRE	010 Make statement, not specified below	HAITI	15825	2018-01-11 23:45
UNITED STATES	090 Investigate, not specified below	CLERGY	12615	2018-01-09 18:15
UNITED STATES	010 Make statement, not specified below	JUDGE	33225	2018-01-24 01:45
RUSSIA	042 Make a visit	INTELLIGENCE	5415	2018-01-04 18:15
UNITED KINGDOM	046 Engage in negotiation	PRIEST	31125	2018-01-22 14:45
BUSINESS	084 Return, release, not specified below	KIDNAPPER	60	2018-01-01 01:00
RESIDENTS	190 Use conventional military force, not specified below	GUNMAN	2925	2018-01-03 00:45
FRANCE	016 Deny responsibility	BUSINESS	17055	2018-01-12 20:15
DRUG DEALER	0841 Return, release person(s)	PRISON	20085	2018-01-14 22:45
ROTARY CLUB	040 Consult, not specified below	UNITED STATES	31500	2018-01-22 21:00
NIGERIA	112 Accuse, not specified below	KADUNA	18810	2018-01-14 01:30
INDONESIAN	043 Host a visit	INDONESIA	7965	2018-01-06 12:45
SUDANESE	0332 Express intent to provide military aid	SUDAN	18420	2018-01-13 19:00
HYUNDAI	033 Express intent to provide matyerial aid, not specified below	AUTOMAKER	22350	2018-01-16 12:30
UNITED STATES	051 Praise or endorse	ITALY	16815	2018-01-12 16:15
THE US	051 Praise or endorse	IMMIGRANT	15840	2018-01-12 00:00
BERLIN	040 Consult, not specified below	GERMANY	24075	2018-01-17 17:15
NIGERIA	036 Express intent to meet or negotiate	HAITIAN	16710	2018-01-12 14:30
CANADA	046 Engage in negotiation	GOLDMAN SACHS	5205	2018-01-04 14:45
UNIVERSITY	043 Host a visit	INDIGENOUS	21780	2018-01-16 03:00
AUSTRALIAN	120 Reject, not specified below	JAPANESE	33315	2018-01-24 03:15
GOOGLE	042 Make a visit	UNITED STATES	25125	2018-01-18 10:45
GHANA	012 Make pessimistic comment	PRESIDENT	27570	2018-01-20 03:30
FRENCH	036 Express intent to meet or negotiate	MINIST	32355	2018-01-23 11:15
SOUTH KOREA	046 Engage in negotiation	UNITED STATES	29625	2018-01-21 13:45
NEWS CORP	043 Host a visit	AUSTRALIA	11460	2018-01-08 23:00
DIPLOMAT	084 Return, release, not specified below	PAKISTAN	7710	2018-01-06 08:30
ARMED FORCES	173 Arrest, detain, or charge with legal action 	NIGERIA	20760	2018-01-15 10:00
KENTUCKY	051 Praise or endorse	COMPANY	4035	2018-01-03 19:15
CHIEF JUSTICE	020 Appeal, not specified below	LAHORE	33750	2018-01-24 10:30
MOROCCO	036 Express intent to meet or negotiate	LEBANON	2340	2018-01-02 15:00
THE US	190 Use conventional military force, not specified below	AL QAEDA	13980	2018-01-10 17:00
HOSPITAL	020 Appeal, not specified below	UNITED KINGDOM	1515	2018-01-02 01:15
CHINA	040 Consult, not specified below	CHINESE	14730	2018-01-11 05:30
SCHOOL	141 Demonstrate or rally	OHIO	12795	2018-01-09 21:15
UNITED STATES	070 Provide aid, not specified below	INTELLECTUAL	5310	2018-01-04 16:30
SPOKESMAN	194 Fight with artillery and tanks	KINGDOM	4050	2018-01-03 19:30
SYRIAN	190 Use conventional military force, not specified below	SYRIA	15555	2018-01-11 19:15
CUBA	020 Appeal, not specified below	AMERICAN	8235	2018-01-06 17:15
UNIVERSITY	070 Provide aid, not specified below	UNITED STATES	16710	2018-01-12 14:30
AMERICAN	190 Use conventional military force, not specified below	AUTHORITIES	7590	2018-01-06 06:30
WASHINGTON	043 Host a visit	SAUDI ARABIA	31485	2018-01-22 20:45
KANSAS	020 Appeal, not specified below	COMMUNITY	4080	2018-01-03 20:00
COMPANY	031 Express intent to engage in material cooperation,  not specified below	PUERTO RICO	24120	2018-01-17 18:00
ISRAEL	190 Use conventional military force, not specified below	HAMAS	4815	2018-01-04 08:15
